SN_name,EW6355,EW6355_err,EW5972,EW5972_err,min6355,min6355_err,min5972,dep6355,dep5972,v_si,v_si_err,R_si,phase,filename_csv,Del_Lambda
SN1991bg,103.1264003,0.14120932,47.66102752,0.154076109,6124.657991,1.608537977,5764.764765,0.592752733,0.372125014,1.087373762,1.00E-02,0.627791308,0,SN1991bg_1991-12-13_00-00-00_Lick-3m_UV-Schmidt_UCB-SNDB.csv,4.980192787
SN1994D,99.66730948,0.168700017,19.58317703,0.157942922,6131.131131,2.73E-12,5770.770771,0.637609748,0.179055242,1.056816061,0.00E+00,0.280822623,0.35,SN1994D_1994-03-21_08-24-00_FLWO-1.5m_FAST_CfA-Ia.csv,1.467083215
SN1994S,78.78062342,0.249377768,4.695396541,0.196217271,6138.538539,2.262055556,5776.776777,0.595989888,0.054295124,1.021847969,1.00E-02,0.091100746,1,SN_1994S_1994-06-16_00-00-00_Lick-3m_KAST_UCB-SNDB_0.csv,1.969612406
SN1996ai,81.51183822,0.902755877,17.32000897,0.980550179,6133.333333,2.89426072,5758.758759,0.528285075,0.09719863,1.046420142,1.00E-02,0.183988976,-0.1,SN_1996ai_1996-06-21_00-00-00_Lick-3m_KAST_UCB-SNDB_0.csv,1.992703557
SN1996C,82.98540255,0.632459944,10.4679855,0.515764011,6136.936937,2.153121896,5782.782783,0.594193022,0.113131315,1.029408638,1.00E-02,0.19039489,1.98,1996C_1996-02-17_11-31-12_FLWO-1.5m_FAST_CfA-Ia.csv,1.430808802
SN1996X,94.74195235,0.193463262,18.20978496,0.186605447,6112.178846,1.341324741,5748.748749,0.66142254,0.140934569,1.146283971,1.00E-02,0.213077965,0.31,SN1996X_1996-04-18_07-26-24_FLWO-1.5m_FAST_CfA-Ia.csv,1.456511364
SN1997bp,171.3447249,0.471766422,9.663791778,0.22901799,6031.564898,1.259123274,5732.732733,0.754942352,0.067632666,1.526837617,1.00E-02,0.089586531,-0.23,1997bp_1997-04-10_06-28-48_FLWO-1.5m_FAST_CfA-Ia.csv,1.457344467
SN1997dt,89.11262014,0.203628495,13.48024823,0.232239821,6122.255589,0.992063313,5772.772773,0.547646274,0.092905913,1.098714765,0.00E+00,0.169645841,0.21,1997dt_1997-12-04_02-38-24_FLWO-1.5m_FAST_CfA-Ia.csv,1.488544925
SN1997Y,110.3465413,0.202914248,26.83603829,0.438640588,6129.72973,1.173066122,5784.784785,0.690430802,0.200400581,1.063431646,1.00E-02,0.290254404,0,SN_1997Y_1997-02-09_00-00-00_Lick-3m_KAST_UCB-SNDB_0.csv,1.96817008
SN1998aq,77.42808654,0.125575861,10.29691438,0.113268928,6132.932933,0.600600601,5770.770771,0.568203617,0.085735969,1.048310309,0.00E+00,0.150889517,0.29,SN1998aq_1998-04-27_06-57-36_FLWO-1.5m_FAST_CfA-Ia.csv,1.493879139
SN1998bp,119.5652247,0.245989314,52.99106069,0.298467954,6125.725726,1.563613549,5770.770771,0.652270942,0.425217647,1.082333317,1.00E-02,0.651903403,0.05,1998bp_1998-05-03_10-48-00_FLWO-1.5m_FAST_CfA-Ia.csv,1.483827164
SN1998bu,92.46830865,0.140625454,16.69017603,0.185398617,6127.327327,0.600600601,5768.768769,0.623527692,0.133474998,1.074772648,0.00E+00,0.214064267,-0.84,SN1998bu_1998-05-18_03-50-24_FLWO-1.5m_FAST_CfA-Ia.csv,1.494938447
SN1998co,100.1376905,0.458945832,31.31225328,0.384984965,6127.527528,0.800800801,5772.772773,0.604019689,0.215730437,1.073827565,0.00E+00,0.357157955,-0.05,1998co_1998-06-23_10-48-00_FLWO-1.5m_FAST_CfA-Ia.csv,1.472609805
SN1998de,156.8872653,0.871264663,61.68310182,0.773196385,6123.990657,1.11865563,5792.792793,0.66656738,0.463054498,1.090524041,1.00E-02,0.694685207,-0.29,1998de_1998-08-01_09-50-24_FLWO-1.5m_FAST_CfA-Ia.csv,1.474782436
SN1998dh,121.4726931,0.243391182,24.61882588,0.326540816,6102.435769,1.076043744,5752.752753,0.723709188,0.162773572,1.192278037,1.00E-02,0.224915718,-0.54,1998dh_1998-08-04_08-38-24_FLWO-1.5m_FAST_CfA-Ia.csv,1.486478936
SN1998dk,102.8479918,0.107008807,16.31561085,0.229018772,6091.358025,0.680549818,5724.724725,0.629193627,0.097331126,1.244572661,0.00E+00,0.15469185,-0.1,SN_1998dk_1998-08-31_00-00-00_Lick-3m_KAST_UCB-SNDB_0.csv,1.973332996
SN1998dx,110.1487933,1.694170347,34.77395684,1.470302819,6104.971638,3.652701284,5772.772773,0.571004258,0.272631214,1.180306979,2.00E-02,0.47745916,-0.78,1998dx_1998-09-15_05-16-48_FLWO-1.5m_FAST_CfA-Ia.csv,1.422321479
SN1998ef,123.5404606,0.533275485,11.05246909,0.423874062,6086.886887,1.493695648,5772.772773,0.672010633,0.091786758,1.265679527,1.00E-02,0.136585276,1.31,1998ef_1998-10-29_07-26-24_FLWO-1.5m_FAST_CfA-Ia.csv,1.473314795
SN1998eg,96.23137143,0.404475398,19.74085935,0.650610357,6128.995662,0.499387039,5786.786787,0.659895646,0.153334773,1.066896952,0.00E+00,0.232362153,-0.85,1998eg_1998-10-24_03-36-00_FLWO-1.5m_FAST_CfA-Ia.csv,1.462970824
SN1998es,54.27984538,0.274480843,5.674260598,0.465750305,6140.14014,1.001001001,5770.770771,0.409597769,0.05422267,1.014287301,0.00E+00,0.132380285,-0.48,1998es_1998-11-25_05-16-48_FLWO-1.5m_FAST_CfA-Ia.csv,1.483690134
SN1998V,80.70427703,0.516083415,20.42987843,0.532076874,6129.062396,2.281657791,5786.786787,0.593125471,0.145683446,1.066581924,1.00E-02,0.245619946,-0.49,1998V_1998-03-19_12-14-24_FLWO-1.5m_FAST_CfA-Ia.csv,1.473767744
SN1999ac,85.98211407,0.222621345,15.1245959,0.230689057,6138.271605,1.840922819,5830.830831,0.461606102,0.106591654,1.023108081,1.00E-02,0.230914743,-1.47,SN1999ac_1999-03-12_12-43-12_FLWO-1.5m_FAST_CfA-Ia.csv,1.485300944
SN1999cc,128.1468295,0.837130601,35.72258048,0.804713953,6113.179847,6.709611139,5740.740741,0.668029409,0.219650195,1.141558553,3.00E-02,0.328803182,-0.2,1999cc_1999-05-17_09-36-00_FLWO-1.5m_FAST_CfA-Ia.csv,1.45376314
SN1999cl,126.4659642,0.245506043,21.34706719,0.920256067,6099.833166,0.964753573,5776.776777,0.615485678,0.152724389,1.204564124,0.00E+00,0.248136382,0.68,1999cl_1999-06-14_04-19-12_FLWO-1.5m_FAST_CfA-Ia.csv,1.487805954
SN1999dq,53.67371216,0.229519376,18.33861917,0.372983223,6134.134134,1.985248553,5818.818819,0.418503714,0.099127046,1.042639807,1.00E-02,0.236860613,0.45,1999dq_1999-09-15_10-48-00_FLWO-1.5m_FAST_CfA-Ia.csv,1.478563557
SN1999ej,108.826134,0.264160968,30.65580402,0.313576548,6131.398065,1.844547876,5768.768769,0.643025812,0.266684308,1.055555949,1.00E-02,0.414733441,1.1,1999ej_1999-11-02_04-48-00_FLWO-1.5m_FAST_CfA-Ia.csv,1.479146989
SN1999ek,110.7284574,3.869935535,29.50031479,1.122298044,6127.527528,2.334715473,5788.788789,0.678291197,0.257743931,1.073827565,1.00E-02,0.379990087,-0.63,1999ek_1999-10-30_11-16-48_FLWO-1.5m_FAST_CfA-Ia.csv,1.473622902
SN1999gd,104.4372082,1.07186016,26.41188571,1.531871798,6129.596263,1.980757034,5788.788789,0.656138468,0.234849578,1.064061701,1.00E-02,0.357926854,1.12,1999gd_1999-12-08_12-28-48_FLWO-1.5m_FAST_CfA-Ia.csv,1.47246519
SN1999gp,44.38947421,0.720276095,3.10294145,0.438014004,6110.577244,1.361099637,5784.784785,0.30557222,0.028890138,1.153844639,1.00E-02,0.094544385,0.03,1999gp_2000-01-07_03-07-12_FLWO-1.5m_FAST_CfA-Ia.csv,1.460418139
SN2000cp,82.76626178,1.290355088,17.45453805,1.407825819,6095.295295,3.283527421,5774.774775,0.412456217,0.122227205,1.225986017,2.00E-02,0.296339829,-0.56,2000cp_2000-06-24_08-09-36_FLWO-1.5m_FAST_CfA-Ia.csv,1.449827212
SN2000cx,40.71413339,0.199338374,3.482473106,0.147861425,6110.243577,1.7668605,5740.740741,0.348387166,0.04147329,1.155419779,1.00E-02,0.119043679,0.43,SN2000cx_2000-07-27_10-19-12_FLWO-1.5m_FAST_CfA-Ia.csv,1.487399068
SN2000dg,70.48922115,0.60289928,22.85761917,0.64966139,6122.188856,4.730075448,5764.764765,0.48414587,0.149178128,1.099029793,2.00E-02,0.308126408,0.17,2000dg_2000-09-03_08-52-48_FLWO-1.5m_FAST_CfA-Ia.csv,1.443824076
SN2000dk,123.7490087,0.141215564,38.37931963,0.17580881,6124.190858,0.998774077,5770.770771,0.7143316,0.323699883,1.089578957,0.00E+00,0.453150726,0.4,SN_2000dk_2000-09-26_00-00-00_Lick-3m_KAST_UCB-SNDB_0.csv,1.965164313
SN2000dm,107.40151,0.38018089,28.58358674,0.346324598,6120.186854,1.124611248,5764.764765,0.677342139,0.221289547,1.108480629,1.00E-02,0.326702761,-2,SN_2000dm_2000-09-26_00-00-00_Lick-3m_KAST_UCB-SNDB_0.csv,1.96983023
SN2000dn,107.5497869,0.574769517,20.87237282,0.675821143,6134.801468,4.20208515,5790.790791,0.651229594,0.141115478,1.039489529,2.00E-02,0.216690825,-0.95,2000dn_2000-10-06_06-00-00_FLWO-1.5m_FAST_CfA-Ia.csv,1.45277738
SN2000fa,96.85711281,0.965069156,13.20268883,0.782915374,6114.514515,0.917432572,5766.766767,0.670397655,0.128779853,1.135257996,0.00E+00,0.192094725,0.36,2000fa_2000-12-15_08-38-24_FLWO-1.5m_FAST_CfA-Ia.csv,1.468145967
SN2001ay,155.6716562,0.536986952,11.8528503,0.423313872,6069.936603,4.125074264,5718.718719,0.701142727,0.100796553,1.345696601,2.00E-02,0.143760391,0.34,2001ay_2001-04-26_08-09-36_FLWO-1.5m_FAST_CfA-Ia.csv,1.455456516
SN2001br,101.9987587,0.589380838,16.69858692,0.561788463,6078.878879,1.302584004,5770.770771,0.534485582,0.131459045,1.303482869,1.00E-02,0.245954333,-0.46,2001br_2001-05-21_10-33-36_FLWO-1.5m_FAST_CfA-Ia.csv,1.468715156
SN2001cp,80.96952072,0.473811783,5.171087808,0.646255484,6131.064398,3.850349479,5782.782783,0.590188428,0.077043054,1.057131089,2.00E-02,0.130539757,0.6,SN_2001cp_2001-06-29_00-00-00_Lick-3m_KAST_UCB-SNDB_0.csv,1.955630652
SN2001da,113.865087,0.444578879,27.82933373,0.429160359,6111.778445,0.943752794,5790.790791,0.663977577,0.223023657,1.148174138,0.00E+00,0.335890344,-0.04,2001da_2001-07-16_11-02-24_FLWO-1.5m_FAST_CfA-Ia.csv,1.474057514
SN2001en,138.3235037,0.420640891,11.04283719,0.317710887,6086.419753,2.496935193,5758.758759,0.717044653,0.079779366,1.267884722,1.00E-02,0.111261364,0.39,2001en_2001-10-11_09-21-36_FLWO-1.5m_FAST_CfA-Ia.csv,1.475217732
SN2001ep,113.0993362,0.255561324,33.0713527,0.325796852,6131.731732,1.563613549,5782.782783,0.695788923,0.226519068,1.05398081,1.00E-02,0.325557164,0.43,2001ep_2001-10-18_10-19-12_FLWO-1.5m_FAST_CfA-Ia.csv,1.480169105
SN2001ex,114.9834554,0.672665237,53.96876155,1.059704907,6152.485819,0.943752794,5770.770771,0.727064323,0.477233952,0.956007148,0.00E+00,0.656384774,-2.1,SN_2001ex_2001-10-20_00-00-00_Lick-3m_KAST_UCB-SNDB_0.csv,1.948047291
SN2001fe,70.70653663,0.221441497,20.35728181,0.322479878,6123.857191,1.50557413,5830.830831,0.574074754,0.063533455,1.091154097,1.00E-02,0.110671049,0.31,2001fe_2001-11-16_12-14-24_FLWO-1.5m_FAST_CfA-Ia.csv,1.479584866
SN2001fh,96.92624417,1.369391474,38.32189655,1.459789794,6124.190858,0.998774077,5760.760761,0.554679551,0.229484677,1.089578957,0.00E+00,0.413724783,-1.7,2001fh_2001-11-09_02-24-00_FLWO-1.5m_FAST_CfA-Ia.csv,1.481192634
SN2001N,116.1988086,1.040687246,17.3138687,0.867948764,6076.810143,3.217075954,5780.780781,0.422634863,0.162319198,1.313248733,2.00E-02,0.384064856,0.66,2001N_2001-01-22_11-02-24_FLWO-1.5m_FAST_CfA-Ia.csv,1.468571306
SN2002bf,140.2071295,0.502517984,9.27184505,0.358895198,6042.175509,0.992063313,5760.760761,0.63466272,0.079030644,1.476748188,0.00E+00,0.124523848,1.82,2002bf_2002-03-06_05-16-48_FLWO-1.5m_FAST_CfA-Ia.csv,1.463697094
SN2002bo,145.8480221,0.341500622,17.98587232,0.648318128,6078.144811,1.52759735,5764.764765,0.6956594,0.110272053,1.306948176,1.00E-02,0.15851443,-1.83,SN2002bo_2002-03-22_04-04-48_FLWO-1.5m_FAST_CfA-Ia.csv,1.49299144
SN2002cd,121.2685848,0.854157429,8.725620946,0.717024048,6043.977311,0.998774077,5712.712713,0.67952852,0.089309271,1.468242436,0.00E+00,0.13142829,0.28,2002cd_2002-04-19_11-31-12_FLWO-1.5m_FAST_CfA-Ia.csv,1.483974945
SN2002cf,123.5650961,0.303104749,59.23982461,0.357356223,6132.599266,0.885318596,5772.772773,0.66494822,0.466458,1.049885448,0.00E+00,0.701495223,-0.8,SN_2002cf_2002-04-20_00-00-00_Lick-3m_KAST_UCB-SNDB_0.csv,1.968918541
SN2002ck,68.61389237,0.678363468,11.53361435,0.620724632,6140.540541,0.917432572,5794.794795,0.602670662,0.103036611,1.012397134,0.00E+00,0.170966694,0.34,2002ck_2002-05-03_08-09-36_FLWO-1.5m_FAST_CfA-Ia.csv,1.456021852
SN2002cr,104.4940706,0.198812822,19.78085439,0.230205382,6146.546547,1.173066122,5778.778779,0.660259877,0.182156291,0.984044627,1.00E-02,0.27588575,0.68,2002cr_2002-05-15_06-43-12_FLWO-1.5m_FAST_CfA-Ia.csv,1.48544832
SN2002cx,34.45983691,1.875494317,23.3920137,1.382924266,6238.238238,10.19187477,5810.810811,0.201631241,0.195609118,0.551196358,5.00E-02,0.970132985,-1.52,2002cx_2002-05-20_04-19-12_FLWO-1.5m_FAST_CfA-Ia.csv,1.464268851
SN2002de,86.53380427,0.810808673,16.95622457,1.268627052,6112.045379,0.998774077,5754.754755,0.601836562,0.158906538,1.146914027,0.00E+00,0.264036032,-0.13,SN_2002de_2002-06-08_08-58-33_Lick-3m_KAST_UCB-SNDB_0.csv,1.944759798
SN2002es,74.76149901,0.392450314,41.06116902,0.372560896,6227.09376,2.365037724,5854.854855,0.437480805,0.27629978,0.603806009,1.00E-02,0.631570065,1.7,SN_2002es_2002-09-03_00-00-00_Lick-3m_KAST_UCB-SNDB_0.csv,1.963516084
SN2002fb,108.2052643,1.000359588,44.38652516,0.932064116,6132.599266,1.361099637,5776.776777,0.640986965,0.29692931,1.049885448,1.00E-02,0.463237673,0.34,2002fb_2002-09-12_10-33-36_FLWO-1.5m_FAST_CfA-Ia.csv,1.476379778
SN2002fk,76.55732313,0.1330203,16.5194844,0.347372265,6147.213881,0.359370357,5848.848849,0.556614413,0.113844768,0.980894348,0.00E+00,0.204530759,-1.46,2002fk_2002-09-29_10-33-36_FLWO-1.5m_FAST_CfA-Ia.csv,1.488249432
SN2002ha,109.6242668,0.159701881,27.61694323,0.268343552,6120.32032,1.760548009,5764.764765,0.653101648,0.228832299,1.107850573,1.00E-02,0.35037777,-1,SN_2002ha_2002-11-02_00-00-00_Lick-3m_KAST_UCB-SNDB_0.csv,1.97174913
SN2002hd,111.7938673,0.78871274,26.24794167,0.945169462,6126.326326,6.301272811,5746.746747,0.680790365,0.256916198,1.079498066,3.00E-02,0.377379309,0.52,2002hd_2002-10-29_12-28-48_FLWO-1.5m_FAST_CfA-Ia.csv,1.448706573
SN2002he,121.9279487,0.148577359,21.80973471,0.196176084,6094.027361,0.998774077,5752.752753,0.702856922,0.184748136,1.231971547,0.00E+00,0.262853121,0,SN_2002he_2002-11-08_00-00-00_Keck1_LRIS_UCB-SNDB_0.csv,1.951443228
SN2002hu,75.11487935,1.06146375,10.92763688,1.000206665,6155.488822,3.939532104,5780.780781,0.506552021,0.111787379,0.941830895,2.00E-02,0.220682919,-0.75,2002hu_2002-11-13_06-00-00_FLWO-1.5m_FAST_CfA-Ia.csv,1.445355025
SN2002jy,87.38904068,0.665759365,2.022306143,0.521262853,6128.995662,1.709209006,5782.782783,0.601650059,0.063256355,1.066896952,1.00E-02,0.105138118,0.12,2002jy_2002-12-26_02-52-48_FLWO-1.5m_FAST_CfA-Ia.csv,1.470587782
SN2003cg,94.899638,1.03492275,19.42705827,1.613037513,6120.053387,1.612685482,5770.770771,0.636259606,0.16573687,1.109110684,1.00E-02,0.260486236,0.21,SN2003cg_2003-03-31_05-02-24_FLWO-1.5m_FAST_CfA-Ia.csv,1.493269486
SN2003ch,104.8978165,1.292811484,22.57873361,1.224154392,6124.524525,10.26241666,5784.784785,0.604480416,0.153211038,1.088003818,5.00E-02,0.253459061,-0.17,2003ch_2003-03-27_03-07-12_FLWO-1.5m_FAST_CfA-Ia.csv,1.462840296
SN2003cq,129.4656398,1.601014777,26.61350224,1.500995853,6124.858192,1.984126626,5766.766767,0.655448929,0.251063002,1.086428679,1.00E-02,0.383039762,0.22,2003cq_2003-04-10_05-16-48_FLWO-1.5m_FAST_CfA-Ia.csv,1.451090006
SN2003du,83.13464456,1.203586031,9.679987484,0.139889219,6135.001668,0.499387039,5770.770771,0.575520733,0.086134314,1.038544445,0.00E+00,0.149663268,-0.7,SN2003du_2003-05-05_07-12-00_FLWO-1.5m_FAST_CfA-Ia.csv,1.489864253
SN2003gq,37.95826395,0,49.70457094,1.31070259,6236.236236,1.001001001,5762.762763,0.242291933,0.203421112,0.560647193,0.00E+00,0.839570305,-0.61,SN2003gq_2003-07-27_07-03-22_Lick-3m_KAST_UCB-SNDB.csv,1.957545309
SN2003it,100.3575234,0.459894352,19.33319704,0.446160395,6112.979646,0.499387039,5750.750751,0.631421611,0.183514099,1.142503637,0.00E+00,0.290636393,-0.24,2003it_2003-10-22_06-14-24_FLWO-1.5m_FAST_CfA-Ia.csv,1.462697593
SN2003iv,108.8844054,1.099899552,32.38400968,1.080153854,6125.592259,0.846751921,5762.762763,0.718088405,0.23757384,1.082963372,0.00E+00,0.33084205,0.38,2003iv_2003-10-22_09-07-12_FLWO-1.5m_FAST_CfA-Ia.csv,1.449687038
SN2003W,104.7153637,0.713001021,8.578709263,0.495699131,6078.745412,2.483522732,5792.792793,0.420599221,0.04111394,1.304112925,1.00E-02,0.09775087,0.35,2003W_2003-02-10_08-24-00_FLWO-1.5m_FAST_CfA-Ia.csv,1.469866977
SN2004at,92.15596605,0.294259815,10.50082518,0.298511295,6134.267601,1.912118623,5772.772773,0.61290181,0.116856894,1.042009752,1.00E-02,0.190661689,0.2,2004at_2004-03-28_04-48-00_FLWO-1.5m_FAST_CfA-Ia.csv,1.466703808
SN2004ef,131.0974199,0.633933762,30.24080012,0.650979451,6102.102102,1.985248553,5740.740741,0.660489102,0.25193306,1.193853177,1.00E-02,0.38143409,0.34,SN2004ef_2004-09-16_08-09-36_FLWO-1.5m_FAST_CfA-Ia.csv,1.425288518
SN2004fu,135.5455707,0.241479799,20.47463201,0.258924735,6103.370037,0.680549818,5744.744745,0.709108527,0.163688907,1.187867647,0.00E+00,0.230837595,2.4,SN_2004fu_2004-11-19_00-00-00_Lick-3m_KAST_UCB-SNDB_0.csv,1.981196235
SN2004gs,140.9539178,0.743037511,49.6463945,0.849879199,6125.658992,18.25326233,5766.766767,0.692064094,0.363017447,1.082648345,9.00E-02,0.524543102,-0.31,2004gs_2004-12-16_11-45-36_FLWO-1.5m_FAST_CfA-Ia.csv,1.431375068
SN2005am,131.3962336,0.304203422,32.5627186,0.431744545,6101.768435,2.984408378,5750.750751,0.680957579,0.272455725,1.195428316,1.00E-02,0.400106752,0.25,SN2005am_2005-03-08_06-00-00_FLWO-1.5m_FAST_CfA-Ia.csv,1.457229524
SN2005bc,115.9454474,0.1848863,40.4134064,0.238937886,6129.129129,2.73E-12,5770.770771,0.690491089,0.312671471,1.066266896,0.00E+00,0.452824774,1.97,SN_2005bc_2005-04-11_11-22-33_Lick-3m_KAST_UCB-SNDB_0.csv,1.975200277
SN2005bo,101.5394144,0.34966645,32.40114429,0.428110571,6119.51952,3.244643518,5756.756757,0.667613962,0.221835158,1.111630907,2.00E-02,0.332280585,-0.09,2005bo_2005-04-18_05-02-24_FLWO-1.5m_FAST_CfA-Ia.csv,1.449590461
SN2005el,91.03061477,0.211493878,19.70277968,0.276433914,6131.865199,0.964753573,5778.778779,0.610186437,0.170495165,1.053350754,0.00E+00,0.279414872,1.13,SN_2005el_2005-10-04_12-48-57_Lick-3m_KAST_UCB-SNDB_0.csv,1.970069471
SN2005eq,48.30529398,0.215473813,10.86367275,0.273310203,6154.954955,0.600600601,5766.766767,0.412144938,0.070749948,0.944351117,0.00E+00,0.171662786,0.38,SN_2005eq_2005-10-11_09-01-26_Lick-3m_KAST_UCB-SNDB_0.csv,1.943131112
SN2005hk,56.27514373,1.49247115,21.90863214,1.385955905,6208.942276,1.124611248,5776.776777,0.272338353,0.149682925,0.689493585,1.00E-02,0.549621171,-0.78,SN2005hk_2005-11-09_05-16-48_FLWO-1.5m_FAST_CfA-Ia.csv,1.450683805
SN2005ki,101.8198298,0.528325737,19.91769784,0.540617288,6123.923924,0.980776674,5772.772773,0.666324596,0.193269506,1.090839069,0.00E+00,0.290053087,1.02,2005ki_2005-12-02_12-28-48_FLWO-1.5m_FAST_CfA-Ia.csv,1.441202286
SN2005M,52.11914912,0.530516334,9.309027422,0.451013967,6183.71705,2.682649482,5814.814815,0.344665831,0.108713879,0.808574113,1.00E-02,0.315418209,-0.74,2005M_2005-02-04_06-14-24_FLWO-1.5m_FAST_CfA-Ia.csv,1.43781705
SN2005na,79.44461126,0.520113041,27.69052273,0.954968859,6136.936937,6.188960723,5890.890891,0.548908243,0.165170368,1.029408638,3.00E-02,0.300907064,0.36,SN_2005na_2006-01-06_08-39-50_Lick-3m_KAST_UCB-SNDB_0.csv,1.948168044
SN2006ax,94.28577799,0.250544131,10.0214439,0.228177092,6143.743744,1.053035291,5798.798799,0.601266518,0.120588597,0.997275797,0.00E+00,0.200557645,0.3,2006ax_2006-04-02_07-12-00_FLWO-1.5m_FAST_CfA-Ia.csv,1.44531231
SN2006az,75.92397978,0.620328185,24.08529185,0.854805621,6128.128128,3.133628797,5796.796797,0.53813758,0.16984991,1.070992314,1.00E-02,0.315625438,-1.03,2006az_2006-03-31_08-52-48_FLWO-1.5m_FAST_CfA-Ia.csv,1.425127759
SN2006br,109.7085745,1.512526571,18.9779052,0.940401818,6082.148815,2.464622664,5776.776777,0.453060119,0.150848563,1.288046504,1.00E-02,0.332954847,0.23,2006br_2006-04-27_07-55-12_FLWO-1.5m_FAST_CfA-Ia.csv,1.43430867
SN2006bt,128.9313334,0.585907302,42.51003037,0.598893394,6118.451785,2.089085865,5768.768769,0.642419146,0.304350143,1.116671353,1.00E-02,0.473756339,0.33,2006bt_2006-05-03_07-55-12_FLWO-1.5m_FAST_CfA-Ia.csv,1.423609021
SN2006cf,60.88029757,1.440824265,16.97141376,1.372776807,6135.669002,0.885318596,5904.904905,0.386576081,0.084092719,1.035394167,0.00E+00,0.217532133,0.16,2006cf_2006-05-20_03-50-24_FLWO-1.5m_FAST_CfA-Ia.csv,1.410761551
SN2006cq,93.2450566,0.574446645,18.75502761,0.761668529,6146.61328,1.54498991,5786.786787,0.662635838,0.151367809,0.983729599,1.00E-02,0.228432874,1.51,SN_2006cq_2006-06-05_07-22-04_Lick-3m_KAST_UCB-SNDB_0.csv,1.907254759
SN2006cs,102.3700928,0.452280586,44.35577841,0.563841721,6126.126126,3.962076105,5780.780781,0.624947478,0.337268921,1.08044315,2.00E-02,0.539675626,2.34,SN_2006cs_2006-06-05_08-02-24_Lick-3m_KAST_UCB-SNDB_0.csv,1.953199685
SN2006cz,55.61067045,0.518200726,3.512567884,0.461834971,6104.304304,1.682952314,5800.800801,0.411272405,-1.57E-15,1.183457257,1.00E-02,-3.83E-15,-1.03,SN_2006cz_2006-06-20_06-23-02_Lick-3m_KAST_UCB-SNDB_0.csv,1.919224976
SN2006D,101.8819669,0.078898121,31.58569691,0.114505167,6132.999666,0.499387039,5768.768769,0.655251068,0.242297274,1.047995281,0.00E+00,0.369777763,2.44,SN_2006D_2006-01-24_10-26-24_Lick-3m_KAST_UCB-SNDB_0.csv,1.982539637
SN2006gj,121.7133216,1.03905761,49.78012983,1.058878081,6116.049383,2.23731126,5768.768769,0.663475976,0.372306829,1.128012355,1.00E-02,0.561145907,-0.67,2006gj_2006-09-20_10-19-12_FLWO-1.5m_FAST_CfA-Ia.csv,1.429010296
SN2006gr,83.83583523,1.846991075,26.55365114,1.548986994,6109.376043,1.43748143,5822.822823,0.500644465,0.113598722,1.159515141,1.00E-02,0.22690498,-1.74,2006gr_2006-10-03_06-14-24_FLWO-1.5m_FAST_CfA-Ia.csv,1.420308808
SN2006kf,117.4556799,0.192786681,32.71475513,0.245195553,6113.113113,2.73E-12,5762.762763,0.668994993,0.297272463,1.141873581,0.00E+00,0.444356783,-2.32,SN_2006kf_2006-10-30_09-14-24_Lick-3m_KAST_UCB-SNDB_0.csv,1.957742515
SN2006N,89.73453142,0.416856337,19.83074653,0.470214128,6126.79346,2.483522732,5764.764765,0.536019557,0.156681132,1.077292871,1.00E-02,0.292304879,0.32,2006N_2006-01-26_07-40-48_FLWO-1.5m_FAST_CfA-Ia.csv,1.448726186
SN2006ot,165.7322559,1.802414517,31.32549116,1.456223196,6037.370704,2.58887751,5728.728729,0.615820218,0.14450011,1.499430193,1.00E-02,0.234646583,-0.47,2006ot_2006-11-24_05-31-12_FLWO-1.5m_FAST_CfA-Ia.csv,1.39562284
SN2006S,62.73158055,0.475412807,6.290199833,0.286508337,6128.795462,0.746102095,5766.766767,0.522483552,0.047417207,1.067842036,0.00E+00,0.090753492,0.47,2006S_2006-02-04_11-16-48_FLWO-1.5m_FAST_CfA-Ia.csv,1.423746955
SN2006sr,107.8921031,0.47333964,18.4993509,0.430647492,6102.369036,2.900408917,5740.740741,0.624169112,0.145013343,1.192593065,1.00E-02,0.232330213,-0.98,2006sr_2006-12-22_02-52-48_FLWO-1.5m_FAST_CfA-Ia.csv,1.434450691
SN2007A,89.62142449,0.208645732,13.08420109,0.263919353,6132.399066,1.210434244,5784.784785,0.61949514,0.118734736,1.050830532,1.00E-02,0.191663708,0.21,SN_2007A_2007-01-13_04-59-31_Keck1_LRIS_UCB-SNDB_0.csv,1.964661786
SN2007af,106.5028995,0.169289838,21.45824443,0.201763167,6124.858192,1.770637192,5772.772773,0.67291513,0.1625081,1.086428679,1.00E-02,0.241498657,0.44,SN2007af_2007-03-14_10-33-36_FLWO-1.5m_FAST_CfA-Ia.csv,1.461466042
SN2007au,139.0285544,0.923652472,57.7872483,1.013674788,6125.592259,2.173706703,5772.772773,0.693543829,0.401241418,1.082963372,1.00E-02,0.57853794,1.15,2007au_2007-03-26_03-36-00_FLWO-1.5m_FAST_CfA-Ia.csv,1.440639319
SN2007ax,81.64273877,1.201138885,40.93729138,0.71394423,6160.293627,4.40693146,5778.778779,0.46036131,0.277394989,0.919148889,2.00E-02,0.602559301,-0.84,2007ax_2007-03-27_06-14-24_FLWO-1.5m_FAST_CfA-Ia.csv,1.459092549
SN2007ba,121.0427799,1.301048182,58.14743685,1.081635569,6144.811478,0.907672373,5780.780781,0.692886411,0.440125508,0.992235351,0.00E+00,0.635205859,1.43,2007ba_2007-04-09_10-19-12_FLWO-1.5m_FAST_CfA-Ia.csv,1.414975547
SN2007bc,102.3952003,0.14510285,32.24536125,0.223601191,6137.737738,1.801801802,5772.772773,0.668476986,0.272220064,1.025628303,1.00E-02,0.407224287,0.32,SN_2007bc_2007-04-10_07-45-07_Lick-3m_KAST_UCB-SNDB_0.csv,1.958767551
SN2007bd,110.7326405,0.679315417,17.9684837,0.605458443,6093.760427,3.441787643,5744.744745,0.605892162,0.135479326,1.233231658,2.00E-02,0.223603035,-1.3,2007bd_2007-04-15_04-48-00_FLWO-1.5m_FAST_CfA-Ia.csv,1.42526798
SN2007ci,124.3460113,0.603212006,45.29605782,1.056409497,6105.572239,4.895248565,5766.766767,0.700869036,0.296128324,1.177471728,2.00E-02,0.422515917,-1.21,2007ci_2007-05-25_04-33-36_FLWO-1.5m_FAST_CfA-Ia.csv,1.443468849
SN2007co,122.270709,0.475548651,15.60112209,0.473305001,6112.912913,2.752297715,5776.776777,0.678722363,0.105711825,1.142818664,1.00E-02,0.155751204,0.38,2007co_2007-06-14_09-07-12_FLWO-1.5m_FAST_CfA-Ia.csv,1.430819967
SN2007cp,107.9448197,1.538568144,32.04723882,1.181957002,6103.169837,14.93233455,5732.732733,0.630653931,0.208798601,1.188812731,7.00E-02,0.331082692,1.2,2007cp_2007-06-19_04-48-00_FLWO-1.5m_FAST_CfA-Ia.csv,1.417568288
SN2007F,81.85847202,0.573612655,15.53732917,0.673812474,6124.257591,1.336335295,5852.852853,0.594495395,0.089407973,1.08926393,1.00E-02,0.150393046,-1.51,2007F_2007-01-22_11-45-36_FLWO-1.5m_FAST_CfA-Ia.csv,1.435571793
SN2007fb,119.2108905,0.67867744,35.13867317,0.570832431,6113.580247,2.46191081,5754.754755,0.674141146,0.300682234,1.139668386,1.00E-02,0.44602267,0.44,SN2007fb_2007-07-07_10-33-36_FLWO-1.5m_FAST_CfA-Ia.csv,1.44342793
SN2007hu,153.5792032,1.36892378,39.07793138,1.641899815,6077.210544,0.499387039,5720.720721,0.795397882,0.341001615,1.311358565,0.00E+00,0.428718283,1.14,2007hu_2007-09-11_03-21-36_FLWO-1.5m_FAST_CfA-Ia.csv,1.419074945
SN2007kk,115.5484426,1.060733391,12.01802471,0.665745421,6109.843177,4.020098894,5744.744745,0.649173962,0.091225592,1.157309946,2.00E-02,0.140525648,0.39,SN2007kk_2007-10-10_09-21-36_FLWO-1.5m_FAST_CfA-Ia.csv,1.411516415
SN2007S,51.34752806,0.455780253,5.835985906,0.634375345,6152.352352,0.980776674,5772.772773,0.37606789,0.057785777,0.956637204,0.00E+00,0.153657833,-0.77,2007S_2007-02-12_07-55-12_FLWO-1.5m_FAST_CfA-Ia.csv,1.449305935
SN2008A,23.74817078,0.552907954,17.64564183,0.464460322,6198.198198,4.758704434,5792.792793,0.15733553,0.098390733,0.740213069,2.00E-02,0.625356097,0.03,2008A_2008-01-13_03-07-12_FLWO-1.5m_FAST_CfA-Ia.csv,1.446026276
SN2008ae,30.04934348,1.314447349,45.52544762,1.914272364,6177.04371,3.011148261,5784.784785,0.198490827,0.221345649,0.840076898,1.00E-02,1.115142964,-0.08,2008ae_2008-02-11_07-40-48_FLWO-1.5m_FAST_CfA-Ia.csv,1.426514033
SN2008ar,85.51569077,0.644380556,16.08964863,0.645333874,6131.331331,2.752297715,5780.780781,0.528019348,0.14654364,1.055870977,1.00E-02,0.277534603,-0.67,2008ar_2008-03-08_10-19-12_FLWO-1.5m_FAST_CfA-Ia.csv,1.43207495
SN2008bf,81.36976176,0.360072297,10.58305678,0.39327995,6116.916917,1.580609847,5754.754755,0.587716453,0.114077181,1.123916993,1.00E-02,0.194102412,0.31,2008bf_2008-03-30_07-26-24_FLWO-1.5m_FAST_CfA-Ia.csv,1.434171487
SN2008Q,95.48637435,0.162597223,20.4680028,0.195237404,6112.445779,1.076043744,5750.750751,0.62801362,0.173026203,1.145023859,1.00E-02,0.275513457,-0.31,2008Q_2008-02-09_02-09-36_FLWO-1.5m_FAST_CfA-Ia.csv,1.45764518