SN_name,RA,DEC,redshift,host_name,SN_type
SN1994D,188.51021,7.70131,0.001494,NGC4526,NV
SN1994S,187.84108,29.1345,0.015177,NGC4495,NV
SN1996ai,197.74221,37.05983,0.0029,NGC5005,NV
SN1996C,207.7025,49.31864,0.027,PGC049153,NV
SN1996X,199.50471,-26.84592,0.008876,NGC5061,NV
SN1997bp,191.72396,-11.64256,0.0083,NGC4680,HV
SN1997dt,345.01221,15.98081,0.0073,NGC7448,NV
SN1997Y,191.38083,54.73806,0.0159,NGC4675,NV
SN1998aq,179.10833,55.12744,0.003699,NGC3982,NV
SN1998bp,268.71129,18.33036,0.0105,NGC6495,NV
SN1998bu,161.69179,11.83531,0.002992,NGC3368,NV
SN1998co,326.90188,-13.17842,0.0182,NGC7131,NV
SN1998de,12.02867,27.62458,0.0167,NGC0252,91bg
SN1998dh,348.66796,4.53725,0.0087,NGC7541,NV
SN1998dk,3.634,-0.73636,0.0133,UGC00139,HV
SN1998dx,272.79954,49.86131,0.0542,UGC11149,NV
SN1998ef,15.86196,32.23678,0.0177,UGC00646,HV
SN1998eg,339.87608,8.60592,0.0249,UGC12133,NV
SN1998es,24.32292,5.88064,0.0106,NGC0632,91T
SN1998V,275.65583,15.70233,0.0174,NGC6627,NV
SN1999ac,241.81254,7.97233,0.0095,NGC6063,91T
SN1999cc,240.67513,37.35956,0.0314,NGC6038,NV
SN1999cl,187.98337,14.42647,0.0078,NGC4501,HV
SN1999dq,38.49867,20.97511,0.0141,NGC0976,91T
SN1999ej,20.73908,33.46611,0.0137,NGC0495,NV
SN1999ek,84.13167,16.63828,0.0175,UGC03329,NV
SN1999gd,129.60254,25.75919,0.0183,NGC2623,NV
SN1999gp,37.91313,39.38119,0.0267,UGC01993,91T
SN2000cp,241.36508,17.83022,0.0342,PGC057064,NV
SN2000cx,21.19229,9.50858,0.008076,NGC0524,00cx
SN2000dg,1.55754,8.88819,0.0385,PGC000465,NV
SN2000dk,16.848,32.40644,0.0175,NGC0382,NV
SN2000dm,274.74571,16.24817,0.0149,UGC11198,NV
SN2000dn,346.27442,-3.20028,0.0321,IC1468,NV
SN2000fa,108.8745,23.42844,0.0213,UGC03770,NV
SN2001ay,216.57083,26.24883,0.0302,IC4423,HV
SN2001br,277.60646,34.10361,0.0209,UGC11260,HV
SN2001cp,257.76075,5.84078,0.0224,UGC10738,NV
SN2001da,358.38658,8.11739,0.0172,NGC7780,NV
SN2001en,21.34542,34.02514,0.0164,NGC0523,HV
SN2001ep,74.25108,-4.76117,0.013,NGC1699,NV
SN2001ex,103.99954,55.40083,0.0264,UGC03595,NV
SN2001fe,144.48792,25.49481,0.0134,UGC05129,NV
SN2001fh,320.17708,44.39811,0.0123,PGC066592,NV
SN2001N,159.992,24.09056,0.021,NGC3327,HV
SN2002bf,153.92629,55.66853,0.0244,PGC029953,HV
SN2002bo,154.52713,21.82825,0.0043,NGC3190,HV
SN2002cd,305.89342,58.3465,0.0104,NGC6916,HV
SN2002cf,193.63042,-6.85689,0.0154,NGC4786,91bg
SN2002ck,236.75312,-0.99042,0.0298,UGC10030,NV
SN2002cr,211.65662,-5.43942,0.0094,NGC5468,NV
SN2002cx,198.45717,6.95886,0.024,PGC045981,Iax
SN2002de,244.12658,35.70839,0.028,NGC6104,NV
SN2002es,50.94679,40.56486,0.018,UGC02708,91bg
SN2002fb,29.45375,36.34064,0.0156,NGC0759,91bg
SN2002fk,50.52379,-15.40089,0.0075,NGC1309,NV
SN2002ha,311.82742,0.31267,0.0144,NGC6962,NV
SN2002hd,133.51413,-7.18931,0.035,PGC024988,NV
SN2002he,124.99513,62.82033,0.0246,UGC04322,HV
SN2002hu,34.58358,37.46633,0.0374,PGC008796,91T
SN2002jy,20.31779,40.49869,0.0196,NGC0477,NV
SN2003cg,153.56654,3.46736,0.004113,NGC3169,NV
SN2003ch,109.49133,9.69303,0.025,UGC03787,NV
SN2003cq,179.05904,60.52197,0.0333,NGC3978,NV
SN2003du,218.64917,59.33439,0.006408,UGC09391,NV
SN2003gq,343.33617,32.13267,0.0214,NGC7407,Iax
SN2003it,1.45196,27.45267,0.0251,UGC00040,NV
SN2003iv,42.53021,12.84625,0.0343,PGC010738,NV
SN2003W,146.70617,16.04378,0.0201,UGC05234,HV
SN2004at,164.68825,59.48667,0.0223,PGC033043,NV
SN2004ef,340.54175,19.99456,0.030985,UGC12158,HV
SN2004fu,308.79808,64.80714,0.0092,NGC6949,HV
SN2004gs,129.59658,17.62772,0.0266,PGC024286,NV
SN2005am,139.05196,-16.30444,0.008386,NGC2811,NV
SN2005bc,219.31271,38.45642,0.0121,NGC5698,NV
SN2005bo,192.42096,-11.09647,0.0137,NGC4708,NV
SN2005el,77.953,5.19428,0.0148,NGC1819,NV
SN2005eq,47.20546,-7.03325,0.029,PGC011767,91T
SN2005hk,6.96196,-1.19792,0.012936,UGC00272,Iax
SN2005ki,160.11758,9.20233,0.0196,NGC3332,NV
SN2005M,144.38483,23.20075,0.022,NGC2930,91T
SN2005na,105.40258,14.13325,0.0263,UGC03634,NV
SN2006ax,171.01442,-12.29144,0.0167,NGC3663,NV
SN2006az,183.06117,56.17939,0.0311,NGC4172,NV
SN2006br,202.5075,13.41578,0.0245,NGC5185,HV
SN2006bt,239.12721,20.046,0.0322,PGC056443,NV
SN2006cf,163.51075,46.02675,0.0416,UGC06015,NV
SN2006cq,201.10458,30.95631,0.0483,IC4239,NV
SN2006cs,206.39121,35.61017,0.0234,PGC048783,91bg
SN2006cz,222.15275,-4.74186,0.0418,PGC052882,91T
SN2006D,193.14142,-9.77522,0.0086,PGC043690,NV
SN2006gj,49.39917,-1.69172,0.0283,UGC02650,NV
SN2006gr,338.09446,30.82869,0.0346,UGC12071,NV
SN2006kf,55.46033,8.15694,0.0213,UGC02829,NV
SN2006N,92.13017,64.72364,0.0143,PGC018467,NV
SN2006ot,33.77017,-20.76617,0.0529,ESO544-031,HV
SN2006S,191.41292,35.08678,0.0321,UGC07934,NV
SN2006sr,0.89592,23.19617,0.0244,UGC00014,HV
SN2007A,6.31942,12.88681,0.0171,NGC0105,NV
SN2007af,215.58763,-0.39378,0.005464,NGC5584,NV
SN2007au,107.94213,49.85372,0.02,UGC03725,NV
SN2007ax,125.68025,22.55469,0.0071,NGC2577,91bg
SN2007ba,229.17763,7.39661,0.0385,UGC09798,91bg
SN2007bc,169.81071,20.80903,0.0208,UGC06332,NV
SN2007bd,127.88867,-1.19944,0.031,UGC04455,HV
SN2007ci,176.44104,19.77053,0.018,NGC3873,NV
SN2007co,275.765,29.89708,0.027,PGC061808,NV
SN2007cp,190.553,-17.40214,0.0366,IC0807,HV
SN2007F,195.81283,50.61881,0.0236,UGC08162,NV
SN2007fb,359.21821,5.50883,0.018029,UGC12859,NV
SN2007hu,254.12483,27.97789,0.0355,NGC6261,HV
SN2007kk,55.59692,39.24178,0.041045,UGC02828,NV
SN2007S,150.13025,4.40728,0.0139,UGC05378,91T
SN2008A,24.57242,35.37047,0.0162,NGC0634,Iax
SN2008ae,149.01333,10.49967,0.0301,IC0577,Iax
SN2008ar,186.158,10.83817,0.0261,IC3284,NV
SN2008bf,181.01208,20.24517,0.0246,NGC4055,NV
SN2008Q,21.23846,9.55042,0.0081,NGC0524,NV
SN1991bg,186.26546,12.87106,0.003045,NGC4374,91bg
