SN_name,RA,DEC,redshift,host_name,Host_RA,Host_DEC,logd25,e_logd25,logr25,e_logr25,pa,t,t_err,host_type,host_mag,mu,R_host,ratio,ratio_err,SN_type,EW6355,EW6355_err,EW5972,EW5972_err,min6355,min6355_err,min5972,dep6355,dep5972,v_si,v_si_err,R_si,D15,D15_err,phase,filename_csv,Del_Lambda,umap_x,umap_y,DB_label
SN1994D,188.51021,7.70131,0.001494,NGC4526,188.512545,7.6992614,1.842,0.018,0.449,0.039,138.0,-1.9,0.4,S0,-20.48,30.928,15.250927789805097,0.0556568397695756,0.0023552543872034,NV,99.66730948,0.168700017,19.58317703,0.157942922,6131.131131,2.73e-12,5770.770771,0.637609748,0.179055242,1.056816061,0.0,0.280822623,1.37,0.03,0.35,SN1994D_1994-03-21_08-24-00_FLWO-1.5m_FAST_CfA-Ia.csv,1.467083215,6.5703435,6.7573915,2
SN1994S,187.84108,29.1345,0.015177,NGC4495,187.845363,29.1364417,1.128,0.035,0.373,0.027,131.98,2.1,0.6,Sab,-20.724,34.248,13.623733101821395,0.842822691618626,0.0707355075745955,NV,78.78062342,0.249377768,4.695396541,0.196217271,6138.538539,2.262055556,5776.776777,0.595989888,0.054295124,1.021847969,0.01,0.091100746,0.94,0.06,1.0,SN_1994S_1994-06-16_00-00-00_Lick-3m_KAST_UCB-SNDB_0.csv,1.969612406,6.5048966,5.816695,2
SN1996ai,197.74221,37.05983,0.0029,NGC5005,197.73447,37.058994,1.683,0.025,0.5,0.028,69.87,4.0,0.2,SABb,-21.959,31.66,14.577941000589473,0.1846925166727236,0.0109437196252273,NV,81.51183822,0.902755877,17.32000897,0.980550179,6133.333333,2.89426072,5758.758759,0.528285075,0.09719863,1.046420142,0.01,0.183988976,0.88,0.06,-0.1,SN_1996ai_1996-06-21_00-00-00_Lick-3m_KAST_UCB-SNDB_0.csv,1.992703557,4.940363,5.484154,1
SN1996C,207.7025,49.31864,0.027,PGC049153,207.703404,49.3151063,0.899,0.064,0.257,0.028,177.4,4.4,3.0,SABb,-20.66,35.695,15.728819312553483,0.5511764795183213,0.0875143441928091,NV,82.98540255,0.632459944,10.4679855,0.515764011,6136.936937,2.153121896,5782.782783,0.594193022,0.113131315,1.029408638,0.01,0.19039489,0.93,0.06,1.98,1996C_1996-02-17_11-31-12_FLWO-1.5m_FAST_CfA-Ia.csv,1.430808802,5.6852956,6.263261,1
SN1996X,199.50471,-26.84592,0.008876,NGC5061,199.521255,-26.8371305,1.574,0.027,0.092,0.027,109.74,-4.3,0.9,E,-21.431,32.312,17.34187986363677,0.6303246662257969,0.0404309265529571,NV,94.74195235,0.193463262,18.20978496,0.186605447,6112.178846,1.341324741,5748.748749,0.66142254,0.140934569,1.146283971,0.01,0.213077965,1.26,0.04,0.31,SN1996X_1996-04-18_07-26-24_FLWO-1.5m_FAST_CfA-Ia.csv,1.456511364,5.6002297,7.8817797,1
SN1997bp,191.72396,-11.64256,0.0083,NGC4680,191.728125,-11.6370833,1.135,0.033,0.255,0.04,40.38,0.3,1.5,S0-a,-20.049,32.905,7.703642624414367,0.6033244615975044,0.0476304886841991,HV,171.3447249,0.471766422,9.663791778,0.22901799,6031.564898,1.259123274,5732.732733,0.754942352,0.067632666,1.526837617,0.01,0.089586531,1.08,0.06,-0.23,1997bp_1997-04-10_06-28-48_FLWO-1.5m_FAST_CfA-Ia.csv,1.457344467,5.226597,10.937007,3
SN1997dt,345.01221,15.98081,0.0073,NGC7448,345.0153135,15.9801923,1.317,0.028,0.41,0.026,170.5,5.0,1.2,Sc,-21.96,33.119,12.897220804504592,0.4270640946410833,0.0284408122198078,NV,89.11262014,0.203628495,13.48024823,0.232239821,6122.255589,0.992063313,5772.772773,0.547646274,0.092905913,1.098714765,0.0,0.169645841,1.04,0.15,0.21,1997dt_1997-12-04_02-38-24_FLWO-1.5m_FAST_CfA-Ia.csv,1.488544925,5.591273,6.3665953,1
SN1997Y,191.38083,54.73806,0.0159,NGC4675,191.382879,54.7375711,1.128,0.076,0.499,0.045,91.69,3.0,0.4,SBb,-20.461,34.505,15.09023929655803,0.1667718255119319,0.0318937787932928,NV,110.3465413,0.202914248,26.83603829,0.438640588,6129.72973,1.173066122,5784.784785,0.690430802,0.200400581,1.063431646,0.01,0.290254404,1.15,0.09,0.0,SN_1997Y_1997-02-09_00-00-00_Lick-3m_KAST_UCB-SNDB_0.csv,1.96817008,7.0497384,6.893268,2
SN1998aq,179.10833,55.12744,0.003699,NGC3982,179.1171885,55.1252607,1.275,0.039,0.055,0.03,24.39,3.2,0.6,SABb,-20.191,31.849,6.478823258557715,0.3986817422463051,0.0374586878004902,NV,77.42808654,0.125575861,10.29691438,0.113268928,6132.932933,0.600600601,5770.770771,0.568203617,0.085735969,1.048310309,0.0,0.150889517,1.11,0.04,0.29,SN1998aq_1998-04-27_06-57-36_FLWO-1.5m_FAST_CfA-Ia.csv,1.493879139,5.2797136,5.7941074,1
SN1998bp,268.71129,18.33036,0.0105,NGC6495,268.7113665,18.3267183,1.158,0.083,0.129,0.057,75.0,-4.9,0.4,E,-19.79,33.259,10.50742090416564,0.4035702780549789,0.0849911473148277,NV,119.5652247,0.245989314,52.99106069,0.298467954,6125.725726,1.563613549,5770.770771,0.652270942,0.425217647,1.082333317,0.01,0.651903403,1.79,0.05,0.05,1998bp_1998-05-03_10-48-00_FLWO-1.5m_FAST_CfA-Ia.csv,1.483827164,8.2422285,8.212624,2
SN1998bu,161.69179,11.83531,0.002992,NGC3368,161.6904075,11.8199234,1.917,0.025,0.176,0.038,4.57,2.1,0.7,Sab,-20.218,29.955,11.84939926908162,0.2243953305976952,0.0132962592503026,NV,92.46830865,0.140625454,16.69017603,0.185398617,6127.327327,0.600600601,5768.768769,0.623527692,0.133474998,1.074772648,0.0,0.214064267,1.03,0.02,-0.84,SN1998bu_1998-05-18_03-50-24_FLWO-1.5m_FAST_CfA-Ia.csv,1.494938447,5.861365,6.4921374,1
SN1998co,326.90188,-13.17842,0.0182,NGC7131,326.900388,-13.1827126,1.054,0.047,0.115,0.027,113.75,-2.0,0.5,S0,-19.746,34.388,12.891282503521593,0.6248175814550219,0.0714132340523144,NV,100.1376905,0.458945832,31.31225328,0.384984965,6127.527528,0.800800801,5772.772773,0.604019689,0.215730437,1.073827565,0.0,0.357157955,9.99,9.99,-0.05,1998co_1998-06-23_10-48-00_FLWO-1.5m_FAST_CfA-Ia.csv,1.472609805,7.174083,7.678609,2
SN1998de,12.02867,27.62458,0.0167,NGC0252,12.0061365,27.6241627,1.209,0.066,0.146,0.049,81.66,-1.2,0.7,S0-a,-21.419,34.435,18.99748587756199,1.491874699241294,0.2448554707644446,91bg,156.8872653,0.871264663,61.68310182,0.773196385,6123.990657,1.11865563,5792.792793,0.66656738,0.463054498,1.090524041,0.01,0.694685207,1.88,0.05,-0.29,1998de_1998-08-01_09-50-24_FLWO-1.5m_FAST_CfA-Ia.csv,1.474782436,8.408885,8.379011,2
SN1998dh,348.66796,4.53725,0.0087,NGC7541,348.6827625,4.533989,1.481,0.028,0.48,0.029,101.6,4.7,0.9,SBc,-21.511,32.904,17.080325809371697,0.5996629158762647,0.0399352242429855,NV,121.4726931,0.243391182,24.61882588,0.326540816,6102.435769,1.076043744,5752.752753,0.723709188,0.162773572,1.192278037,0.01,0.224915718,1.17,0.06,-0.54,1998dh_1998-08-04_08-38-24_FLWO-1.5m_FAST_CfA-Ia.csv,1.486478936,6.12591,9.313151,3
SN1998dk,3.634,-0.73636,0.0133,UGC00139,3.632763,-0.7376102,1.195,0.033,0.372,0.033,82.28,5.2,0.8,SABc,-19.757,33.453,11.253720615338423,0.2209818512220594,0.0174457928262612,HV,102.8479918,0.107008807,16.31561085,0.229018772,6091.358025,0.680549818,5724.724725,0.629193627,0.097331126,1.244572661,0.0,0.15469185,1.05,0.1,-0.1,SN_1998dk_1998-08-31_00-00-00_Lick-3m_KAST_UCB-SNDB_0.csv,1.973332996,5.2680078,10.115691,3
SN1998dx,272.79954,49.86131,0.0542,UGC11149,272.79114,49.8644817,1.05,0.041,0.215,0.027,152.51,,,,-21.954,36.906,39.25510337712984,0.816234760953375,0.0808120076821918,NV,110.1487933,1.694170347,34.77395684,1.470302819,6104.971638,3.652701284,5772.772773,0.571004258,0.272631214,1.180306979,0.02,0.47745916,1.32,0.07,-0.78,1998dx_1998-09-15_05-16-48_FLWO-1.5m_FAST_CfA-Ia.csv,1.422321479,5.5157332,7.7093973,1
SN1998ef,15.86196,32.23678,0.0177,UGC00646,15.859836,32.2373374,1.219,0.031,0.415,0.028,103.03,2.5,1.3,SBb,-20.218,34.14,16.699217854256307,0.1384243171671905,0.0102419338809384,HV,123.5404606,0.533275485,11.05246909,0.423874062,6086.886887,1.493695648,5772.772773,0.672010633,0.091786758,1.265679527,0.01,0.136585276,1.27,0.07,1.31,1998ef_1998-10-29_07-26-24_FLWO-1.5m_FAST_CfA-Ia.csv,1.473314795,5.612008,10.113079,3
SN1998eg,339.87608,8.60592,0.0249,UGC12133,339.8837565,8.6126394,1.203,0.035,0.886,0.044,40.22,5.8,0.5,Sc,-21.706,35.308,27.56107353481896,1.130829913615979,0.0949070649326529,NV,96.23137143,0.404475398,19.74085935,0.650610357,6128.995662,0.499387039,5786.786787,0.659895646,0.153334773,1.066896952,0.0,0.232362153,1.14,0.05,-0.85,1998eg_1998-10-24_03-36-00_FLWO-1.5m_FAST_CfA-Ia.csv,1.462970824,6.8611526,6.501602,2
SN1998es,24.32292,5.88064,0.0106,NGC0632,24.322932,5.8772368,0.995,0.052,0.063,0.027,168.09,-1.3,1.7,S0-a,-19.594,32.885,5.580795705306616,0.4159690138684576,0.0529102004119033,91T,54.27984538,0.274480843,5.674260598,0.465750305,6140.14014,1.001001001,5770.770771,0.409597769,0.05422267,1.014287301,0.0,0.132380285,0.85,0.04,-0.48,1998es_1998-11-25_05-16-48_FLWO-1.5m_FAST_CfA-Ia.csv,1.483690134,4.015215,6.069805,1
SN1998V,275.65583,15.70233,0.0174,NGC6627,275.662047,15.6978607,1.03,0.042,0.046,0.024,74.5,3.1,0.5,SBb,-20.945,34.327,13.711852302807785,0.8961078032409107,0.0909901676157562,NV,80.70427703,0.516083415,20.42987843,0.532076874,6129.062396,2.281657791,5786.786787,0.593125471,0.145683446,1.066581924,0.01,0.245619946,0.99,0.06,-0.49,1998V_1998-03-19_12-14-24_FLWO-1.5m_FAST_CfA-Ia.csv,1.473767744,5.4812746,6.2303,1
SN1999ac,241.81254,7.97233,0.0095,NGC6063,241.8041085,7.978973,1.212,0.033,0.283,0.023,157.07,5.8,0.5,Sc,-19.851,33.09,9.993005580506804,0.9981016794631872,0.0787968560457057,91T,85.98211407,0.222621345,15.1245959,0.230689057,6138.271605,1.840922819,5830.830831,0.461606102,0.106591654,1.023108081,0.01,0.230914743,1.23,0.03,-1.47,SN1999ac_1999-03-12_12-43-12_FLWO-1.5m_FAST_CfA-Ia.csv,1.485300944,4.2862496,5.7070765,1
SN1999cc,240.67513,37.35956,0.0314,NGC6038,240.668913,37.3594862,1.082,0.041,0.059,0.026,63.02,5.1,0.7,Sc,-21.654,35.721,24.882621086479222,0.5056523332088312,0.0500625337103531,NV,128.1468295,0.837130601,35.72258048,0.804713953,6113.179847,6.709611139,5740.740741,0.668029409,0.219650195,1.141558553,0.03,0.328803182,1.35,0.06,-0.2,1999cc_1999-05-17_09-36-00_FLWO-1.5m_FAST_CfA-Ia.csv,1.45376314,5.747916,9.417,3
SN1999cl,187.98337,14.42647,0.0078,NGC4501,187.997064,14.4200354,1.937,0.026,0.296,0.037,138.25,3.3,0.6,Sb,-20.614,30.239,14.17412814891771,0.2437960582241356,0.0150411336549907,HV,126.4659642,0.245506043,21.34706719,0.920256067,6099.833166,0.964753573,5776.776777,0.615485678,0.152724389,1.204564124,0.0,0.248136382,1.17,0.06,0.68,1999cl_1999-06-14_04-19-12_FLWO-1.5m_FAST_CfA-Ia.csv,1.487805954,6.055805,9.828198,3
SN1999dq,38.49867,20.97511,0.0141,NGC0976,38.500041,20.9767778,1.188,0.043,0.029,0.057,160.0,4.1,0.6,Sbc,-20.709,33.39,11.794950711810417,0.1717633187327621,0.0178768891635057,91T,53.67371216,0.229519376,18.33861917,0.372983223,6134.134134,1.985248553,5818.818819,0.418503714,0.099127046,1.042639807,0.01,0.236860613,0.86,0.04,0.45,1999dq_1999-09-15_10-48-00_FLWO-1.5m_FAST_CfA-Ia.csv,1.478563557,4.003953,6.021894,1
SN1999ej,20.73908,33.46611,0.0137,NGC0495,20.7340005,33.4703116,1.039,0.043,0.15,0.027,168.77,0.2,0.9,S0-a,-20.968,34.197,11.590338653249926,0.7495976014985974,0.0780170838458781,NV,108.826134,0.264160968,30.65580402,0.313576548,6131.398065,1.844547876,5768.768769,0.643025812,0.266684308,1.055555949,0.01,0.414733441,1.48,0.03,1.1,1999ej_1999-11-02_04-48-00_FLWO-1.5m_FAST_CfA-Ia.csv,1.479146989,7.5147996,7.722215,2
SN1999ek,84.13167,16.63828,0.0175,UGC03329,84.1348755,16.6414167,1.118,0.041,0.402,0.033,9.96,4.1,0.8,Sbc,-21.224,34.1,20.686934327024087,0.6616843484345959,0.0655106143561278,NV,110.7284574,3.869935535,29.50031479,1.122298044,6127.527528,2.334715473,5788.788789,0.678291197,0.257743931,1.073827565,0.01,0.379990087,1.14,0.03,-0.63,1999ek_1999-10-30_11-16-48_FLWO-1.5m_FAST_CfA-Ia.csv,1.473622902,7.3752465,6.546474,2
SN1999gd,129.60254,25.75919,0.0183,NGC2623,129.6002805,25.7545702,1.379,0.114,0.536,0.081,36.46,2.7,1.8,Sb,-21.861,34.926,33.25800074349805,0.312171224795761,0.0937043048210791,NV,104.4372082,1.07186016,26.41188571,1.531871798,6129.596263,1.980757034,5788.788789,0.656138468,0.234849578,1.064061701,0.01,0.357926854,1.18,0.05,1.12,1999gd_1999-12-08_12-28-48_FLWO-1.5m_FAST_CfA-Ia.csv,1.47246519,7.56503,6.52871,2
SN1999gp,37.91313,39.38119,0.0267,UGC01993,37.91682,39.3784191,1.253,0.037,0.693,0.034,140.0,3.2,0.8,Sb,-22.241,35.21,28.359340766573844,0.2968051350970474,0.0263949083660226,91T,44.38947421,0.720276095,3.10294145,0.438014004,6110.577244,1.361099637,5784.784785,0.30557222,0.028890138,1.153844639,0.01,0.094544385,0.87,0.04,0.03,1999gp_2000-01-07_03-07-12_FLWO-1.5m_FAST_CfA-Ia.csv,1.460418139,3.8095813,6.418775,1
SN2000cp,241.36508,17.83022,0.0342,PGC057064,241.363527,17.8310327,0.841,0.058,0.562,0.028,118.42,2.6,4.2,S?,-19.702,36.21,17.486227444892904,0.2920296244256423,0.0417247064472182,NV,82.76626178,1.290355088,17.45453805,1.407825819,6095.295295,3.283527421,5774.774775,0.412456217,0.122227205,1.225986017,0.02,0.296339829,1.09,0.09,-0.56,2000cp_2000-06-24_08-09-36_FLWO-1.5m_FAST_CfA-Ia.csv,1.449827212,4.6763763,6.114186,1
SN2000cx,21.19229,9.50858,0.008076,NGC0524,21.19875,9.5387778,1.527,0.039,0.002,0.042,55.0,-1.2,0.6,S0-a,-21.554,32.565,17.325914323050466,1.1029311297862552,0.1036274012030914,00cx,40.71413339,0.199338374,3.482473106,0.147861425,6110.243577,1.7668605,5740.740741,0.348387166,0.04147329,1.155419779,0.01,0.119043679,0.99,0.02,0.43,SN2000cx_2000-07-27_10-19-12_FLWO-1.5m_FAST_CfA-Ia.csv,1.487399068,3.7640653,6.3577337,1
SN2000dg,1.55754,8.88819,0.0385,PGC000465,1.559184,8.8876207,0.96,0.048,0.334,0.028,91.0,4.2,2.5,Sbc,-21.559,36.172,24.10438883206241,0.2641989823402618,0.0308751511366021,NV,70.48922115,0.60289928,22.85761917,0.64966139,6122.188856,4.730075448,5764.764765,0.48414587,0.149178128,1.099029793,0.02,0.308126408,9.99,9.99,0.17,2000dg_2000-09-03_08-52-48_FLWO-1.5m_FAST_CfA-Ia.csv,1.443824076,4.8033023,5.7082963,1
SN2000dk,16.848,32.40644,0.0175,NGC0382,16.8489555,32.4037793,0.382,0.247,0.027,0.054,0.0,-4.8,0.6,E,-20.15,34.25,2.765006278306939,1.392133587441342,1.0664269794275776,NV,123.7490087,0.141215564,38.37931963,0.17580881,6124.190858,0.998774077,5770.770771,0.7143316,0.323699883,1.089578957,0.0,0.453150726,1.62,0.05,0.4,SN_2000dk_2000-09-26_00-00-00_Lick-3m_KAST_UCB-SNDB_0.csv,1.965164313,7.6428013,8.138537,2
SN2000dm,274.74571,16.24817,0.0149,UGC11198,274.746654,16.2494966,1.103,0.042,0.615,0.029,49.8,2.0,0.3,Sab,-20.51,34.026,13.240248241406452,0.2222615073426699,0.0225682799932088,NV,107.40151,0.38018089,28.58358674,0.346324598,6120.186854,1.124611248,5764.764765,0.677342139,0.221289547,1.108480629,0.01,0.326702761,1.46,0.04,-2.0,SN_2000dm_2000-09-26_00-00-00_Lick-3m_KAST_UCB-SNDB_0.csv,1.96983023,6.78559,7.3162966,4
SN2000dn,346.27442,-3.20028,0.0321,IC1468,346.2815835,-3.2045556,1.026,0.049,0.34,0.028,171.23,-0.6,1.5,S0-a,-21.111,36.012,24.894082533873124,1.6966790325845695,0.2026477525749947,NV,107.5497869,0.574769517,20.87237282,0.675821143,6134.801468,4.20208515,5790.790791,0.651229594,0.141115478,1.039489529,0.02,0.216690825,1.04,0.04,-0.95,2000dn_2000-10-06_06-00-00_FLWO-1.5m_FAST_CfA-Ia.csv,1.45277738,7.044065,6.4984646,2
SN2000fa,108.8745,23.42844,0.0213,UGC03770,108.8735475,23.4261556,0.946,0.05,0.48,0.028,33.94,9.8,1.0,IAB,-20.76,34.936,12.70270241466439,0.3948234683098481,0.0481757493253079,NV,96.85711281,0.965069156,13.20268883,0.782915374,6114.514515,0.917432572,5766.766767,0.670397655,0.128779853,1.135257996,0.0,0.192094725,1.0,0.06,0.36,2000fa_2000-12-15_08-38-24_FLWO-1.5m_FAST_CfA-Ia.csv,1.468145967,5.541125,8.112057,1
SN2001ay,216.57083,26.24883,0.0302,IC4423,216.573741,26.2461703,1.008,0.044,0.25,0.024,71.26,4.2,2.5,Sbc,-21.039,35.939,22.67232845943955,0.7287629777985076,0.0777034663157089,HV,155.6716562,0.536986952,11.8528503,0.423313872,6069.936603,4.125074264,5718.718719,0.701142727,0.100796553,1.345696601,0.02,0.143760391,0.68,0.05,0.34,2001ay_2001-04-26_08-09-36_FLWO-1.5m_FAST_CfA-Ia.csv,1.455456516,5.9120197,10.504822,3
SN2001br,277.60646,34.10361,0.0209,UGC11260,277.605933,34.1027526,0.957,0.053,0.193,0.03,163.0,1.1,0.6,SBa,-20.218,35.179,14.94500705138612,0.1657232382439993,0.0215101992904178,HV,101.9987587,0.589380838,16.69858692,0.561788463,6078.878879,1.302584004,5770.770771,0.534485582,0.131459045,1.303482869,0.01,0.245954333,1.16,0.04,-0.46,2001br_2001-05-21_10-33-36_FLWO-1.5m_FAST_CfA-Ia.csv,1.468715156,5.037164,10.399903,3
SN2001cp,257.76075,5.84078,0.0224,UGC10738,257.774253,5.8521138,1.08,0.044,0.53,0.028,49.22,4.1,0.3,Sbc,-21.28,35.165,20.830328883421867,1.7553214952247391,0.187159019918197,NV,80.96952072,0.473811783,5.171087808,0.646255484,6131.064398,3.850349479,5782.782783,0.590188428,0.077043054,1.057131089,0.02,0.130539757,0.88,0.03,0.6,SN_2001cp_2001-06-29_00-00-00_Lick-3m_KAST_UCB-SNDB_0.csv,1.955630652,6.158229,5.73233,2
SN2001da,358.38658,8.11739,0.0172,NGC7780,358.3839675,8.1180803,0.996,0.097,0.264,0.057,0.1,2.0,0.4,SABa,-20.219,34.414,11.336947219582024,0.581489254850076,0.1455229370008047,NV,113.865087,0.444578879,27.82933373,0.429160359,6111.778445,0.943752794,5790.790791,0.663977577,0.223023657,1.148174138,0.0,0.335890344,1.12,0.03,-0.04,2001da_2001-07-16_11-02-24_FLWO-1.5m_FAST_CfA-Ia.csv,1.474057514,6.2223244,9.109529,3
SN2001en,21.34542,34.02514,0.0164,NGC0523,21.336615,34.0249907,1.401,0.064,0.549,0.069,103.7,4.2,2.5,Sbc,-21.945,34.319,26.76061814195632,0.4615181531401394,0.073278632173188,HV,138.3235037,0.420640891,11.04283719,0.317710887,6086.419753,2.496935193,5758.758759,0.717044653,0.079779366,1.267884722,0.01,0.111261364,1.12,0.07,0.39,2001en_2001-10-11_09-21-36_FLWO-1.5m_FAST_CfA-Ia.csv,1.475217732,5.9117684,10.241564,3
SN2001ep,74.25108,-4.76117,0.013,NGC1699,74.2483185,-4.7568652,1.014,0.079,0.147,0.051,165.52,3.1,0.6,Sb,,33.54,7.919470128481544,0.6208029398717712,0.123849753897504,NV,113.0993362,0.255561324,33.0713527,0.325796852,6131.731732,1.563613549,5782.782783,0.695788923,0.226519068,1.05398081,0.01,0.325557164,1.3,0.06,0.43,2001ep_2001-10-18_10-19-12_FLWO-1.5m_FAST_CfA-Ia.csv,1.480169105,7.724523,6.695067,2
SN2001ex,103.99954,55.40083,0.0264,UGC03595,104.0017755,55.4007027,1.072,0.082,0.042,0.06,165.0,3.0,0.4,Sb,-20.537,35.32,20.83032884899141,0.1412902640852436,0.0293620716428042,NV,114.9834554,0.672665237,53.96876155,1.059704907,6152.485819,0.943752794,5770.770771,0.727064323,0.477233952,0.956007148,0.0,0.656384774,1.56,0.12,-2.1,SN_2001ex_2001-10-20_00-00-00_Lick-3m_KAST_UCB-SNDB_0.csv,1.948047291,7.9197507,7.488798,2
SN2001fe,144.48792,25.49481,0.0134,UGC05129,144.491652,25.4947736,1.069,0.049,0.286,0.027,104.3,1.1,0.5,SBa,-19.971,33.81,9.788048794553106,0.3702874945990499,0.0442263546292647,NV,70.70653663,0.221441497,20.35728181,0.322479878,6123.857191,1.50557413,5830.830831,0.574074754,0.063533455,1.091154097,0.01,0.110671049,1.0,0.07,0.31,2001fe_2001-11-16_12-14-24_FLWO-1.5m_FAST_CfA-Ia.csv,1.479584866,5.2242265,6.358712,1
SN2001fh,320.17708,44.39811,0.0123,PGC066592,320.1769995,44.3997222,1.16,0.153,0.42,0.063,160.67,9.0,2.0,Sm,-22.333,33.626,21.62201406581981,0.1652601284421362,0.0697941096047288,NV,96.92624417,1.369391474,38.32189655,1.459789794,6124.190858,0.998774077,5760.760761,0.554679551,0.229484677,1.089578957,0.0,0.413724783,1.51,0.08,-1.7,2001fh_2001-11-09_02-24-00_FLWO-1.5m_FAST_CfA-Ia.csv,1.481192634,4.96957,5.699102,1
SN2001N,159.992,24.09056,0.021,NGC3327,159.991347,24.0912595,1.101,0.04,0.164,0.026,80.67,3.1,0.4,Sb,-21.353,34.976,18.318762263019146,0.1181387470219349,0.0113978132072923,HV,116.1988086,1.040687246,17.3138687,0.867948764,6076.810143,3.217075954,5780.780781,0.422634863,0.162319198,1.313248733,0.02,0.384064856,9.99,9.99,0.66,2001N_2001-01-22_11-02-24_FLWO-1.5m_FAST_CfA-Ia.csv,1.468571306,4.9979906,10.7420025,3
SN2002bf,153.92629,55.66853,0.0244,PGC029953,153.926073,55.6675086,1.014,0.048,0.157,0.029,30.39,3.0,0.6,Sb,-21.133,35.315,17.28606432553387,0.129258061597254,0.0151055168800749,HV,140.2071295,0.502517984,9.27184505,0.358895198,6042.175509,0.992063313,5760.760761,0.63466272,0.079030644,1.476748188,0.0,0.124523848,1.12,0.08,1.82,2002bf_2002-03-06_05-16-48_FLWO-1.5m_FAST_CfA-Ia.csv,1.463697094,5.1592746,10.908515,3
SN2002bo,154.52713,21.82825,0.0043,NGC3190,154.5260505,21.8326815,1.561,0.022,0.475,0.029,123.52,0.9,0.6,Sa,-20.535,31.93,12.638518271365694,0.3276170734897327,0.0170235970350071,HV,145.8480221,0.341500622,17.98587232,0.648318128,6078.144811,1.52759735,5764.764765,0.6956594,0.110272053,1.306948176,0.01,0.15851443,1.08,0.04,-1.83,SN2002bo_2002-03-22_04-04-48_FLWO-1.5m_FAST_CfA-Ia.csv,1.49299144,5.8594766,10.548705,3
SN2002cd,305.89342,58.3465,0.0104,NGC6916,305.8877505,58.3440278,1.216,0.044,0.169,0.039,89.0,4.0,0.3,SBbc,-20.143,33.306,15.772340298383147,0.3412115582701773,0.0363812674796823,HV,121.2685848,0.854157429,8.725620946,0.717024048,6043.977311,0.998774077,5712.712713,0.67952852,0.089309271,1.468242436,0.0,0.13142829,0.84,0.05,0.28,2002cd_2002-04-19_11-31-12_FLWO-1.5m_FAST_CfA-Ia.csv,1.483974945,5.231805,10.933419,3
SN2002cf,193.63042,-6.85689,0.0154,NGC4786,193.6350045,-6.8594493,1.3,0.031,0.119,0.022,169.47,-4.3,0.5,E,-21.624,34.107,20.09537591950192,0.3755315784493446,0.027785360805047,91bg,123.5650961,0.303104749,59.23982461,0.357356223,6132.599266,0.885318596,5772.772773,0.66494822,0.466458,1.049885448,0.0,0.701495223,1.78,0.11,-0.8,SN_2002cf_2002-04-20_00-00-00_Lick-3m_KAST_UCB-SNDB_0.csv,1.968918541,8.537673,8.085695,2
SN2002ck,236.75312,-0.99042,0.0298,UGC10030,236.75175,-0.9851433,1.116,0.035,0.271,0.022,168.99,2.3,0.6,Sab,-21.214,35.475,25.275288852145497,0.5032154051376371,0.0422333160411314,NV,68.61389237,0.678363468,11.53361435,0.620724632,6140.540541,0.917432572,5794.794795,0.602670662,0.103036611,1.012397134,0.0,0.170966694,1.08,0.09,0.34,2002ck_2002-05-03_08-09-36_FLWO-1.5m_FAST_CfA-Ia.csv,1.456021852,5.184553,6.023188,1
SN2002cr,211.65662,-5.43942,0.0094,NGC5468,211.6454295,-5.4529933,1.36,0.025,0.029,0.024,155.0,6.0,0.3,SABc,-20.636,33.403,16.30407401790533,0.971750426056006,0.0575798326864358,NV,104.4940706,0.198812822,19.78085439,0.230205382,6146.546547,1.173066122,5778.778779,0.660259877,0.182156291,0.984044627,0.01,0.27588575,1.19,0.06,0.68,2002cr_2002-05-15_06-43-12_FLWO-1.5m_FAST_CfA-Ia.csv,1.48544832,7.4318666,6.395868,2
SN2002cx,198.45717,6.95886,0.024,PGC045981,198.4552005,6.9626618,0.85,0.066,0.25,0.028,146.75,5.1,2.6,Sc,-21.007,36.075,17.0096792054202,0.7332448721487302,0.1203445694513743,Iax,34.45983691,1.875494317,23.3920137,1.382924266,6238.238238,10.19187477,5810.810811,0.201631241,0.195609118,0.551196358,0.05,0.970132985,1.51,0.09,-1.52,2002cx_2002-05-20_04-19-12_FLWO-1.5m_FAST_CfA-Ia.csv,1.464268851,2.6912184,5.4291778,0
SN2002de,244.12658,35.70839,0.028,NGC6104,244.1278095,35.7081034,0.942,0.05,0.102,0.025,62.03,3.0,2.4,SBb,-21.774,35.723,17.91827195960595,0.1617408574040508,0.0197353694179165,NV,86.53380427,0.810808673,16.95622457,1.268627052,6112.045379,0.998774077,5754.754755,0.601836562,0.158906538,1.146914027,0.0,0.264036032,0.96,0.04,-0.13,SN_2002de_2002-06-08_08-58-33_Lick-3m_KAST_UCB-SNDB_0.csv,1.944759798,5.0886045,7.0523562,1
SN2002es,50.94679,40.56486,0.018,UGC02708,50.9535225,40.5577986,1.033,0.049,0.029,0.026,0.0,-2.0,0.4,S0,-19.951,34.448,14.835292955598842,0.9932937981824644,0.1186369089159612,91bg,74.76149901,0.392450314,41.06116902,0.372560896,6227.09376,2.365037724,5854.854855,0.437480805,0.27629978,0.603806009,0.01,0.631570065,9.99,9.99,1.7,SN_2002es_2002-09-03_00-00-00_Lick-3m_KAST_UCB-SNDB_0.csv,1.963516084,2.839915,5.735663,0
SN2002fb,29.45375,36.34064,0.0156,NGC0759,29.4601455,36.3429959,1.05,0.046,0.024,0.027,10.0,-4.8,0.4,E,-20.782,34.163,12.743717238042311,0.6293826660759619,0.0703220124017602,91bg,108.2052643,1.000359588,44.38652516,0.932064116,6132.599266,1.361099637,5776.776777,0.640986965,0.29692931,1.049885448,0.01,0.463237673,1.77,0.11,0.34,2002fb_2002-09-12_10-33-36_FLWO-1.5m_FAST_CfA-Ia.csv,1.476379778,8.405975,8.078745,2
SN2002fk,50.52379,-15.40089,0.0075,NGC1309,50.5273125,-15.4000556,1.373,0.032,0.029,0.032,175.0,3.9,0.6,Sbc,-20.949,32.678,12.198210957296524,0.1897765990032819,0.0145113081847294,NV,76.55732313,0.1330203,16.5194844,0.347372265,6147.213881,0.359370357,5848.848849,0.556614413,0.113844768,0.980894348,0.0,0.204530759,1.13,0.03,-1.46,2002fk_2002-09-29_10-33-36_FLWO-1.5m_FAST_CfA-Ia.csv,1.488249432,4.610773,5.7103095,1
SN2002ha,311.82742,0.31267,0.0144,NGC6962,311.829471,0.3208274,1.435,0.024,0.131,0.022,68.97,1.7,0.6,SABa,-21.284,33.65,23.15773865707299,0.4620932653551074,0.0262549883618833,NV,109.6242668,0.159701881,27.61694323,0.268343552,6120.32032,1.760548009,5764.764765,0.653101648,0.228832299,1.107850573,0.01,0.35037777,1.22,0.04,-1.0,SN_2002ha_2002-11-02_00-00-00_Lick-3m_KAST_UCB-SNDB_0.csv,1.97174913,6.6953297,7.431949,4
SN2002hd,133.51413,-7.18931,0.035,PGC024988,133.519584,-7.18325,1.076,0.047,0.182,0.024,55.93,-2.3,0.9,S0,-20.393,35.75,25.21715722210496,0.8499589176069584,0.0971456580600189,NV,111.7938673,0.78871274,26.24794167,0.945169462,6126.326326,6.301272811,5746.746747,0.680790365,0.256916198,1.079498066,0.03,0.377379309,1.16,0.11,0.52,2002hd_2002-10-29_12-28-48_FLWO-1.5m_FAST_CfA-Ia.csv,1.448706573,7.487657,8.479268,2
SN2002he,124.99513,62.82033,0.0246,UGC04322,125.007333,62.8305,1.155,0.037,0.171,0.024,51.82,-4.9,0.4,E,-20.529,35.17,23.53402055289488,1.0598596913127354,0.0942534212687852,HV,121.9279487,0.148577359,21.80973471,0.196176084,6094.027361,0.998774077,5752.752753,0.702856922,0.184748136,1.231971547,0.0,0.262853121,1.44,0.06,0.0,SN_2002he_2002-11-08_00-00-00_Keck1_LRIS_UCB-SNDB_0.csv,1.951443228,5.4749155,9.961926,3
SN2002hu,34.58358,37.46633,0.0374,PGC008796,34.576416,37.46425,0.802,0.065,0.104,0.03,82.5,4.8,3.0,Sc,-20.442,36.01,15.159892540674614,1.1628583416116671,0.1877418673458832,91T,75.11487935,1.06146375,10.92763688,1.000206665,6155.488822,3.939532104,5780.780781,0.506552021,0.111787379,0.941830895,0.02,0.220682919,1.05,0.03,-0.75,2002hu_2002-11-13_06-00-00_FLWO-1.5m_FAST_CfA-Ia.csv,1.445355025,4.451131,5.800788,1
SN2002jy,20.31779,40.49869,0.0196,NGC0477,20.334816,40.4882148,1.191,0.048,0.45,0.028,135.46,5.0,0.4,Sc,-21.921,34.82,20.974717927770914,1.343145226640271,0.1569643134261401,NV,87.38904068,0.665759365,2.022306143,0.521262853,6128.995662,1.709209006,5782.782783,0.601650059,0.063256355,1.066896952,0.01,0.105138118,0.88,0.06,0.12,2002jy_2002-12-26_02-52-48_FLWO-1.5m_FAST_CfA-Ia.csv,1.470587782,5.4801493,6.6304893,1
SN2003cg,153.56654,3.46736,0.004113,NGC3169,153.561621,3.4664709,1.637,0.038,0.214,0.052,48.65,1.2,0.5,Sa,-20.621,31.518,12.80254114245451,0.1661882094741693,0.0151963057881344,NV,94.899638,1.03492275,19.42705827,1.613037513,6120.053387,1.612685482,5770.770771,0.636259606,0.16573687,1.109110684,0.01,0.260486236,1.26,0.05,0.21,SN2003cg_2003-03-31_05-02-24_FLWO-1.5m_FAST_CfA-Ia.csv,1.493269486,5.8599024,6.436613,1
SN2003ch,109.49133,9.69303,0.025,UGC03787,109.489875,9.6893889,0.936,0.068,0.21,0.028,180.0,-3.0,0.5,E-S0,-20.669,35.796,19.44894840341647,0.6008022568658432,0.1018356166621244,NV,104.8978165,1.292811484,22.57873361,1.224154392,6124.524525,10.26241666,5784.784785,0.604480416,0.153211038,1.088003818,0.05,0.253459061,1.22,0.07,-0.17,2003ch_2003-03-27_03-07-12_FLWO-1.5m_FAST_CfA-Ia.csv,1.462840296,7.1129847,6.4818363,2
SN2003cq,179.05904,60.52197,0.0333,NGC3978,179.042988,60.5225796,1.198,0.055,0.034,0.04,45.1,3.8,0.6,SABb,-22.821,35.954,36.18229660243893,0.6312924904023416,0.0852313140570271,NV,129.4656398,1.601014777,26.61350224,1.500995853,6124.858192,1.984126626,5766.766767,0.655448929,0.251063002,1.086428679,0.01,0.383039762,1.2,0.06,0.22,2003cq_2003-04-10_05-16-48_FLWO-1.5m_FAST_CfA-Ia.csv,1.451090006,6.0698466,9.239776,3
SN2003du,218.64917,59.33439,0.006408,UGC09391,218.6541345,59.3382333,0.98,0.05,0.097,0.035,29.75,8.1,0.5,Sd,-18.35,33.001,5.532177733495309,0.578958796505818,0.070643657454165,NV,83.13464456,1.203586031,9.679987484,0.139889219,6135.001668,0.499387039,5770.770771,0.575520733,0.086134314,1.038544445,0.0,0.149663268,1.07,0.06,-0.7,SN2003du_2003-05-05_07-12-00_FLWO-1.5m_FAST_CfA-Ia.csv,1.489864253,5.5863757,6.235121,1
SN2003gq,343.33617,32.13267,0.0214,NGC7407,343.3380495,32.1291027,1.224,0.048,0.325,0.035,154.07,4.7,0.9,Sc,-21.716,34.95,24.64314490469377,0.2803859979964095,0.0327668183580543,Iax,37.95826395,0.0,49.70457094,1.31070259,6236.236236,1.001001001,5762.762763,0.242291933,0.203421112,0.560647193,0.0,0.839570305,1.69,0.19,-0.61,SN2003gq_2003-07-27_07-03-22_Lick-3m_KAST_UCB-SNDB.csv,1.957545309,2.7945,5.533682,0
SN2003it,1.45196,27.45267,0.0251,UGC00040,1.4516985,27.449222,1.029,0.087,0.207,0.048,97.55,3.3,1.3,SBb,-20.637,35.02,16.432215634051246,0.6239840779998476,0.1383994564486569,NV,100.3575234,0.459894352,19.33319704,0.446160395,6112.979646,0.499387039,5750.750751,0.631421611,0.183514099,1.142503637,0.0,0.290636393,1.36,0.09,-0.24,2003it_2003-10-22_06-14-24_FLWO-1.5m_FAST_CfA-Ia.csv,1.462697593,5.4500537,8.016751,1
SN2003iv,42.53021,12.84625,0.0343,PGC010738,42.5368335,12.8436667,0.868,0.075,0.09,0.026,15.5,-5.0,2.0,E,-21.053,36.103,21.993589965247413,1.3886919961047963,0.2617715344897133,NV,108.8844054,1.099899552,32.38400968,1.080153854,6125.592259,0.846751921,5762.762763,0.718088405,0.23757384,1.082963372,0.0,0.33084205,1.65,0.07,0.38,2003iv_2003-10-22_09-07-12_FLWO-1.5m_FAST_CfA-Ia.csv,1.449687038,7.3054585,7.887158,2
SN2003W,146.70617,16.04378,0.0201,UGC05234,146.706375,16.0428333,1.106,0.045,0.167,0.026,111.0,5.4,1.1,Sc,-20.683,34.981,18.96252327426708,0.1226012069084304,0.0133849641151752,HV,104.7153637,0.713001021,8.578709263,0.495699131,6078.745412,2.483522732,5792.792793,0.420599221,0.04111394,1.304112925,0.01,0.09775087,1.14,0.04,0.35,2003W_2003-02-10_08-24-00_FLWO-1.5m_FAST_CfA-Ia.csv,1.469866977,4.9709377,10.749074,3
SN2004at,164.68825,59.48667,0.0223,PGC033043,164.698701,59.486759,0.594,0.261,0.38,0.062,84.01,3.6,2.2,Sbc,-20.223,35.187,6.082696141297121,1.6513751787265456,1.3605609126701248,NV,92.15596605,0.294259815,10.50082518,0.298511295,6134.267601,1.912118623,5772.772773,0.61290181,0.116856894,1.042009752,0.01,0.190661689,1.05,0.03,0.2,2004at_2004-03-28_04-48-00_FLWO-1.5m_FAST_CfA-Ia.csv,1.466703808,6.3418736,6.380037,2
SN2004ef,340.54175,19.99456,0.030985,UGC12158,340.5437085,19.997,1.014,0.046,0.041,0.026,105.0,3.1,0.4,Sb,-20.6,35.475,19.619869986224305,0.3855260600180473,0.0430754925978828,HV,131.0974199,0.633933762,30.24080012,0.650979451,6102.102102,1.985248553,5740.740741,0.660489102,0.25193306,1.193853177,0.01,0.38143409,1.39,0.04,0.34,SN2004ef_2004-09-16_08-09-36_FLWO-1.5m_FAST_CfA-Ia.csv,1.425288518,5.9409084,9.578595,3
SN2004fu,308.79808,64.80714,0.0092,NGC6949,308.778834,64.8027778,1.117,0.038,0.097,0.029,94.5,5.0,1.4,Sc,-19.673,32.737,9.574059721378909,0.9174854706801834,0.0838951801258418,HV,135.5455707,0.241479799,20.47463201,0.258924735,6103.370037,0.680549818,5744.744745,0.709108527,0.163688907,1.187867647,0.0,0.230837595,1.08,0.07,2.4,SN_2004fu_2004-11-19_00-00-00_Lick-3m_KAST_UCB-SNDB_0.csv,1.981196235,5.9691906,9.825078,3
SN2004gs,129.59658,17.62772,0.0266,PGC024286,129.599403,17.6313588,0.816,0.064,0.074,0.028,41.58,-3.6,1.5,E,-20.567,35.524,12.545735379303814,0.8308715087501028,0.1319235814639618,NV,140.9539178,0.743037511,49.6463945,0.849879199,6125.658992,18.25326233,5766.766767,0.692064094,0.363017447,1.082648345,0.09,0.524543102,1.41,0.11,-0.31,2004gs_2004-12-16_11-45-36_FLWO-1.5m_FAST_CfA-Ia.csv,1.431375068,7.734346,8.450431,2
SN2005am,139.05196,-16.30444,0.008386,NGC2811,139.046301,-16.3126793,1.476,0.04,0.471,0.03,20.86,1.1,0.4,SBa,-20.975,32.575,14.344854559213749,0.4623682858564085,0.0446084581732429,NV,131.3962336,0.304203422,32.5627186,0.431744545,6101.768435,2.984408378,5750.750751,0.680957579,0.272455725,1.195428316,0.01,0.400106752,1.3,0.05,0.25,SN2005am_2005-03-08_06-00-00_FLWO-1.5m_FAST_CfA-Ia.csv,1.457229524,5.785311,9.392348,3
SN2005bc,219.31271,38.45642,0.0121,NGC5698,219.3112425,38.4542446,1.239,0.034,0.371,0.028,61.09,3.1,0.4,Sb,-20.611,34.019,15.649343750857412,0.261516711989575,0.0212963391877559,NV,115.9454474,0.1848863,40.4134064,0.238937886,6129.129129,2.73e-12,5770.770771,0.690491089,0.312671471,1.066266896,0.0,0.452824774,1.32,0.05,1.97,SN_2005bc_2005-04-11_11-22-33_Lick-3m_KAST_UCB-SNDB_0.csv,1.975200277,7.65616,8.025508,2
SN2005bo,192.42096,-11.09647,0.0137,NGC4708,192.4228335,-11.0930556,1.097,0.039,0.14,0.026,30.37,2.1,0.8,SABa,-20.534,34.033,12.00317468754088,0.3724215937429166,0.0349913796693463,NV,101.5394144,0.34966645,32.40114429,0.428110571,6119.51952,3.244643518,5756.756757,0.667613962,0.221835158,1.111630907,0.02,0.332280585,1.28,0.03,-0.09,2005bo_2005-04-18_05-02-24_FLWO-1.5m_FAST_CfA-Ia.csv,1.449590461,7.3479085,6.7383304,2
SN2005el,77.953,5.19428,0.0148,NGC1819,77.94225,5.2006111,1.186,0.036,0.165,0.025,117.25,-2.0,0.4,S0,-20.794,33.895,15.02090607763557,0.9744588438096018,0.0842182132654095,NV,91.03061477,0.211493878,19.70277968,0.276433914,6131.865199,0.964753573,5778.778779,0.610186437,0.170495165,1.053350754,0.0,0.279414872,1.27,0.05,1.13,SN_2005el_2005-10-04_12-48-57_Lick-3m_KAST_UCB-SNDB_0.csv,1.970069471,6.6020374,5.950682,2
SN2005eq,47.20546,-7.03325,0.029,PGC011767,47.201403,-7.0405944,1.22,0.04,0.52,0.028,9.59,1.4,4.0,S?,-21.518,35.466,30.612311955980413,0.8716769381082007,0.0840978186082938,91T,48.30529398,0.215473813,10.86367275,0.273310203,6154.954955,0.600600601,5766.766767,0.412144938,0.070749948,0.944351117,0.0,0.171662786,0.88,0.05,0.38,SN_2005eq_2005-10-11_09-01-26_Lick-3m_KAST_UCB-SNDB_0.csv,1.943131112,4.2617273,5.92781,1
SN2005hk,6.96196,-1.19792,0.012936,UGC00272,6.957228,-1.1999464,1.128,0.029,0.435,0.023,126.43,6.5,0.8,SABc,-19.383,33.725,10.658500916160682,1.1050745006424432,0.0763107861739026,Iax,56.27514373,1.49247115,21.90863214,1.385955905,6208.942276,1.124611248,5776.776777,0.272338353,0.149682925,0.689493585,0.01,0.549621171,1.56,0.09,-0.78,SN2005hk_2005-11-09_05-16-48_FLWO-1.5m_FAST_CfA-Ia.csv,1.450683805,2.7778533,5.5224295,0
SN2005ki,160.11758,9.20233,0.0196,NGC3332,160.1181735,9.1825121,1.138,0.042,0.08,0.027,145.38,-2.7,1.0,E-S0,-21.173,34.538,16.683844281522802,1.841947294592433,0.1870300565045931,NV,101.8198298,0.528325737,19.91769784,0.540617288,6123.923924,0.980776674,5772.772773,0.666324596,0.193269506,1.090839069,0.0,0.290053087,1.41,0.07,1.02,2005ki_2005-12-02_12-28-48_FLWO-1.5m_FAST_CfA-Ia.csv,1.441202286,6.5277534,8.058714,4
SN2005M,144.38483,23.20075,0.022,NGC2930,144.386214,23.2033074,0.697,0.077,0.363,0.036,142.26,4.4,2.7,Sbc,-20.987,35.13,7.650611030624018,1.4610843111602672,0.2834329759844682,91T,52.11914912,0.530516334,9.309027422,0.451013967,6183.71705,2.682649482,5814.814815,0.344665831,0.108713879,0.808574113,0.01,0.315418209,0.87,0.06,-0.74,2005M_2005-02-04_06-14-24_FLWO-1.5m_FAST_CfA-Ia.csv,1.43781705,3.7433422,6.1738544,1
SN2005na,105.40258,14.13325,0.0263,UGC03634,105.403479,14.135238,1.045,0.044,0.273,0.035,130.78,1.0,0.4,SBa,-20.327,35.153,18.167540026277305,0.4265019198465335,0.0454752485677767,NV,79.44461126,0.520113041,27.69052273,0.954968859,6136.936937,6.188960723,5890.890891,0.548908243,0.165170368,1.029408638,0.03,0.300907064,1.09,0.06,0.36,SN_2005na_2006-01-06_08-39-50_Lick-3m_KAST_UCB-SNDB_0.csv,1.948168044,5.0618253,5.4903226,1
SN2006ax,171.01442,-12.29144,0.0167,NGC3663,170.999625,-12.2963949,1.297,0.029,0.143,0.023,84.67,3.9,0.5,Sbc,-21.649,34.332,21.93290383332829,0.9489323035573588,0.0655284056126318,NV,94.28577799,0.250544131,10.0214439,0.228177092,6143.743744,1.053035291,5798.798799,0.601266518,0.120588597,0.997275797,0.0,0.200557645,1.06,0.03,0.3,2006ax_2006-04-02_07-12-00_FLWO-1.5m_FAST_CfA-Ia.csv,1.44531231,6.914708,6.2930326,2
SN2006az,183.06117,56.17939,0.0311,NGC4172,183.06207,56.177535,1.09,0.069,0.025,0.051,160.0,2.0,2.0,Sab,-21.603,35.68,24.699952965640527,0.1875006552570395,0.0322867438724998,NV,75.92397978,0.620328185,24.08529185,0.854805621,6128.128128,3.133628797,5796.796797,0.53813758,0.16984991,1.070992314,0.01,0.315625438,1.29,0.03,-1.03,2006az_2006-03-31_08-52-48_FLWO-1.5m_FAST_CfA-Ia.csv,1.425127759,4.603841,5.6659746,1
SN2006br,202.5075,13.41578,0.0245,NGC5185,202.509465,13.4160473,1.302,0.04,0.434,0.046,57.58,3.0,0.4,SBb,-21.549,35.254,32.24750609092161,0.1671778502443429,0.0161290174266697,HV,109.7085745,1.512526571,18.9779052,0.940401818,6082.148815,2.464622664,5776.776777,0.453060119,0.150848563,1.288046504,0.01,0.332954847,1.12,0.09,0.23,2006br_2006-04-27_07-55-12_FLWO-1.5m_FAST_CfA-Ia.csv,1.43430867,5.0254726,10.573165,3
SN2006bt,239.12721,20.046,0.0322,PGC056443,239.1402525,20.0524037,1.028,0.067,0.078,0.044,30.24,-0.2,1.0,S0-a,-21.434,35.812,23.33974599182226,1.6478969550414972,0.2748850600263982,NV,128.9313334,0.585907302,42.51003037,0.598893394,6118.451785,2.089085865,5768.768769,0.642419146,0.304350143,1.116671353,0.01,0.473756339,1.0,0.06,0.33,2006bt_2006-05-03_07-55-12_FLWO-1.5m_FAST_CfA-Ia.csv,1.423609021,7.6549926,8.121778,2
SN2006cf,163.51075,46.02675,0.0416,UGC06015,163.5100095,46.0280089,0.902,0.052,0.1,0.024,171.41,5.8,0.6,SABc,-21.786,36.424,22.46446724242467,0.2077810854500893,0.0264292255106377,NV,60.88029757,1.440824265,16.97141376,1.372776807,6135.669002,0.885318596,5904.904905,0.386576081,0.084092719,1.035394167,0.0,0.217532133,9.99,9.99,0.16,2006cf_2006-05-20_03-50-24_FLWO-1.5m_FAST_CfA-Ia.csv,1.410761551,3.67546,6.1683583,1
SN2006cq,201.10458,30.95631,0.0483,IC4239,201.1060335,30.9593108,0.945,0.05,0.143,0.029,132.29,0.0,1.1,S0-a,-22.038,36.889,30.654633201111142,0.5979960641008004,0.0729665554202375,NV,93.2450566,0.574446645,18.75502761,0.761668529,6146.61328,1.54498991,5786.786787,0.662635838,0.151367809,0.983729599,0.01,0.228432874,9.99,9.99,1.51,SN_2006cq_2006-06-05_07-22-04_Lick-3m_KAST_UCB-SNDB_0.csv,1.907254759,6.536585,5.879888,2
SN2006cs,206.39121,35.61017,0.0234,PGC048783,206.3958135,35.6111817,1.111,0.041,0.242,0.028,34.05,-2.0,1.4,S0,-20.499,35.113,19.646994636043125,0.493399584905138,0.0488494400791905,91bg,102.3700928,0.452280586,44.35577841,0.563841721,6126.126126,3.962076105,5780.780781,0.624947478,0.337268921,1.08044315,0.02,0.539675626,9.99,9.99,2.34,SN_2006cs_2006-06-05_08-02-24_Lick-3m_KAST_UCB-SNDB_0.csv,1.953199685,8.5392475,7.8336215,2
SN2006cz,222.15275,-4.74186,0.0418,PGC052882,222.1526265,-4.7361504,1.039,0.059,0.148,0.027,6.83,5.9,0.6,Sc,-21.501,36.159,28.93984000075128,0.6324464288834929,0.0920291401735617,91T,55.61067045,0.518200726,3.512567884,0.461834971,6104.304304,1.682952314,5800.800801,0.411272405,-1.57e-15,1.183457257,0.01,-3.83e-15,9.99,9.99,-1.03,SN_2006cz_2006-06-20_06-23-02_Lick-3m_KAST_UCB-SNDB_0.csv,1.919224976,4.18506,6.686676,1
SN2006D,193.14142,-9.77522,0.0086,PGC043690,193.144368,-9.7765831,1.121,0.036,0.221,0.023,113.54,2.1,0.7,SABa,-19.421,33.083,8.133849401044479,0.2916479368187288,0.0252058548161891,NV,101.8819669,0.078898121,31.58569691,0.114505167,6132.999666,0.499387039,5768.768769,0.655251068,0.242297274,1.047995281,0.0,0.369777763,1.35,0.05,2.44,SN_2006D_2006-01-24_10-26-24_Lick-3m_KAST_UCB-SNDB_0.csv,1.982539637,7.425634,7.1603355,2
SN2006gj,49.39917,-1.69172,0.0283,UGC02650,49.393626,-1.695121,1.038,0.041,0.688,0.027,64.17,2.0,0.3,Sab,-21.175,35.544,20.677409337799894,0.7912991560154088,0.0783432371835509,NV,121.7133216,1.03905761,49.78012983,1.058878081,6116.049383,2.23731126,5768.768769,0.663475976,0.372306829,1.128012355,0.01,0.561145907,1.48,0.05,-0.67,2006gj_2006-09-20_10-19-12_FLWO-1.5m_FAST_CfA-Ia.csv,1.429010296,7.7427135,7.8929834,2
SN2006gr,338.09446,30.82869,0.0346,UGC12071,338.1019515,30.8355522,1.023,0.044,0.34,0.028,26.01,3.1,0.5,SBb,-21.959,36.073,26.38129591085801,1.234036933515949,0.1315776874196664,NV,83.83583523,1.846991075,26.55365114,1.548986994,6109.376043,1.43748143,5822.822823,0.500644465,0.113598722,1.159515141,0.01,0.22690498,0.81,0.07,-1.74,2006gr_2006-10-03_06-14-24_FLWO-1.5m_FAST_CfA-Ia.csv,1.420308808,4.201328,6.7654448,-1
SN2006kf,55.46033,8.15694,0.0213,UGC02829,55.4619285,8.1598267,1.027,0.079,0.526,0.057,163.0,-2.0,0.4,S0,-20.942,34.734,17.15916407617363,0.9292884302313418,0.1853923942559327,NV,117.4556799,0.192786681,32.71475513,0.245195553,6113.113113,2.73e-12,5762.762763,0.668994993,0.297272463,1.141873581,0.0,0.444356783,1.55,0.03,-2.32,SN_2006kf_2006-10-30_09-14-24_Lick-3m_KAST_UCB-SNDB_0.csv,1.957742515,6.654023,7.6729403,4
SN2006N,92.13017,64.72364,0.0143,PGC018467,92.126625,64.72375,1.06,0.181,0.208,0.081,60.0,-5.0,2.0,E,-19.924,34.04,12.294082604542451,0.1946722266818872,0.100655346339997,NV,89.73453142,0.416856337,19.83074653,0.470214128,6126.79346,2.483522732,5764.764765,0.536019557,0.156681132,1.077292871,0.01,0.292304879,1.5,0.03,0.32,2006N_2006-01-26_07-40-48_FLWO-1.5m_FAST_CfA-Ia.csv,1.448726186,5.5052843,7.035336,1
SN2006ot,33.77017,-20.76617,0.0529,ESO544-031,33.769194,-20.7677367,0.981,0.04,0.306,0.027,6.24,1.4,1.3,Sa,-21.891,36.713,30.289780369509945,0.2793931167558348,0.0269553439194251,HV,165.7322559,1.802414517,31.32549116,1.456223196,6037.370704,2.58887751,5728.728729,0.615820218,0.14450011,1.499430193,0.01,0.234646583,0.84,0.05,-0.47,2006ot_2006-11-24_05-31-12_FLWO-1.5m_FAST_CfA-Ia.csv,1.39562284,5.5026994,10.63858,3
SN2006S,191.41292,35.08678,0.0321,UGC07934,191.4110535,35.0838147,1.032,0.087,0.314,0.07,84.61,1.5,3.5,Sab,-21.068,35.923,23.620882811893846,0.6756492610719699,0.1498587764964095,NV,62.73158055,0.475412807,6.290199833,0.286508337,6128.795462,0.746102095,5766.766767,0.522483552,0.047417207,1.067842036,0.0,0.090753492,0.93,0.04,0.47,2006S_2006-02-04_11-16-48_FLWO-1.5m_FAST_CfA-Ia.csv,1.423746955,4.8231626,6.761034,1
SN2006sr,0.89592,23.19617,0.0244,UGC00014,0.8958735,23.2007729,1.018,0.034,0.268,0.022,25.38,5.6,0.9,Sc,-21.825,35.03,16.39442258485121,0.6414533876676805,0.0522360839312273,HV,107.8921031,0.47333964,18.4993509,0.430647492,6102.369036,2.900408917,5740.740741,0.624169112,0.145013343,1.192593065,0.01,0.232330213,1.24,0.06,-0.98,2006sr_2006-12-22_02-52-48_FLWO-1.5m_FAST_CfA-Ia.csv,1.434450691,5.573109,10.09269,3
SN2007A,6.31942,12.88681,0.0171,NGC0105,6.319959,12.8838333,0.909,0.12,0.096,0.057,169.66,1.7,0.7,Sab,-20.452,33.882,7.500602042497658,0.4472833104206504,0.142350927585189,NV,89.62142449,0.208645732,13.08420109,0.263919353,6132.399066,1.210434244,5784.784785,0.61949514,0.118734736,1.050830532,0.01,0.191663708,0.95,0.05,0.21,SN_2007A_2007-01-13_04-59-31_Keck1_LRIS_UCB-SNDB_0.csv,1.964661786,6.6617265,6.0604415,2
SN2007af,215.58763,-0.39378,0.005464,NGC5584,215.5990545,-0.3876275,1.496,0.021,0.126,0.023,153.84,5.9,0.3,SABc,-19.878,32.252,13.18548634038388,0.664010570623897,0.0328966963195219,NV,106.5028995,0.169289838,21.45824443,0.201763167,6124.858192,1.770637192,5772.772773,0.67291513,0.1625081,1.086428679,0.01,0.241498657,1.04,0.05,0.44,SN2007af_2007-03-14_10-33-36_FLWO-1.5m_FAST_CfA-Ia.csv,1.461466042,7.2423215,6.7014155,2
SN2007au,107.94213,49.85372,0.02,UGC03725,107.923647,49.8627198,1.162,0.038,0.271,0.026,142.66,-3.0,0.5,E-S0,-20.919,34.691,19.49378306999521,1.340274982936335,0.1225551953735499,NV,139.0285544,0.923652472,57.7872483,1.013674788,6125.592259,2.173706703,5772.772773,0.693543829,0.401241418,1.082963372,0.01,0.57853794,1.69,0.05,1.15,2007au_2007-03-26_03-36-00_FLWO-1.5m_FAST_CfA-Ia.csv,1.440639319,8.065046,8.277913,2
SN2007ax,125.68025,22.55469,0.0071,NGC2577,125.681073,22.5530479,1.191,0.038,0.246,0.026,105.0,-2.9,0.5,E-S0,-19.302,32.466,7.360310396376472,0.2093837066318608,0.0191461165813051,91bg,81.64273877,1.201138885,40.93729138,0.71394423,6160.293627,4.40693146,5778.778779,0.46036131,0.277394989,0.919148889,0.02,0.602559301,1.87,0.05,-0.84,2007ax_2007-03-27_06-14-24_FLWO-1.5m_FAST_CfA-Ia.csv,1.459092549,4.076682,5.491554,1
SN2007ba,229.17763,7.39661,0.0385,UGC09798,229.1742495,7.397,1.066,0.045,0.319,0.034,166.26,-0.1,0.4,S0-a,-21.07,35.966,26.417768230768235,0.6905229930282893,0.0753877201983036,91bg,121.0427799,1.301048182,58.14743685,1.081635569,6144.811478,0.907672373,5780.780781,0.692886411,0.440125508,0.992235351,0.0,0.635205859,1.89,0.05,1.43,2007ba_2007-04-09_10-19-12_FLWO-1.5m_FAST_CfA-Ia.csv,1.414975547,8.340019,8.114557,2
SN2007bc,169.81071,20.80903,0.0208,UGC06332,169.819269,20.8135596,1.064,0.084,0.076,0.049,152.31,1.0,0.4,Sa,-20.733,34.82,15.692644115802592,1.133998561467174,0.2419826494604182,NV,102.3952003,0.14510285,32.24536125,0.223601191,6137.737738,1.801801802,5772.772773,0.668476986,0.272220064,1.025628303,0.01,0.407224287,1.37,0.05,0.32,SN_2007bc_2007-04-10_07-45-07_Lick-3m_KAST_UCB-SNDB_0.csv,1.958767551,7.652612,7.2089725,2
SN2007bd,127.88867,-1.19944,0.031,UGC04455,127.8870465,-1.1977411,0.92,0.046,0.1,0.022,13.4,1.0,0.4,Sa,-20.496,35.63,16.546118249642767,0.4028498297202144,0.0450111073097345,HV,110.7326405,0.679315417,17.9684837,0.605458443,6093.760427,3.441787643,5744.744745,0.605892162,0.135479326,1.233231658,0.02,0.223603035,1.3,0.08,-1.3,2007bd_2007-04-15_04-48-00_FLWO-1.5m_FAST_CfA-Ia.csv,1.42526798,5.4620013,10.152975,3
SN2007ci,176.44104,19.77053,0.018,NGC3873,176.442111,19.7738152,1.055,0.045,0.029,0.025,95.0,-4.9,0.4,E,-20.76,34.421,13.149102954351978,0.387335972721377,0.0422873332663386,NV,124.3460113,0.603212006,45.29605782,1.056409497,6105.572239,4.895248565,5766.766767,0.700869036,0.296128324,1.177471728,0.02,0.422515917,1.6,0.05,-1.21,2007ci_2007-05-25_04-33-36_FLWO-1.5m_FAST_CfA-Ia.csv,1.443468849,6.484723,8.80585,3
SN2007co,275.765,29.89708,0.027,PGC061808,275.767278,29.9013889,0.969,0.049,0.09,0.028,176.5,,,,-21.115,35.37,16.05817269663916,0.6447805811452407,0.0770112279127075,NV,122.270709,0.475548651,15.60112209,0.473305001,6112.912913,2.752297715,5776.776777,0.678722363,0.105711825,1.142818664,0.01,0.155751204,1.16,0.03,0.38,2007co_2007-06-14_09-07-12_FLWO-1.5m_FAST_CfA-Ia.csv,1.430819967,6.004807,9.605373,3
SN2007cp,190.553,-17.40214,0.0366,IC0807,190.552062,-17.4035694,1.053,0.116,0.208,0.081,95.0,-2.9,1.1,E-S0,-21.664,35.92,25.98340877320613,0.2701188333040591,0.0827025230938407,HV,107.9448197,1.538568144,32.04723882,1.181957002,6103.169837,14.93233455,5732.732733,0.630653931,0.208798601,1.188812731,0.07,0.331082692,9.99,9.99,1.2,2007cp_2007-06-19_04-48-00_FLWO-1.5m_FAST_CfA-Ia.csv,1.417568288,5.420936,8.3473625,1
SN2007F,195.81283,50.61881,0.0236,UGC08162,195.8172435,50.6207597,0.84,0.065,0.044,0.026,65.3,5.9,0.7,Sc,-19.932,35.11,10.707698226841725,0.5938988364371979,0.0958841439041781,NV,81.85847202,0.573612655,15.53732917,0.673812474,6124.257591,1.336335295,5852.852853,0.594495395,0.089407973,1.08926393,0.01,0.150393046,0.96,0.03,-1.51,2007F_2007-01-22_11-45-36_FLWO-1.5m_FAST_CfA-Ia.csv,1.435571793,5.157344,6.735918,1
SN2007fb,359.21821,5.50883,0.018029,UGC12859,359.2147755,5.5083549,1.135,0.045,0.435,0.027,98.0,4.0,0.3,Sbc,-20.002,34.472,15.743312907040394,0.3695032552120718,0.0403404496266337,NV,119.2108905,0.67867744,35.13867317,0.570832431,6113.580247,2.46191081,5754.754755,0.674141146,0.300682234,1.139668386,0.01,0.44602267,9.99,9.99,0.44,SN2007fb_2007-07-07_10-33-36_FLWO-1.5m_FAST_CfA-Ia.csv,1.44342793,6.506178,8.315701,3
SN2007hu,254.12483,27.97789,0.0355,NGC6261,254.127219,27.9773978,1.037,0.046,0.391,0.027,84.6,0.0,0.5,S0-a,-21.429,36.076,26.175568647592613,0.2934213362656454,0.0327844727222331,HV,153.5792032,1.36892378,39.07793138,1.641899815,6077.210544,0.499387039,5720.720721,0.795397882,0.341001615,1.311358565,0.0,0.428718283,9.99,9.99,1.14,2007hu_2007-09-11_03-21-36_FLWO-1.5m_FAST_CfA-Ia.csv,1.419074945,5.7840443,10.487449,3
SN2007kk,55.59692,39.24178,0.041045,UGC02828,55.600083,39.2445278,0.975,0.054,0.1,0.03,179.5,3.2,0.4,Sb,-22.277,36.295,30.598217378374287,0.5260878716317664,0.0696542252978669,NV,115.5484426,1.060733391,12.01802471,0.665745421,6109.843177,4.020098894,5744.744745,0.649173962,0.091225592,1.157309946,0.02,0.140525648,9.99,9.99,0.39,SN2007kk_2007-10-10_09-21-36_FLWO-1.5m_FAST_CfA-Ia.csv,1.411516415,5.67965,10.342109,3
SN2007S,150.13025,4.40728,0.0139,UGC05378,150.133248,4.4070964,0.987,0.051,0.308,0.025,104.28,3.1,0.5,Sb,-20.046,33.762,7.96335587566328,0.3899889567832013,0.0485945638073596,91T,51.34752806,0.455780253,5.835985906,0.634375345,6152.352352,0.980776674,5772.772773,0.37606789,0.057785777,0.956637204,0.0,0.153657833,0.94,0.03,-0.77,2007S_2007-02-12_07-55-12_FLWO-1.5m_FAST_CfA-Ia.csv,1.449305935,3.9341583,6.082017,1
SN2008A,24.57242,35.37047,0.0162,NGC0634,24.577686,35.3648745,1.249,0.075,0.464,0.071,167.25,1.1,0.5,Sa,-21.234,34.399,19.701356572248887,0.7250652179144785,0.1366764086139862,Iax,23.74817078,0.552907954,17.64564183,0.464460322,6198.198198,4.758704434,5792.792793,0.15733553,0.098390733,0.740213069,0.02,0.625356097,1.28,0.09,0.03,2008A_2008-01-13_03-07-12_FLWO-1.5m_FAST_CfA-Ia.csv,1.446026276,2.8470385,5.466846,0
SN2008ae,149.01333,10.49967,0.0301,IC0577,149.0165505,10.4988569,0.791,0.056,0.037,0.023,116.5,4.8,1.8,Sc,-21.241,35.593,12.086376612292248,0.6373848204356728,0.0877215428616166,Iax,30.04934348,1.314447349,45.52544762,1.914272364,6177.04371,3.011148261,5784.784785,0.198490827,0.221345649,0.840076898,0.01,1.115142964,9.99,9.99,-0.08,2008ae_2008-02-11_07-40-48_FLWO-1.5m_FAST_CfA-Ia.csv,1.426514033,2.8449597,5.4683185,0
SN2008ar,186.158,10.83817,0.0261,IC3284,186.156459,10.8390738,0.743,0.067,0.044,0.027,137.3,1.8,2.0,SBab,-20.829,35.787,11.942523994990385,0.385718769317849,0.0643416002031362,NV,85.51569077,0.644380556,16.08964863,0.645333874,6131.331331,2.752297715,5780.780781,0.528019348,0.14654364,1.055870977,0.01,0.277534603,1.1,0.05,-0.67,2008ar_2008-03-08_10-19-12_FLWO-1.5m_FAST_CfA-Ia.csv,1.43207495,5.0572248,6.3298078,1
SN2008bf,181.01208,20.24517,0.0246,NGC4055,181.006035,20.2319,0.963,0.06,0.066,0.029,0.92,-5.0,0.5,E,-21.799,35.321,16.251599995334868,1.93306579976464,0.2863906988268992,NV,81.36976176,0.360072297,10.58305678,0.39327995,6116.916917,1.580609847,5754.754755,0.587716453,0.114077181,1.123916993,0.01,0.194102412,1.05,0.04,0.31,2008bf_2008-03-30_07-26-24_FLWO-1.5m_FAST_CfA-Ia.csv,1.434171487,5.258667,7.454816,1
SN2008Q,21.23846,9.55042,0.0081,NGC0524,21.19875,9.5387778,1.527,0.039,0.002,0.042,55.0,-1.2,0.6,S0-a,-21.554,32.565,17.325914323050466,1.4575359377828274,0.1369447804250628,NV,95.48637435,0.162597223,20.4680028,0.195237404,6112.445779,1.076043744,5750.750751,0.62801362,0.173026203,1.145023859,0.01,0.275513457,1.25,0.08,-0.31,2008Q_2008-02-09_02-09-36_FLWO-1.5m_FAST_CfA-Ia.csv,1.45764518,5.615874,7.6399856,1
SN1991bg,186.26546,12.87106,0.003045,NGC4374,186.26544,12.8871094,1.87,0.02,0.061,0.031,133.45,-4.4,1.2,E,-21.726,31.546,23.22182294738926,0.281083065498479,0.0132470367586392,91bg,103.1264003,0.14120932,47.66102752,0.154076109,6124.657991,1.608537977,5764.764765,0.592752733,0.372125014,1.087373762,0.01,0.627791308,9.99,9.99,0.0,SN1991bg_1991-12-13_00-00-00_Lick-3m_UV-Schmidt_UCB-SNDB.csv,4.980192787,8.51338,7.84089,2
