3720.0,1.2552201e-14,7.0932717e-16
3721.5,1.10877e-14,6.7799075e-16
3723.0,1.19943e-14,6.7286086e-16
3724.5,1.2168801e-14,6.7089567e-16
3726.0,1.18686e-14,6.5956103e-16
3727.5,1.2082501e-14,6.5956168e-16
3729.0,1.23332e-14,6.6168429e-16
3730.5,1.18243e-14,6.5231761e-16
3732.0,1.11351e-14,6.3906977e-16
3733.5,1.02923e-14,6.1673285e-16
3735.0,1.08929e-14,6.2511307e-16
3736.5,1.04523e-14,6.1817392e-16
3738.0,9.8902506e-15,6.0311736e-16
3739.5,1.02478e-14,5.9614028e-16
3741.0,9.6398804e-15,5.8946446e-16
3742.5,9.0326408e-15,5.905088e-16
3744.0,9.4235202e-15,5.8264132e-16
3745.5,1.03723e-14,5.7977581e-16
3747.0,9.7853803e-15,5.6902601e-16
3748.5,9.1380701e-15,5.5766659e-16
3750.0,8.9381907e-15,5.4844606e-16
3751.5,9.3463199e-15,5.5721085e-16
3753.0,9.5853001e-15,5.6922915e-16
3754.5,8.7486298e-15,5.6285324e-16
3756.0,8.3171698e-15,5.6019165e-16
3757.5,7.9447803e-15,5.638623e-16
3759.0,7.4121803e-15,5.495441e-16
3760.5,8.4453293e-15,5.4035396e-16
3762.0,8.6762508e-15,5.3627796e-16
3763.5,7.9997705e-15,5.3130755e-16
3765.0,7.72759e-15,5.2258299e-16
3766.5,7.9351004e-15,5.2050027e-16
3768.0,8.0701996e-15,5.2578912e-16
3769.5,8.29925e-15,5.2903973e-16
3771.0,7.94554e-15,5.2141186e-16
3772.5,7.6013194e-15,5.1878625e-16
3774.0,8.5537207e-15,5.2792612e-16
3775.5,8.6931999e-15,5.2923845e-16
3777.0,7.9562499e-15,5.1837749e-16
3778.5,7.8933806e-15,5.1743964e-16
3780.0,8.2474006e-15,5.2067214e-16
3781.5,8.7475498e-15,5.2268282e-16
3783.0,9.4148e-15,5.2811328e-16
3784.5,9.2267909e-15,5.2277115e-16
3786.0,8.1724398e-15,5.0276701e-16
3787.5,8.67641e-15,4.9953451e-16
3789.0,8.3962802e-15,4.9502089e-16
3790.5,7.75995e-15,4.8756153e-16
3792.0,8.2711404e-15,4.9705789e-16
3793.5,8.7066203e-15,5.0432261e-16
3795.0,9.4652002e-15,5.0192475e-16
3796.5,9.0698992e-15,4.9485586e-16
3798.0,8.8194307e-15,4.9141921e-16
3799.5,8.6289703e-15,4.8934626e-16
3801.0,8.9639396e-15,4.9189722e-16
3802.5,9.3138997e-15,5.0023652e-16
3804.0,9.2909502e-15,5.0215622e-16
3805.5,9.4707897e-15,5.016868e-16
3807.0,1.0271e-14,5.0688136e-16
3808.5,9.9408905e-15,5.0449147e-16
3810.0,1.03442e-14,5.0199856e-16
3811.5,1.04862e-14,4.9844326e-16
3813.0,9.8003999e-15,5.017376e-16
3814.5,9.2457195e-15,4.9608624e-16
3816.0,9.3465596e-15,4.9181975e-16
3817.5,1.04472e-14,4.9971187e-16
3819.0,1.08409e-14,5.010907e-16
3820.5,1.05666e-14,5.0377312e-16
3822.0,1.09768e-14,5.0303187e-16
3823.5,1.16505e-14,5.0204205e-16
3825.0,1.17797e-14,5.0389602e-16
3826.5,1.17437e-14,5.0304001e-16
3828.0,1.2154801e-14,5.0869061e-16
3829.5,1.17893e-14,5.0755941e-16
3831.0,1.24143e-14,5.1447171e-16
3832.5,1.27326e-14,5.1421782e-16
3834.0,1.3193201e-14,5.14102e-16
3835.5,1.4051601e-14,5.187787e-16
3837.0,1.3847999e-14,5.1602618e-16
3838.5,1.3936901e-14,5.165539e-16
3840.0,1.4656901e-14,5.255865e-16
3841.5,1.50229e-14,5.3169808e-16
3843.0,1.5221401e-14,5.351663e-16
3844.5,1.5375901e-14,5.3578641e-16
3846.0,1.5707801e-14,5.3780547e-16
3847.5,1.66691e-14,5.4435378e-16
3849.0,1.63788e-14,5.4470366e-16
3850.5,1.67237e-14,5.5383816e-16
3852.0,1.7479099e-14,5.6817454e-16
3853.5,1.7586599e-14,5.9552129e-16
3855.0,1.82205e-14,6.4461421e-16
3856.5,1.9392401e-14,6.8713753e-16
3858.0,1.97727e-14,6.6528992e-16
3859.5,1.98136e-14,6.1935769e-16
3861.0,2.0119801e-14,5.8702419e-16
3862.5,2.1245601e-14,5.8047499e-16
3864.0,2.10946e-14,5.8120296e-16
3865.5,2.0386401e-14,5.7939194e-16
3867.0,2.0648e-14,5.7805247e-16
3868.5,2.0994301e-14,5.8369026e-16
3870.0,2.28117e-14,5.9281579e-16
3871.5,2.36262e-14,5.9477225e-16
3873.0,2.27646e-14,5.9387565e-16
3874.5,2.28144e-14,6.0060015e-16
3876.0,2.37759e-14,6.0991826e-16
3877.5,2.5084999e-14,6.160997e-16
3879.0,2.5741699e-14,6.1713837e-16
3880.5,2.5183001e-14,6.1713017e-16
3882.0,2.50834e-14,6.1987573e-16
3883.5,2.59079e-14,6.2399137e-16
3885.0,2.6384898e-14,6.2661473e-16
3886.5,2.6573001e-14,6.2341203e-16
3888.0,2.6941799e-14,6.2425694e-16
3889.5,2.7680999e-14,6.3244151e-16
3891.0,2.82402e-14,6.3746372e-16
3892.5,2.8712299e-14,6.4333947e-16
3894.0,2.9677602e-14,6.5170068e-16
3895.5,2.9805202e-14,6.580075e-16
3897.0,3.0552001e-14,6.6066709e-16
3898.5,3.1238799e-14,6.6277229e-16
3900.0,3.15744e-14,6.6687212e-16
3901.5,3.2202099e-14,6.7458467e-16
3903.0,3.19569e-14,6.7030104e-16
3904.5,3.2402402e-14,6.7129488e-16
3906.0,3.32145e-14,6.7811596e-16
3907.5,3.4300301e-14,6.867028e-16
3909.0,3.46277e-14,6.8990804e-16
3910.5,3.40993e-14,6.8637652e-16
3912.0,3.3905997e-14,6.8355969e-16
3913.5,3.4169299e-14,6.8296606e-16
3915.0,3.45389e-14,6.832314e-16
3916.5,3.4744499e-14,6.8376614e-16
3918.0,3.5166101e-14,6.8732049e-16
3919.5,3.5481898e-14,6.8719145e-16
3921.0,3.6944599e-14,6.9372856e-16
3922.5,3.6839699e-14,6.9280783e-16
3924.0,3.6376098e-14,6.8962695e-16
3925.5,3.7732401e-14,6.938504e-16
3927.0,3.7261901e-14,6.9182113e-16
3928.5,3.7219502e-14,6.8655158e-16
3930.0,3.7816701e-14,6.871947e-16
3931.5,3.8476201e-14,6.8911399e-16
3933.0,3.8127101e-14,6.8191152e-16
3934.5,3.73313e-14,6.7636542e-16
3936.0,3.7889901e-14,6.826422e-16
3937.5,3.8320302e-14,6.8652927e-16
3939.0,3.9658299e-14,6.9661908e-16
3940.5,4.0361499e-14,7.0179588e-16
3942.0,3.9660902e-14,6.9877019e-16
3943.5,3.9349e-14,6.9915453e-16
3945.0,3.9951098e-14,7.0274075e-16
3946.5,3.9178201e-14,7.0044998e-16
3948.0,3.95959e-14,7.0245146e-16
3949.5,3.9441899e-14,6.9743254e-16
3951.0,3.9637903e-14,7.0187465e-16
3952.5,4.2078703e-14,7.1366001e-16
3954.0,3.9226201e-14,6.9559775e-16
3955.5,3.67489e-14,6.8263612e-16
3957.0,3.7876098e-14,6.8746977e-16
3958.5,3.7990502e-14,6.8371846e-16
3960.0,3.8375499e-14,6.8376248e-16
3961.5,3.81466e-14,6.8116036e-16
3963.0,3.6813099e-14,6.7010557e-16
3964.5,3.6125301e-14,6.5985244e-16
3966.0,3.4913502e-14,6.4565885e-16
3967.5,3.3628299e-14,6.3220886e-16
3969.0,3.3617298e-14,6.2988328e-16
3970.5,3.4602001e-14,6.387829e-16
3972.0,3.6791499e-14,6.5444506e-16
3973.5,3.8111499e-14,6.635474e-16
3975.0,3.7345198e-14,6.6020469e-16
3976.5,3.63037e-14,6.5634741e-16
3978.0,3.5458998e-14,6.5413907e-16
3979.5,3.4267199e-14,6.4708529e-16
3981.0,3.4056799e-14,6.4439832e-16
3982.5,3.5094798e-14,6.472951e-16
3984.0,3.5295101e-14,6.4692651e-16
3985.5,3.3753101e-14,6.3649089e-16
3987.0,3.2418597e-14,6.2494184e-16
3988.5,3.2245098e-14,6.2156927e-16
3990.0,3.25107e-14,6.2416018e-16
3991.5,3.27772e-14,6.2619953e-16
3993.0,3.1894101e-14,6.1679817e-16
3994.5,3.1051801e-14,6.0862983e-16
3996.0,3.06554e-14,6.0470387e-16
3997.5,3.0385701e-14,5.9919689e-16
3999.0,2.9596002e-14,5.9347662e-16
4000.5,2.8632699e-14,5.8588845e-16
4002.0,2.83326e-14,5.8188727e-16
4003.5,2.8407899e-14,5.823315e-16
4005.0,2.87051e-14,5.857262e-16
4006.5,2.8632201e-14,5.8403425e-16
4008.0,2.8459999e-14,5.8255246e-16
4009.5,2.8540101e-14,5.8397194e-16
4011.0,2.8699801e-14,5.8491887e-16
4012.5,2.78293e-14,5.7891715e-16
4014.0,2.8843301e-14,5.8532628e-16
4015.5,2.9601803e-14,5.8535543e-16
4017.0,2.819e-14,5.7121269e-16
4018.5,2.8592302e-14,5.7592414e-16
4020.0,2.9256999e-14,5.8181375e-16
4021.5,2.87243e-14,5.7882812e-16
4023.0,2.8062999e-14,5.7374495e-16
4024.5,2.81629e-14,5.7457724e-16
4026.0,2.88199e-14,5.7180336e-16
4027.5,2.78013e-14,5.6646655e-16
4029.0,2.81468e-14,5.6760004e-16
4030.5,2.81593e-14,5.6642867e-16
4032.0,2.8544502e-14,5.6899892e-16
4033.5,2.8591499e-14,5.6711711e-16
4035.0,2.9021798e-14,5.7116342e-16
4036.5,2.9177202e-14,5.6744357e-16
4038.0,2.87659e-14,5.6479938e-16
4039.5,2.9189301e-14,5.6907604e-16
4041.0,2.9688701e-14,5.7269925e-16
4042.5,2.89281e-14,5.6720307e-16
4044.0,2.9698402e-14,5.7097432e-16
4045.5,2.9864301e-14,5.703217e-16
4047.0,2.9375299e-14,5.6779781e-16
4048.5,2.9547101e-14,5.6885761e-16
4050.0,3.0335801e-14,5.7076534e-16
4051.5,2.9807899e-14,5.6815537e-16
4053.0,2.9503801e-14,5.6586514e-16
4054.5,3.0367598e-14,5.6859098e-16
4056.0,3.1155701e-14,5.7202297e-16
4057.5,3.1294398e-14,5.7383676e-16
4059.0,3.1884899e-14,5.758737e-16
4060.5,3.2031201e-14,5.7808587e-16
4062.0,3.1350702e-14,5.7329518e-16
4063.5,3.1285701e-14,5.7020735e-16
4065.0,3.1931499e-14,5.7316508e-16
4066.5,3.2339901e-14,5.7643622e-16
4068.0,3.2685002e-14,5.7977186e-16
4069.5,3.3655401e-14,5.8407755e-16
4071.0,3.3939702e-14,5.8478871e-16
4072.5,3.3620601e-14,5.8299457e-16
4074.0,3.4055302e-14,5.8475927e-16
4075.5,3.4252e-14,5.8449387e-16
4077.0,3.4470799e-14,5.8476169e-16
4078.5,3.4424801e-14,5.825137e-16
4080.0,3.38961e-14,5.8060356e-16
4081.5,3.46446e-14,5.8330515e-16
4083.0,3.50028e-14,5.8650969e-16
4084.5,3.4810699e-14,5.8794374e-16
4086.0,3.46916e-14,5.8767917e-16
4087.5,3.43056e-14,5.8313529e-16
4089.0,3.5128398e-14,5.8701327e-16
4090.5,3.5087899e-14,5.8713966e-16
4092.0,3.4265e-14,5.7920857e-16
4093.5,3.49212e-14,5.8138917e-16
4095.0,3.6324601e-14,5.897944e-16
4096.5,3.7591902e-14,5.9634425e-16
4098.0,3.64498e-14,5.8601454e-16
4099.5,3.6884399e-14,5.8716261e-16
4101.0,3.7115798e-14,5.8929507e-16
4102.5,3.6782301e-14,5.8636909e-16
4104.0,3.63754e-14,5.8289184e-16
4105.5,3.7604499e-14,5.9006989e-16
4107.0,3.7784598e-14,5.9283869e-16
4108.5,3.7222199e-14,5.8983122e-16
4110.0,3.7233102e-14,5.8717712e-16
4111.5,3.8188203e-14,5.9282116e-16
4113.0,3.75704e-14,5.9006888e-16
4114.5,3.7130099e-14,5.8818122e-16
4116.0,3.7394099e-14,5.8804322e-16
4117.5,3.7598901e-14,5.8727489e-16
4119.0,3.7854197e-14,5.8738652e-16
4120.5,3.73818e-14,5.8376278e-16
4122.0,3.7509899e-14,5.8515187e-16
4123.5,3.72099e-14,5.8465755e-16
4125.0,3.76021e-14,5.8508484e-16
4126.5,3.8380699e-14,5.8787954e-16
4128.0,3.8497502e-14,5.8695628e-16
4129.5,3.8276901e-14,5.8374301e-16
4131.0,3.7526199e-14,5.7799064e-16
4132.5,3.7950999e-14,5.8041239e-16
4134.0,3.82233e-14,5.8268964e-16
4135.5,3.7707901e-14,5.7965663e-16
4137.0,3.7581402e-14,5.7769415e-16
4138.5,3.8036099e-14,5.7950653e-16
4140.0,3.7768701e-14,5.7742085e-16
4141.5,3.7729599e-14,5.7630241e-16
4143.0,3.7636201e-14,5.7374106e-16
4144.5,3.7509299e-14,5.7184207e-16
4146.0,3.7221599e-14,5.6881006e-16
4147.5,3.7400699e-14,5.694667e-16
4149.0,3.7559799e-14,5.7102158e-16
4150.5,3.6614602e-14,5.6651894e-16
4152.0,3.5961102e-14,5.5970943e-16
4153.5,3.6107798e-14,5.5851221e-16
4155.0,3.6464101e-14,5.6258632e-16
4156.5,3.70442e-14,5.6530255e-16
4158.0,3.7080002e-14,5.6578926e-16
4159.5,3.7136699e-14,5.6334444e-16
4161.0,3.6240298e-14,5.570925e-16
4162.5,3.6378503e-14,5.5871966e-16
4164.0,3.5642801e-14,5.5275653e-16
4165.5,3.5558203e-14,5.5121964e-16
4167.0,3.5543302e-14,5.5308063e-16
4168.5,3.4752302e-14,5.4732502e-16
4170.0,3.53431e-14,5.4881489e-16
4171.5,3.5577203e-14,5.4821277e-16
4173.0,3.5827701e-14,5.4654902e-16
4174.5,3.57089e-14,5.4464826e-16
4176.0,3.4645101e-14,5.376123e-16
4177.5,3.4682997e-14,5.3723916e-16
4179.0,3.5078399e-14,5.3944066e-16
4180.5,3.4272901e-14,5.3638133e-16
4182.0,3.4669899e-14,5.3492958e-16
4183.5,3.4022901e-14,5.3064548e-16
4185.0,3.3214198e-14,5.2634168e-16
4186.5,3.3587001e-14,5.266132e-16
4188.0,3.4217702e-14,5.2969914e-16
4189.5,3.4296398e-14,5.2903413e-16
4191.0,3.4060099e-14,5.2790825e-16
4192.5,3.36422e-14,5.2647461e-16
4194.0,3.41708e-14,5.27711e-16
4195.5,3.4462897e-14,5.2581821e-16
4197.0,3.3586201e-14,5.2184139e-16
4198.5,3.32844e-14,5.2016667e-16
4200.0,3.3662201e-14,5.1969748e-16
4201.5,3.3741601e-14,5.2028727e-16
4203.0,3.3532798e-14,5.1794647e-16
4204.5,3.3246799e-14,5.153935e-16
4206.0,3.3313999e-14,5.1559081e-16
4207.5,3.3428298e-14,5.1592989e-16
4209.0,3.31535e-14,5.1424685e-16
4210.5,3.27914e-14,5.1128399e-16
4212.0,3.24464e-14,5.0812554e-16
4213.5,3.2836398e-14,5.0988788e-16
4215.0,3.34641e-14,5.1356673e-16
4216.5,3.2985699e-14,5.0977955e-16
4218.0,3.29258e-14,5.0983908e-16
4219.5,3.3326599e-14,5.1074613e-16
4221.0,3.3089999e-14,5.0709489e-16
4222.5,3.27312e-14,5.0380533e-16
4224.0,3.2410598e-14,4.9992387e-16
4225.5,3.2162498e-14,4.97657e-16
4227.0,3.17372e-14,4.9446208e-16
4228.5,3.1231701e-14,4.9086176e-16
4230.0,3.1380301e-14,4.9337732e-16
4231.5,3.2215699e-14,4.9596841e-16
4233.0,3.19161e-14,4.9214503e-16
4234.5,3.0966498e-14,4.8753772e-16
4236.0,3.0984401e-14,4.8629776e-16
4237.5,3.03496e-14,4.8417969e-16
4239.0,3.0598801e-14,4.838876e-16
4240.5,3.0714499e-14,4.8248222e-16
4242.0,3.0342401e-14,4.8000961e-16
4243.5,2.9288099e-14,4.735057e-16
4245.0,2.9048599e-14,4.7287199e-16
4246.5,2.8979199e-14,4.72421e-16
4248.0,2.9128999e-14,4.7012549e-16
4249.5,2.8918901e-14,4.676745e-16
4251.0,2.9149101e-14,4.6811994e-16
4252.5,2.908e-14,4.6602256e-16
4254.0,2.86495e-14,4.6284587e-16
4255.5,2.8943299e-14,4.6449331e-16
4257.0,2.85285e-14,4.6147162e-16
4258.5,2.8411399e-14,4.599219e-16
4260.0,2.75654e-14,4.5585578e-16
4261.5,2.73762e-14,4.5518068e-16
4263.0,2.7921601e-14,4.5499491e-16
4264.5,2.7518801e-14,4.5140618e-16
4266.0,2.70875e-14,4.4911574e-16
4267.5,2.74238e-14,4.5101538e-16
4269.0,2.69532e-14,4.4737332e-16
4270.5,2.6960899e-14,4.4545515e-16
4272.0,2.69097e-14,4.4344836e-16
4273.5,2.73794e-14,4.4453893e-16
4275.0,2.6911699e-14,4.4161307e-16
4276.5,2.6193701e-14,4.3793115e-16
4278.0,2.6505801e-14,4.4022955e-16
4279.5,2.7021e-14,4.4273733e-16
4281.0,2.66919e-14,4.402094e-16
4282.5,2.6350001e-14,4.3691418e-16
4284.0,2.61277e-14,4.3431676e-16
4285.5,2.5277799e-14,4.2793946e-16
4287.0,2.47825e-14,4.2301203e-16
4288.5,2.4953699e-14,4.2128501e-16
4290.0,2.43744e-14,4.1710301e-16
4291.5,2.4107e-14,4.16732e-16
4293.0,2.3981702e-14,4.158621e-16
4294.5,2.3716699e-14,4.1208675e-16
4296.0,2.2931901e-14,4.0666125e-16
4297.5,2.23724e-14,4.0200332e-16
4299.0,2.2442201e-14,3.9819973e-16
4300.5,2.23013e-14,3.9662281e-16
4302.0,2.2168699e-14,3.955374e-16
4303.5,2.1380199e-14,3.9014961e-16
4305.0,2.1346901e-14,3.8931714e-16
4306.5,2.1413201e-14,3.8919209e-16
4308.0,2.13009e-14,3.8749397e-16
4309.5,2.09455e-14,3.8454902e-16
4311.0,2.0305299e-14,3.7860719e-16
4312.5,2.0585501e-14,3.8284545e-16
4314.0,2.0460599e-14,3.808951e-16
4315.5,1.99822e-14,3.7897985e-16
4317.0,1.9903401e-14,3.799287e-16
4318.5,1.9853902e-14,3.8008818e-16
4320.0,1.9737601e-14,3.7789928e-16
4321.5,1.9213499e-14,3.7498321e-16
4323.0,1.8888799e-14,3.7103528e-16
4324.5,1.88732e-14,3.6769876e-16
4326.0,1.9283701e-14,3.6764926e-16
4327.5,1.8818899e-14,3.6587697e-16
4329.0,1.82413e-14,3.6456441e-16
4330.5,1.8603202e-14,3.6706159e-16
4332.0,1.8283399e-14,3.6303466e-16
4333.5,1.7857201e-14,3.6040289e-16
4335.0,1.7783501e-14,3.5894341e-16
4336.5,1.74097e-14,3.5491833e-16
4338.0,1.8020001e-14,3.5782056e-16
4339.5,1.8575199e-14,3.5948581e-16
4341.0,1.8726201e-14,3.609589e-16
4342.5,1.8759002e-14,3.6090812e-16
4344.0,1.88906e-14,3.6094394e-16
4345.5,1.88303e-14,3.628154e-16
4347.0,1.83431e-14,3.6211974e-16
4348.5,1.8447398e-14,3.6149688e-16
4350.0,1.86569e-14,3.6062884e-16
4351.5,1.8322e-14,3.5838749e-16
4353.0,1.8198401e-14,3.5729999e-16
4354.5,1.86968e-14,3.6221739e-16
4356.0,1.90524e-14,3.685858e-16
4357.5,1.9007799e-14,3.7017196e-16
4359.0,1.9285299e-14,3.712938e-16
4360.5,1.97059e-14,3.7241428e-16
4362.0,1.9601801e-14,3.703015e-16
4363.5,1.8983401e-14,3.6508304e-16
4365.0,1.8813102e-14,3.6371076e-16
4366.5,1.9443001e-14,3.6740381e-16
4368.0,2.00492e-14,3.6901708e-16
4369.5,1.96241e-14,3.6457125e-16
4371.0,1.90838e-14,3.6034486e-16
4372.5,1.9479601e-14,3.6262589e-16
4374.0,2.0064899e-14,3.6679136e-16
4375.5,1.99392e-14,3.6802321e-16
4377.0,1.9591999e-14,3.6600651e-16
4378.5,1.94354e-14,3.6309537e-16
4380.0,2.0102301e-14,3.6683004e-16
4381.5,2.0667601e-14,3.6737569e-16
4383.0,2.01143e-14,3.629989e-16
4384.5,2.00221e-14,3.6257718e-16
4386.0,2.01828e-14,3.6305501e-16
4387.5,1.9676099e-14,3.6159237e-16
4389.0,2.0207501e-14,3.6332592e-16
4390.5,2.0258199e-14,3.6340074e-16
4392.0,2.08004e-14,3.6748042e-16
4393.5,2.0081801e-14,3.6224984e-16
4395.0,2.04755e-14,3.6397934e-16
4396.5,2.04108e-14,3.6336876e-16
4398.0,1.96539e-14,3.5991895e-16
4399.5,1.99889e-14,3.6156984e-16
4401.0,2.06656e-14,3.6437218e-16
4402.5,2.09115e-14,3.6600808e-16
4404.0,2.0900999e-14,3.648511e-16
4405.5,2.07054e-14,3.6421656e-16
4407.0,2.0893101e-14,3.6651143e-16
4408.5,2.1028401e-14,3.6610865e-16
4410.0,2.0778799e-14,3.6523299e-16
4411.5,2.15105e-14,3.7006024e-16
4413.0,2.2127599e-14,3.7234923e-16
4414.5,2.17259e-14,3.7042006e-16
4416.0,2.1529401e-14,3.6989013e-16
4417.5,2.16325e-14,3.688927e-16
4419.0,2.1900401e-14,3.7045384e-16
4420.5,2.20882e-14,3.7141284e-16
4422.0,2.2213498e-14,3.7263716e-16
4423.5,2.1951499e-14,3.712617e-16
4425.0,2.22239e-14,3.7117526e-16
4426.5,2.2388099e-14,3.7108033e-16
4428.0,2.21838e-14,3.7011183e-16
4429.5,2.2279101e-14,3.7108939e-16
4431.0,2.2016899e-14,3.693325e-16
4432.5,2.20877e-14,3.698429e-16
4434.0,2.2878301e-14,3.7359807e-16
4435.5,2.31968e-14,3.746307e-16
4437.0,2.3557301e-14,3.7680804e-16
4438.5,2.33063e-14,3.7535714e-16
4440.0,2.2865299e-14,3.7285883e-16
4441.5,2.28328e-14,3.733746e-16
4443.0,2.3351601e-14,3.7458332e-16
4444.5,2.3245899e-14,3.7508275e-16
4446.0,2.2942301e-14,3.7465109e-16
4447.5,2.3046101e-14,3.734177e-16
4449.0,2.30663e-14,3.7225949e-16
4450.5,2.2773599e-14,3.6991264e-16
4452.0,2.24406e-14,3.6911251e-16
4453.5,2.23321e-14,3.6606218e-16
4455.0,2.18723e-14,3.6323904e-16
4456.5,2.2333799e-14,3.6615653e-16
4458.0,2.27718e-14,3.6834652e-16
4459.5,2.2986601e-14,3.6783172e-16
4461.0,2.26189e-14,3.6496264e-16
4462.5,2.2353501e-14,3.6490792e-16
4464.0,2.24902e-14,3.6599353e-16
4465.5,2.2745399e-14,3.6797648e-16
4467.0,2.2746099e-14,3.6841658e-16
4468.5,2.30082e-14,3.6681576e-16
4470.0,2.3058398e-14,3.6680971e-16
4471.5,2.3033801e-14,3.6733427e-16
4473.0,2.3332198e-14,3.6795489e-16
4474.5,2.31742e-14,3.6795742e-16
4476.0,2.32955e-14,3.6904678e-16
4477.5,2.3783599e-14,3.7164076e-16
4479.0,2.34982e-14,3.7064828e-16
4480.5,2.32441e-14,3.6880487e-16
4482.0,2.3429001e-14,3.7059173e-16
4483.5,2.4041301e-14,3.7216119e-16
4485.0,2.37716e-14,3.6956415e-16
4486.5,2.3898099e-14,3.7196114e-16
4488.0,2.3905599e-14,3.727375e-16
4489.5,2.4371599e-14,3.7429377e-16
4491.0,2.5051901e-14,3.773759e-16
4492.5,2.5169901e-14,3.7776263e-16
4494.0,2.4763e-14,3.7540558e-16
4495.5,2.50562e-14,3.7669354e-16
4497.0,2.5491199e-14,3.7939496e-16
4498.5,2.5513701e-14,3.7979786e-16
4500.0,2.5754699e-14,3.8171676e-16
4501.5,2.60306e-14,3.8384403e-16
4503.0,2.65173e-14,3.8621138e-16
4504.5,2.6817498e-14,3.8852896e-16
4506.0,2.70043e-14,3.890401e-16
4507.5,2.7191799e-14,3.8926165e-16
4509.0,2.73118e-14,3.8949209e-16
4510.5,2.7711999e-14,3.9048008e-16
4512.0,2.81807e-14,3.9175665e-16
4513.5,2.8535801e-14,3.9365936e-16
4515.0,2.8941899e-14,3.9600405e-16
4516.5,2.8681501e-14,3.9426378e-16
4518.0,2.88389e-14,3.9592378e-16
4519.5,2.9442699e-14,3.9960346e-16
4521.0,2.89745e-14,3.975e-16
4522.5,2.9297999e-14,3.9781761e-16
4524.0,2.9476801e-14,3.9966458e-16
4525.5,3.0049199e-14,4.0048076e-16
4527.0,2.9826598e-14,3.9833913e-16
4528.5,3.00555e-14,3.9885351e-16
4530.0,3.0572401e-14,4.0203863e-16
4531.5,3.0741502e-14,4.0344345e-16
4533.0,3.07999e-14,4.036555e-16
4534.5,3.0632299e-14,4.0354086e-16
4536.0,3.11315e-14,4.0603972e-16
4537.5,3.07265e-14,4.0382737e-16
4539.0,3.0754099e-14,4.0458033e-16
4540.5,3.09283e-14,4.0502223e-16
4542.0,3.1246598e-14,4.0487815e-16
4543.5,3.1639699e-14,4.0650047e-16
4545.0,3.14178e-14,4.0488788e-16
4546.5,3.1553499e-14,4.0526986e-16
4548.0,3.16016e-14,4.0668533e-16
4549.5,3.1721401e-14,4.0690104e-16
4551.0,3.1653401e-14,4.0646661e-16
4552.5,3.1927701e-14,4.0720691e-16
4554.0,3.18753e-14,4.0682056e-16
4555.5,3.1516399e-14,4.0420443e-16
4557.0,3.1711301e-14,4.0545298e-16
4558.5,3.17222e-14,4.076835e-16
4560.0,3.1937601e-14,4.0931261e-16
4561.5,3.2014301e-14,4.0807799e-16
4563.0,3.1992499e-14,4.0640011e-16
4564.5,3.1962199e-14,4.0599984e-16
4566.0,3.2110599e-14,4.0704344e-16
4567.5,3.2331102e-14,4.0732004e-16
4569.0,3.2120401e-14,4.0575595e-16
4570.5,3.1861998e-14,4.0422254e-16
4572.0,3.2161302e-14,4.0507297e-16
4573.5,3.1927799e-14,4.0479286e-16
4575.0,3.1159001e-14,4.0129848e-16
4576.5,3.0996002e-14,3.9938435e-16
4578.0,3.1113702e-14,3.9940238e-16
4579.5,3.1113099e-14,3.9845799e-16
4581.0,3.1120201e-14,3.9813047e-16
4582.5,3.0787398e-14,3.9709536e-16
4584.0,3.0641302e-14,3.9558888e-16
4585.5,3.0766002e-14,3.9552805e-16
4587.0,3.0626899e-14,3.9568034e-16
4588.5,3.03881e-14,3.9494868e-16
4590.0,3.0445901e-14,3.9434603e-16
4591.5,3.0997201e-14,3.962562e-16
4593.0,3.0807401e-14,3.9489802e-16
4594.5,3.05256e-14,3.9332815e-16
4596.0,3.0401198e-14,3.9199729e-16
4597.5,3.04953e-14,3.9130057e-16
4599.0,3.07084e-14,3.9290195e-16
4600.5,3.0783898e-14,3.9429605e-16
4602.0,3.0726801e-14,3.9317589e-16
4603.5,3.0167499e-14,3.8983569e-16
4605.0,2.9574701e-14,3.8809553e-16
4606.5,2.9857901e-14,3.8860732e-16
4608.0,3.0457499e-14,3.9032278e-16
4609.5,2.9895903e-14,3.8785917e-16
4611.0,2.9507799e-14,3.8629655e-16
4612.5,2.9972901e-14,3.8916952e-16
4614.0,3.05829e-14,3.927088e-16
4615.5,2.9953799e-14,3.8901231e-16
4617.0,2.9843298e-14,3.8806815e-16
4618.5,3.0188498e-14,3.8874435e-16
4620.0,2.9941798e-14,3.8691071e-16
4621.5,2.9979501e-14,3.8811963e-16
4623.0,3.0101298e-14,3.8912722e-16
4624.5,3.0291799e-14,3.902251e-16
4626.0,3.01882e-14,3.891132e-16
4627.5,2.95188e-14,3.8522132e-16
4629.0,2.9470699e-14,3.8475759e-16
4630.5,2.9262302e-14,3.8307741e-16
4632.0,2.9462699e-14,3.8346733e-16
4633.5,2.9509398e-14,3.8416123e-16
4635.0,2.9339398e-14,3.8319837e-16
4636.5,2.9679401e-14,3.8394248e-16
4638.0,3.0122501e-14,3.8474101e-16
4639.5,2.9993901e-14,3.8311547e-16
4641.0,2.92915e-14,3.8081963e-16
4642.5,2.8814401e-14,3.7942626e-16
4644.0,2.89838e-14,3.7977774e-16
4645.5,2.8774299e-14,3.7863103e-16
4647.0,2.84193e-14,3.7652359e-16
4648.5,2.8611299e-14,3.7651547e-16
4650.0,2.8863501e-14,3.7743455e-16
4651.5,2.8586701e-14,3.7666519e-16
4653.0,2.8311001e-14,3.7516169e-16
4654.5,2.8073201e-14,3.7305168e-16
4656.0,2.78325e-14,3.7152662e-16
4657.5,2.7786101e-14,3.7118606e-16
4659.0,2.7606701e-14,3.6971316e-16
4660.5,2.73514e-14,3.6823686e-16
4662.0,2.7467e-14,3.6846195e-16
4663.5,2.7113301e-14,3.6634884e-16
4665.0,2.66428e-14,3.6331235e-16
4666.5,2.59699e-14,3.5837238e-16
4668.0,2.57255e-14,3.5742846e-16
4669.5,2.56383e-14,3.5707828e-16
4671.0,2.5741399e-14,3.5737454e-16
4672.5,2.54385e-14,3.5548522e-16
4674.0,2.4574801e-14,3.5056301e-16
4675.5,2.46646e-14,3.5055472e-16
4677.0,2.5220699e-14,3.5240132e-16
4678.5,2.4609301e-14,3.4967836e-16
4680.0,2.47013e-14,3.4796343e-16
4681.5,2.4195899e-14,3.4652487e-16
4683.0,2.407e-14,3.4580926e-16
4684.5,2.41912e-14,3.4509828e-16
4686.0,2.40871e-14,3.4532048e-16
4687.5,2.3094499e-14,3.4040314e-16
4689.0,2.27976e-14,3.3830464e-16
4690.5,2.3009599e-14,3.403634e-16
4692.0,2.30047e-14,3.3940748e-16
4693.5,2.26289e-14,3.3600933e-16
4695.0,2.26867e-14,3.3575211e-16
4696.5,2.26628e-14,3.3540072e-16
4698.0,2.23512e-14,3.3412845e-16
4699.5,2.2386e-14,3.3290652e-16
4701.0,2.2103001e-14,3.3103859e-16
4702.5,2.18414e-14,3.2970768e-16
4704.0,2.16532e-14,3.2778054e-16
4705.5,2.1471701e-14,3.2629242e-16
4707.0,2.14759e-14,3.2648417e-16
4708.5,2.1386601e-14,3.2584043e-16
4710.0,2.15434e-14,3.2601882e-16
4711.5,2.1443501e-14,3.2529292e-16
4713.0,2.1109601e-14,3.2341703e-16
4714.5,2.1083299e-14,3.2302322e-16
4716.0,2.1146401e-14,3.2325931e-16
4717.5,2.09965e-14,3.229366e-16
4719.0,2.0944599e-14,3.2216931e-16
4720.5,2.11259e-14,3.2230413e-16
4722.0,2.1024401e-14,3.2231578e-16
4723.5,2.05637e-14,3.2065646e-16
4725.0,2.05765e-14,3.2112535e-16
4726.5,2.0635999e-14,3.201291e-16
4728.0,2.05479e-14,3.1760341e-16
4729.5,2.02927e-14,3.1622344e-16
4731.0,2.01516e-14,3.1596937e-16
4732.5,2.01675e-14,3.1633345e-16
4734.0,2.0423501e-14,3.1760383e-16
4735.5,2.0788601e-14,3.1887102e-16
4737.0,2.06854e-14,3.1741797e-16
4738.5,2.03335e-14,3.164331e-16
4740.0,2.02564e-14,3.1544782e-16
4741.5,2.0184799e-14,3.1562135e-16
4743.0,1.9913401e-14,3.1459465e-16
4744.5,1.9846902e-14,3.1236708e-16
4746.0,2.0133301e-14,3.1435003e-16
4747.5,1.9669299e-14,3.1188512e-16
4749.0,1.98503e-14,3.1192981e-16
4750.5,1.9616699e-14,3.0930329e-16
4752.0,1.93101e-14,3.0893913e-16
4753.5,1.94751e-14,3.0822936e-16
4755.0,1.94477e-14,3.0937044e-16
4756.5,1.92041e-14,3.0647216e-16
4758.0,1.9267599e-14,3.0658813e-16
4759.5,1.9396999e-14,3.0738722e-16
4761.0,1.9132601e-14,3.0563689e-16
4762.5,1.8868799e-14,3.0309065e-16
4764.0,1.8852699e-14,3.0310749e-16
4765.5,1.8919801e-14,3.0411274e-16
4767.0,1.9294901e-14,3.0620623e-16
4768.5,1.92595e-14,3.0521759e-16
4770.0,1.8757501e-14,3.0188623e-16
4771.5,1.8575399e-14,3.0213451e-16
4773.0,1.835e-14,3.0089688e-16
4774.5,1.86197e-14,3.013209e-16
4776.0,1.83965e-14,2.9978307e-16
4777.5,1.8641799e-14,3.0145616e-16
4779.0,1.9094699e-14,3.0534294e-16
4780.5,1.8936801e-14,3.040951e-16
4782.0,1.86981e-14,3.0210649e-16
4783.5,1.8294101e-14,2.9998049e-16
4785.0,1.82512e-14,2.9854537e-16
4786.5,1.8558001e-14,2.9944917e-16
4788.0,1.8462999e-14,2.9898355e-16
4789.5,1.8039899e-14,2.9616192e-16
4791.0,1.7989201e-14,2.9553039e-16
4792.5,1.79272e-14,2.9584847e-16
4794.0,1.79718e-14,2.9659219e-16
4795.5,1.8175501e-14,2.9755664e-16
4797.0,1.7936001e-14,2.9629163e-16
4798.5,1.77048e-14,2.9378345e-16
4800.0,1.7739001e-14,2.9251304e-16
4801.5,1.79679e-14,2.9398461e-16
4803.0,1.80863e-14,2.9460077e-16
4804.5,1.77951e-14,2.9377203e-16
4806.0,1.7458701e-14,2.9278283e-16
4807.5,1.77877e-14,2.9397883e-16
4809.0,1.78564e-14,2.9418469e-16
4810.5,1.7806101e-14,2.9291989e-16
4812.0,1.7733001e-14,2.92597e-16
4813.5,1.79336e-14,2.9300488e-16
4815.0,1.81908e-14,2.9464874e-16
4816.5,1.7878799e-14,2.9430715e-16
4818.0,1.765e-14,2.9145203e-16
4819.5,1.7510099e-14,2.922875e-16
4821.0,1.73389e-14,2.915377e-16
4822.5,1.79342e-14,2.9310846e-16
4824.0,1.7459499e-14,2.9027874e-16
4825.5,1.76331e-14,2.9181277e-16
4827.0,1.76572e-14,2.9064054e-16
4828.5,1.71764e-14,2.8859348e-16
4830.0,1.7431401e-14,2.8961661e-16
4831.5,1.7526399e-14,2.8940742e-16
4833.0,1.78298e-14,2.9092428e-16
4834.5,1.7736501e-14,2.9087142e-16
4836.0,1.76838e-14,2.9138373e-16
4837.5,1.73792e-14,2.8856451e-16
4839.0,1.70108e-14,2.8568656e-16
4840.5,1.6613399e-14,2.8268013e-16
4842.0,1.68664e-14,2.8380624e-16
4843.5,1.6877599e-14,2.829195e-16
4845.0,1.65824e-14,2.8155147e-16
4846.5,1.6259899e-14,2.7924814e-16
4848.0,1.56072e-14,2.7514025e-16
4849.5,1.5278401e-14,2.7295991e-16
4851.0,1.5251799e-14,2.7135531e-16
4852.5,1.53141e-14,2.7183651e-16
4854.0,1.5160601e-14,2.699946e-16
4855.5,1.4741101e-14,2.6703664e-16
4857.0,1.46381e-14,2.6540576e-16
4858.5,1.47326e-14,2.655525e-16
4860.0,1.4777601e-14,2.6424492e-16
4861.5,1.49049e-14,2.6346862e-16
4863.0,1.4937299e-14,2.628337e-16
4864.5,1.44248e-14,2.6105198e-16
4866.0,1.42802e-14,2.6138068e-16
4867.5,1.43192e-14,2.6169012e-16
4869.0,1.4093e-14,2.6066088e-16
4870.5,1.40031e-14,2.5982747e-16
4872.0,1.38265e-14,2.5761893e-16
4873.5,1.39621e-14,2.5780995e-16
4875.0,1.41545e-14,2.5966997e-16
4876.5,1.41687e-14,2.6071758e-16
4878.0,1.3790499e-14,2.5849482e-16
4879.5,1.38074e-14,2.5826657e-16
4881.0,1.3857899e-14,2.5942027e-16
4882.5,1.3687e-14,2.5738256e-16
4884.0,1.36727e-14,2.5667061e-16
4885.5,1.37239e-14,2.5568162e-16
4887.0,1.38116e-14,2.5648803e-16
4888.5,1.33307e-14,2.543063e-16
4890.0,1.33442e-14,2.5460353e-16
4891.5,1.36861e-14,2.54158e-16
4893.0,1.3541799e-14,2.5324031e-16
4894.5,1.3162501e-14,2.5262718e-16
4896.0,1.33799e-14,2.5398911e-16
4897.5,1.30975e-14,2.5370539e-16
4899.0,1.3402e-14,2.5707528e-16
4900.5,1.35965e-14,2.5745245e-16
4902.0,1.3711701e-14,2.5755945e-16
4903.5,1.43872e-14,2.5926173e-16
4905.0,1.44074e-14,2.6005445e-16
4906.5,1.40457e-14,2.5822937e-16
4908.0,1.41817e-14,2.587344e-16
4909.5,1.4481201e-14,2.5998297e-16
4911.0,1.4743599e-14,2.6166303e-16
4912.5,1.45493e-14,2.6162235e-16
4914.0,1.4994701e-14,2.6376437e-16
4915.5,1.48311e-14,2.6251249e-16
4917.0,1.47686e-14,2.6134327e-16
4918.5,1.4994099e-14,2.6256757e-16
4920.0,1.5101899e-14,2.6327389e-16
4921.5,1.53977e-14,2.652004e-16
4923.0,1.57202e-14,2.6622359e-16
4924.5,1.57338e-14,2.6718535e-16
4926.0,1.58477e-14,2.6899997e-16
4927.5,1.6106801e-14,2.7054875e-16
4929.0,1.63988e-14,2.71903e-16
4930.5,1.63183e-14,2.7210393e-16
4932.0,1.63384e-14,2.7138124e-16
4933.5,1.6573299e-14,2.722338e-16
4935.0,1.64974e-14,2.7262661e-16
4936.5,1.6302099e-14,2.7135915e-16
4938.0,1.61995e-14,2.7010573e-16
4939.5,1.6268899e-14,2.7022049e-16
4941.0,1.65012e-14,2.7124164e-16
4942.5,1.6573601e-14,2.7246261e-16
4944.0,1.65106e-14,2.7191645e-16
4945.5,1.64532e-14,2.7222005e-16
4947.0,1.6451501e-14,2.7234989e-16
4948.5,1.65858e-14,2.7273437e-16
4950.0,1.66465e-14,2.7191669e-16
4951.5,1.6035601e-14,2.6831953e-16
4953.0,1.6170299e-14,2.6929475e-16
4954.5,1.6502899e-14,2.7153766e-16
4956.0,1.63407e-14,2.7067419e-16
4957.5,1.6396901e-14,2.7019049e-16
4959.0,1.63554e-14,2.6985654e-16
4960.5,1.6217501e-14,2.6878045e-16
4962.0,1.65541e-14,2.7103992e-16
4963.5,1.62676e-14,2.7082075e-16
4965.0,1.62171e-14,2.6959678e-16
4966.5,1.60752e-14,2.6840316e-16
4968.0,1.58619e-14,2.6683733e-16
4969.5,1.5843401e-14,2.6711305e-16
4971.0,1.6251e-14,2.686279e-16
4972.5,1.6202299e-14,2.6910396e-16
4974.0,1.58099e-14,2.6541015e-16
4975.5,1.5549201e-14,2.6459312e-16
4977.0,1.5886599e-14,2.6641154e-16
4978.5,1.55444e-14,2.6340269e-16
4980.0,1.6083599e-14,2.6654303e-16
4981.5,1.6171201e-14,2.6621748e-16
4983.0,1.55951e-14,2.6457291e-16
4984.5,1.55701e-14,2.6363778e-16
4986.0,1.59114e-14,2.6542508e-16
4987.5,1.5525801e-14,2.6378555e-16
4989.0,1.49078e-14,2.6044484e-16
4990.5,1.48374e-14,2.5936144e-16
4992.0,1.51084e-14,2.6092804e-16
4993.5,1.5565e-14,2.6301383e-16
4995.0,1.48201e-14,2.5809221e-16
4996.5,1.4903201e-14,2.591349e-16
4998.0,1.52559e-14,2.6090099e-16
4999.5,1.5024e-14,2.5981485e-16
5001.0,1.5004199e-14,2.5981614e-16
5002.5,1.53071e-14,2.6027763e-16
5004.0,1.5140199e-14,2.5869401e-16
5005.5,1.4892499e-14,2.564128e-16
5007.0,1.5034e-14,2.5598633e-16
5008.5,1.52623e-14,2.5758294e-16
5010.0,1.5430399e-14,2.5961562e-16
5011.5,1.55367e-14,2.6009629e-16
5013.0,1.54162e-14,2.5915703e-16
5014.5,1.5488401e-14,2.5909044e-16
5016.0,1.5619001e-14,2.5933575e-16
5017.5,1.5531701e-14,2.5970808e-16
5019.0,1.5539301e-14,2.5951632e-16
5020.5,1.5268099e-14,2.5769472e-16
5022.0,1.5307901e-14,2.5861978e-16
5023.5,1.5556001e-14,2.6042791e-16
5025.0,1.60504e-14,2.630367e-16
5026.5,1.5795801e-14,2.6206457e-16
5028.0,1.56219e-14,2.6090907e-16
5029.5,1.59196e-14,2.629702e-16
5031.0,1.58612e-14,2.6204106e-16
5032.5,1.55839e-14,2.6032265e-16
5034.0,1.5485101e-14,2.5927748e-16
5035.5,1.5913999e-14,2.6121028e-16
5037.0,1.6013e-14,2.6198129e-16
5038.5,1.6343001e-14,2.6318801e-16
5040.0,1.6671101e-14,2.6468442e-16
5041.5,1.63491e-14,2.626402e-16
5043.0,1.6147101e-14,2.6288659e-16
5044.5,1.6291e-14,2.6355235e-16
5046.0,1.6089701e-14,2.6367808e-16
5047.5,1.6724799e-14,2.6735623e-16
5049.0,1.62026e-14,2.6525197e-16
5050.5,1.6239001e-14,2.647139e-16
5052.0,1.6779499e-14,2.6628595e-16
5053.5,1.64233e-14,2.6426937e-16
5055.0,1.66551e-14,2.6519063e-16
5056.5,1.6774e-14,2.6542334e-16
5058.0,1.73154e-14,2.7025398e-16
5059.5,1.7009199e-14,2.6804342e-16
5061.0,1.72303e-14,2.6883223e-16
5062.5,1.7269899e-14,2.6940133e-16
5064.0,1.7665701e-14,2.7082562e-16
5065.5,1.72783e-14,2.6863404e-16
5067.0,1.7371401e-14,2.6949872e-16
5068.5,1.76033e-14,2.7008272e-16
5070.0,1.75325e-14,2.6899156e-16
5071.5,1.7560199e-14,2.6985887e-16
5073.0,1.75144e-14,2.7026011e-16
5074.5,1.76773e-14,2.7123338e-16
5076.0,1.7915101e-14,2.7187468e-16
5077.5,1.79337e-14,2.7088887e-16
5079.0,1.7802e-14,2.7008007e-16
5080.5,1.80665e-14,2.71631e-16
5082.0,1.8130899e-14,2.7233274e-16
5083.5,1.82244e-14,2.7392911e-16
5085.0,1.8415399e-14,2.7485203e-16
5086.5,1.8327999e-14,2.7457843e-16
5088.0,1.8351499e-14,2.7506659e-16
5089.5,1.85285e-14,2.7537827e-16
5091.0,1.84908e-14,2.748189e-16
5092.5,1.87411e-14,2.7653197e-16
5094.0,1.87138e-14,2.7621507e-16
5095.5,1.8689699e-14,2.755689e-16
5097.0,1.9135201e-14,2.7830189e-16
5098.5,1.9084601e-14,2.7852023e-16
5100.0,1.90154e-14,2.7816232e-16
5101.5,1.9135001e-14,2.7863844e-16
5103.0,1.9281001e-14,2.7917152e-16
5104.5,1.93237e-14,2.7901824e-16
5106.0,1.9588499e-14,2.8031369e-16
5107.5,1.99007e-14,2.8167281e-16
5109.0,1.98209e-14,2.8108394e-16
5110.5,2.0312299e-14,2.8360201e-16
5112.0,2.0083e-14,2.8299364e-16
5113.5,1.99453e-14,2.8206397e-16
5115.0,2.0177201e-14,2.831489e-16
5116.5,2.0457099e-14,2.8557271e-16
5118.0,2.01376e-14,2.836252e-16
5119.5,2.06392e-14,2.8617474e-16
5121.0,2.07169e-14,2.8607264e-16
5122.5,2.08135e-14,2.8619191e-16
5124.0,2.0984399e-14,2.872657e-16
5125.5,2.1210599e-14,2.8813979e-16
5127.0,2.07833e-14,2.8628461e-16
5128.5,2.08232e-14,2.8586861e-16
5130.0,2.1543101e-14,2.8908194e-16
5131.5,2.17768e-14,2.906999e-16
5133.0,2.16086e-14,2.8970813e-16
5134.5,2.14538e-14,2.8985469e-16
5136.0,2.1850001e-14,2.911897e-16
5137.5,2.20752e-14,2.9237238e-16
5139.0,2.2175699e-14,2.9212126e-16
5140.5,2.2030001e-14,2.9164918e-16
5142.0,2.1816601e-14,2.9116135e-16
5143.5,2.2132098e-14,2.9246643e-16
5145.0,2.19879e-14,2.9259838e-16
5146.5,2.19159e-14,2.9283672e-16
5148.0,2.2219101e-14,2.9334698e-16
5149.5,2.27416e-14,2.9561904e-16
5151.0,2.2536801e-14,2.957625e-16
5152.5,2.2296801e-14,2.9459372e-16
5154.0,2.2496301e-14,2.9477616e-16
5155.5,2.2678401e-14,2.9595069e-16
5157.0,2.25688e-14,2.9556676e-16
5158.5,2.2853799e-14,2.9695438e-16
5160.0,2.30555e-14,2.9768238e-16
5161.5,2.2826e-14,2.9602966e-16
5163.0,2.2663e-14,2.9472365e-16
5164.5,2.26085e-14,2.9384289e-16
5166.0,2.24703e-14,2.9315699e-16
5167.5,2.23992e-14,2.926257e-16
5169.0,2.2288401e-14,2.9235438e-16
5170.5,2.19441e-14,2.8961487e-16
5172.0,2.21462e-14,2.8960992e-16
5173.5,2.2270399e-14,2.9121906e-16
5175.0,2.2340901e-14,2.9081551e-16
5176.5,2.24732e-14,2.9175238e-16
5178.0,2.2607401e-14,2.9349389e-16
5179.5,2.23488e-14,2.9225175e-16
5181.0,2.1982301e-14,2.896426e-16
5182.5,2.21021e-14,2.8943554e-16
5184.0,2.20475e-14,2.891836e-16
5185.5,2.18847e-14,2.8853274e-16
5187.0,2.2035601e-14,2.8986457e-16
5188.5,2.23859e-14,2.9257694e-16
5190.0,2.24613e-14,2.9266624e-16
5191.5,2.2191999e-14,2.8998691e-16
5193.0,2.21869e-14,2.8993974e-16
5194.5,2.2221501e-14,2.9013312e-16
5196.0,2.1934499e-14,2.8951885e-16
5197.5,2.2040199e-14,2.9026555e-16
5199.0,2.1486e-14,2.8724661e-16
5200.5,2.1298901e-14,2.8582533e-16
5202.0,2.1531601e-14,2.8743577e-16
5203.5,2.1577299e-14,2.8677326e-16
5205.0,2.1576901e-14,2.8699544e-16
5206.5,2.1581e-14,2.8748492e-16
5208.0,2.1938499e-14,2.8937588e-16
5209.5,2.1924999e-14,2.8936164e-16
5211.0,2.18249e-14,2.8875335e-16
5212.5,2.1657101e-14,2.8719118e-16
5214.0,2.1490801e-14,2.8604405e-16
5215.5,2.1532801e-14,2.8679875e-16
5217.0,2.1295799e-14,2.8582365e-16
5218.5,2.2018699e-14,2.895374e-16
5220.0,2.22538e-14,2.9102143e-16
5221.5,2.2086799e-14,2.8991555e-16
5223.0,2.23189e-14,2.9046185e-16
5224.5,2.2175101e-14,2.8933647e-16
5226.0,2.2279499e-14,2.8990174e-16
5227.5,2.22382e-14,2.8904547e-16
5229.0,2.2257602e-14,2.8912495e-16
5230.5,2.2357799e-14,2.8955513e-16
5232.0,2.2418301e-14,2.8932771e-16
5233.5,2.24029e-14,2.8966246e-16
5235.0,2.21801e-14,2.8895068e-16
5236.5,2.22309e-14,2.8951808e-16
5238.0,2.24469e-14,2.9093844e-16
5239.5,2.2316201e-14,2.9014722e-16
5241.0,2.25785e-14,2.912346e-16
5242.5,2.24644e-14,2.9040483e-16
5244.0,2.2058e-14,2.8841031e-16
5245.5,2.20611e-14,2.8857575e-16
5247.0,2.20684e-14,2.8852699e-16
5248.5,2.1905898e-14,2.8726225e-16
5250.0,2.1523199e-14,2.8468443e-16
5251.5,2.1312999e-14,2.8370609e-16
5253.0,2.1505899e-14,2.8465673e-16
5254.5,2.1180299e-14,2.8347964e-16
5256.0,2.0699302e-14,2.8175066e-16
5257.5,2.0874e-14,2.8273208e-16
5259.0,2.0963801e-14,2.825474e-16
5260.5,2.05464e-14,2.7907329e-16
5262.0,2.04558e-14,2.7788371e-16
5263.5,2.01152e-14,2.7504119e-16
5265.0,1.9952999e-14,2.7384592e-16
5266.5,1.9846001e-14,2.7403402e-16
5268.0,1.9829599e-14,2.7267186e-16
5269.5,1.9453801e-14,2.7074744e-16
5271.0,1.9065399e-14,2.6838947e-16
5272.5,1.84645e-14,2.6566967e-16
5274.0,1.8112499e-14,2.6353647e-16
5275.5,1.82583e-14,2.6400386e-16
5277.0,1.83088e-14,2.6484727e-16
5278.5,1.7843e-14,2.617495e-16
5280.0,1.7273899e-14,2.5915883e-16
5281.5,1.7122e-14,2.5818989e-16
5283.0,1.6754e-14,2.5535079e-16
5284.5,1.66562e-14,2.5470197e-16
5286.0,1.67168e-14,2.551311e-16
5287.5,1.6405199e-14,2.5316387e-16
5289.0,1.62335e-14,2.5183334e-16
5290.5,1.6147499e-14,2.512247e-16
5292.0,1.5782501e-14,2.4878605e-16
5293.5,1.5569701e-14,2.4790024e-16
5295.0,1.55058e-14,2.4768259e-16
5296.5,1.53181e-14,2.4621672e-16
5298.0,1.5196801e-14,2.4540868e-16
5299.5,1.47568e-14,2.4432721e-16
5301.0,1.46242e-14,2.4439569e-16
5302.5,1.44917e-14,2.4666454e-16
5304.0,1.4359101e-14,2.4817174e-16
5305.5,1.4226499e-14,2.4620355e-16
5307.0,1.4094e-14,2.4170919e-16
5308.5,1.4094e-14,2.3983581e-16
5310.0,1.42211e-14,2.3929722e-16
5311.5,1.4297e-14,2.394827e-16
5313.0,1.43261e-14,2.3984227e-16
5314.5,1.38987e-14,2.3684133e-16
5316.0,1.38046e-14,2.3538031e-16
5317.5,1.40659e-14,2.3644012e-16
5319.0,1.37129e-14,2.3437349e-16
5320.5,1.35617e-14,2.3370649e-16
5322.0,1.37449e-14,2.3480614e-16
5323.5,1.36951e-14,2.3432036e-16
5325.0,1.39236e-14,2.3494977e-16
5326.5,1.40652e-14,2.3491183e-16
5328.0,1.38023e-14,2.3292098e-16
5329.5,1.38914e-14,2.3489311e-16
5331.0,1.38374e-14,2.3539968e-16
5332.5,1.35019e-14,2.3323109e-16
5334.0,1.38087e-14,2.3500718e-16
5335.5,1.4392601e-14,2.3710856e-16
5337.0,1.44413e-14,2.3814336e-16
5338.5,1.41965e-14,2.3700678e-16
5340.0,1.4022801e-14,2.3579707e-16
5341.5,1.4184399e-14,2.3644043e-16
5343.0,1.4113499e-14,2.3640432e-16
5344.5,1.41682e-14,2.371461e-16
5346.0,1.4434e-14,2.3841784e-16
5347.5,1.42247e-14,2.3766509e-16
5349.0,1.40646e-14,2.3655485e-16
5350.5,1.3939901e-14,2.3600817e-16
5352.0,1.41634e-14,2.3695955e-16
5353.5,1.4243801e-14,2.3688394e-16
5355.0,1.4402299e-14,2.3876176e-16
5356.5,1.46044e-14,2.4001774e-16
5358.0,1.43443e-14,2.3793746e-16
5359.5,1.4362799e-14,2.379502e-16
5361.0,1.43396e-14,2.3772645e-16
5362.5,1.42663e-14,2.3745901e-16
5364.0,1.45324e-14,2.3890461e-16
5365.5,1.4763999e-14,2.3931677e-16
5367.0,1.4719899e-14,2.3926791e-16
5368.5,1.46211e-14,2.3858703e-16
5370.0,1.47906e-14,2.3880772e-16
5371.5,1.46992e-14,2.3848298e-16
5373.0,1.44794e-14,2.3765978e-16
5374.5,1.4686699e-14,2.3912042e-16
5376.0,1.5184201e-14,2.4210943e-16
5377.5,1.54933e-14,2.4395172e-16
5379.0,1.55303e-14,2.4446138e-16
5380.5,1.57366e-14,2.4995783e-16
5382.0,1.57561e-14,2.8379447e-16
5383.5,1.5514801e-14,3.189084e-16
5385.0,1.6171401e-14,3.0120142e-16
5386.5,1.642e-14,2.7878674e-16
5388.0,1.6117301e-14,2.6724542e-16
5389.5,1.57778e-14,2.505783e-16
5391.0,1.54689e-14,2.4481543e-16
5392.5,1.5653301e-14,2.4538104e-16
5394.0,1.56123e-14,2.435535e-16
5395.5,1.54528e-14,2.421002e-16
5397.0,1.5599599e-14,2.4294238e-16
5398.5,1.5764499e-14,2.4467137e-16
5400.0,1.5951501e-14,2.4639398e-16
5401.5,1.58475e-14,2.4496301e-16
5403.0,1.5707501e-14,2.4414779e-16
5404.5,1.58313e-14,2.444338e-16
5406.0,1.6006399e-14,2.4568493e-16
5407.5,1.63385e-14,2.4763084e-16
5409.0,1.63279e-14,2.484882e-16
5410.5,1.59997e-14,2.4740389e-16
5412.0,1.6271999e-14,2.4738189e-16
5413.5,1.63484e-14,2.481949e-16
5415.0,1.6309701e-14,2.4851564e-16
5416.5,1.5991999e-14,2.4585356e-16
5418.0,1.6025601e-14,2.4589108e-16
5419.5,1.61798e-14,2.4767837e-16
5421.0,1.56746e-14,2.4382057e-16
5422.5,1.5897001e-14,2.4570208e-16
5424.0,1.6217e-14,2.4785803e-16
5425.5,1.58925e-14,2.4609045e-16
5427.0,1.58211e-14,2.4470813e-16
5428.5,1.6005301e-14,2.455717e-16
5430.0,1.58309e-14,2.4514447e-16
5431.5,1.57119e-14,2.4388958e-16
5433.0,1.58488e-14,2.4463444e-16
5434.5,1.5918e-14,2.4442699e-16
5436.0,1.57372e-14,2.4356604e-16
5437.5,1.5581e-14,2.4321418e-16
5439.0,1.56044e-14,2.4317984e-16
5440.5,1.5605799e-14,2.4278771e-16
5442.0,1.55106e-14,2.4290684e-16
5443.5,1.56037e-14,2.4269974e-16
5445.0,1.5409601e-14,2.4117799e-16
5446.5,1.4873299e-14,2.387716e-16
5448.0,1.46811e-14,2.3728024e-16
5449.5,1.49863e-14,2.38248e-16
5451.0,1.47045e-14,2.3681588e-16
5452.5,1.46948e-14,2.3764084e-16
5454.0,1.4885e-14,2.3878825e-16
5455.5,1.4769e-14,2.3786277e-16
5457.0,1.46412e-14,2.3769382e-16
5458.5,1.45027e-14,2.3834888e-16
5460.0,1.4366101e-14,2.3962104e-16
5461.5,1.42551e-14,2.3969522e-16
5463.0,1.4018699e-14,2.3733619e-16
5464.5,1.38839e-14,2.3475021e-16
5466.0,1.3862501e-14,2.3328573e-16
5467.5,1.36033e-14,2.3065859e-16
5469.0,1.34958e-14,2.2951424e-16
5470.5,1.35229e-14,2.2921419e-16
5472.0,1.3383199e-14,2.2775342e-16
5473.5,1.3815799e-14,2.2949154e-16
5475.0,1.33209e-14,2.2654845e-16
5476.5,1.27261e-14,2.2323268e-16
5478.0,1.29072e-14,2.2439408e-16
5479.5,1.29118e-14,2.238943e-16
5481.0,1.28742e-14,2.2484744e-16
5482.5,1.30497e-14,2.2556742e-16
5484.0,1.2584601e-14,2.2248649e-16
5485.5,1.25416e-14,2.2245105e-16
5487.0,1.23976e-14,2.2093814e-16
5488.5,1.23272e-14,2.2094433e-16
5490.0,1.18189e-14,2.1760833e-16
5491.5,1.19954e-14,2.1815662e-16
5493.0,1.23891e-14,2.2017785e-16
5494.5,1.2279801e-14,2.1832798e-16
5496.0,1.2302e-14,2.1891828e-16
5497.5,1.2381601e-14,2.2031776e-16
5499.0,1.20373e-14,2.1863202e-16
5500.5,1.1837401e-14,2.1749133e-16
5502.0,1.20287e-14,2.1806862e-16
5503.5,1.21142e-14,2.1799909e-16
5505.0,1.20276e-14,2.1785437e-16
5506.5,1.20408e-14,2.1843799e-16
5508.0,1.2172201e-14,2.1803849e-16
5509.5,1.22172e-14,2.1817651e-16
5511.0,1.2359701e-14,2.2007737e-16
5512.5,1.24037e-14,2.1954905e-16
5514.0,1.22425e-14,2.1897411e-16
5515.5,1.22662e-14,2.2002735e-16
5517.0,1.2255499e-14,2.1995454e-16
5518.5,1.24143e-14,2.2115034e-16
5520.0,1.22591e-14,2.1990206e-16
5521.5,1.20701e-14,2.1731883e-16
5523.0,1.24075e-14,2.2041457e-16
5524.5,1.2643501e-14,2.2251697e-16
5526.0,1.25555e-14,2.2170647e-16
5527.5,1.299e-14,2.2430124e-16
5529.0,1.32187e-14,2.2560737e-16
5530.5,1.32446e-14,2.2523154e-16
5532.0,1.3179401e-14,2.2545106e-16
5533.5,1.33246e-14,2.2728935e-16
5535.0,1.37476e-14,2.2919281e-16
5536.5,1.38775e-14,2.2995632e-16
5538.0,1.39444e-14,2.3051895e-16
5539.5,1.41133e-14,2.3168379e-16
5541.0,1.44077e-14,2.3428467e-16
5542.5,1.47113e-14,2.3626613e-16
5544.0,1.4690699e-14,2.3568544e-16
5545.5,1.46284e-14,2.348976e-16
5547.0,1.49516e-14,2.3596948e-16
5548.5,1.5058199e-14,2.3803075e-16
5550.0,1.5184301e-14,2.3918973e-16
5551.5,1.5572299e-14,2.4035903e-16
5553.0,1.57664e-14,2.4176622e-16
5554.5,1.60131e-14,2.4387627e-16
5556.0,1.6096099e-14,2.4394806e-16
5557.5,1.61932e-14,2.4451673e-16
5559.0,1.60039e-14,2.4367481e-16
5560.5,1.6207001e-14,2.4626107e-16
5562.0,1.6518801e-14,2.479868e-16
5563.5,1.67936e-14,2.4854856e-16
5565.0,1.68151e-14,2.4863574e-16
5566.5,1.7080099e-14,2.5100704e-16
5568.0,1.73226e-14,2.5194137e-16
5569.5,1.71437e-14,2.5098509e-16
5571.0,1.70004e-14,2.527066e-16
5572.5,1.72808e-14,2.6164138e-16
5574.0,1.75558e-14,2.8171199e-16
5575.5,1.7472701e-14,3.0342457e-16
5577.0,1.78957e-14,3.1608204e-16
5578.5,1.82794e-14,3.1619907e-16
5580.0,1.82181e-14,3.042519e-16
5581.5,1.80245e-14,2.8129971e-16
5583.0,1.80986e-14,2.6445075e-16
5584.5,1.8394e-14,2.6023503e-16
5586.0,1.8618299e-14,2.5978942e-16
5587.5,1.8618999e-14,2.5905053e-16
5589.0,1.90126e-14,2.6085759e-16
5590.5,1.89647e-14,2.610728e-16
5592.0,1.87852e-14,2.6001268e-16
5593.5,1.87355e-14,2.5964625e-16
5595.0,1.89272e-14,2.607344e-16
5596.5,1.91311e-14,2.6135838e-16
5598.0,1.8895799e-14,2.6001522e-16
5599.5,1.91311e-14,2.6137826e-16
5601.0,1.93124e-14,2.6255223e-16
5602.5,1.8956499e-14,2.6081827e-16
5604.0,1.8892299e-14,2.6003094e-16
5605.5,1.92723e-14,2.6212074e-16
5607.0,1.9401501e-14,2.6385786e-16
5608.5,1.9318501e-14,2.6360766e-16
5610.0,1.9212601e-14,2.6228527e-16
5611.5,1.89081e-14,2.6091751e-16
5613.0,1.8743999e-14,2.5940316e-16
5614.5,1.91374e-14,2.606266e-16
5616.0,1.9125799e-14,2.6022465e-16
5617.5,1.8746299e-14,2.5860975e-16
5619.0,1.87144e-14,2.5938318e-16
5620.5,1.84269e-14,2.5780505e-16
5622.0,1.8649401e-14,2.5813166e-16
5623.5,1.88018e-14,2.5943337e-16
5625.0,1.8479701e-14,2.5815549e-16
5626.5,1.8478901e-14,2.5802194e-16
5628.0,1.8435801e-14,2.5771e-16
5629.5,1.84711e-14,2.5821969e-16
5631.0,1.86852e-14,2.5951405e-16
5632.5,1.86169e-14,2.5810316e-16
5634.0,1.8567199e-14,2.5758137e-16
5635.5,1.86867e-14,2.5853296e-16
5637.0,1.8639099e-14,2.5818606e-16
5638.5,1.8777901e-14,2.5891373e-16
5640.0,1.8622499e-14,2.5767212e-16
5641.5,1.85552e-14,2.5739023e-16
5643.0,1.8689199e-14,2.588521e-16
5644.5,1.86885e-14,2.5832796e-16
5646.0,1.86812e-14,2.5871469e-16
5647.5,1.86639e-14,2.5908776e-16
5649.0,1.8577101e-14,2.5780127e-16
5650.5,1.86539e-14,2.5811166e-16
5652.0,1.86882e-14,2.5830905e-16
5653.5,1.85958e-14,2.578852e-16
5655.0,1.86266e-14,2.5847759e-16
5656.5,1.8732701e-14,2.589466e-16
5658.0,1.8906001e-14,2.597197e-16
5659.5,1.8996201e-14,2.6044995e-16
5661.0,1.9056801e-14,2.6031427e-16
5662.5,1.8954902e-14,2.589286e-16
5664.0,1.88596e-14,2.5881254e-16
5665.5,1.88897e-14,2.6026719e-16
5667.0,1.88594e-14,2.6037726e-16
5668.5,1.8717698e-14,2.5940292e-16
5670.0,1.8723801e-14,2.5940746e-16
5671.5,1.8675501e-14,2.5969315e-16
5673.0,1.8649299e-14,2.5955515e-16
5674.5,1.8714e-14,2.5910534e-16
5676.0,1.8509001e-14,2.578226e-16
5677.5,1.85653e-14,2.5853783e-16
5679.0,1.8827e-14,2.6037885e-16
5680.5,1.8795099e-14,2.6057096e-16
5682.0,1.82451e-14,2.5865159e-16
5683.5,1.83791e-14,2.5977791e-16
5685.0,1.8542602e-14,2.6107608e-16
5686.5,1.8621099e-14,2.620079e-16
5688.0,1.8681e-14,2.6149998e-16
5689.5,1.8126e-14,2.5826757e-16
5691.0,1.80558e-14,2.5809334e-16
5692.5,1.86968e-14,2.6106168e-16
5694.0,1.88608e-14,2.614885e-16
5695.5,1.86197e-14,2.5999852e-16
5697.0,1.83636e-14,2.5803416e-16
5698.5,1.85114e-14,2.5810363e-16
5700.0,1.84641e-14,2.5769702e-16
5701.5,1.8094499e-14,2.5535026e-16
5703.0,1.8264099e-14,2.5592031e-16
5704.5,1.80015e-14,2.5535194e-16
5706.0,1.80417e-14,2.5480941e-16
5707.5,1.8517799e-14,2.5640454e-16
5709.0,1.8290701e-14,2.550695e-16
5710.5,1.79638e-14,2.5437864e-16
5712.0,1.8215e-14,2.5631371e-16
5713.5,1.7786101e-14,2.5281e-16
5715.0,1.78081e-14,2.5225335e-16
5716.5,1.8010401e-14,2.5347487e-16
5718.0,1.7840599e-14,2.5354889e-16
5719.5,1.81737e-14,2.5492125e-16
5721.0,1.76845e-14,2.5177534e-16
5722.5,1.74127e-14,2.5102306e-16
5724.0,1.7804001e-14,2.5282537e-16
5725.5,1.8094201e-14,2.5397577e-16
5727.0,1.7979499e-14,2.5285847e-16
5728.5,1.7815901e-14,2.5187676e-16
5730.0,1.7762399e-14,2.5191385e-16
5731.5,1.7688999e-14,2.5193149e-16
5733.0,1.7463499e-14,2.5099152e-16
5734.5,1.7354501e-14,2.5034946e-16
5736.0,1.73753e-14,2.503848e-16
5737.5,1.7303401e-14,2.4966757e-16
5739.0,1.6897499e-14,2.4713262e-16
5740.5,1.7239299e-14,2.4858175e-16
5742.0,1.7479201e-14,2.4915691e-16
5743.5,1.71961e-14,2.4735446e-16
5745.0,1.69328e-14,2.4606774e-16
5746.5,1.68393e-14,2.4588995e-16
5748.0,1.6834998e-14,2.4594646e-16
5749.5,1.68785e-14,2.4552297e-16
5751.0,1.6860801e-14,2.456893e-16
5752.5,1.6836701e-14,2.4572048e-16
5754.0,1.66635e-14,2.4485123e-16
5755.5,1.66789e-14,2.4519633e-16
5757.0,1.64772e-14,2.4393153e-16
5758.5,1.63543e-14,2.4343569e-16
5760.0,1.64591e-14,2.4402508e-16
5761.5,1.63652e-14,2.4256287e-16
5763.0,1.6170901e-14,2.42225e-16
5764.5,1.61922e-14,2.4286627e-16
5766.0,1.62531e-14,2.4378538e-16
5767.5,1.5924301e-14,2.4215652e-16
5769.0,1.56695e-14,2.4187764e-16
5770.5,1.5643501e-14,2.4079122e-16
5772.0,1.51622e-14,2.3829673e-16
5773.5,1.5599301e-14,2.3958511e-16
5775.0,1.56616e-14,2.3895417e-16
5776.5,1.53308e-14,2.3709326e-16
5778.0,1.49015e-14,2.3475222e-16
5779.5,1.51017e-14,2.3591002e-16
5781.0,1.5382599e-14,2.3626241e-16
5782.5,1.5011801e-14,2.3401146e-16
5784.0,1.56548e-14,2.3716004e-16
5785.5,1.53574e-14,2.3567231e-16
5787.0,1.5000499e-14,2.3457211e-16
5788.5,1.5261901e-14,2.3694507e-16
5790.0,1.5106499e-14,2.3628651e-16
5791.5,1.51337e-14,2.3705477e-16
5793.0,1.50202e-14,2.3664004e-16
5794.5,1.5082701e-14,2.3596424e-16
5796.0,1.5088399e-14,2.3536192e-16
5797.5,1.4940601e-14,2.3419037e-16
5799.0,1.5028599e-14,2.3540291e-16
5800.5,1.52898e-14,2.3651649e-16
5802.0,1.51416e-14,2.35273e-16
5803.5,1.51383e-14,2.357372e-16
5805.0,1.5331e-14,2.3647616e-16
5806.5,1.50763e-14,2.3538198e-16
5808.0,1.49482e-14,2.3475037e-16
5809.5,1.48745e-14,2.3408219e-16
5811.0,1.48817e-14,2.3435268e-16
5812.5,1.4968001e-14,2.3523039e-16
5814.0,1.50669e-14,2.3536801e-16
5815.5,1.52083e-14,2.3513932e-16
5817.0,1.51923e-14,2.3487609e-16
5818.5,1.54086e-14,2.3713867e-16
5820.0,1.5481399e-14,2.3816128e-16
5821.5,1.51351e-14,2.3617746e-16
5823.0,1.5057999e-14,2.3539159e-16
5824.5,1.5517999e-14,2.3759956e-16
5826.0,1.5627101e-14,2.3908748e-16
5827.5,1.53334e-14,2.3789396e-16
5829.0,1.50843e-14,2.3621808e-16
5830.5,1.55441e-14,2.3933667e-16
5832.0,1.5599201e-14,2.3978319e-16
5833.5,1.5248601e-14,2.3776729e-16
5835.0,1.5358899e-14,2.3773562e-16
5836.5,1.5572401e-14,2.3819459e-16
5838.0,1.56916e-14,2.3823604e-16
5839.5,1.6010901e-14,2.4052004e-16
5841.0,1.60991e-14,2.4129868e-16
5842.5,1.60572e-14,2.4154214e-16
5844.0,1.57367e-14,2.4012836e-16
5845.5,1.5818401e-14,2.4056319e-16
5847.0,1.6142e-14,2.4321226e-16
5848.5,1.61959e-14,2.4352331e-16
5850.0,1.6238501e-14,2.4377739e-16
5851.5,1.6369101e-14,2.4436582e-16
5853.0,1.59704e-14,2.4216618e-16
5854.5,1.59624e-14,2.423499e-16
5856.0,1.60544e-14,2.427397e-16
5857.5,1.64027e-14,2.442095e-16
5859.0,1.65511e-14,2.4555945e-16
5860.5,1.61784e-14,2.4403307e-16
5862.0,1.5860401e-14,2.4188471e-16
5863.5,1.61357e-14,2.4364432e-16
5865.0,1.61451e-14,2.4483941e-16
5866.5,1.6536401e-14,2.4713327e-16
5868.0,1.66735e-14,2.4824207e-16
5869.5,1.65578e-14,2.4768002e-16
5871.0,1.6528e-14,2.4657085e-16
5872.5,1.66313e-14,2.465708e-16
5874.0,1.67535e-14,2.4698202e-16
5875.5,1.65415e-14,2.4535093e-16
5877.0,1.64361e-14,2.4496246e-16
5878.5,1.6428401e-14,2.4514435e-16
5880.0,1.63715e-14,2.4457908e-16
5881.5,1.63276e-14,2.4373397e-16
5883.0,1.6018699e-14,2.4197532e-16
5884.5,1.61649e-14,2.4377269e-16
5886.0,1.62778e-14,2.4617671e-16
5887.5,1.5927601e-14,2.4661621e-16
5889.0,1.5677201e-14,2.4658231e-16
5890.5,1.57422e-14,2.4732814e-16
5892.0,1.59864e-14,2.4819697e-16
5893.5,1.5924401e-14,2.4696215e-16
5895.0,1.5751501e-14,2.4605787e-16
5896.5,1.5539201e-14,2.4457672e-16
5898.0,1.56746e-14,2.4361976e-16
5899.5,1.6187099e-14,2.4483443e-16
5901.0,1.63821e-14,2.4464012e-16
5902.5,1.68039e-14,2.4633058e-16
5904.0,1.7160899e-14,2.4841775e-16
5905.5,1.69189e-14,2.4705151e-16
5907.0,1.6644199e-14,2.4553894e-16
5908.5,1.6555799e-14,2.455406e-16
5910.0,1.65986e-14,2.4604065e-16
5911.5,1.6733e-14,2.4711963e-16
5913.0,1.6639e-14,2.4640923e-16
5914.5,1.6742001e-14,2.4706054e-16
5916.0,1.69643e-14,2.4899081e-16
5917.5,1.66084e-14,2.4768058e-16
5919.0,1.64504e-14,2.459547e-16
5920.5,1.64726e-14,2.4630742e-16
5922.0,1.6356399e-14,2.4573662e-16
5923.5,1.6332599e-14,2.4591482e-16
5925.0,1.6624301e-14,2.4825246e-16
5926.5,1.67715e-14,2.4807026e-16
5928.0,1.63312e-14,2.4549956e-16
5929.5,1.6495501e-14,2.4708597e-16
5931.0,1.67574e-14,2.4931736e-16
5932.5,1.70516e-14,2.5155851e-16
5934.0,1.69807e-14,2.5164014e-16
5935.5,1.66635e-14,2.4895075e-16
5937.0,1.6400299e-14,2.4637048e-16
5938.5,1.61995e-14,2.4448379e-16
5940.0,1.63271e-14,2.4512768e-16
5941.5,1.6554e-14,2.4619025e-16
5943.0,1.6464001e-14,2.4615689e-16
5944.5,1.60576e-14,2.4350103e-16
5946.0,1.6051202e-14,2.4325691e-16
5947.5,1.6582701e-14,2.4620562e-16
5949.0,1.6773199e-14,2.4792508e-16
5950.5,1.69265e-14,2.5008289e-16
5952.0,1.70787e-14,2.5101229e-16
5953.5,1.7114401e-14,2.5170067e-16
5955.0,1.6878001e-14,2.5043068e-16
5956.5,1.68174e-14,2.4902273e-16
5958.0,1.68179e-14,2.4806566e-16
5959.5,1.6861099e-14,2.4851803e-16
5961.0,1.68823e-14,2.4885369e-16
5962.5,1.7014098e-14,2.49558e-16
5964.0,1.7459201e-14,2.5194509e-16
5965.5,1.7381501e-14,2.5110844e-16
5967.0,1.7096201e-14,2.493322e-16
5968.5,1.70355e-14,2.4931984e-16
5970.0,1.7025999e-14,2.5001141e-16
5971.5,1.7119801e-14,2.5048127e-16
5973.0,1.68389e-14,2.4937763e-16
5974.5,1.6718299e-14,2.4836533e-16
5976.0,1.6811e-14,2.4854552e-16
5977.5,1.7009099e-14,2.4876186e-16
5979.0,1.73244e-14,2.50634e-16
5980.5,1.7383e-14,2.5153685e-16
5982.0,1.7198499e-14,2.4971297e-16
5983.5,1.71901e-14,2.4992087e-16
5985.0,1.71191e-14,2.4970713e-16
5986.5,1.7090999e-14,2.4964565e-16
5988.0,1.7180999e-14,2.4920257e-16
5989.5,1.6833799e-14,2.4855325e-16
5991.0,1.7009099e-14,2.4965126e-16
5992.5,1.6901101e-14,2.4827671e-16
5994.0,1.69902e-14,2.4900211e-16
5995.5,1.6955999e-14,2.485213e-16
5997.0,1.6947701e-14,2.4853198e-16
5998.5,1.68517e-14,2.4856178e-16
6000.0,1.73144e-14,2.5020685e-16
6001.5,1.70079e-14,2.4844076e-16
6003.0,1.71394e-14,2.4893376e-16
6004.5,1.7231799e-14,2.4997128e-16
6006.0,1.6955799e-14,2.4873336e-16
6007.5,1.71732e-14,2.4967725e-16
6009.0,1.7060699e-14,2.4866984e-16
6010.5,1.68647e-14,2.4664327e-16
6012.0,1.6877899e-14,2.4740061e-16
6013.5,1.7059e-14,2.4763928e-16
6015.0,1.7158899e-14,2.4874303e-16
6016.5,1.71521e-14,2.4883847e-16
6018.0,1.73058e-14,2.4987921e-16
6019.5,1.7417101e-14,2.497441e-16
6021.0,1.7012301e-14,2.4794228e-16
6022.5,1.6796901e-14,2.4628236e-16
6024.0,1.70047e-14,2.4716807e-16
6025.5,1.7060101e-14,2.4795998e-16
6027.0,1.6977e-14,2.4769742e-16
6028.5,1.68616e-14,2.4712988e-16
6030.0,1.68988e-14,2.4716578e-16
6031.5,1.6687799e-14,2.4576241e-16
6033.0,1.6657401e-14,2.448398e-16
6034.5,1.6803401e-14,2.4529818e-16
6036.0,1.65539e-14,2.4425288e-16
6037.5,1.65385e-14,2.4396276e-16
6039.0,1.6714701e-14,2.4519471e-16
6040.5,1.6670901e-14,2.4535195e-16
6042.0,1.6606501e-14,2.4482454e-16
6043.5,1.6473302e-14,2.4370551e-16
6045.0,1.64456e-14,2.4324877e-16
6046.5,1.6387801e-14,2.4468028e-16
6048.0,1.6330099e-14,2.3360697e-16
6049.5,1.6272301e-14,2.3242722e-16
6051.0,1.6214599e-14,2.3978635e-16
6052.5,1.6214599e-14,2.4136137e-16
6054.0,1.59834e-14,2.3993567e-16
6055.5,1.5613201e-14,2.3720252e-16
6057.0,1.54161e-14,2.3616252e-16
6058.5,1.54213e-14,2.3704286e-16
6060.0,1.52064e-14,2.3572642e-16
6061.5,1.4920399e-14,2.3358152e-16
6063.0,1.46075e-14,2.3179185e-16
6064.5,1.4595601e-14,2.3156637e-16
6066.0,1.44923e-14,2.2877957e-16
6067.5,1.40296e-14,2.2664742e-16
6069.0,1.36033e-14,2.2456575e-16
6070.5,1.3508199e-14,2.2358162e-16
6072.0,1.31402e-14,2.2170722e-16
6073.5,1.3170901e-14,2.2052161e-16
6075.0,1.26917e-14,2.175633e-16
6076.5,1.23839e-14,2.1564015e-16
6078.0,1.19212e-14,2.1268413e-16
6079.5,1.1946901e-14,2.1240825e-16
6081.0,1.15898e-14,2.0970068e-16
6082.5,1.09649e-14,2.0524224e-16
6084.0,1.07075e-14,2.028863e-16
6085.5,1.05189e-14,2.0049275e-16
6087.0,1.0252599e-14,1.9856216e-16
6088.5,9.7674706e-15,1.9607924e-16
6090.0,9.3155803e-15,1.92833e-16
6091.5,9.2585699e-15,1.9206843e-16
6093.0,9.03898e-15,1.8983367e-16
6094.5,8.6671698e-15,1.8816257e-16
6096.0,8.4683601e-15,1.8715298e-16
6097.5,8.0917193e-15,1.8308191e-16
6099.0,7.8772895e-15,1.8152096e-16
6100.5,7.9752302e-15,1.8210648e-16
6102.0,7.7818501e-15,1.7981865e-16
6103.5,7.5108698e-15,1.7746005e-16
6105.0,7.3630397e-15,1.7570405e-16
6106.5,7.08153e-15,1.7329739e-16
6108.0,6.9549901e-15,1.7239649e-16
6109.5,6.81654e-15,1.7106852e-16
6111.0,6.5063701e-15,1.6876408e-16
6112.5,6.2889299e-15,1.6689458e-16
6114.0,6.1822101e-15,1.6570189e-16
6115.5,6.2632399e-15,1.6613841e-16
6117.0,6.3049698e-15,1.6625699e-16
6118.5,6.0342e-15,1.6361346e-16
6120.0,5.93955e-15,1.6282531e-16
6121.5,5.7624897e-15,1.6199109e-16
6123.0,5.5113101e-15,1.6001009e-16
6124.5,5.7708003e-15,1.6084642e-16
6126.0,5.7469102e-15,1.600123e-16
6127.5,5.6575999e-15,1.601062e-16
6129.0,5.6476697e-15,1.5939288e-16
6130.5,5.3962203e-15,1.5619202e-16
6132.0,5.30884e-15,1.5568984e-16
6133.5,5.2155499e-15,1.5528695e-16
6135.0,4.9285201e-15,1.5288134e-16
6136.5,4.9160001e-15,1.5291326e-16
6138.0,4.76369e-15,1.5180865e-16
6139.5,4.7910098e-15,1.5211676e-16
6141.0,4.63846e-15,1.512676e-16
6142.5,4.52485e-15,1.4972175e-16
6144.0,4.47186e-15,1.4858394e-16
6145.5,4.4443497e-15,1.4910275e-16
6147.0,4.8477301e-15,1.5217685e-16
6148.5,4.5455299e-15,1.4912611e-16
6150.0,4.5360499e-15,1.4960189e-16
6151.5,4.4498202e-15,1.4918887e-16
6153.0,4.5328697e-15,1.4989335e-16
6154.5,4.4148797e-15,1.4924189e-16
6156.0,4.6007598e-15,1.5087301e-16
6157.5,4.55203e-15,1.5023305e-16
6159.0,4.3353302e-15,1.4950719e-16
6160.5,4.6964402e-15,1.5065551e-16
6162.0,4.6277802e-15,1.4990497e-16
6163.5,4.5321997e-15,1.5016871e-16
6165.0,4.5452999e-15,1.4925223e-16
6166.5,4.5634798e-15,1.4934845e-16
6168.0,4.76503e-15,1.5030641e-16
6169.5,4.7094401e-15,1.5041463e-16
6171.0,4.6202598e-15,1.505994e-16
6172.5,4.65997e-15,1.5120574e-16
6174.0,4.8957602e-15,1.5240854e-16
6175.5,4.8756e-15,1.5255706e-16
6177.0,4.7866603e-15,1.5137122e-16
6178.5,4.8605601e-15,1.5181131e-16
6180.0,5.1336397e-15,1.5389199e-16
6181.5,5.1241597e-15,1.5396892e-16
6183.0,5.02989e-15,1.5331821e-16
6184.5,5.13134e-15,1.5464089e-16
6186.0,5.1757203e-15,1.5578902e-16
6187.5,4.9662401e-15,1.5389137e-16
6189.0,5.0917903e-15,1.5416348e-16
6190.5,5.5173503e-15,1.5732653e-16
6192.0,5.6649898e-15,1.5886541e-16
6193.5,5.6017698e-15,1.5952715e-16
6195.0,5.62816e-15,1.604052e-16
6196.5,5.4864603e-15,1.5823092e-16
6198.0,5.53436e-15,1.595502e-16
6199.5,6.0521597e-15,1.6305933e-16
6201.0,5.71101e-15,1.6042476e-16
6202.5,5.9346398e-15,1.6247919e-16
6204.0,6.22025e-15,1.6512855e-16
6205.5,6.20508e-15,1.6546369e-16
6207.0,5.8566098e-15,1.616378e-16
6208.5,6.3512999e-15,1.6490277e-16
6210.0,6.52038e-15,1.6527256e-16
6211.5,6.4263403e-15,1.6583297e-16
6213.0,6.5817399e-15,1.6807002e-16
6214.5,6.8291701e-15,1.7001334e-16
6216.0,6.8091797e-15,1.6934136e-16
6217.5,6.94847e-15,1.7101117e-16
6219.0,6.8816599e-15,1.7109242e-16
6220.5,7.1383304e-15,1.73057e-16
6222.0,7.1958397e-15,1.7473491e-16
6223.5,7.4081103e-15,1.7522523e-16
6225.0,7.4674001e-15,1.755325e-16
6226.5,7.5774204e-15,1.7680622e-16
6228.0,7.3650099e-15,1.7638749e-16
6229.5,8.1086998e-15,1.805349e-16
6231.0,7.7589895e-15,1.7768345e-16
6232.5,7.9998103e-15,1.8153748e-16
6234.0,8.4466896e-15,1.8624324e-16
6235.5,8.6183595e-15,1.888782e-16
6237.0,8.8866699e-15,1.9049282e-16
6238.5,8.8406099e-15,1.9002509e-16
6240.0,8.81975e-15,1.8936865e-16
6241.5,8.7386399e-15,1.8828036e-16
6243.0,8.9189198e-15,1.8819384e-16
6244.5,9.2253797e-15,1.9038734e-16
6246.0,9.2614201e-15,1.9052602e-16
6247.5,9.3205795e-15,1.9059035e-16
6249.0,9.4705695e-15,1.9184074e-16
6250.5,9.69061e-15,1.9458492e-16
6252.0,9.9530598e-15,1.9663775e-16
6253.5,1.0006601e-14,1.9610295e-16
6255.0,9.99455e-15,1.9731773e-16
6256.5,1.00837e-14,2.0048228e-16
6258.0,1.0363e-14,2.0307515e-16
6259.5,1.06918e-14,2.0452272e-16
6261.0,1.0874699e-14,2.0448057e-16
6262.5,1.08528e-14,2.0423988e-16
6264.0,1.12402e-14,2.0812063e-16
6265.5,1.16362e-14,2.1053183e-16
6267.0,1.16903e-14,2.0985015e-16
6268.5,1.15063e-14,2.0785512e-16
6270.0,1.13604e-14,2.0834076e-16
6271.5,1.1780599e-14,2.1137214e-16
6273.0,1.19898e-14,2.1248944e-16
6274.5,1.21798e-14,2.1654043e-16
6276.0,1.24403e-14,2.1960871e-16
6277.5,1.2103599e-14,2.1572092e-16
6279.0,1.16842e-14,2.1281367e-16
6280.5,1.19945e-14,2.16016e-16
6282.0,1.2375101e-14,2.1866985e-16
6283.5,1.26761e-14,2.189455e-16
6285.0,1.27954e-14,2.1933049e-16
6286.5,1.27279e-14,2.2014485e-16
6288.0,1.28088e-14,2.1975913e-16
6289.5,1.3052e-14,2.2324225e-16
6291.0,1.33844e-14,2.2405939e-16
6292.5,1.3369001e-14,2.2312233e-16
6294.0,1.33673e-14,2.2399723e-16
6295.5,1.3590101e-14,2.2657228e-16
6297.0,1.34102e-14,2.2845491e-16
6298.5,1.33582e-14,2.3126512e-16
6300.0,1.35836e-14,2.3463824e-16
6301.5,1.36132e-14,2.3371881e-16
6303.0,1.3623299e-14,2.3349101e-16
6304.5,1.3827e-14,2.3285829e-16
6306.0,1.4111499e-14,2.3018448e-16
6307.5,1.42426e-14,2.2878115e-16
6309.0,1.4002901e-14,2.2572275e-16
6310.5,1.40141e-14,2.2495559e-16
6312.0,1.4484299e-14,2.279512e-16
6313.5,1.45118e-14,2.2776975e-16
6315.0,1.43203e-14,2.265226e-16
6316.5,1.45022e-14,2.2814055e-16
6318.0,1.45161e-14,2.27921e-16
6319.5,1.46286e-14,2.2766322e-16
6321.0,1.45798e-14,2.2733058e-16
6322.5,1.4382599e-14,2.2695496e-16
6324.0,1.47051e-14,2.2851259e-16
6325.5,1.4937101e-14,2.2917573e-16
6327.0,1.4984901e-14,2.3093637e-16
6328.5,1.48466e-14,2.3166819e-16
6330.0,1.47722e-14,2.3161374e-16
6331.5,1.5176e-14,2.3368849e-16
6333.0,1.5288299e-14,2.3270028e-16
6334.5,1.53068e-14,2.3106788e-16
6336.0,1.5636501e-14,2.3278319e-16
6337.5,1.5683e-14,2.331475e-16
6339.0,1.56208e-14,2.3367733e-16
6340.5,1.5603501e-14,2.3400746e-16
6342.0,1.57254e-14,2.3434097e-16
6343.5,1.5603201e-14,2.3383933e-16
6345.0,1.5444401e-14,2.321321e-16
6346.5,1.5470701e-14,2.3354661e-16
6348.0,1.56753e-14,2.3486674e-16
6349.5,1.56892e-14,2.3363586e-16
6351.0,1.5308899e-14,2.3115993e-16
6352.5,1.5143201e-14,2.3148246e-16
6354.0,1.5196801e-14,2.324825e-16
6355.5,1.56072e-14,2.3420013e-16
6357.0,1.5741499e-14,2.3512189e-16
6358.5,1.52487e-14,2.3101302e-16
6360.0,1.5129401e-14,2.294512e-16
6361.5,1.5659899e-14,2.3334057e-16
6363.0,1.57982e-14,2.3598564e-16
6364.5,1.5541399e-14,2.3435958e-16
6366.0,1.5738101e-14,2.3606903e-16
6367.5,1.56082e-14,2.3493251e-16
6369.0,1.54959e-14,2.3234126e-16
6370.5,1.54899e-14,2.3196745e-16
6372.0,1.56217e-14,2.3138379e-16
6373.5,1.5578301e-14,2.3071072e-16
6375.0,1.5285301e-14,2.2961828e-16
6376.5,1.5521401e-14,2.3144733e-16
6378.0,1.56484e-14,2.3315837e-16
6379.5,1.5670901e-14,2.3283918e-16
6381.0,1.57169e-14,2.3272321e-16
6382.5,1.54664e-14,2.3193727e-16
6384.0,1.5200901e-14,2.3082141e-16
6385.5,1.5389699e-14,2.3204068e-16
6387.0,1.57537e-14,2.3291555e-16
6388.5,1.5518199e-14,2.318896e-16
6390.0,1.5572501e-14,2.3240693e-16
6391.5,1.5738201e-14,2.332235e-16
6393.0,1.5852801e-14,2.3357851e-16
6394.5,1.5809201e-14,2.3331858e-16
6396.0,1.56732e-14,2.3255156e-16
6397.5,1.57473e-14,2.3220315e-16
6399.0,1.5606201e-14,2.3104745e-16
6400.5,1.5538101e-14,2.3109792e-16
6402.0,1.56859e-14,2.3263812e-16
6403.5,1.54454e-14,2.3150533e-16
6405.0,1.5294e-14,2.3034904e-16
6406.5,1.5213899e-14,2.2997259e-16
6408.0,1.52565e-14,2.2997738e-16
6409.5,1.53575e-14,2.2975525e-16
6411.0,1.53139e-14,2.2957903e-16
6412.5,1.53911e-14,2.3094564e-16
6414.0,1.5231201e-14,2.3037047e-16
6415.5,1.5381e-14,2.3091257e-16
6417.0,1.52566e-14,2.3056888e-16
6418.5,1.51541e-14,2.3039879e-16
6420.0,1.49937e-14,2.2914785e-16
6421.5,1.48232e-14,2.276613e-16
6423.0,1.5271901e-14,2.3019497e-16
6424.5,1.5366801e-14,2.3094033e-16
6426.0,1.53806e-14,2.3086535e-16
6427.5,1.49923e-14,2.2811891e-16
6429.0,1.5172899e-14,2.2884265e-16
6430.5,1.4923299e-14,2.2672087e-16
6432.0,1.49989e-14,2.2825121e-16
6433.5,1.52843e-14,2.3004908e-16
6435.0,1.53749e-14,2.3008951e-16
6436.5,1.5088899e-14,2.2966706e-16
6438.0,1.46104e-14,2.2701251e-16
6439.5,1.50232e-14,2.2830077e-16
6441.0,1.49547e-14,2.2698009e-16
6442.5,1.49243e-14,2.27586e-16
6444.0,1.47214e-14,2.2666835e-16
6445.5,1.48376e-14,2.2790408e-16
6447.0,1.47602e-14,2.2701508e-16
6448.5,1.4498101e-14,2.2563049e-16
6450.0,1.46614e-14,2.2642529e-16
6451.5,1.47562e-14,2.2702852e-16
6453.0,1.43849e-14,2.2472237e-16
6454.5,1.4274201e-14,2.2407857e-16
6456.0,1.44183e-14,2.2533326e-16
6457.5,1.43837e-14,2.2567464e-16
6459.0,1.4203301e-14,2.2472839e-16
6460.5,1.4349301e-14,2.254215e-16
6462.0,1.4432699e-14,2.2540073e-16
6463.5,1.42126e-14,2.2423905e-16
6465.0,1.41326e-14,2.2423267e-16
6466.5,1.4056501e-14,2.2399739e-16
6468.0,1.38404e-14,2.2312599e-16
6469.5,1.38773e-14,2.2304516e-16
6471.0,1.37912e-14,2.2295962e-16
6472.5,1.37276e-14,2.2262348e-16
6474.0,1.3772701e-14,2.2073384e-16
6475.5,1.3840999e-14,2.20039e-16
6477.0,1.35944e-14,2.1943072e-16
6478.5,1.33726e-14,2.1884152e-16
6480.0,1.34704e-14,2.19407e-16
6481.5,1.34892e-14,2.1934437e-16
6483.0,1.33765e-14,2.1872489e-16
6484.5,1.3624e-14,2.1991902e-16
6486.0,1.37536e-14,2.2051304e-16
6487.5,1.3625e-14,2.1963637e-16
6489.0,1.3440699e-14,2.1788592e-16
6490.5,1.34293e-14,2.1721278e-16
6492.0,1.36261e-14,2.1787785e-16
6493.5,1.33408e-14,2.1695889e-16
6495.0,1.2975799e-14,2.1605453e-16
6496.5,1.31095e-14,2.1867662e-16
6498.0,1.31248e-14,2.1996845e-16
6499.5,1.30093e-14,2.1892967e-16
6501.0,1.31542e-14,2.1987293e-16
6502.5,1.3386e-14,2.2066645e-16
6504.0,1.33204e-14,2.1882859e-16
6505.5,1.29864e-14,2.1746476e-16
6507.0,1.32711e-14,2.1897611e-16
6508.5,1.34094e-14,2.1955782e-16
6510.0,1.29813e-14,2.1741054e-16
6511.5,1.29254e-14,2.1579135e-16
6513.0,1.2660401e-14,2.136682e-16
6514.5,1.231e-14,2.1209374e-16
6516.0,1.25808e-14,2.1350968e-16
6517.5,1.2692099e-14,2.1348892e-16
6519.0,1.27794e-14,2.1436471e-16
6520.5,1.2961001e-14,2.1642281e-16
6522.0,1.26255e-14,2.1520646e-16
6523.5,1.2489199e-14,2.1399979e-16
6525.0,1.27346e-14,2.1488223e-16
6526.5,1.28322e-14,2.1589713e-16
6528.0,1.27461e-14,2.1593328e-16
6529.5,1.27331e-14,2.1618763e-16
6531.0,1.25156e-14,2.1541852e-16
6532.5,1.2396901e-14,2.1519059e-16
6534.0,1.26169e-14,2.1656672e-16
6535.5,1.2503601e-14,2.1535224e-16
6537.0,1.24433e-14,2.1354819e-16
6538.5,1.2542e-14,2.1360123e-16
6540.0,1.25788e-14,2.1479576e-16
6541.5,1.24649e-14,2.1460345e-16
6543.0,1.21472e-14,2.1301832e-16
6544.5,1.20743e-14,2.1261699e-16
6546.0,1.22086e-14,2.1205722e-16
6547.5,1.22415e-14,2.117236e-16
6549.0,1.20696e-14,2.1130207e-16
6550.5,1.19022e-14,2.1089938e-16
6552.0,1.1816399e-14,2.1175793e-16
6553.5,1.19932e-14,2.1300569e-16
6555.0,1.20428e-14,2.1234879e-16
6556.5,1.2025699e-14,2.1127321e-16
6558.0,1.21909e-14,2.1195755e-16
6559.5,1.22603e-14,2.1169198e-16
6561.0,1.20856e-14,2.0948413e-16
6562.5,1.20225e-14,2.091065e-16
6564.0,1.16446e-14,2.0736957e-16
6565.5,1.1833e-14,2.0930257e-16
6567.0,1.22072e-14,2.116459e-16
6568.5,1.21632e-14,2.1131784e-16
6570.0,1.21349e-14,2.1080904e-16
6571.5,1.1817799e-14,2.0884655e-16
6573.0,1.1795201e-14,2.0919637e-16
6574.5,1.18721e-14,2.0978924e-16
6576.0,1.1934499e-14,2.1012252e-16
6577.5,1.16334e-14,2.0873748e-16
6579.0,1.16226e-14,2.0983914e-16
6580.5,1.17189e-14,2.1014005e-16
6582.0,1.1949899e-14,2.0981256e-16
6583.5,1.18159e-14,2.096375e-16
6585.0,1.16094e-14,2.0746021e-16
6586.5,1.1971599e-14,2.0964634e-16
6588.0,1.19299e-14,2.0967435e-16
6589.5,1.17548e-14,2.0898455e-16
6591.0,1.1485601e-14,2.0773519e-16
6592.5,1.1845701e-14,2.0963946e-16
6594.0,1.18286e-14,2.1004949e-16
6595.5,1.17928e-14,2.0882957e-16
6597.0,1.1671601e-14,2.0842176e-16
6598.5,1.15208e-14,2.0868137e-16
6600.0,1.13962e-14,2.0838177e-16
6601.5,1.1546601e-14,2.0931182e-16
6603.0,1.17126e-14,2.0992177e-16
6604.5,1.13562e-14,2.0793328e-16
6606.0,1.14625e-14,2.0801867e-16
6607.5,1.11895e-14,2.0616939e-16
6609.0,1.11094e-14,2.0524273e-16
6610.5,1.11446e-14,2.0568665e-16
6612.0,1.1057e-14,2.0745591e-16
6613.5,1.0604399e-14,2.0832904e-16
6615.0,1.02842e-14,2.1021561e-16
6616.5,1.039e-14,2.1265435e-16
6618.0,1.0444801e-14,2.1257978e-16
6619.5,1.03583e-14,2.0853187e-16
6621.0,1.04899e-14,2.0481834e-16
6622.5,1.09246e-14,2.04784e-16
6624.0,1.11839e-14,2.0522671e-16
6625.5,1.12739e-14,2.0553153e-16
6627.0,1.13241e-14,2.058015e-16
6628.5,1.11502e-14,2.048112e-16
6630.0,1.11652e-14,2.0475835e-16
6631.5,1.09324e-14,2.0378514e-16
6633.0,1.07278e-14,2.0333033e-16
6634.5,1.09033e-14,2.0527959e-16
6636.0,1.11132e-14,2.0703979e-16
6637.5,1.06534e-14,2.0527435e-16
6639.0,1.03133e-14,2.0316057e-16
6640.5,1.07148e-14,2.0486156e-16
6642.0,1.08036e-14,2.0392887e-16
6643.5,1.0559e-14,2.0161297e-16
6645.0,1.04872e-14,2.0194046e-16
6646.5,1.09586e-14,2.0442645e-16
6648.0,1.07767e-14,2.0275186e-16
6649.5,1.04552e-14,2.0062618e-16
6651.0,1.0772601e-14,2.0178049e-16
6652.5,1.00168e-14,1.9643901e-16
6654.0,1.02592e-14,1.9850402e-16
6655.5,1.0671699e-14,2.0141071e-16
6657.0,1.05121e-14,2.0198299e-16
6658.5,1.02041e-14,1.994858e-16
6660.0,1.0408399e-14,2.0069017e-16
6661.5,1.06833e-14,2.0122175e-16
6663.0,1.0633099e-14,2.0063381e-16
6664.5,1.07556e-14,2.0192189e-16
6666.0,1.07652e-14,2.0154759e-16
6667.5,1.05423e-14,1.9997952e-16
6669.0,1.03118e-14,1.9939947e-16
6670.5,1.03576e-14,1.9901225e-16
6672.0,1.03638e-14,1.9886392e-16
6673.5,1.0312801e-14,1.9852474e-16
6675.0,1.00311e-14,1.9691678e-16
6676.5,1.0350001e-14,1.9853551e-16
6678.0,1.04272e-14,1.9852297e-16
6679.5,1.01739e-14,1.9716065e-16
6681.0,1.0029001e-14,1.9630943e-16
6682.5,1.00346e-14,1.9589297e-16
6684.0,9.7768702e-15,1.9450943e-16
6685.5,9.7363396e-15,1.9460311e-16
6687.0,1.02232e-14,1.9742416e-16
6688.5,1.0335499e-14,1.9817849e-16
6690.0,1.00914e-14,1.9712233e-16
6691.5,9.8714304e-15,1.9553722e-16
6693.0,9.7676494e-15,1.9460832e-16
6694.5,9.6263202e-15,1.935771e-16
6696.0,9.6821295e-15,1.9405507e-16
6697.5,9.9856003e-15,1.9687816e-16
6699.0,1.00844e-14,1.972148e-16
6700.5,1.0114e-14,1.9713288e-16
6702.0,1.00268e-14,1.9712379e-16
6703.5,1.0028e-14,1.9701015e-16
6705.0,1.00158e-14,1.9684365e-16
6706.5,9.8640299e-15,1.958513e-16
6708.0,9.8179801e-15,1.9488091e-16
6709.5,9.8477601e-15,1.9429954e-16
6711.0,9.8062893e-15,1.9405427e-16
6712.5,9.7121297e-15,1.932843e-16
6714.0,9.7714703e-15,1.9384006e-16
6715.5,9.8457407e-15,1.946539e-16
6717.0,9.8108099e-15,1.9394914e-16
6718.5,9.9024496e-15,1.9490042e-16
6720.0,9.7162396e-15,1.9379848e-16
6721.5,9.4286202e-15,1.9090946e-16
6723.0,9.5222106e-15,1.9175502e-16
6724.5,9.5089706e-15,1.9216499e-16
6726.0,9.4230603e-15,1.9117862e-16
6727.5,9.32989e-15,1.9168921e-16
6729.0,9.67247e-15,1.9316643e-16
6730.5,9.7218901e-15,1.9392846e-16
6732.0,9.4900707e-15,1.9338777e-16
6733.5,9.5641607e-15,1.9300084e-16
6735.0,9.4906899e-15,1.9312559e-16
6736.5,9.4833902e-15,1.9235645e-16
6738.0,9.4629098e-15,1.9179661e-16
6739.5,9.51491e-15,1.9284431e-16
6741.0,9.5089105e-15,1.9265702e-16
6742.5,9.3704595e-15,1.9089496e-16
6744.0,9.3430699e-15,1.9122589e-16
6745.5,9.3401501e-15,1.9274873e-16
6747.0,9.3711795e-15,1.9243832e-16
6748.5,9.5126399e-15,1.927502e-16
6750.0,9.5650399e-15,1.9269909e-16
6751.5,9.2632201e-15,1.8982919e-16
6753.0,9.0413796e-15,1.8879545e-16
6754.5,9.2781499e-15,1.9006493e-16
6756.0,9.3965193e-15,1.9031465e-16
6757.5,9.2381598e-15,1.8893054e-16
6759.0,9.0684406e-15,1.8807375e-16
6760.5,9.1132698e-15,1.8896901e-16
6762.0,9.0282201e-15,1.8782289e-16
6763.5,8.9604905e-15,1.8731855e-16
6765.0,9.0038798e-15,1.8783164e-16
6766.5,8.9663604e-15,1.8756766e-16
6768.0,8.9648798e-15,1.884738e-16
6769.5,8.7632801e-15,1.8775095e-16
6771.0,8.5735794e-15,1.8662957e-16
6772.5,8.6155499e-15,1.8745784e-16
6774.0,8.5013902e-15,1.8671623e-16
6775.5,8.53961e-15,1.8602369e-16
6777.0,8.73226e-15,1.8605577e-16
6778.5,8.7556695e-15,1.8611405e-16
6780.0,8.6649107e-15,1.8538924e-16
6781.5,8.5033799e-15,1.8462129e-16
6783.0,8.4221096e-15,1.8488429e-16
6784.5,8.6570503e-15,1.8616155e-16
6786.0,8.4959895e-15,1.8614857e-16
6787.5,8.35711e-15,1.8453032e-16
6789.0,8.4630806e-15,1.8434649e-16
6790.5,8.4177507e-15,1.8387807e-16
6792.0,8.4475299e-15,1.8318588e-16
6793.5,8.5538706e-15,1.8265711e-16
6795.0,8.4110804e-15,1.8185721e-16
6796.5,8.1225005e-15,1.8001175e-16
6798.0,8.1229401e-15,1.8139027e-16
6799.5,8.2589905e-15,1.8228933e-16
6801.0,8.6983296e-15,1.8395982e-16
6802.5,8.5433505e-15,1.8340711e-16
6804.0,8.2585602e-15,1.8086358e-16
6805.5,8.2772907e-15,1.8063949e-16
6807.0,8.57975e-15,1.8348025e-16
6808.5,7.9815406e-15,1.7904885e-16
6810.0,7.9249402e-15,1.7776831e-16
6811.5,8.0174201e-15,1.7862357e-16
6813.0,8.0900405e-15,1.7982672e-16
6814.5,8.0207498e-15,1.8039149e-16
6816.0,8.3721905e-15,1.8219234e-16
6817.5,8.4947698e-15,1.8175071e-16
6819.0,8.20692e-15,1.797091e-16
6820.5,8.1645006e-15,1.8003044e-16
6822.0,8.1987893e-15,1.8071441e-16
6823.5,8.1334492e-15,1.8025528e-16
6825.0,7.92534e-15,1.7968711e-16
6826.5,7.9054102e-15,1.8145058e-16
6828.0,8.0156498e-15,1.8343037e-16
6829.5,7.9825605e-15,1.8523449e-16
6831.0,7.9350301e-15,1.8619437e-16
6832.5,7.8222502e-15,1.850328e-16
6834.0,7.6667798e-15,1.8331486e-16
6835.5,7.9132799e-15,1.8343856e-16
6837.0,7.9513998e-15,1.8196783e-16
6838.5,7.9331005e-15,1.8080886e-16
6840.0,7.8444501e-15,1.7891913e-16
6841.5,7.8092601e-15,1.7908963e-16
6843.0,7.8876504e-15,1.8109133e-16
6844.5,7.7322902e-15,1.7908334e-16
6846.0,7.7863902e-15,1.7858036e-16
6847.5,8.0168306e-15,1.8138783e-16
6849.0,7.9593399e-15,1.8128517e-16
6850.5,7.9166096e-15,1.7886525e-16
6852.0,7.8911199e-15,1.7653827e-16
6853.5,7.8831298e-15,1.769797e-16
6855.0,8.1091699e-15,1.8108437e-16
6856.5,7.7420904e-15,1.7716089e-16
6858.0,7.6634001e-15,1.7649631e-16
6859.5,7.96486e-15,1.7924347e-16
6861.0,8.0211894e-15,1.8380191e-16
6862.5,7.9864704e-15,1.882499e-16
6864.0,7.6311206e-15,1.8950437e-16
6865.5,7.9321002e-15,1.9710158e-16
6867.0,7.8523105e-15,2.0813259e-16
6868.5,7.9832398e-15,2.1586328e-16
6870.0,7.95744e-15,2.1861776e-16
6871.5,7.7500999e-15,2.1449556e-16
6873.0,7.2919203e-15,2.0544738e-16
6874.5,7.8668896e-15,2.072641e-16
6876.0,7.5637001e-15,1.9953578e-16
6877.5,7.5510895e-15,1.9269756e-16
6879.0,7.8546102e-15,1.9243441e-16
6880.5,7.8806599e-15,1.8905312e-16
6882.0,8.0259997e-15,1.8931886e-16
6883.5,7.8034198e-15,1.8528803e-16
6885.0,7.7724099e-15,1.8505499e-16
6886.5,7.7784797e-15,1.9026629e-16
6888.0,7.77628e-15,1.9512873e-16
6889.5,7.8661095e-15,1.976971e-16
6891.0,7.8721802e-15,1.9682707e-16
6892.5,7.8491003e-15,1.9401213e-16
6894.0,7.5577006e-15,1.8880947e-16
6895.5,7.4586401e-15,1.8704629e-16
6897.0,7.7237004e-15,1.9103031e-16
6898.5,8.0503705e-15,1.9418872e-16
6900.0,8.0420798e-15,1.9420374e-16
6901.5,7.8227702e-15,1.9131534e-16
6903.0,7.7276002e-15,1.899967e-16
6904.5,7.7327603e-15,1.8958595e-16
6906.0,7.7172901e-15,1.8780517e-16
6907.5,7.7143001e-15,1.8705189e-16
6909.0,7.5223302e-15,1.8605062e-16
6910.5,7.5027197e-15,1.8599751e-16
6912.0,7.3313302e-15,1.8405255e-16
6913.5,7.2909394e-15,1.8321915e-16
6915.0,7.5002396e-15,1.8408725e-16
6916.5,7.5582596e-15,1.8289502e-16
6918.0,7.5513097e-15,1.8240932e-16
6919.5,7.7139706e-15,1.8532268e-16
6921.0,7.7816798e-15,1.8658625e-16
6922.5,7.6380103e-15,1.8475416e-16
6924.0,7.5864099e-15,1.8555885e-16
6925.5,7.33518e-15,1.8757626e-16
6927.0,7.3036703e-15,1.8614237e-16
6928.5,7.3801295e-15,1.804273e-16
6930.0,7.4418705e-15,1.7853196e-16
6931.5,7.4543397e-15,1.817699e-16
6933.0,7.3974301e-15,1.8425288e-16
6934.5,7.4992401e-15,1.8254164e-16
6936.0,7.4979704e-15,1.806365e-16
6937.5,7.3863806e-15,1.8387845e-16
6939.0,7.1163498e-15,1.8326405e-16
6940.5,7.3205297e-15,1.839452e-16
6942.0,7.1687702e-15,1.8382242e-16
6943.5,7.1569303e-15,1.8220196e-16
6945.0,7.3566099e-15,1.8138187e-16
6946.5,7.3661001e-15,1.8285169e-16
6948.0,7.03382e-15,1.8077905e-16
6949.5,6.9114098e-15,1.8017793e-16
6951.0,7.09575e-15,1.8239354e-16
6952.5,7.0723198e-15,1.7920361e-16
6954.0,7.2098199e-15,1.7761804e-16
6955.5,7.2965595e-15,1.7975047e-16
6957.0,7.1942803e-15,1.7898054e-16
6958.5,7.0186903e-15,1.7804234e-16
6960.0,7.0151201e-15,1.7857131e-16
6961.5,7.0741202e-15,1.7753034e-16
6963.0,6.9156598e-15,1.7330223e-16
6964.5,6.7069602e-15,1.7096443e-16
6966.0,6.8988098e-15,1.7306346e-16
6967.5,7.0979298e-15,1.7332445e-16
6969.0,6.8834603e-15,1.7182076e-16
6970.5,6.9513504e-15,1.7327146e-16
6972.0,6.9760198e-15,1.7261789e-16
6973.5,6.8378602e-15,1.719256e-16
6975.0,6.98724e-15,1.7524172e-16
6976.5,7.0933199e-15,1.768945e-16
6978.0,7.06955e-15,1.7540585e-16
6979.5,7.16309e-15,1.7635638e-16
6981.0,7.1665501e-15,1.7753485e-16
6982.5,6.8565102e-15,1.7268228e-16
6984.0,6.8397597e-15,1.7259125e-16
6985.5,7.2618599e-15,1.7809894e-16
6987.0,7.2957904e-15,1.7614802e-16
6988.5,7.0502703e-15,1.7189171e-16
6990.0,6.98108e-15,1.7175425e-16
6991.5,6.8246499e-15,1.7084393e-16
6993.0,6.7623299e-15,1.6950549e-16
6994.5,6.8445302e-15,1.7032517e-16
6996.0,6.6651303e-15,1.7077962e-16
6997.5,6.5810098e-15,1.6994867e-16
6999.0,6.6925801e-15,1.6990184e-16
7000.5,6.79696e-15,1.7056449e-16
7002.0,6.91194e-15,1.6945338e-16
7003.5,6.9504e-15,1.7027363e-16
7005.0,7.1821397e-15,1.7470119e-16
7006.5,6.90944e-15,1.7170048e-16
7008.0,6.5123501e-15,1.6739961e-16
7009.5,6.5779901e-15,1.6808874e-16
7011.0,6.8599301e-15,1.7082266e-16
7012.5,6.9810901e-15,1.7314316e-16
7014.0,6.8917798e-15,1.7220207e-16
7015.5,6.6423502e-15,1.7029462e-16
7017.0,6.7184002e-15,1.6876309e-16
7018.5,6.5686998e-15,1.6541131e-16
7020.0,6.50044e-15,1.659646e-16
7021.5,6.6259301e-15,1.6846946e-16
7023.0,6.5434299e-15,1.6452251e-16
7024.5,6.43361e-15,1.6437998e-16
7026.0,6.4817799e-15,1.6965744e-16
7027.5,6.5285302e-15,1.687968e-16
7029.0,6.5610101e-15,1.6914814e-16
7030.5,6.59349e-15,1.7208671e-16
7032.0,6.6259597e-15,1.7175279e-16
7033.5,6.65844e-15,2.003978e-16
7035.0,6.6909199e-15,2.1262026e-16
7036.5,6.7234003e-15,1.689758e-16
7038.0,6.7234003e-15,1.7136324e-16
7039.5,6.4716803e-15,1.6754277e-16
7041.0,6.3976699e-15,1.6503188e-16
7042.5,6.7432598e-15,1.6738819e-16
7044.0,6.64896e-15,1.6766969e-16
7045.5,6.4441098e-15,1.6655039e-16
7047.0,6.7645301e-15,1.6834349e-16
7048.5,6.8107802e-15,1.6907041e-16
7050.0,6.4000403e-15,1.6712776e-16
7051.5,6.2670202e-15,1.6608261e-16
7053.0,6.4453604e-15,1.6766757e-16
7054.5,6.5298799e-15,1.673457e-16
7056.0,6.5033398e-15,1.64654e-16
7057.5,6.4747499e-15,1.649688e-16
7059.0,6.66547e-15,1.6641244e-16
7060.5,6.6453398e-15,1.6460222e-16
7062.0,6.3914599e-15,1.6268176e-16
7063.5,6.3940201e-15,1.622311e-16
7065.0,6.4692501e-15,1.640091e-16
7066.5,6.5271902e-15,1.6598625e-16
7068.0,6.6652997e-15,1.6816899e-16
7069.5,6.7316199e-15,1.6936423e-16
7071.0,6.5018901e-15,1.6466289e-16
7072.5,6.4537803e-15,1.6202307e-16
7074.0,6.3944601e-15,1.6310616e-16
7075.5,6.3111599e-15,1.6420809e-16
7077.0,6.5076999e-15,1.6710864e-16
7078.5,6.5633102e-15,1.6608128e-16
7080.0,6.6886202e-15,1.6475022e-16
7081.5,6.5088502e-15,1.6327271e-16
7083.0,6.4594898e-15,1.6419531e-16
7084.5,6.5658102e-15,1.6477152e-16
7086.0,6.2864198e-15,1.6174358e-16
7087.5,5.7907602e-15,1.6009703e-16
7089.0,6.0560099e-15,1.6688294e-16
7090.5,6.5195198e-15,1.6893041e-16
7092.0,6.3179997e-15,1.6268264e-16
7093.5,6.3361601e-15,1.6238968e-16
7095.0,6.27739e-15,1.6003953e-16
7096.5,6.3223903e-15,1.6070366e-16
7098.0,6.3150503e-15,1.6181771e-16
7099.5,6.53929e-15,1.650231e-16
7101.0,6.54516e-15,1.6197516e-16
7102.5,6.1216998e-15,1.5854465e-16
7104.0,6.23272e-15,1.6063817e-16
7105.5,6.2880401e-15,1.6197143e-16
7107.0,6.5710902e-15,1.6532291e-16
7108.5,6.6558701e-15,1.6625445e-16
7110.0,6.5529099e-15,1.6312839e-16
7111.5,6.4120796e-15,1.6020975e-16
7113.0,6.26101e-15,1.6021014e-16
7114.5,6.3504101e-15,1.6236881e-16
7116.0,6.3852401e-15,1.6292591e-16
7117.5,6.4251498e-15,1.6379149e-16
7119.0,6.5854601e-15,1.650371e-16
7120.5,6.62997e-15,1.6563e-16
7122.0,6.5996398e-15,1.6521942e-16
7123.5,6.3830899e-15,1.6470862e-16
7125.0,6.2090704e-15,1.6178181e-16
7126.5,6.2478099e-15,1.5987223e-16
7128.0,6.2029099e-15,1.601164e-16
7129.5,6.21134e-15,1.6160349e-16
7131.0,6.31663e-15,1.6390197e-16
7132.5,6.3510899e-15,1.6384332e-16
7134.0,6.3362698e-15,1.6366301e-16
7135.5,6.3444e-15,1.6430255e-16
7137.0,6.5057801e-15,1.6547951e-16
7138.5,6.50706e-15,1.6630428e-16
7140.0,6.3214001e-15,1.655839e-16
7141.5,6.2933997e-15,1.6558901e-16
7143.0,6.4185802e-15,1.6573377e-16
7144.5,6.2921199e-15,1.6558091e-16
7146.0,6.28708e-15,1.6429544e-16
7147.5,6.3876499e-15,1.641238e-16
7149.0,6.4185501e-15,1.6488153e-16
7150.5,6.3324899e-15,1.655552e-16
7152.0,6.4564502e-15,1.6505172e-16
7153.5,6.2575999e-15,1.6050602e-16
7155.0,6.3237201e-15,1.5964835e-16
7156.5,6.1475199e-15,1.6094107e-16
7158.0,6.3299501e-15,1.6424979e-16
7159.5,6.3566799e-15,1.6410941e-16
7161.0,6.26021e-15,1.641628e-16
7162.5,6.2416702e-15,1.6277359e-16
7164.0,6.2263397e-15,1.6401567e-16
7165.5,6.49954e-15,1.6955022e-16
7167.0,6.35532e-15,1.7179975e-16
7168.5,6.1320201e-15,1.7272404e-16
7170.0,6.11504e-15,1.6868009e-16
7171.5,5.8429497e-15,1.6902206e-16
7173.0,5.9928801e-15,1.7576245e-16
7174.5,6.1782498e-15,1.7840409e-16
7176.0,6.3056402e-15,1.8041586e-16
7177.5,6.4386002e-15,2.0182209e-16
7179.0,6.3746302e-15,1.8467433e-16
7180.5,6.0857801e-15,1.7460277e-16
7182.0,6.2926997e-15,1.7966895e-16
7183.5,6.15623e-15,1.7816859e-16
7185.0,6.2674598e-15,1.8182622e-16
7186.5,6.4137102e-15,1.8634053e-16
7188.0,6.1801099e-15,1.8082485e-16
7189.5,6.0397299e-15,1.7509038e-16
7191.0,6.0219998e-15,1.7589171e-16
7192.5,5.89364e-15,1.7654693e-16
7194.0,5.70787e-15,1.7361192e-16
7195.5,5.7761303e-15,1.7203964e-16
7197.0,5.9684402e-15,1.7253741e-16
7198.5,6.08925e-15,1.7500495e-16
7200.0,6.1086703e-15,1.7722636e-16
7201.5,6.1606997e-15,1.7512605e-16
7203.0,5.94931e-15,1.7014183e-16
7204.5,5.8572502e-15,1.6827074e-16
7206.0,5.8649904e-15,1.6814069e-16
7207.5,5.90858e-15,1.6854256e-16
7209.0,6.0004102e-15,1.67499e-16
7210.5,6.0307899e-15,1.6493604e-16
7212.0,5.9517901e-15,1.6027516e-16
7213.5,5.9502099e-15,1.5818777e-16
7215.0,6.1008399e-15,1.6002845e-16
7216.5,6.0744299e-15,1.6075305e-16
7218.0,6.1873499e-15,1.6190973e-16
7219.5,5.9640399e-15,1.5888661e-16
7221.0,5.7332103e-15,1.5644442e-16
7222.5,5.7230399e-15,1.5902679e-16
7224.0,5.8492898e-15,1.6188666e-16
7225.5,6.00308e-15,1.6232158e-16
7227.0,6.10002e-15,1.6176511e-16
7228.5,6.1954497e-15,1.6325616e-16
7230.0,5.8554303e-15,1.6377904e-16
7231.5,5.5525398e-15,1.62961e-16
7233.0,5.7288701e-15,1.685841e-16
7234.5,5.7830603e-15,1.7461058e-16
7236.0,5.7559899e-15,1.7252884e-16
7237.5,5.60874e-15,1.7374569e-16
7239.0,5.6100796e-15,1.7794198e-16
7240.5,6.0357298e-15,1.8786036e-16
7242.0,5.6485298e-15,1.9342225e-16
7243.5,5.4876397e-15,1.880812e-16
7245.0,5.5150502e-15,1.7734262e-16
7246.5,5.7510801e-15,1.748621e-16
7248.0,5.7810702e-15,1.7370663e-16
7249.5,5.8623802e-15,1.7076553e-16
7251.0,5.69898e-15,1.6893259e-16
7252.5,5.75231e-15,1.692143e-16
7254.0,5.5421599e-15,1.6659917e-16
7255.5,5.3673301e-15,1.632689e-16
7257.0,5.4526302e-15,1.6159514e-16
7258.5,5.4542899e-15,1.60103e-16
7260.0,5.49917e-15,1.6342573e-16
7261.5,5.9380897e-15,1.712487e-16
7263.0,6.1224799e-15,1.7288129e-16
7264.5,5.8760302e-15,1.6934297e-16
7266.0,5.6239502e-15,1.6656162e-16
7267.5,5.5913102e-15,1.6431633e-16
7269.0,5.5877802e-15,1.620595e-16
7270.5,5.4931501e-15,1.598223e-16
7272.0,5.5488599e-15,1.62314e-16
7273.5,5.5110204e-15,1.6901717e-16
7275.0,5.4821904e-15,1.778897e-16
7276.5,5.4969402e-15,1.8200155e-16
7278.0,5.3415998e-15,1.7947145e-16
7279.5,5.1719497e-15,1.7337224e-16
7281.0,5.33777e-15,1.6615885e-16
7282.5,5.59977e-15,1.628639e-16
7284.0,5.5221699e-15,1.6220303e-16
7285.5,5.39494e-15,1.6219208e-16
7287.0,5.4475298e-15,1.6276483e-16
7288.5,5.52671e-15,1.6380538e-16
7290.0,5.7147699e-15,1.6581569e-16
7291.5,5.8072498e-15,1.6521328e-16
7293.0,5.66325e-15,1.634718e-16
7294.5,5.5367198e-15,1.6185291e-16
7296.0,5.43397e-15,1.5708537e-16
7297.5,5.1591002e-15,1.5283159e-16
7299.0,5.3279402e-15,1.5581715e-16
7300.5,5.6728702e-15,1.6055555e-16
7302.0,5.5911798e-15,1.6032653e-16
7303.5,5.4107397e-15,1.6045601e-16
7305.0,5.2792603e-15,1.5964452e-16
7306.5,5.3756298e-15,1.5680349e-16
7308.0,5.3346499e-15,1.5662126e-16
7309.5,5.1885198e-15,1.5816877e-16
7311.0,5.5096698e-15,1.6002454e-16
7312.5,5.5043602e-15,1.630946e-16
7314.0,5.27777e-15,1.6802443e-16
7315.5,5.2403404e-15,1.6779018e-16
7317.0,5.2331999e-15,1.6911391e-16
7318.5,5.28617e-15,1.6794115e-16
7320.0,5.3233001e-15,1.6069782e-16
7321.5,5.32095e-15,1.5488602e-16
7323.0,5.2442999e-15,1.4942198e-16
7324.5,5.2660398e-15,1.4908071e-16
7326.0,5.31175e-15,1.5268548e-16
7327.5,5.1527e-15,1.5284892e-16
7329.0,5.30451e-15,1.5475618e-16
7330.5,5.3386001e-15,1.5721626e-16
7332.0,5.3200102e-15,1.5860728e-16
7333.5,5.2995002e-15,1.5830871e-16
7335.0,5.16138e-15,1.559728e-16
7336.5,5.32747e-15,1.5702692e-16
7338.0,5.5256199e-15,1.6323067e-16
7339.5,5.4159397e-15,1.6758523e-16
7341.0,5.2249096e-15,1.6693907e-16
7342.5,5.2799803e-15,1.6532521e-16
7344.0,5.41176e-15,1.6407703e-16
7345.5,5.4727099e-15,1.6019254e-16
7347.0,5.4120302e-15,1.530826e-16
7348.5,5.0900899e-15,1.4832571e-16
7350.0,5.0390202e-15,1.4899607e-16
7351.5,5.2163499e-15,1.5050997e-16
7353.0,5.3698403e-15,1.5151883e-16
7354.5,5.43456e-15,1.5213748e-16
7356.0,5.2293599e-15,1.5082726e-16
7357.5,5.0430101e-15,1.5133588e-16
7359.0,5.1084197e-15,1.5453342e-16
7360.5,5.2381801e-15,1.5634097e-16
7362.0,5.2901803e-15,1.5441294e-16
7363.5,5.1545102e-15,1.5203273e-16
7365.0,4.9981398e-15,1.5110428e-16
7366.5,4.9617602e-15,1.5378108e-16
7368.0,5.1323298e-15,1.5962607e-16
7369.5,5.03221e-15,1.5982818e-16
7371.0,4.9354399e-15,1.5802869e-16
7372.5,4.5616599e-15,1.5265404e-16
7374.0,4.5306302e-15,1.4581903e-16
7375.5,4.7571501e-15,1.4292985e-16
7377.0,5.0312499e-15,1.4609232e-16
7378.5,4.9657899e-15,1.465555e-16
7380.0,4.7469001e-15,1.4419859e-16
7381.5,4.7496902e-15,1.4483945e-16
7383.0,4.61002e-15,1.4275992e-16
7384.5,4.4250001e-15,1.3991824e-16
7386.0,4.5415603e-15,1.4217996e-16
7387.5,4.72015e-15,1.4618098e-16
7389.0,4.5233596e-15,1.4551844e-16
7390.5,4.7213896e-15,1.4755736e-16
7392.0,4.65593e-15,1.4648129e-16
7393.5,4.4663001e-15,1.4684996e-16
7395.0,4.5517903e-15,1.4942037e-16
7396.5,4.8916102e-15,1.5294884e-16
7398.0,4.9471302e-15,1.5185566e-16
7399.5,4.7088599e-15,1.4817847e-16
7401.0,4.59307e-15,1.4843413e-16
7402.5,4.7904901e-15,1.5242149e-16
7404.0,4.99534e-15,1.5689807e-16
7405.5,4.80483e-15,1.5566553e-16
7407.0,4.64181e-15,1.4996787e-16
7408.5,4.3370001e-15,1.4368303e-16
7410.0,4.2959199e-15,1.4065565e-16
7411.5,4.4891802e-15,1.3982819e-16
7413.0,4.6057501e-15,1.3982682e-16
7414.5,4.5030897e-15,1.396269e-16
7416.0,4.5724702e-15,1.4070967e-16
7417.5,4.5328202e-15,1.4086042e-16
7419.0,4.44576e-15,1.4007067e-16
7420.5,4.5520601e-15,1.3987765e-16
7422.0,4.4408697e-15,1.3864777e-16
7423.5,4.52225e-15,1.4049089e-16
7425.0,4.7358197e-15,1.417586e-16
7426.5,4.5547198e-15,1.4000412e-16
7428.0,4.4477099e-15,1.4021074e-16
7429.5,4.2253099e-15,1.3922412e-16
7431.0,4.0608403e-15,1.3830364e-16
7432.5,4.1443903e-15,1.3835025e-16
7434.0,4.1361398e-15,1.3838394e-16
7435.5,4.2051603e-15,1.3816162e-16
7437.0,4.4472999e-15,1.4048316e-16
7438.5,4.4168203e-15,1.4251737e-16
7440.0,4.2175998e-15,1.4035846e-16
7441.5,3.9318499e-15,1.3783696e-16
7443.0,3.9070699e-15,1.3580162e-16
7444.5,4.14169e-15,1.3574867e-16
7446.0,4.1226102e-15,1.3597032e-16
7447.5,4.02035e-15,1.3401063e-16
7449.0,4.0696304e-15,1.3351761e-16
7450.5,3.87487e-15,1.3298069e-16
7452.0,3.7063799e-15,1.3127715e-16
7453.5,3.8019099e-15,1.3171326e-16
7455.0,3.8399303e-15,1.3298666e-16
7456.5,3.8016499e-15,1.3276872e-16
7458.0,3.7871398e-15,1.3313672e-16
7459.5,3.7491499e-15,1.3348544e-16
7461.0,3.9288802e-15,1.3430671e-16
7462.5,3.91563e-15,1.3413509e-16
7464.0,3.7826802e-15,1.3284282e-16
7465.5,3.2599799e-15,1.3025335e-16
7467.0,3.56601e-15,1.3238769e-16
7468.5,3.4685499e-15,1.3211473e-16
7470.0,3.41506e-15,1.3321168e-16
7471.5,3.6327299e-15,1.338952e-16
7473.0,3.6222898e-15,1.3458194e-16
7474.5,3.67318e-15,1.3490729e-16
7476.0,3.7580599e-15,1.3508847e-16
7477.5,3.7079299e-15,1.3540961e-16
7479.0,3.6350601e-15,1.3535559e-16
7480.5,3.5009602e-15,1.3401242e-16
7482.0,3.4835998e-15,1.3481721e-16
7483.5,3.6408699e-15,1.3498951e-16
7485.0,3.4839399e-15,1.3343123e-16
7486.5,3.4233402e-15,1.3143633e-16
7488.0,3.3701899e-15,1.3010743e-16
7489.5,3.4363699e-15,1.2956409e-16
7491.0,3.3114399e-15,1.2766213e-16
7492.5,3.19571e-15,1.2708614e-16
7494.0,3.1565699e-15,1.2647116e-16
7495.5,3.1641e-15,1.2662725e-16
7497.0,3.0804001e-15,1.2646479e-16
7498.5,3.0197301e-15,1.257258e-16
7500.0,3.12759e-15,1.2608574e-16
7501.5,3.2240501e-15,1.2671263e-16
7503.0,3.2155099e-15,1.2752296e-16
7504.5,3.0842801e-15,1.2582952e-16
7506.0,3.02467e-15,1.2460869e-16
7507.5,3.12065e-15,1.2457757e-16
7509.0,3.02315e-15,1.2239749e-16
7510.5,2.89921e-15,1.2354694e-16
7512.0,2.77398e-15,1.2263565e-16
7513.5,2.8083e-15,1.2321633e-16
7515.0,2.8638201e-15,1.2385646e-16
7516.5,2.7255699e-15,1.2251925e-16
7518.0,2.87452e-15,1.2422935e-16
7519.5,2.8719499e-15,1.2543024e-16
7521.0,2.83536e-15,1.2828574e-16
7522.5,2.9390599e-15,1.3246626e-16
7524.0,2.83589e-15,1.342179e-16
7525.5,2.48617e-15,1.3112613e-16
7527.0,2.5436001e-15,1.3060294e-16
7528.5,2.6175499e-15,1.2857874e-16
7530.0,2.78984e-15,1.2802046e-16
7531.5,2.7822102e-15,1.2574401e-16
7533.0,2.71702e-15,1.2437135e-16
7534.5,2.7271399e-15,1.2439212e-16
7536.0,2.9796902e-15,1.2498353e-16
7537.5,3.1068002e-15,1.2629215e-16
7539.0,2.89692e-15,1.2478967e-16
7540.5,3.34385e-15,1.282831e-16
