3720.0,2.64185e-15,1.7912752e-16
3721.5,2.5249701e-15,1.7713214e-16
3723.0,2.1350802e-15,1.6968425e-16
3724.5,2.1695002e-15,1.6913146e-16
3726.0,2.2855401e-15,1.7056714e-16
3727.5,2.1572199e-15,1.6762433e-16
3729.0,2.1190501e-15,1.6513997e-16
3730.5,2.2847801e-15,1.6649428e-16
3732.0,2.3187499e-15,1.6660153e-16
3733.5,2.0985502e-15,1.6163251e-16
3735.0,2.09027e-15,1.5979075e-16
3736.5,2.0859899e-15,1.5849254e-16
3738.0,1.90826e-15,1.541792e-16
3739.5,1.87603e-15,1.5291764e-16
3741.0,1.81892e-15,1.5084417e-16
3742.5,1.89413e-15,1.5072029e-16
3744.0,1.93664e-15,1.5125094e-16
3745.5,1.7094899e-15,1.4625247e-16
3747.0,1.53974e-15,1.418529e-16
3748.5,1.7168899e-15,1.4329095e-16
3750.0,1.8592e-15,1.4446236e-16
3751.5,1.69897e-15,1.4045386e-16
3753.0,1.70119e-15,1.3831166e-16
3754.5,1.7494399e-15,1.3955391e-16
3756.0,1.75444e-15,1.4013408e-16
3757.5,1.57301e-15,1.3504314e-16
3759.0,1.41743e-15,1.3108794e-16
3760.5,1.456e-15,1.3048308e-16
3762.0,1.43881e-15,1.2795949e-16
3763.5,1.59804e-15,1.2932871e-16
3765.0,1.73518e-15,1.3117498e-16
3766.5,1.61885e-15,1.292089e-16
3768.0,1.60018e-15,1.2771121e-16
3769.5,1.53741e-15,1.2697727e-16
3771.0,1.7337101e-15,1.3087741e-16
3772.5,1.96039e-15,1.3383267e-16
3774.0,1.7508901e-15,1.2894214e-16
3775.5,1.40398e-15,1.2401387e-16
3777.0,1.50428e-15,1.2523012e-16
3778.5,1.5151599e-15,1.251132e-16
3780.0,1.57987e-15,1.2724265e-16
3781.5,1.5644099e-15,1.2521983e-16
3783.0,1.44355e-15,1.2259957e-16
3784.5,1.55816e-15,1.2429338e-16
3786.0,1.44084e-15,1.2239138e-16
3787.5,1.41581e-15,1.2112007e-16
3789.0,1.5617899e-15,1.2239517e-16
3790.5,1.6327699e-15,1.2528916e-16
3792.0,1.4405e-15,1.2185606e-16
3793.5,1.68086e-15,1.2497039e-16
3795.0,1.5584199e-15,1.220748e-16
3796.5,1.4281301e-15,1.2046485e-16
3798.0,1.56497e-15,1.2276093e-16
3799.5,1.48773e-15,1.1958548e-16
3801.0,1.5003801e-15,1.2039774e-16
3802.5,1.47672e-15,1.2090307e-16
3804.0,1.3848799e-15,1.1889768e-16
3805.5,1.34329e-15,1.1734261e-16
3807.0,1.37217e-15,1.1810933e-16
3808.5,1.39729e-15,1.1772918e-16
3810.0,1.37368e-15,1.1760854e-16
3811.5,1.36641e-15,1.1778831e-16
3813.0,1.4676599e-15,1.1992791e-16
3814.5,1.54119e-15,1.212001e-16
3816.0,1.46637e-15,1.1989314e-16
3817.5,1.31461e-15,1.1660685e-16
3819.0,1.34389e-15,1.1598234e-16
3820.5,1.41338e-15,1.172001e-16
3822.0,1.32606e-15,1.1641168e-16
3823.5,1.35589e-15,1.1613146e-16
3825.0,1.5223599e-15,1.186725e-16
3826.5,1.4348801e-15,1.1731398e-16
3828.0,1.45418e-15,1.1762385e-16
3829.5,1.43402e-15,1.1715922e-16
3831.0,1.3543399e-15,1.1585796e-16
3832.5,1.3844901e-15,1.1602027e-16
3834.0,1.3993e-15,1.1582069e-16
3835.5,1.3657599e-15,1.1516068e-16
3837.0,1.33365e-15,1.1432397e-16
3838.5,1.4149899e-15,1.1561533e-16
3840.0,1.4915e-15,1.1625542e-16
3841.5,1.38751e-15,1.1440383e-16
3843.0,1.46731e-15,1.1589035e-16
3844.5,1.52809e-15,1.1741898e-16
3846.0,1.53283e-15,1.1588553e-16
3847.5,1.53066e-15,1.1553005e-16
3849.0,1.36752e-15,1.1317509e-16
3850.5,1.3387001e-15,1.136014e-16
3852.0,1.5606499e-15,1.163153e-16
3853.5,1.5355099e-15,1.1557448e-16
3855.0,1.60765e-15,1.1716998e-16
3856.5,1.57987e-15,1.1486928e-16
3858.0,1.4702e-15,1.1391968e-16
3859.5,1.53123e-15,1.1533464e-16
3861.0,1.6002399e-15,1.1551433e-16
3862.5,1.55055e-15,1.141704e-16
3864.0,1.54258e-15,1.1354573e-16
3865.5,1.54394e-15,1.1341954e-16
3867.0,1.60951e-15,1.1480695e-16
3868.5,1.6917e-15,1.1542287e-16
3870.0,1.66154e-15,1.1566333e-16
3871.5,1.67301e-15,1.1599958e-16
3873.0,1.75922e-15,1.1699207e-16
3874.5,1.7735e-15,1.1698421e-16
3876.0,1.7075201e-15,1.1539267e-16
3877.5,1.70443e-15,1.152031e-16
3879.0,1.7913099e-15,1.1615817e-16
3880.5,1.8299101e-15,1.1591278e-16
3882.0,1.7799701e-15,1.1593758e-16
3883.5,1.85755e-15,1.1770561e-16
3885.0,1.9491001e-15,1.1845197e-16
3886.5,1.94827e-15,1.1772146e-16
3888.0,1.96906e-15,1.1780103e-16
3889.5,1.9297501e-15,1.1768938e-16
3891.0,1.90968e-15,1.1682219e-16
3892.5,2.07668e-15,1.1870261e-16
3894.0,2.13722e-15,1.2112055e-16
3895.5,2.1225e-15,1.2104344e-16
3897.0,2.2336299e-15,1.2135926e-16
3898.5,2.33451e-15,1.2335766e-16
3900.0,2.3181901e-15,1.2324321e-16
3901.5,2.2694399e-15,1.2221367e-16
3903.0,2.30886e-15,1.2357112e-16
3904.5,2.39022e-15,1.2420393e-16
3906.0,2.57031e-15,1.2703672e-16
3907.5,2.5289098e-15,1.2807933e-16
3909.0,2.47048e-15,1.2593963e-16
3910.5,2.56643e-15,1.2685522e-16
3912.0,2.6556499e-15,1.2877521e-16
3913.5,2.8097201e-15,1.316294e-16
3915.0,2.9659401e-15,1.3207514e-16
3916.5,2.7607099e-15,1.2990858e-16
3918.0,2.7770299e-15,1.2891814e-16
3919.5,2.93721e-15,1.3133213e-16
3921.0,2.8872098e-15,1.3152242e-16
3922.5,3.1891699e-15,1.3535003e-16
3924.0,3.2603099e-15,1.3533024e-16
3925.5,3.0463e-15,1.324036e-16
3927.0,2.86218e-15,1.2905664e-16
3928.5,3.2173299e-15,1.341575e-16
3930.0,3.2207401e-15,1.3273929e-16
3931.5,3.2515098e-15,1.3325653e-16
3933.0,3.4065899e-15,1.3486967e-16
3934.5,3.5652002e-15,1.3632764e-16
3936.0,3.7033102e-15,1.3951232e-16
3937.5,3.6217799e-15,1.3757661e-16
3939.0,3.7617601e-15,1.3939119e-16
3940.5,3.7089802e-15,1.3998005e-16
3942.0,3.7023001e-15,1.3971542e-16
3943.5,3.7523403e-15,1.3981245e-16
3945.0,3.7747799e-15,1.3995762e-16
3946.5,3.7305902e-15,1.3983797e-16
3948.0,3.7284599e-15,1.3958622e-16
3949.5,3.81289e-15,1.3935459e-16
3951.0,3.77525e-15,1.3833322e-16
3952.5,3.96849e-15,1.4104148e-16
3954.0,4.1508498e-15,1.4329631e-16
3955.5,4.0703601e-15,1.419754e-16
3957.0,4.0322902e-15,1.4098212e-16
3958.5,4.09913e-15,1.4193908e-16
3960.0,4.1360204e-15,1.4207673e-16
3961.5,4.0910002e-15,1.4071684e-16
3963.0,3.99979e-15,1.3930989e-16
3964.5,4.0128101e-15,1.388981e-16
3966.0,4.1020298e-15,1.3953191e-16
3967.5,4.1047301e-15,1.3911071e-16
3969.0,4.08262e-15,1.387795e-16
3970.5,4.1360102e-15,1.3943389e-16
3972.0,4.2490002e-15,1.4061921e-16
3973.5,4.1699301e-15,1.395611e-16
3975.0,4.1498096e-15,1.3893113e-16
3976.5,4.17031e-15,1.390921e-16
3978.0,4.12716e-15,1.3916456e-16
3979.5,4.35477e-15,1.4191933e-16
3981.0,4.0454899e-15,1.3813497e-16
3982.5,4.0494197e-15,1.3758053e-16
3984.0,4.06095e-15,1.3707572e-16
3985.5,3.9520901e-15,1.3524528e-16
3987.0,4.0877001e-15,1.3572055e-16
3988.5,3.9307898e-15,1.3473081e-16
3990.0,3.98485e-15,1.3548997e-16
3991.5,4.0123802e-15,1.3526644e-16
3993.0,3.8517303e-15,1.3305021e-16
3994.5,4.0528998e-15,1.3486318e-16
3996.0,3.9024502e-15,1.3311525e-16
3997.5,3.7537997e-15,1.3114483e-16
3999.0,3.9940903e-15,1.3405462e-16
4000.5,3.8178697e-15,1.3096916e-16
4002.0,3.6659802e-15,1.2903829e-16
4003.5,3.7903699e-15,1.3066337e-16
4005.0,3.6582201e-15,1.2863059e-16
4006.5,3.5602802e-15,1.2710262e-16
4008.0,3.8201499e-15,1.2895356e-16
4009.5,3.9124202e-15,1.3049863e-16
4011.0,3.7556602e-15,1.294616e-16
4012.5,3.7175501e-15,1.2815083e-16
4014.0,3.67849e-15,1.2727332e-16
4015.5,3.7863499e-15,1.2823886e-16
4017.0,3.7072798e-15,1.269591e-16
4018.5,3.5740399e-15,1.253946e-16
4020.0,3.62454e-15,1.2535108e-16
4021.5,3.63464e-15,1.2574065e-16
4023.0,3.50994e-15,1.2385124e-16
4024.5,3.3657898e-15,1.2179042e-16
4026.0,3.5081699e-15,1.2343932e-16
4027.5,3.5410399e-15,1.2356846e-16
4029.0,3.381e-15,1.2114753e-16
4030.5,3.3673401e-15,1.1983099e-16
4032.0,3.30883e-15,1.1867476e-16
4033.5,3.2636099e-15,1.1815569e-16
4035.0,3.1150401e-15,1.1643842e-16
4036.5,2.9843499e-15,1.1520135e-16
4038.0,3.12106e-15,1.1674883e-16
4039.5,3.1500101e-15,1.1668872e-16
4041.0,3.1237499e-15,1.1591286e-16
4042.5,3.1656101e-15,1.1655e-16
4044.0,3.1118701e-15,1.1618969e-16
4045.5,2.9953001e-15,1.1474118e-16
4047.0,3.1520701e-15,1.1608723e-16
4048.5,3.26068e-15,1.1706858e-16
4050.0,3.2084001e-15,1.1614662e-16
4051.5,3.0222599e-15,1.1416153e-16
4053.0,3.0218301e-15,1.1298876e-16
4054.5,3.0899601e-15,1.1263398e-16
4056.0,3.1400299e-15,1.1402922e-16
4057.5,3.1346e-15,1.1384612e-16
4059.0,3.2174599e-15,1.1478916e-16
4060.5,3.1523801e-15,1.1337092e-16
4062.0,3.1207099e-15,1.1273656e-16
4063.5,3.1894401e-15,1.1442488e-16
4065.0,3.2168802e-15,1.1374562e-16
4066.5,3.31014e-15,1.1489797e-16
4068.0,3.18963e-15,1.1361121e-16
4069.5,3.1631702e-15,1.1300965e-16
4071.0,3.2742901e-15,1.1435881e-16
4072.5,3.47489e-15,1.1670225e-16
4074.0,3.44314e-15,1.1643464e-16
4075.5,3.33919e-15,1.1479641e-16
4077.0,3.3461399e-15,1.1424432e-16
4078.5,3.4131701e-15,1.1544311e-16
4080.0,3.47841e-15,1.1574501e-16
4081.5,3.4031702e-15,1.1453883e-16
4083.0,3.36316e-15,1.1494111e-16
4084.5,3.4699901e-15,1.1570894e-16
4086.0,3.5426901e-15,1.1559475e-16
4087.5,3.5022801e-15,1.1500796e-16
4089.0,3.5572902e-15,1.1604291e-16
4090.5,3.7116302e-15,1.1710401e-16
4092.0,3.7693301e-15,1.171374e-16
4093.5,3.74555e-15,1.1693926e-16
4095.0,3.75938e-15,1.1699721e-16
4096.5,3.8304401e-15,1.1767964e-16
4098.0,3.7498e-15,1.1655023e-16
4099.5,3.72007e-15,1.1590099e-16
4101.0,3.8120201e-15,1.1619577e-16
4102.5,3.83404e-15,1.1625749e-16
4104.0,3.9317101e-15,1.177467e-16
4105.5,3.9980599e-15,1.1869785e-16
4107.0,3.8476802e-15,1.1730559e-16
4108.5,3.7692801e-15,1.1686195e-16
4110.0,3.9742998e-15,1.187231e-16
4111.5,4.0926099e-15,1.1933645e-16
4113.0,4.0713299e-15,1.1945837e-16
4114.5,4.0977002e-15,1.194877e-16
4116.0,4.0142399e-15,1.1774248e-16
4117.5,3.9924301e-15,1.1744125e-16
4119.0,4.00845e-15,1.1784173e-16
4120.5,3.99454e-15,1.1789749e-16
4122.0,4.0826001e-15,1.1887875e-16
4123.5,4.0995404e-15,1.1837518e-16
4125.0,4.0332799e-15,1.1744249e-16
4126.5,4.0471501e-15,1.1779504e-16
4128.0,4.1344301e-15,1.178431e-16
4129.5,4.10614e-15,1.1760246e-16
4131.0,3.9758503e-15,1.1638876e-16
4132.5,4.0777204e-15,1.1658103e-16
4134.0,4.12041e-15,1.1732398e-16
4135.5,4.0529701e-15,1.1647057e-16
4137.0,3.9665503e-15,1.1531939e-16
4138.5,4.0827598e-15,1.1658472e-16
4140.0,4.2070199e-15,1.1769723e-16
4141.5,4.2749101e-15,1.1770739e-16
4143.0,3.9760303e-15,1.140095e-16
4144.5,4.1326898e-15,1.1510899e-16
4146.0,4.1625799e-15,1.1622189e-16
4147.5,4.1717101e-15,1.160427e-16
4149.0,4.2414497e-15,1.167167e-16
4150.5,4.2753001e-15,1.1686322e-16
4152.0,4.17848e-15,1.1565495e-16
4153.5,4.1607999e-15,1.1507565e-16
4155.0,4.1064102e-15,1.1395016e-16
4156.5,4.1801703e-15,1.1450212e-16
4158.0,4.1140898e-15,1.1409581e-16
4159.5,4.0692602e-15,1.1373826e-16
4161.0,4.2027102e-15,1.1491857e-16
4162.5,4.1963702e-15,1.1493532e-16
4164.0,4.0241197e-15,1.1316853e-16
4165.5,4.0358503e-15,1.1288095e-16
4167.0,4.18773e-15,1.1440336e-16
4168.5,4.1795998e-15,1.1435005e-16
4170.0,4.0895301e-15,1.1269761e-16
4171.5,4.0140201e-15,1.1139522e-16
4173.0,4.1181302e-15,1.1251388e-16
4174.5,4.1851199e-15,1.129197e-16
4176.0,4.12152e-15,1.1215522e-16
4177.5,3.99673e-15,1.1068006e-16
4179.0,3.9686403e-15,1.1018253e-16
4180.5,4.0254796e-15,1.1051273e-16
4182.0,3.9285401e-15,1.0919363e-16
4183.5,3.8590402e-15,1.0844412e-16
4185.0,3.9612898e-15,1.0929143e-16
4186.5,3.9511902e-15,1.0915582e-16
4188.0,3.8572301e-15,1.079944e-16
4189.5,3.9190402e-15,1.0850993e-16
4191.0,3.85112e-15,1.0766544e-16
4192.5,3.8594099e-15,1.0740731e-16
4194.0,3.9933199e-15,1.0838515e-16
4195.5,4.0717302e-15,1.089391e-16
4197.0,3.9161001e-15,1.0749428e-16
4198.5,3.8226902e-15,1.0609625e-16
4200.0,3.9130699e-15,1.0688362e-16
4201.5,3.86941e-15,1.0491911e-16
4203.0,3.8257399e-15,1.0247171e-16
4204.5,3.7820699e-15,1.036836e-16
4206.0,3.7820699e-15,1.0517593e-16
4207.5,3.8330498e-15,1.0582452e-16
4209.0,3.6658798e-15,1.0399808e-16
4210.5,3.6795501e-15,1.0421956e-16
4212.0,3.77409e-15,1.044731e-16
4213.5,3.68171e-15,1.0340006e-16
4215.0,3.6932398e-15,1.0336579e-16
4216.5,3.6654601e-15,1.0272929e-16
4218.0,3.6696898e-15,1.0280902e-16
4219.5,3.7771202e-15,1.0385763e-16
4221.0,3.8750101e-15,1.04901e-16
4222.5,3.8151702e-15,1.0373642e-16
4224.0,3.8259102e-15,1.0343745e-16
4225.5,3.88907e-15,1.0429619e-16
4227.0,3.8927402e-15,1.040492e-16
4228.5,3.7434299e-15,1.0250766e-16
4230.0,3.6924102e-15,1.0216032e-16
4231.5,3.8556698e-15,1.0370096e-16
4233.0,3.8450201e-15,1.0361827e-16
4234.5,3.8940599e-15,1.0388542e-16
4236.0,3.9160701e-15,1.0364316e-16
4237.5,3.8145002e-15,1.0275067e-16
4239.0,3.8329799e-15,1.0338255e-16
4240.5,3.87915e-15,1.0378646e-16
4242.0,3.8755501e-15,1.0334945e-16
4243.5,3.80184e-15,1.0240111e-16
4245.0,3.8122899e-15,1.0225706e-16
4246.5,3.7948203e-15,1.0203057e-16
4248.0,3.79635e-15,1.021877e-16
4249.5,3.9202701e-15,1.0329382e-16
4251.0,3.8934098e-15,1.0289221e-16
4252.5,3.7877399e-15,1.0193784e-16
4254.0,3.77824e-15,1.0168489e-16
4255.5,3.71953e-15,1.0132134e-16
4257.0,3.70451e-15,1.0128312e-16
4258.5,3.7577799e-15,1.0102228e-16
4260.0,3.6854802e-15,1.0008284e-16
4261.5,3.6186599e-15,9.9580456e-17
4263.0,3.6855399e-15,9.9995574e-17
4264.5,3.68627e-15,9.9644092e-17
4266.0,3.6215e-15,9.9159057e-17
4267.5,3.4828201e-15,9.7882634e-17
4269.0,3.4855499e-15,9.7276219e-17
4270.5,3.53663e-15,9.7330041e-17
4272.0,3.41659e-15,9.6285173e-17
4273.5,3.53578e-15,9.7572227e-17
4275.0,3.6095199e-15,9.7952198e-17
4276.5,3.5043299e-15,9.70483e-17
4278.0,3.4569699e-15,9.6684549e-17
4279.5,3.4015901e-15,9.6077433e-17
4281.0,3.1840201e-15,9.3761237e-17
4282.5,3.3142701e-15,9.4412488e-17
4284.0,3.4257e-15,9.5864828e-17
4285.5,3.30722e-15,9.487797e-17
4287.0,3.2383899e-15,9.3218347e-17
4288.5,3.2460799e-15,9.3262415e-17
4290.0,3.3592101e-15,9.4471043e-17
4291.5,3.3910602e-15,9.4790129e-17
4293.0,3.19148e-15,9.27011e-17
4294.5,3.2504999e-15,9.2585183e-17
4296.0,3.2320099e-15,9.2328686e-17
4297.5,3.2072401e-15,9.2026957e-17
4299.0,3.13742e-15,9.09797e-17
4300.5,3.05596e-15,9.0341758e-17
4302.0,2.97893e-15,8.9712995e-17
4303.5,3.00231e-15,8.9235532e-17
4305.0,2.97034e-15,8.8863044e-17
4306.5,2.95545e-15,8.8878365e-17
4308.0,2.8814801e-15,8.7883087e-17
4309.5,2.8188801e-15,8.7008305e-17
4311.0,2.9170301e-15,8.8042357e-17
4312.5,3.0257101e-15,8.9306939e-17
4314.0,2.9519899e-15,8.8578354e-17
4315.5,2.8691399e-15,8.7933083e-17
4317.0,2.78067e-15,8.7544493e-17
4318.5,2.66645e-15,8.6291399e-17
4320.0,2.6486299e-15,8.5317864e-17
4321.5,2.6469401e-15,8.4872775e-17
4323.0,2.7105501e-15,8.5597894e-17
4324.5,2.7994799e-15,8.6322468e-17
4326.0,2.6755098e-15,8.4616323e-17
4327.5,2.5969998e-15,8.3813028e-17
4329.0,2.5823801e-15,8.3970248e-17
4330.5,2.6157201e-15,8.4228522e-17
4332.0,2.56513e-15,8.3442996e-17
4333.5,2.4834299e-15,8.2536621e-17
4335.0,2.42734e-15,8.1705567e-17
4336.5,2.53956e-15,8.2711322e-17
4338.0,2.56335e-15,8.2593849e-17
4339.5,2.50858e-15,8.2245316e-17
4341.0,2.4839999e-15,8.2235658e-17
4342.5,2.41782e-15,8.1026948e-17
4344.0,2.40852e-15,8.1221513e-17
4345.5,2.45014e-15,8.1480177e-17
4347.0,2.43383e-15,8.1324851e-17
4348.5,2.33819e-15,8.0415711e-17
4350.0,2.3373002e-15,8.0116267e-17
4351.5,2.37068e-15,8.0394507e-17
4353.0,2.3529e-15,8.0872655e-17
4354.5,2.28484e-15,8.0438339e-17
4356.0,2.3142399e-15,8.1014591e-17
4357.5,2.42801e-15,8.2899825e-17
4359.0,2.4451302e-15,8.348306e-17
4360.5,2.2434e-15,8.0568272e-17
4362.0,2.3188399e-15,8.0727217e-17
4363.5,2.2356901e-15,7.8909305e-17
4365.0,2.3429999e-15,7.9303336e-17
4366.5,2.2930901e-15,7.8280926e-17
4368.0,2.2965299e-15,7.8385821e-17
4369.5,2.3293902e-15,7.8677648e-17
4371.0,2.3482599e-15,7.8793477e-17
4372.5,2.26459e-15,7.8134714e-17
4374.0,2.2771699e-15,7.8117962e-17
4375.5,2.32767e-15,7.8668461e-17
4377.0,2.3675202e-15,7.8949451e-17
4378.5,2.3202901e-15,7.8155771e-17
4380.0,2.28815e-15,7.7537492e-17
4381.5,2.27872e-15,7.7535789e-17
4383.0,2.26473e-15,7.7438253e-17
4384.5,2.3203599e-15,7.7849979e-17
4386.0,2.3393199e-15,7.770993e-17
4387.5,2.34046e-15,7.737357e-17
4389.0,2.46472e-15,7.9042165e-17
4390.5,2.5234499e-15,7.9965919e-17
4392.0,2.4809102e-15,7.9328426e-17
4393.5,2.4525102e-15,7.9276927e-17
4395.0,2.3531499e-15,7.8342129e-17
4396.5,2.3115999e-15,7.7531461e-17
4398.0,2.39031e-15,7.8068866e-17
4399.5,2.39381e-15,7.8395678e-17
4401.0,2.36131e-15,7.8060188e-17
4402.5,2.3798299e-15,7.7877052e-17
4404.0,2.4277999e-15,7.8343706e-17
4405.5,2.5152099e-15,7.9343047e-17
4407.0,2.54663e-15,7.9802454e-17
4408.5,2.49051e-15,7.9479077e-17
4410.0,2.4723799e-15,7.908801e-17
4411.5,2.38169e-15,7.770788e-17
4413.0,2.31078e-15,7.7121254e-17
4414.5,2.34633e-15,7.7355816e-17
4416.0,2.33523e-15,7.7344417e-17
4417.5,2.2773199e-15,7.6771387e-17
4419.0,2.31368e-15,7.7079376e-17
4420.5,2.37909e-15,7.8198135e-17
4422.0,2.36961e-15,7.7854535e-17
4423.5,2.3570699e-15,7.7232961e-17
4425.0,2.4337499e-15,7.8242889e-17
4426.5,2.35205e-15,7.7022449e-17
4428.0,2.3642299e-15,7.6925835e-17
4429.5,2.4473901e-15,7.8000401e-17
4431.0,2.4961e-15,7.8198747e-17
4432.5,2.52958e-15,7.856729e-17
4434.0,2.5357299e-15,7.8789267e-17
4435.5,2.4208701e-15,7.7646847e-17
4437.0,2.4234199e-15,7.7588859e-17
4438.5,2.5736101e-15,7.916376e-17
4440.0,2.5254201e-15,7.8714151e-17
4441.5,2.50661e-15,7.8060682e-17
4443.0,2.5120202e-15,7.7766532e-17
4444.5,2.4941199e-15,7.7918724e-17
4446.0,2.52664e-15,7.8189988e-17
4447.5,2.5351101e-15,7.8142662e-17
4449.0,2.46775e-15,7.7843889e-17
4450.5,2.45761e-15,7.7649288e-17
4452.0,2.5322499e-15,7.8185771e-17
4453.5,2.5548e-15,7.8129877e-17
4455.0,2.55928e-15,7.7732506e-17
4456.5,2.6101401e-15,7.8050412e-17
4458.0,2.5948501e-15,7.8215403e-17
4459.5,2.5673101e-15,7.8224995e-17
4461.0,2.548e-15,7.7827661e-17
4462.5,2.5921701e-15,7.7803957e-17
4464.0,2.67887e-15,7.8793115e-17
4465.5,2.7446e-15,7.9814479e-17
4467.0,2.7771102e-15,7.9862845e-17
4468.5,2.75617e-15,7.9411645e-17
4470.0,2.7934501e-15,7.9692745e-17
4471.5,2.81408e-15,8.0152114e-17
4473.0,2.7811001e-15,7.9832594e-17
4474.5,2.8109e-15,7.9979087e-17
4476.0,2.82046e-15,8.0341068e-17
4477.5,2.7686199e-15,7.9814206e-17
4479.0,2.70182e-15,7.8688132e-17
4480.5,2.6610601e-15,7.8006071e-17
4482.0,2.67727e-15,7.8443609e-17
4483.5,2.7125199e-15,7.8940603e-17
4485.0,2.7710098e-15,7.9143329e-17
4486.5,2.6761e-15,7.8147085e-17
4488.0,2.6547599e-15,7.8243988e-17
4489.5,2.82985e-15,7.9388e-17
4491.0,2.7285599e-15,7.8324714e-17
4492.5,2.7339202e-15,7.8408101e-17
4494.0,2.60175e-15,7.7372051e-17
4495.5,2.58181e-15,7.710667e-17
4497.0,2.72484e-15,7.8088367e-17
4498.5,2.6394601e-15,7.7058466e-17
4500.0,2.6689799e-15,7.7518035e-17
4501.5,2.7631199e-15,7.8665903e-17
4503.0,2.7694801e-15,7.8540512e-17
4504.5,2.7384601e-15,7.8291285e-17
4506.0,2.7081202e-15,7.7795802e-17
4507.5,2.6514001e-15,7.7317573e-17
4509.0,2.6746399e-15,7.7597722e-17
4510.5,2.6927199e-15,7.7739186e-17
4512.0,2.7472601e-15,7.7995955e-17
4513.5,2.76888e-15,7.8300324e-17
4515.0,2.76596e-15,7.8194958e-17
4516.5,2.8566201e-15,7.9224807e-17
4518.0,2.8486601e-15,7.9476504e-17
4519.5,2.84537e-15,7.9254107e-17
4521.0,2.9461201e-15,7.9814479e-17
4522.5,2.96346e-15,8.0055677e-17
4524.0,2.9321401e-15,7.9721971e-17
4525.5,2.91409e-15,7.9088106e-17
4527.0,2.9866401e-15,7.9685585e-17
4528.5,3.08519e-15,8.0887637e-17
4530.0,3.04835e-15,8.0706153e-17
4531.5,2.95522e-15,7.9907732e-17
4533.0,2.99976e-15,8.0357141e-17
4534.5,3.0884901e-15,8.1280444e-17
4536.0,3.1897899e-15,8.2186318e-17
4537.5,3.19384e-15,8.2252689e-17
4539.0,3.1939099e-15,8.2424265e-17
4540.5,3.1636702e-15,8.2053657e-17
4542.0,3.1650199e-15,8.2042192e-17
4543.5,3.1688199e-15,8.1439825e-17
4545.0,3.2629501e-15,8.2025249e-17
4546.5,3.2573901e-15,8.2572822e-17
4548.0,3.16009e-15,8.1608827e-17
4549.5,3.2368801e-15,8.2017641e-17
4551.0,3.4426799e-15,8.4346518e-17
4552.5,3.56972e-15,8.5294123e-17
4554.0,3.3921599e-15,8.3515936e-17
4555.5,3.3342601e-15,8.2881386e-17
4557.0,3.3895701e-15,8.3434207e-17
4558.5,3.5227101e-15,8.4584486e-17
4560.0,3.4977501e-15,8.4544341e-17
4561.5,3.5399599e-15,8.4508921e-17
4563.0,3.32166e-15,8.2617885e-17
4564.5,3.4718801e-15,8.3959034e-17
4566.0,3.5181998e-15,8.4264443e-17
4567.5,3.63737e-15,8.5451402e-17
4569.0,3.6769802e-15,8.5653553e-17
4570.5,3.55859e-15,8.4737121e-17
4572.0,3.5513101e-15,8.4625281e-17
4573.5,3.60375e-15,8.5004477e-17
4575.0,3.50976e-15,8.3895686e-17
4576.5,3.5475599e-15,8.4151652e-17
4578.0,3.5903901e-15,8.4481133e-17
4579.5,3.55354e-15,8.4280825e-17
4581.0,3.5519501e-15,8.4524972e-17
4582.5,3.5975001e-15,8.4758775e-17
4584.0,3.63178e-15,8.4747185e-17
4585.5,3.62797e-15,8.4576789e-17
4587.0,3.7181002e-15,8.5477111e-17
4588.5,3.67447e-15,8.5150631e-17
4590.0,3.5613001e-15,8.4004827e-17
4591.5,3.6121902e-15,8.4115111e-17
4593.0,3.69232e-15,8.5119267e-17
4594.5,3.6457001e-15,8.4664836e-17
4596.0,3.5597703e-15,8.3819678e-17
4597.5,3.6037999e-15,8.4225248e-17
4599.0,3.6650502e-15,8.4467979e-17
4600.5,3.6615299e-15,8.4339012e-17
4602.0,3.65069e-15,8.4511775e-17
4603.5,3.6646601e-15,8.4637829e-17
4605.0,3.6424801e-15,8.4386184e-17
4606.5,3.6117099e-15,8.434292e-17
4608.0,3.61457e-15,8.4180598e-17
4609.5,3.6826998e-15,8.435252e-17
4611.0,3.6228201e-15,8.3948719e-17
4612.5,3.5350202e-15,8.3454468e-17
4614.0,3.6074299e-15,8.3891388e-17
4615.5,3.5474301e-15,8.3200906e-17
4617.0,3.51822e-15,8.278949e-17
4618.5,3.51315e-15,8.2625073e-17
4620.0,3.6267799e-15,8.3614859e-17
4621.5,3.6034899e-15,8.338402e-17
4623.0,3.5234999e-15,8.2586557e-17
4624.5,3.55349e-15,8.2888331e-17
4626.0,3.6282301e-15,8.3452839e-17
4627.5,3.56073e-15,8.2866257e-17
4629.0,3.5316001e-15,8.2792358e-17
4630.5,3.6621397e-15,8.3732907e-17
4632.0,3.7019799e-15,8.3600946e-17
4633.5,3.3974299e-15,8.0961595e-17
4635.0,3.4529e-15,8.1568187e-17
4636.5,3.4614899e-15,8.1690482e-17
4638.0,3.50855e-15,8.1428124e-17
4639.5,3.46962e-15,8.1493138e-17
4641.0,3.45643e-15,8.1506852e-17
4642.5,3.5382e-15,8.2119416e-17
4644.0,3.5658499e-15,8.2001833e-17
4645.5,3.4398999e-15,8.1109297e-17
4647.0,3.49032e-15,8.152044e-17
4648.5,3.4711001e-15,8.1180394e-17
4650.0,3.4660899e-15,8.1147761e-17
4651.5,3.4075699e-15,8.0688701e-17
4653.0,3.4350199e-15,8.0763322e-17
4654.5,3.5128902e-15,8.1543857e-17
4656.0,3.5153799e-15,8.1596448e-17
4657.5,3.43005e-15,8.1096674e-17
4659.0,3.4626601e-15,8.1340607e-17
4660.5,3.5853401e-15,8.2386663e-17
4662.0,3.5487398e-15,8.1893709e-17
4663.5,3.471e-15,8.1103487e-17
4665.0,3.4611399e-15,8.0780944e-17
4666.5,3.6078898e-15,8.1772963e-17
4668.0,3.5936897e-15,8.158227e-17
4669.5,3.51509e-15,8.112287e-17
4671.0,3.45946e-15,8.0589122e-17
4672.5,3.4100399e-15,8.0214261e-17
4674.0,3.46094e-15,8.0884607e-17
4675.5,3.4444699e-15,8.0675467e-17
4677.0,3.36168e-15,8.0062106e-17
4678.5,3.3541802e-15,7.9833324e-17
4680.0,3.4597599e-15,8.0359441e-17
4681.5,3.4244102e-15,7.9908801e-17
4683.0,3.3423802e-15,7.9401035e-17
4684.5,3.4111499e-15,7.981807e-17
4686.0,3.4148199e-15,7.9987993e-17
4687.5,3.3872001e-15,7.9724721e-17
4689.0,3.4901499e-15,8.0519795e-17
4690.5,3.4829e-15,8.0065873e-17
4692.0,3.3325201e-15,7.859909e-17
4693.5,3.3594798e-15,7.9274287e-17
4695.0,3.31813e-15,7.8705304e-17
4696.5,3.39651e-15,7.8919178e-17
4698.0,3.3343799e-15,7.8423747e-17
4699.5,3.19483e-15,7.7707291e-17
4701.0,3.2564199e-15,7.7912169e-17
4702.5,3.3153998e-15,7.7867556e-17
4704.0,3.2686301e-15,7.7719648e-17
4705.5,3.1649901e-15,7.72104e-17
4707.0,3.1400799e-15,7.6466229e-17
4708.5,3.1818699e-15,7.6718611e-17
4710.0,3.1176801e-15,7.6798431e-17
4711.5,3.01106e-15,7.5810606e-17
4713.0,3.0155599e-15,7.5392569e-17
4714.5,3.08516e-15,7.588351e-17
4716.0,3.15495e-15,7.6478401e-17
4717.5,3.1195902e-15,7.6361216e-17
4719.0,3.0797301e-15,7.5870438e-17
4720.5,2.9359001e-15,7.4270499e-17
4722.0,2.93474e-15,7.4146921e-17
4723.5,2.8868799e-15,7.3675748e-17
4725.0,2.9254e-15,7.4134336e-17
4726.5,2.8948901e-15,7.4012484e-17
4728.0,2.85547e-15,7.3431844e-17
4729.5,2.8321701e-15,7.2681929e-17
4731.0,2.94007e-15,7.3478212e-17
4732.5,2.91467e-15,7.3613763e-17
4734.0,2.8757201e-15,7.3418197e-17
4735.5,2.8610799e-15,7.3161066e-17
4737.0,2.89987e-15,7.3345065e-17
4738.5,2.9349598e-15,7.3762519e-17
4740.0,2.86764e-15,7.3311673e-17
4741.5,2.8403799e-15,7.3137133e-17
4743.0,2.8821399e-15,7.2379463e-17
4744.5,2.8708001e-15,7.9345156e-17
4746.0,2.8594602e-15,1.3052459e-16
4747.5,2.8481301e-15,1.923025e-16
4749.0,2.83679e-15,2.0220559e-16
4750.5,2.8254499e-15,1.3914604e-16
4752.0,2.81412e-15,8.0200754e-17
4753.5,2.8027799e-15,7.2652157e-17
4755.0,2.8027799e-15,7.2274266e-17
4756.5,2.73462e-15,7.1262487e-17
4758.0,2.7484e-15,7.1181422e-17
4759.5,2.7334499e-15,7.1210759e-17
4761.0,2.6963001e-15,7.0735213e-17
4762.5,2.6810901e-15,7.0578907e-17
4764.0,2.61672e-15,6.9992015e-17
4765.5,2.6440301e-15,7.0085363e-17
4767.0,2.6868601e-15,7.0340112e-17
4768.5,2.68482e-15,7.0464833e-17
4770.0,2.69662e-15,7.0717945e-17
4771.5,2.6295801e-15,6.9899595e-17
4773.0,2.5895601e-15,6.9391896e-17
4774.5,2.6060301e-15,6.9654047e-17
4776.0,2.6620399e-15,6.9921168e-17
4777.5,2.6905999e-15,7.0304722e-17
4779.0,2.50862e-15,6.8147877e-17
4780.5,2.55864e-15,6.915636e-17
4782.0,2.5792001e-15,6.9385865e-17
4783.5,2.44903e-15,6.7847077e-17
4785.0,2.4244899e-15,6.6839154e-17
4786.5,2.4754301e-15,6.7963134e-17
4788.0,2.4802999e-15,6.8134673e-17
4789.5,2.46834e-15,6.7788219e-17
4791.0,2.4756899e-15,6.770099e-17
4792.5,2.4393401e-15,6.7461687e-17
4794.0,2.3903302e-15,6.6833249e-17
4795.5,2.41523e-15,6.7237145e-17
4797.0,2.5023401e-15,6.8149426e-17
4798.5,2.4625198e-15,6.7554298e-17
4800.0,2.4861501e-15,6.7574891e-17
4801.5,2.5158998e-15,6.8029048e-17
4803.0,2.4639e-15,6.7393797e-17
4804.5,2.44571e-15,6.7339016e-17
4806.0,2.37113e-15,6.6709774e-17
4807.5,2.3755501e-15,6.6784551e-17
4809.0,2.4198101e-15,6.7093299e-17
4810.5,2.3757999e-15,6.6549096e-17
4812.0,2.3968798e-15,6.6472543e-17
4813.5,2.4596801e-15,6.7207188e-17
4815.0,2.4876e-15,6.7531354e-17
4816.5,2.41183e-15,6.6818363e-17
4818.0,2.3840799e-15,6.6715075e-17
4819.5,2.3107601e-15,6.6165395e-17
4821.0,2.3017299e-15,6.5922737e-17
4822.5,2.34091e-15,6.6105401e-17
4824.0,2.3079801e-15,6.5606896e-17
4825.5,2.31153e-15,6.5598911e-17
4827.0,2.30179e-15,6.5615507e-17
4828.5,2.37207e-15,6.6133249e-17
4830.0,2.3071301e-15,6.5586244e-17
4831.5,2.2946e-15,6.5287597e-17
4833.0,2.2261099e-15,6.4656711e-17
4834.5,2.2468701e-15,6.4716173e-17
4836.0,2.2681601e-15,6.5025497e-17
4837.5,2.25011e-15,6.4759777e-17
4839.0,2.25203e-15,6.4799531e-17
4840.5,2.1589999e-15,6.3758748e-17
4842.0,2.1537799e-15,6.3489076e-17
4843.5,2.1842201e-15,6.3737492e-17
4845.0,2.2672601e-15,6.4340788e-17
4846.5,2.2640299e-15,6.4803896e-17
4848.0,2.23794e-15,6.4328262e-17
4849.5,2.1872102e-15,6.3267991e-17
4851.0,2.1421999e-15,6.3389165e-17
4852.5,2.1140202e-15,6.3046052e-17
4854.0,2.10363e-15,6.2849807e-17
4855.5,2.1899099e-15,6.3335734e-17
4857.0,2.20968e-15,6.331809e-17
4858.5,2.27438e-15,6.3545678e-17
4860.0,2.2058798e-15,6.278331e-17
4861.5,2.21072e-15,6.2886398e-17
4863.0,2.2325101e-15,6.3522033e-17
4864.5,2.2040401e-15,6.3003901e-17
4866.0,2.2074699e-15,6.2952792e-17
4867.5,2.2211499e-15,6.3087067e-17
4869.0,2.19891e-15,6.3045359e-17
4870.5,2.21138e-15,6.2998924e-17
4872.0,2.2290201e-15,6.3166068e-17
4873.5,2.12412e-15,6.2281944e-17
4875.0,2.06224e-15,6.1582095e-17
4876.5,2.03564e-15,6.1071259e-17
4878.0,2.0734301e-15,6.1668259e-17
4879.5,2.0977002e-15,6.166778e-17
4881.0,2.0362799e-15,6.1117391e-17
4882.5,1.9417201e-15,6.0466185e-17
4884.0,1.93222e-15,6.0204579e-17
4885.5,1.9581e-15,6.0401993e-17
4887.0,1.9251001e-15,5.9704585e-17
4888.5,2.01681e-15,6.0554745e-17
4890.0,2.0023899e-15,6.0559361e-17
4891.5,1.9207601e-15,5.9837367e-17
4893.0,1.96011e-15,6.0096787e-17
4894.5,1.99669e-15,6.0458709e-17
4896.0,1.9264801e-15,5.9668748e-17
4897.5,1.90749e-15,5.940778e-17
4899.0,1.88858e-15,5.9071933e-17
4900.5,1.8337601e-15,5.852898e-17
4902.0,1.89673e-15,5.928731e-17
4903.5,1.97219e-15,5.9942778e-17
4905.0,1.97787e-15,5.9818574e-17
4906.5,1.96284e-15,5.9636772e-17
4908.0,1.86247e-15,5.8705863e-17
4909.5,1.79151e-15,5.8237071e-17
4911.0,1.84634e-15,5.8298745e-17
4912.5,1.82796e-15,5.8193814e-17
4914.0,1.75814e-15,5.7528441e-17
4915.5,1.86971e-15,5.899076e-17
4917.0,1.9102799e-15,5.8790434e-17
4918.5,1.8124699e-15,5.7790047e-17
4920.0,1.86605e-15,5.8363078e-17
4921.5,1.79849e-15,5.7398368e-17
4923.0,1.8963799e-15,5.85689e-17
4924.5,1.89565e-15,5.885553e-17
4926.0,1.8869999e-15,5.8715518e-17
4927.5,1.87146e-15,5.8682517e-17
4929.0,1.86001e-15,5.8073189e-17
4930.5,1.86351e-15,5.8043639e-17
4932.0,1.8741e-15,5.8248783e-17
4933.5,1.9190899e-15,5.8905404e-17
4935.0,1.9227599e-15,5.874491e-17
4936.5,1.88126e-15,5.8307866e-17
4938.0,1.85178e-15,5.791528e-17
4939.5,1.9630501e-15,5.8972092e-17
4941.0,1.94179e-15,5.8924341e-17
4942.5,1.9731899e-15,5.8973213e-17
4944.0,1.9294801e-15,5.8607778e-17
4945.5,1.8839601e-15,5.8421003e-17
4947.0,1.86815e-15,5.8138333e-17
4948.5,1.9252699e-15,5.8690705e-17
4950.0,1.9741901e-15,5.9067933e-17
4951.5,1.97716e-15,5.9113678e-17
4953.0,1.99097e-15,5.9333642e-17
4954.5,1.9543801e-15,5.9080717e-17
4956.0,1.9744001e-15,5.9479832e-17
4957.5,1.9871499e-15,5.9688718e-17
4959.0,1.97112e-15,5.9389038e-17
4960.5,1.99862e-15,5.9382395e-17
4962.0,2.0720698e-15,5.9909795e-17
4963.5,2.1331602e-15,6.0740838e-17
4965.0,2.1432701e-15,6.1100883e-17
4966.5,2.1540101e-15,6.0904152e-17
4968.0,2.1123801e-15,6.0687373e-17
4969.5,2.1254901e-15,6.0819507e-17
4971.0,2.1217599e-15,6.0630955e-17
4972.5,2.1775601e-15,6.1442784e-17
4974.0,2.1597199e-15,6.1371919e-17
4975.5,2.1129999e-15,6.0548803e-17
4977.0,2.2080499e-15,6.1512196e-17
4978.5,2.22091e-15,6.1831108e-17
4980.0,2.22989e-15,6.1796312e-17
4981.5,2.2968601e-15,6.2538898e-17
4983.0,2.27053e-15,6.2259464e-17
4984.5,2.2479401e-15,6.2019623e-17
4986.0,2.29312e-15,6.2353779e-17
4987.5,2.2748599e-15,6.209229e-17
4989.0,2.35755e-15,6.3000288e-17
4990.5,2.2191802e-15,6.1826935e-17
4992.0,2.1353499e-15,6.0876105e-17
4993.5,2.2113599e-15,6.1418708e-17
4995.0,2.1702299e-15,6.0948972e-17
4996.5,2.12108e-15,6.0645808e-17
4998.0,2.1092999e-15,6.0589339e-17
4999.5,2.1804801e-15,6.069221e-17
5001.0,2.2194199e-15,6.0916763e-17
5002.5,2.2100201e-15,6.0716481e-17
5004.0,2.0857699e-15,5.9592892e-17
5005.5,2.0844901e-15,6.0028079e-17
5007.0,2.1211901e-15,6.0306573e-17
5008.5,2.06113e-15,5.9203086e-17
5010.0,1.9934899e-15,5.8408786e-17
5011.5,2.02499e-15,5.8661762e-17
5013.0,2.08463e-15,5.9447196e-17
5014.5,2.0546999e-15,5.939682e-17
5016.0,2.0146101e-15,5.8963189e-17
5017.5,2.02745e-15,5.8757983e-17
5019.0,2.1332601e-15,5.9969958e-17
5020.5,2.1283801e-15,5.9845702e-17
5022.0,2.01414e-15,5.8714962e-17
5023.5,1.98059e-15,5.8453352e-17
5025.0,1.9793599e-15,5.8333619e-17
5026.5,2.0118301e-15,5.8718276e-17
5028.0,2.00523e-15,5.8626037e-17
5029.5,1.9917499e-15,5.843336e-17
5031.0,2.02181e-15,5.8876779e-17
5032.5,2.0112399e-15,5.8683287e-17
5034.0,1.98548e-15,5.8229879e-17
5035.5,1.9688601e-15,5.8197987e-17
5037.0,1.88202e-15,5.7287428e-17
5038.5,1.86632e-15,5.6867975e-17
5040.0,1.92632e-15,5.7218517e-17
5041.5,1.9805801e-15,5.7888225e-17
5043.0,1.93892e-15,5.7618914e-17
5044.5,1.9283899e-15,5.7507152e-17
5046.0,1.8643e-15,5.7076411e-17
5047.5,1.9492901e-15,5.7680589e-17
5049.0,2.0137101e-15,5.8327113e-17
5050.5,1.9777201e-15,5.7815163e-17
5052.0,1.9021501e-15,5.6915501e-17
5053.5,1.95627e-15,5.7592383e-17
5055.0,1.9119998e-15,5.7641534e-17
5056.5,1.9182499e-15,5.7764614e-17
5058.0,2.0314501e-15,5.8590094e-17
5059.5,1.97506e-15,5.7985927e-17
5061.0,1.9189e-15,5.7558935e-17
5062.5,2.0260501e-15,5.8514742e-17
5064.0,1.92095e-15,5.7544949e-17
5065.5,1.9279999e-15,5.7285042e-17
5067.0,1.9799101e-15,5.7586543e-17
5068.5,1.9959101e-15,5.7963075e-17
5070.0,1.9025199e-15,5.7063788e-17
5071.5,1.8647e-15,5.6841948e-17
5073.0,1.93968e-15,5.7428534e-17
5074.5,1.99241e-15,5.7993565e-17
5076.0,2.0473102e-15,5.8590263e-17
5077.5,2.01521e-15,5.8198975e-17
5079.0,2.0773301e-15,5.8600497e-17
5080.5,2.0696001e-15,5.8716392e-17
5082.0,1.9608199e-15,5.7667288e-17
5083.5,2.0046301e-15,5.7832062e-17
5085.0,2.05955e-15,5.8289345e-17
5086.5,2.0716901e-15,5.8650961e-17
5088.0,2.08709e-15,5.8916073e-17
5089.5,2.0235901e-15,5.8430547e-17
5091.0,2.0269401e-15,5.836766e-17
5092.5,2.05263e-15,5.8391655e-17
5094.0,2.0752699e-15,5.8606941e-17
5095.5,2.1156499e-15,5.8976339e-17
5097.0,2.1221199e-15,5.9023006e-17
5098.5,2.1126399e-15,5.8804244e-17
5100.0,2.10989e-15,5.8750381e-17
5101.5,2.1134901e-15,5.9128269e-17
5103.0,2.16753e-15,5.959924e-17
5104.5,2.2099801e-15,5.9724694e-17
5106.0,2.20223e-15,5.9536283e-17
5107.5,2.18626e-15,5.9500344e-17
5109.0,2.1864301e-15,5.9627291e-17
5110.5,2.20536e-15,5.9867003e-17
5112.0,2.19821e-15,5.9732008e-17
5113.5,2.2028799e-15,5.9797922e-17
5115.0,2.25941e-15,6.0383251e-17
5116.5,2.2415099e-15,6.0322148e-17
5118.0,2.2278599e-15,5.9927121e-17
5119.5,2.31359e-15,6.0436771e-17
5121.0,2.35553e-15,6.0910979e-17
5122.5,2.2881001e-15,6.0303996e-17
5124.0,2.2961801e-15,6.0389267e-17
5125.5,2.3323399e-15,6.0542915e-17
5127.0,2.2380601e-15,5.9794409e-17
5128.5,2.3404801e-15,6.0540091e-17
5130.0,2.42153e-15,6.1221298e-17
5131.5,2.3954899e-15,6.1072778e-17
5133.0,2.41785e-15,6.1806291e-17
5134.5,2.47195e-15,6.201705e-17
5136.0,2.37915e-15,6.1009186e-17
5137.5,2.3715798e-15,6.1234639e-17
5139.0,2.44812e-15,6.1900462e-17
5140.5,2.4522199e-15,6.1984543e-17
5142.0,2.5352098e-15,6.2646771e-17
5143.5,2.5094901e-15,6.2432949e-17
5145.0,2.4743399e-15,6.2333016e-17
5146.5,2.4950399e-15,6.2569459e-17
5148.0,2.50907e-15,6.280725e-17
5149.5,2.5326499e-15,6.3006289e-17
5151.0,2.5977499e-15,6.3214213e-17
5152.5,2.5463e-15,6.2643158e-17
5154.0,2.5565e-15,6.2788029e-17
5155.5,2.59478e-15,6.322949e-17
5157.0,2.609e-15,6.3569853e-17
5158.5,2.6614298e-15,6.3849206e-17
5160.0,2.73579e-15,6.4228285e-17
5161.5,2.64802e-15,6.3644121e-17
5163.0,2.5192299e-15,6.2350158e-17
5164.5,2.59924e-15,6.2771749e-17
5166.0,2.71094e-15,6.363214e-17
5167.5,2.6940101e-15,6.3292307e-17
5169.0,2.65222e-15,6.300904e-17
5170.5,2.73547e-15,6.3722384e-17
5172.0,2.8132901e-15,6.4445764e-17
5173.5,2.80468e-15,6.443716e-17
5175.0,2.75005e-15,6.4014197e-17
5176.5,2.8222699e-15,6.4636981e-17
5178.0,2.8931999e-15,6.5221557e-17
5179.5,2.7894699e-15,6.4414068e-17
5181.0,2.7942501e-15,6.4290785e-17
5182.5,2.8473e-15,6.4604193e-17
5184.0,2.8427501e-15,6.4480557e-17
5185.5,2.83974e-15,6.4382202e-17
5187.0,2.8429301e-15,6.457754e-17
5188.5,2.86863e-15,6.48475e-17
5190.0,2.9021299e-15,6.5020373e-17
5191.5,2.9050901e-15,6.5094131e-17
5193.0,3.00042e-15,6.5824087e-17
5194.5,2.94118e-15,6.5638555e-17
5196.0,2.8443e-15,6.5157162e-17
5197.5,2.86621e-15,6.5170131e-17
5199.0,2.8427e-15,6.5052732e-17
5200.5,2.9234199e-15,6.5670944e-17
5202.0,2.9798901e-15,6.6047804e-17
5203.5,2.9885002e-15,6.6142163e-17
5205.0,2.9529301e-15,6.5683582e-17
5206.5,2.90761e-15,6.5288327e-17
5208.0,2.8888499e-15,6.5155371e-17
5209.5,2.92982e-15,6.5295523e-17
5211.0,2.92665e-15,6.5300404e-17
5212.5,2.87203e-15,6.4799251e-17
5214.0,2.8538598e-15,6.4442476e-17
5215.5,2.8633102e-15,6.4639237e-17
5217.0,2.8376902e-15,6.4541958e-17
5218.5,2.8092201e-15,6.4413161e-17
5220.0,2.85602e-15,6.471416e-17
5221.5,2.9045401e-15,6.5186123e-17
5223.0,2.8745001e-15,6.4978148e-17
5224.5,2.8437801e-15,6.4425547e-17
5226.0,2.8698101e-15,6.4161007e-17
5227.5,2.8981198e-15,6.4255801e-17
5229.0,2.89434e-15,6.4345411e-17
5230.5,2.83522e-15,6.4074515e-17
5232.0,2.78863e-15,6.3750026e-17
5233.5,2.7587901e-15,6.344635e-17
5235.0,2.78457e-15,6.3606563e-17
5236.5,2.8560801e-15,6.4192851e-17
5238.0,2.81962e-15,6.402432e-17
5239.5,2.77897e-15,6.4006507e-17
5241.0,2.8283701e-15,6.4439254e-17
5242.5,2.87064e-15,6.4451817e-17
5244.0,2.8881801e-15,6.4494381e-17
5245.5,2.9059898e-15,6.4725677e-17
5247.0,2.8654e-15,6.4220639e-17
5248.5,2.8214199e-15,6.3694183e-17
5250.0,2.8694601e-15,6.4221524e-17
5251.5,2.88315e-15,6.4246688e-17
5253.0,2.82073e-15,6.3862536e-17
5254.5,2.76718e-15,6.365285e-17
5256.0,2.7767e-15,6.3470695e-17
5257.5,2.77495e-15,6.3216197e-17
5259.0,2.7073401e-15,6.2599806e-17
5260.5,2.70525e-15,6.2509281e-17
5262.0,2.7256502e-15,6.2825211e-17
5263.5,2.77152e-15,6.3139378e-17
5265.0,2.8438498e-15,6.3586339e-17
5266.5,2.8556901e-15,6.3988532e-17
5268.0,2.8991498e-15,6.4283184e-17
5269.5,2.8812899e-15,6.3849346e-17
5271.0,2.76691e-15,6.2919569e-17
5272.5,2.7991301e-15,6.3324239e-17
5274.0,2.8789201e-15,6.3991253e-17
5275.5,2.82289e-15,6.3632568e-17
5277.0,2.7430402e-15,6.3117163e-17
5278.5,2.8176e-15,6.381417e-17
5280.0,2.9059602e-15,6.4315507e-17
5281.5,2.8679299e-15,6.3774909e-17
5283.0,2.8678801e-15,6.3910254e-17
5284.5,2.8192799e-15,6.3717061e-17
5286.0,2.7097399e-15,6.2847691e-17
5287.5,2.72166e-15,6.2628346e-17
5289.0,2.80062e-15,6.2987444e-17
5290.5,2.80164e-15,6.3185488e-17
5292.0,2.7167699e-15,6.28228e-17
5293.5,2.7085399e-15,6.2819408e-17
5295.0,2.7562001e-15,6.3026735e-17
5296.5,2.73865e-15,6.2785124e-17
5298.0,2.6478301e-15,6.1951999e-17
5299.5,2.63757e-15,6.1665723e-17
5301.0,2.6686599e-15,6.2163056e-17
5302.5,2.68027e-15,6.2345174e-17
5304.0,2.6360099e-15,6.1817657e-17
5305.5,2.5624699e-15,6.1207278e-17
5307.0,2.5294e-15,6.1012331e-17
5308.5,2.4595499e-15,6.050128e-17
5310.0,2.45564e-15,6.0385629e-17
5311.5,2.4967598e-15,6.0611056e-17
5313.0,2.4641199e-15,6.0102055e-17
5314.5,2.3520301e-15,5.9241672e-17
5316.0,2.2945e-15,5.8985422e-17
5317.5,2.36792e-15,5.9507742e-17
5319.0,2.3656599e-15,5.9482896e-17
5320.5,2.3019499e-15,5.8877914e-17
5322.0,2.2892999e-15,5.8446521e-17
5323.5,2.2799999e-15,5.8439362e-17
5325.0,2.30827e-15,5.8484915e-17
5326.5,2.2888101e-15,5.8067346e-17
5328.0,2.24909e-15,5.7780377e-17
5329.5,2.2230001e-15,5.7522373e-17
5331.0,2.0917301e-15,5.6317608e-17
5332.5,2.08759e-15,5.6370918e-17
5334.0,2.15238e-15,5.7246482e-17
5335.5,2.0748798e-15,5.6525259e-17
5337.0,2.07095e-15,5.6064234e-17
5338.5,2.0694201e-15,5.5963118e-17
5340.0,2.0507e-15,5.6227124e-17
5341.5,2.04248e-15,5.5983482e-17
5343.0,1.9508501e-15,5.5185784e-17
5344.5,1.96419e-15,5.5072698e-17
5346.0,2.04561e-15,5.6180195e-17
5347.5,2.0410299e-15,5.6097235e-17
5349.0,1.93087e-15,5.4913295e-17
5350.5,1.89735e-15,5.4646801e-17
5352.0,1.9156601e-15,5.4868925e-17
5353.5,1.92257e-15,5.473584e-17
5355.0,1.9624301e-15,5.4768056e-17
5356.5,1.9195899e-15,5.4358962e-17
5358.0,1.8110799e-15,5.4043729e-17
5359.5,1.8243999e-15,5.3918625e-17
5361.0,1.87239e-15,5.4043324e-17
5362.5,1.8698301e-15,5.3995967e-17
5364.0,1.8056299e-15,5.3509115e-17
5365.5,1.87181e-15,5.4146128e-17
5367.0,1.9471299e-15,5.4994674e-17
5368.5,1.89181e-15,5.4111733e-17
5370.0,1.93089e-15,5.4452056e-17
5371.5,1.97877e-15,5.5069675e-17
5373.0,2.0129001e-15,5.5313601e-17
5374.5,1.9628e-15,5.4903979e-17
5376.0,1.88541e-15,5.446991e-17
5377.5,1.8429499e-15,5.4171826e-17
5379.0,1.84678e-15,5.4056134e-17
5380.5,1.9140799e-15,5.4471908e-17
5382.0,1.93705e-15,5.4898623e-17
5383.5,1.91939e-15,5.4973134e-17
5385.0,1.9259401e-15,5.4694253e-17
5386.5,1.93361e-15,5.4686523e-17
5388.0,1.9383599e-15,5.4925785e-17
5389.5,1.8920601e-15,5.4771731e-17
5391.0,1.89421e-15,5.4626883e-17
5392.5,1.9776599e-15,5.5213631e-17
5394.0,2.0079899e-15,5.5379817e-17
5395.5,1.9530701e-15,5.4837299e-17
5397.0,1.9149899e-15,5.4433956e-17
5398.5,1.9833501e-15,5.5138877e-17
5400.0,1.99768e-15,5.5078939e-17
5401.5,2.0244702e-15,5.5532163e-17
5403.0,2.01409e-15,5.5415712e-17
5404.5,2.06305e-15,5.6034381e-17
5406.0,2.0925401e-15,5.6329121e-17
5407.5,2.0037602e-15,5.5174175e-17
5409.0,2.0092699e-15,5.5618924e-17
5410.5,2.0755899e-15,5.5961824e-17
5412.0,2.04251e-15,5.5531231e-17
5413.5,2.0133399e-15,5.5197554e-17
5415.0,2.1214099e-15,5.6171617e-17
5416.5,2.0390999e-15,5.5656607e-17
5418.0,2.00045e-15,5.5286111e-17
5419.5,2.0457201e-15,5.5786802e-17
5421.0,2.0104598e-15,5.5486566e-17
5422.5,2.06232e-15,5.6152532e-17
5424.0,2.06939e-15,5.6217727e-17
5425.5,2.1015101e-15,5.6386066e-17
5427.0,2.0850599e-15,5.6275221e-17
5428.5,2.0641001e-15,5.6547013e-17
5430.0,2.10582e-15,5.6678454e-17
5431.5,2.20911e-15,5.7102183e-17
5433.0,2.1406702e-15,5.6430768e-17
5434.5,2.12147e-15,5.6446653e-17
5436.0,2.18667e-15,5.7029386e-17
5437.5,2.21958e-15,5.7480738e-17
5439.0,2.0676e-15,5.6128976e-17
5440.5,2.0237502e-15,5.5544978e-17
5442.0,2.1041802e-15,5.6352331e-17
5443.5,2.2016999e-15,5.7453333e-17
5445.0,2.18085e-15,5.7227969e-17
5446.5,2.1923e-15,5.7506189e-17
5448.0,2.1806601e-15,5.7426285e-17
5449.5,2.14867e-15,5.6931544e-17
5451.0,2.1977e-15,5.7397601e-17
5452.5,2.1897801e-15,5.7409822e-17
5454.0,2.17629e-15,5.7261206e-17
5455.5,2.2053102e-15,5.7605687e-17
5457.0,2.1908901e-15,5.7731019e-17
5458.5,2.16972e-15,5.8032082e-17
5460.0,2.1800102e-15,5.8728878e-17
5461.5,2.2283298e-15,5.9536117e-17
5463.0,2.1955501e-15,5.8723842e-17
5464.5,2.1441e-15,5.7573058e-17
5466.0,2.1372299e-15,5.7303124e-17
5467.5,2.26025e-15,5.7934479e-17
5469.0,2.2329499e-15,5.7568959e-17
5470.5,2.18595e-15,5.7515748e-17
5472.0,2.2184e-15,5.7579546e-17
5473.5,2.23052e-15,5.7619497e-17
5475.0,2.2685499e-15,5.7972014e-17
5476.5,2.1751101e-15,5.6871186e-17
5478.0,2.1785501e-15,5.7417062e-17
5479.5,2.1882601e-15,5.7705092e-17
5481.0,2.14862e-15,5.7050141e-17
5482.5,2.0948601e-15,5.6613664e-17
5484.0,2.08791e-15,5.6348493e-17
5485.5,2.20687e-15,5.7353054e-17
5487.0,2.1030801e-15,5.6156834e-17
5488.5,2.0581101e-15,5.5702799e-17
5490.0,2.0685201e-15,5.5864354e-17
5491.5,2.1045002e-15,5.6363401e-17
5493.0,2.09689e-15,5.6156506e-17
5494.5,2.11066e-15,5.6215139e-17
5496.0,2.12452e-15,5.6339336e-17
5497.5,2.05933e-15,5.5527474e-17
5499.0,2.05284e-15,5.5362981e-17
5500.5,2.0000601e-15,5.514719e-17
5502.0,1.90567e-15,5.4296167e-17
5503.5,1.9440001e-15,5.4473939e-17
5505.0,1.94309e-15,5.4634739e-17
5506.5,1.9571101e-15,5.4650325e-17
5508.0,1.9884401e-15,5.4855285e-17
5509.5,2.0035999e-15,5.5120607e-17
5511.0,1.9846501e-15,5.5101283e-17
5512.5,1.97541e-15,5.4804504e-17
5514.0,1.90012e-15,5.386533e-17
5515.5,1.8293102e-15,5.3188946e-17
5517.0,1.8482001e-15,5.3488054e-17
5518.5,1.90553e-15,5.4126888e-17
5520.0,1.96101e-15,5.4584548e-17
5521.5,1.92646e-15,5.4139028e-17
5523.0,1.88863e-15,5.378783e-17
5524.5,1.8543499e-15,5.3429038e-17
5526.0,1.8289e-15,5.3080918e-17
5527.5,1.8342399e-15,5.3260319e-17
5529.0,1.77156e-15,5.2816974e-17
5530.5,1.7965899e-15,5.3004549e-17
5532.0,1.8501499e-15,5.3361133e-17
5533.5,1.79719e-15,5.282977e-17
5535.0,1.7386301e-15,5.211734e-17
5536.5,1.74871e-15,5.2148538e-17
5538.0,1.76719e-15,5.2485923e-17
5539.5,1.71716e-15,5.2027471e-17
5541.0,1.71471e-15,5.2036971e-17
5542.5,1.74888e-15,5.2418409e-17
5544.0,1.7434899e-15,5.2554731e-17
5545.5,1.71978e-15,5.2438113e-17
5547.0,1.7262101e-15,5.2203566e-17
5548.5,1.7011e-15,5.1980413e-17
5550.0,1.72146e-15,5.2194272e-17
5551.5,1.7944399e-15,5.2834135e-17
5553.0,1.79205e-15,5.2706089e-17
5554.5,1.7727501e-15,5.2333904e-17
5556.0,1.78267e-15,5.2495755e-17
5557.5,1.7937401e-15,5.2886733e-17
5559.0,1.8161699e-15,5.3212856e-17
5560.5,1.82474e-15,5.3046438e-17
5562.0,1.81897e-15,5.3148719e-17
5563.5,1.76002e-15,5.2810696e-17
5565.0,1.8047199e-15,5.323593e-17
5566.5,1.8765699e-15,5.3710075e-17
5568.0,1.8133499e-15,5.3085529e-17
5569.5,1.76588e-15,5.3522585e-17
5571.0,1.7836699e-15,5.6516743e-17
5572.5,1.8433599e-15,6.5844518e-17
5574.0,1.8948301e-15,8.188481e-17
5575.5,1.9656501e-15,9.6275809e-17
5577.0,1.9822299e-15,1.0186619e-16
5578.5,2.0013298e-15,9.9545641e-17
5580.0,2.00716e-15,8.8821174e-17
5581.5,1.9815e-15,7.2697471e-17
5583.0,1.9448899e-15,6.0833364e-17
5584.5,1.92636e-15,5.6331742e-17
5586.0,1.9883899e-15,5.5430576e-17
5587.5,2.0362301e-15,5.5438314e-17
5589.0,2.10199e-15,5.5744913e-17
5590.5,2.11782e-15,5.5780653e-17
5592.0,2.1267699e-15,5.6071515e-17
5593.5,2.1412599e-15,5.6280404e-17
5595.0,2.14503e-15,5.6434856e-17
5596.5,2.19784e-15,5.6869246e-17
5598.0,2.23669e-15,5.7240304e-17
5599.5,2.2386998e-15,5.7385111e-17
5601.0,2.2356702e-15,5.6942832e-17
5602.5,2.28123e-15,5.7315596e-17
5604.0,2.2972601e-15,5.7691029e-17
5605.5,2.2808399e-15,5.7531187e-17
5607.0,2.28051e-15,5.7723425e-17
5608.5,2.28405e-15,5.7809394e-17
5610.0,2.26732e-15,5.7646644e-17
5611.5,2.33359e-15,5.8308308e-17
5613.0,2.4254799e-15,5.890919e-17
5614.5,2.4797999e-15,5.9332846e-17
5616.0,2.46628e-15,5.9316961e-17
5617.5,2.4533702e-15,5.9063859e-17
5619.0,2.4505502e-15,5.9178486e-17
5620.5,2.47335e-15,5.9420882e-17
5622.0,2.4977401e-15,5.9761787e-17
5623.5,2.4835601e-15,5.9457769e-17
5625.0,2.4607402e-15,5.9141909e-17
5626.5,2.49553e-15,5.9501398e-17
5628.0,2.5012199e-15,5.943795e-17
5629.5,2.4267699e-15,5.9178084e-17
5631.0,2.43481e-15,5.9144722e-17
5632.5,2.5118201e-15,5.9889121e-17
5634.0,2.54001e-15,5.9835377e-17
5635.5,2.4549899e-15,5.9013661e-17
5637.0,2.4813599e-15,5.9610303e-17
5638.5,2.5307301e-15,5.9873439e-17
5640.0,2.5947499e-15,6.0242609e-17
5641.5,2.5650599e-15,6.0288078e-17
5643.0,2.55265e-15,6.0444372e-17
5644.5,2.58673e-15,6.0738865e-17
5646.0,2.64959e-15,6.1040156e-17
5647.5,2.6186699e-15,6.0701028e-17
5649.0,2.6225e-15,6.0752616e-17
5650.5,2.65661e-15,6.1152062e-17
5652.0,2.6389799e-15,6.0951202e-17
5653.5,2.6672e-15,6.103894e-17
5655.0,2.66752e-15,6.1050213e-17
5656.5,2.6146901e-15,6.0615303e-17
5658.0,2.6464801e-15,6.093591e-17
5659.5,2.6928401e-15,6.1403199e-17
5661.0,2.6454999e-15,6.0999358e-17
5662.5,2.6012299e-15,6.0587813e-17
5664.0,2.59835e-15,6.0583157e-17
5665.5,2.58781e-15,6.0560208e-17
5667.0,2.55088e-15,6.0374201e-17
5668.5,2.60578e-15,6.1180308e-17
5670.0,2.6228199e-15,6.1481802e-17
5671.5,2.6323601e-15,6.1362021e-17
5673.0,2.58651e-15,6.0973306e-17
5674.5,2.60175e-15,6.1044724e-17
5676.0,2.6936399e-15,6.1829464e-17
5677.5,2.73284e-15,6.227626e-17
5679.0,2.7131501e-15,6.2318639e-17
5680.5,2.6745999e-15,6.1907849e-17
5682.0,2.67311e-15,6.2145715e-17
5683.5,2.6453e-15,6.2430914e-17
5685.0,2.60658e-15,6.232209e-17
5686.5,2.6456399e-15,6.2233629e-17
5688.0,2.6942301e-15,6.2986501e-17
5689.5,2.6433899e-15,6.2673631e-17
5691.0,2.63411e-15,6.2191788e-17
5692.5,2.7012101e-15,6.2415335e-17
5694.0,2.74701e-15,6.2830327e-17
5695.5,2.71048e-15,6.2484722e-17
5697.0,2.6855499e-15,6.2165371e-17
5698.5,2.6557299e-15,6.1840749e-17
5700.0,2.62786e-15,6.1467004e-17
5701.5,2.6493101e-15,6.137621e-17
5703.0,2.7291802e-15,6.197108e-17
5704.5,2.74559e-15,6.1947479e-17
5706.0,2.6168399e-15,6.1068947e-17
5707.5,2.7110101e-15,6.1806645e-17
5709.0,2.7416798e-15,6.1924851e-17
5710.5,2.6232701e-15,6.1108474e-17
5712.0,2.6220801e-15,6.092307e-17
5713.5,2.6401701e-15,6.1134083e-17
5715.0,2.6681999e-15,6.1366666e-17
5716.5,2.6954998e-15,6.165035e-17
5718.0,2.7190101e-15,6.20443e-17
5719.5,2.6498001e-15,6.1436465e-17
5721.0,2.59253e-15,6.0742983e-17
5722.5,2.6005999e-15,6.0690871e-17
5724.0,2.61195e-15,6.0808222e-17
5725.5,2.6485901e-15,6.1329993e-17
5727.0,2.64866e-15,6.1302216e-17
5728.5,2.69086e-15,6.1398996e-17
5730.0,2.6522101e-15,6.129161e-17
5731.5,2.6001101e-15,6.1178214e-17
5733.0,2.5892402e-15,6.1073301e-17
5734.5,2.6588599e-15,6.1301939e-17
5736.0,2.7154199e-15,6.1692792e-17
5737.5,2.6886899e-15,6.172913e-17
5739.0,2.6142001e-15,6.1213291e-17
5740.5,2.6013201e-15,6.1100824e-17
5742.0,2.5931001e-15,6.0699933e-17
5743.5,2.6098999e-15,6.0645023e-17
5745.0,2.59043e-15,6.0696884e-17
5746.5,2.60845e-15,6.0750467e-17
5748.0,2.6135699e-15,6.0935269e-17
5749.5,2.6243899e-15,6.0973811e-17
5751.0,2.6793302e-15,6.1208605e-17
5752.5,2.6157601e-15,6.0889686e-17
5754.0,2.5806502e-15,6.0722509e-17
5755.5,2.67267e-15,6.1177676e-17
5757.0,2.6313602e-15,6.0678835e-17
5758.5,2.5122999e-15,5.9834812e-17
5760.0,2.48278e-15,5.9661914e-17
5761.5,2.4894599e-15,5.9756859e-17
5763.0,2.4584301e-15,5.9477635e-17
5764.5,2.4864199e-15,5.9925308e-17
5766.0,2.5251501e-15,6.0561665e-17
5767.5,2.5485798e-15,6.0993961e-17
5769.0,2.4770301e-15,6.0490973e-17
5770.5,2.4829801e-15,6.0203171e-17
5772.0,2.5418999e-15,6.0577568e-17
5773.5,2.53545e-15,6.0366592e-17
5775.0,2.5285901e-15,5.9971739e-17
5776.5,2.4945199e-15,5.9603819e-17
5778.0,2.5004002e-15,5.9628245e-17
5779.5,2.3886799e-15,5.8791367e-17
5781.0,2.3567e-15,5.8496122e-17
5782.5,2.3793299e-15,5.8705893e-17
5784.0,2.40909e-15,5.9065522e-17
5785.5,2.4639299e-15,5.9806943e-17
5787.0,2.4421402e-15,5.9688449e-17
5788.5,2.4298201e-15,5.971783e-17
5790.0,2.4332298e-15,5.9945904e-17
5791.5,2.4567202e-15,5.986694e-17
5793.0,2.4336701e-15,5.9325513e-17
5794.5,2.3924998e-15,5.9165292e-17
5796.0,2.3985301e-15,5.9248591e-17
5797.5,2.41746e-15,5.9138193e-17
5799.0,2.41782e-15,5.9029324e-17
5800.5,2.42246e-15,5.9022611e-17
5802.0,2.4274499e-15,5.9063325e-17
5803.5,2.40507e-15,5.8819362e-17
5805.0,2.3917502e-15,5.8787743e-17
5806.5,2.43132e-15,5.9152224e-17
5808.0,2.4635401e-15,5.9519793e-17
5809.5,2.4348299e-15,5.9373489e-17
5811.0,2.42845e-15,5.9066031e-17
5812.5,2.4358201e-15,5.9053987e-17
5814.0,2.3961001e-15,5.8829666e-17
5815.5,2.3918701e-15,5.8823594e-17
5817.0,2.3938602e-15,5.9003527e-17
5818.5,2.3543401e-15,5.8549893e-17
5820.0,2.38311e-15,5.8736277e-17
5821.5,2.3687998e-15,5.8610992e-17
5823.0,2.35718e-15,5.8409748e-17
5824.5,2.39787e-15,5.8791452e-17
5826.0,2.3608699e-15,5.8677127e-17
5827.5,2.3766402e-15,5.8845418e-17
5829.0,2.30528e-15,5.8282064e-17
5830.5,2.37533e-15,5.8793262e-17
5832.0,2.45595e-15,5.9448011e-17
5833.5,2.3648201e-15,5.8724034e-17
5835.0,2.3057401e-15,5.8174515e-17
5836.5,2.2230001e-15,5.7775721e-17
5838.0,2.3059199e-15,5.8259344e-17
5839.5,2.2620599e-15,5.7655277e-17
5841.0,2.3112499e-15,5.8313381e-17
5842.5,2.39153e-15,5.9090852e-17
5844.0,2.36872e-15,5.8705661e-17
5845.5,2.3262e-15,5.8438156e-17
5847.0,2.3061499e-15,5.8131236e-17
5848.5,2.3187698e-15,5.8167172e-17
5850.0,2.2948899e-15,5.8133127e-17
5851.5,2.25475e-15,5.8022176e-17
5853.0,2.3191099e-15,5.8565564e-17
5854.5,2.3209399e-15,5.8676873e-17
5856.0,2.24478e-15,5.7998188e-17
5857.5,2.1884898e-15,5.7353452e-17
5859.0,2.2348299e-15,5.7775367e-17
5860.5,2.2849902e-15,5.8225986e-17
5862.0,2.28037e-15,5.8257722e-17
5863.5,2.25949e-15,5.8240053e-17
5865.0,2.34968e-15,5.8908914e-17
5866.5,2.3840799e-15,5.9407342e-17
5868.0,2.30237e-15,5.8935946e-17
5869.5,2.26003e-15,5.8401671e-17
5871.0,2.3090999e-15,5.8738326e-17
5872.5,2.31986e-15,5.8758812e-17
5874.0,2.2842901e-15,5.8307305e-17
5875.5,2.2307201e-15,5.7785181e-17
5877.0,2.23978e-15,5.7727473e-17
5878.5,2.2673098e-15,5.7743513e-17
5880.0,2.2830998e-15,5.77693e-17
5881.5,2.29244e-15,5.7820062e-17
5883.0,2.2693501e-15,5.7940702e-17
5884.5,2.28422e-15,5.870176e-17
5886.0,2.1969599e-15,5.9655676e-17
5887.5,2.0801799e-15,6.1090473e-17
5889.0,2.0211201e-15,6.2198483e-17
5890.5,2.10802e-15,6.3310164e-17
5892.0,2.28248e-15,6.4716077e-17
5893.5,2.19561e-15,6.2951118e-17
5895.0,2.11965e-15,6.1441497e-17
5896.5,2.27179e-15,6.2037856e-17
5898.0,2.2866099e-15,6.1250078e-17
5899.5,2.3378698e-15,6.0124756e-17
5901.0,2.3326298e-15,5.9127145e-17
5902.5,2.38727e-15,5.9288461e-17
5904.0,2.3586399e-15,5.8811068e-17
5905.5,2.32688e-15,5.8639371e-17
5907.0,2.34238e-15,5.8697407e-17
5908.5,2.2576202e-15,5.7901548e-17
5910.0,2.3257001e-15,5.8646239e-17
5911.5,2.3165e-15,5.8853613e-17
5913.0,2.3264101e-15,5.9084124e-17
5914.5,2.40118e-15,5.9527144e-17
5916.0,2.47214e-15,6.0240106e-17
5917.5,2.40709e-15,5.9670433e-17
5919.0,2.4059501e-15,5.9505302e-17
5920.5,2.3782699e-15,5.9238358e-17
5922.0,2.3756e-15,5.9357106e-17
5923.5,2.3484399e-15,5.9278511e-17
5925.0,2.3503201e-15,5.9316374e-17
5926.5,2.3793299e-15,5.9423603e-17
5928.0,2.3915999e-15,5.5631934e-17
5929.5,2.4038702e-15,4.796192e-17
5931.0,2.4161401e-15,5.7249557e-17
5932.5,2.4161401e-15,6.0296918e-17
5934.0,2.4494802e-15,6.0617503e-17
5935.5,2.4657099e-15,6.0496941e-17
5937.0,2.3836801e-15,5.9693492e-17
5938.5,2.37748e-15,5.9544091e-17
5940.0,2.4268201e-15,5.9782085e-17
5941.5,2.4367001e-15,5.9705171e-17
5943.0,2.43919e-15,5.9590559e-17
5944.5,2.42599e-15,5.9608364e-17
5946.0,2.47155e-15,6.0226263e-17
5947.5,2.50733e-15,6.0583758e-17
5949.0,2.4877099e-15,6.0453415e-17
5950.5,2.4396201e-15,6.0133106e-17
5952.0,2.34673e-15,5.9343614e-17
5953.5,2.31484e-15,5.9217054e-17
5955.0,2.3619598e-15,5.972385e-17
5956.5,2.41952e-15,5.9987963e-17
5958.0,2.4593699e-15,5.995046e-17
5959.5,2.4156799e-15,5.9478523e-17
5961.0,2.4249101e-15,5.9728941e-17
5962.5,2.4113601e-15,5.9684762e-17
5964.0,2.4218701e-15,5.9709963e-17
5965.5,2.5162399e-15,6.0387892e-17
5967.0,2.4450199e-15,5.9947039e-17
5968.5,2.4453799e-15,5.9884123e-17
5970.0,2.4495498e-15,5.9982817e-17
5971.5,2.3778099e-15,5.9573236e-17
5973.0,2.35835e-15,5.9356085e-17
5974.5,2.3778701e-15,5.9530292e-17
5976.0,2.3725399e-15,5.9439576e-17
5977.5,2.38794e-15,5.9506987e-17
5979.0,2.43588e-15,5.9618141e-17
5980.5,2.3513101e-15,5.8835697e-17
5982.0,2.3331201e-15,5.8620172e-17
5983.5,2.40122e-15,5.9128129e-17
5985.0,2.4126899e-15,5.9460766e-17
5986.5,2.4014699e-15,5.9336558e-17
5988.0,2.3921699e-15,5.9159855e-17
5989.5,2.38629e-15,5.920264e-17
5991.0,2.33511e-15,5.8612017e-17
5992.5,2.3594101e-15,5.8745548e-17
5994.0,2.33349e-15,5.8738798e-17
5995.5,2.3513201e-15,5.9781694e-17
5997.0,2.4036601e-15,6.1545164e-17
5998.5,2.3800499e-15,6.2394167e-17
6000.0,2.4416e-15,6.3167122e-17
6001.5,2.4996201e-15,6.2900444e-17
6003.0,2.4312899e-15,6.1400106e-17
6004.5,2.3758499e-15,6.0258022e-17
6006.0,2.38634e-15,5.9372147e-17
6007.5,2.36398e-15,5.8572491e-17
6009.0,2.3671898e-15,5.8633804e-17
6010.5,2.39292e-15,5.8884325e-17
6012.0,2.4025399e-15,5.8932481e-17
6013.5,2.43503e-15,5.9129405e-17
6015.0,2.4705402e-15,5.9326866e-17
6016.5,2.3751901e-15,5.8571931e-17
6018.0,2.30764e-15,5.7964885e-17
6019.5,2.3887701e-15,5.8655904e-17
6021.0,2.4339801e-15,5.9066281e-17
6022.5,2.4507001e-15,5.9036089e-17
6024.0,2.4270799e-15,5.8782225e-17
6025.5,2.41831e-15,5.885908e-17
6027.0,2.43311e-15,5.8922115e-17
6028.5,2.35075e-15,5.8221356e-17
6030.0,2.30595e-15,5.8029405e-17
6031.5,2.37324e-15,5.8571252e-17
6033.0,2.4259199e-15,5.8829437e-17
6034.5,2.4665798e-15,5.9172599e-17
6036.0,2.36519e-15,5.8481889e-17
6037.5,2.3227702e-15,5.8155217e-17
6039.0,2.41378e-15,5.8700396e-17
6040.5,2.3749199e-15,5.8337741e-17
6042.0,2.33188e-15,5.7979907e-17
6043.5,2.3563701e-15,5.7868089e-17
6045.0,2.4231101e-15,5.8495153e-17
6046.5,2.47785e-15,5.8783567e-17
6048.0,2.38308e-15,5.808701e-17
6049.5,2.4090801e-15,5.8215859e-17
6051.0,2.3813101e-15,5.7942228e-17
6052.5,2.3649399e-15,5.7621067e-17
6054.0,2.3667401e-15,5.764375e-17
6055.5,2.35557e-15,5.7492819e-17
6057.0,2.3435299e-15,5.745417e-17
6058.5,2.39377e-15,5.7875208e-17
6060.0,2.3817501e-15,5.7828069e-17
6061.5,2.39412e-15,5.8029619e-17
6063.0,2.3514098e-15,5.7712668e-17
6064.5,2.2896198e-15,5.7433651e-17
6066.0,2.2901101e-15,5.7372482e-17
6067.5,2.2604499e-15,5.7120755e-17
6069.0,2.2202201e-15,5.6617096e-17
6070.5,2.21577e-15,5.6472557e-17
6072.0,2.2486101e-15,5.6746697e-17
6073.5,2.2481301e-15,5.6843456e-17
6075.0,2.2025002e-15,5.6325538e-17
6076.5,2.1736e-15,5.5881135e-17
6078.0,2.1369701e-15,5.5572663e-17
6079.5,2.09183e-15,5.505758e-17
6081.0,2.10047e-15,5.5098127e-17
6082.5,2.14392e-15,5.5382924e-17
6084.0,2.1443501e-15,5.5375636e-17
6085.5,2.0850999e-15,5.5043578e-17
6087.0,2.0205399e-15,5.4614648e-17
6088.5,1.9663599e-15,5.4065324e-17
6090.0,1.96522e-15,5.3874019e-17
6091.5,1.9570599e-15,5.3801057e-17
6093.0,1.9715799e-15,5.3898055e-17
6094.5,1.9889401e-15,5.3869389e-17
6096.0,1.9228499e-15,5.3434e-17
6097.5,1.82077e-15,5.2396718e-17
6099.0,1.8351699e-15,5.2367916e-17
6100.5,1.80923e-15,5.1833607e-17
6102.0,1.79447e-15,5.1835056e-17
6103.5,1.7510901e-15,5.1580458e-17
6105.0,1.74537e-15,5.1299388e-17
6106.5,1.7072999e-15,5.1136144e-17
6108.0,1.61442e-15,5.0189103e-17
6109.5,1.6157101e-15,4.9940779e-17
6111.0,1.5562201e-15,4.947501e-17
6112.5,1.59039e-15,4.9691357e-17
6114.0,1.50712e-15,4.8934442e-17
6115.5,1.4869e-15,4.8875761e-17
6117.0,1.37474e-15,4.8128268e-17
6118.5,1.43375e-15,4.7989219e-17
6120.0,1.34946e-15,4.7278911e-17
6121.5,1.2771601e-15,4.6643576e-17
6123.0,1.2253701e-15,4.5817786e-17
6124.5,1.2270201e-15,4.5833822e-17
6126.0,1.26576e-15,4.6195405e-17
6127.5,1.274e-15,4.6084413e-17
6129.0,1.25162e-15,4.5938835e-17
6130.5,1.26122e-15,4.6045949e-17
6132.0,1.23706e-15,4.5863609e-17
6133.5,1.2443e-15,4.5949876e-17
6135.0,1.1521e-15,4.5066876e-17
6136.5,1.1469001e-15,4.4784313e-17
6138.0,1.1123001e-15,4.4370275e-17
6139.5,1.11016e-15,4.4461607e-17
6141.0,1.13301e-15,4.5027464e-17
6142.5,1.1397701e-15,4.5255026e-17
6144.0,9.8559504e-16,4.437753e-17
6145.5,9.48277e-16,4.3568013e-17
6147.0,9.9610397e-16,4.3864718e-17
6148.5,9.5933406e-16,4.3267957e-17
6150.0,9.5781099e-16,4.3041262e-17
6151.5,9.9875402e-16,4.3215967e-17
6153.0,9.5774397e-16,4.3000283e-17
6154.5,8.9578403e-16,4.2725782e-17
6156.0,9.0291605e-16,4.2670695e-17
6157.5,9.6127196e-16,4.2842083e-17
6159.0,9.2632995e-16,4.239448e-17
6160.5,8.7671002e-16,4.1959293e-17
6162.0,9.0131304e-16,4.195178e-17
6163.5,8.68104e-16,4.1329428e-17
6165.0,8.4095104e-16,4.0817216e-17
6166.5,8.2038301e-16,4.1442695e-17
6168.0,8.0314896e-16,4.1643459e-17
6169.5,7.8995801e-16,4.1275716e-17
6171.0,8.1627898e-16,4.0950725e-17
6172.5,8.5166595e-16,4.119561e-17
6174.0,8.1963498e-16,4.0927434e-17
6175.5,8.3404703e-16,4.1258386e-17
6177.0,8.5837101e-16,4.142695e-17
6178.5,8.4618099e-16,4.0949111e-17
6180.0,7.8422498e-16,4.0352575e-17
6181.5,7.7048499e-16,4.067249e-17
6183.0,7.7056996e-16,4.051674e-17
6184.5,7.1533701e-16,4.0779924e-17
6186.0,7.8107502e-16,4.1266456e-17
6187.5,8.5728803e-16,4.1250118e-17
6189.0,8.0555501e-16,4.1140873e-17
6190.5,8.3466002e-16,4.1615759e-17
6192.0,7.95863e-16,4.0630597e-17
6193.5,7.4090702e-16,4.0170176e-17
6195.0,7.2244499e-16,3.9736387e-17
6196.5,6.8928301e-16,3.9256605e-17
6198.0,7.9072304e-16,4.0641236e-17
6199.5,8.1641398e-16,4.1191813e-17
6201.0,7.9388999e-16,4.0852868e-17
6202.5,7.8059602e-16,4.0450668e-17
6204.0,7.9359401e-16,4.0628208e-17
6205.5,7.9412298e-16,4.0382763e-17
6207.0,7.4357703e-16,4.0331687e-17
6208.5,8.2163503e-16,4.1358525e-17
6210.0,8.3911197e-16,4.0935124e-17
6211.5,7.9802198e-16,4.0446742e-17
6213.0,8.6537804e-16,4.0999409e-17
6214.5,8.89934e-16,4.1274334e-17
6216.0,8.6646404e-16,4.134316e-17
6217.5,8.5796396e-16,4.130728e-17
6219.0,8.2496901e-16,4.0775784e-17
6220.5,8.0258103e-16,4.0566803e-17
6222.0,8.0936698e-16,4.0686712e-17
6223.5,8.3844604e-16,4.062179e-17
6225.0,8.8094201e-16,4.1067129e-17
6226.5,9.1094105e-16,4.1529949e-17
6228.0,9.1530105e-16,4.1391409e-17
6229.5,9.3745604e-16,4.164691e-17
6231.0,9.4704001e-16,4.2057567e-17
6232.5,9.4191599e-16,4.2597788e-17
6234.0,9.3792202e-16,4.3482727e-17
6235.5,8.8868495e-16,4.3568378e-17
6237.0,8.9556899e-16,4.3273487e-17
6238.5,9.4718803e-16,4.3286434e-17
6240.0,9.3748802e-16,4.271379e-17
6241.5,9.5526798e-16,4.2465662e-17
6243.0,9.9576103e-16,4.3471199e-17
6244.5,1.04314e-15,4.4962675e-17
6246.0,1.0156601e-15,4.3751127e-17
6247.5,1.00684e-15,4.2853743e-17
6249.0,1.0696699e-15,4.3547973e-17
6250.5,1.0615e-15,4.3407069e-17
6252.0,1.0457701e-15,4.3193181e-17
6253.5,1.07806e-15,4.3602725e-17
6255.0,1.0454e-15,4.4138143e-17
6256.5,1.0296e-15,4.4654277e-17
6258.0,9.7801103e-16,4.4110741e-17
6259.5,1.10487e-15,4.5937489e-17
6261.0,1.12078e-15,4.556032e-17
6262.5,1.07681e-15,4.4214412e-17
6264.0,1.0386899e-15,4.3742943e-17
6265.5,1.0617799e-15,4.475596e-17
6267.0,1.16915e-15,4.5819515e-17
6268.5,1.22623e-15,4.6051412e-17
6270.0,1.13294e-15,4.4863314e-17
6271.5,1.17441e-15,4.5162024e-17
6273.0,1.28157e-15,4.6953209e-17
6274.5,1.28301e-15,4.7384547e-17
6276.0,1.2364599e-15,4.783452e-17
6277.5,1.2976901e-15,4.8846649e-17
6279.0,1.3611501e-15,4.9398612e-17
6280.5,1.37328e-15,4.9371807e-17
6282.0,1.4629801e-15,5.0450034e-17
6283.5,1.42236e-15,5.0268767e-17
6285.0,1.3535101e-15,4.9640078e-17
6286.5,1.4592299e-15,5.0391431e-17
6288.0,1.50815e-15,5.0474214e-17
6289.5,1.51001e-15,5.0076331e-17
6291.0,1.52342e-15,4.964806e-17
6292.5,1.4839099e-15,4.9095485e-17
6294.0,1.487e-15,4.972594e-17
6295.5,1.53844e-15,5.1578272e-17
6297.0,1.6066901e-15,5.4748894e-17
6298.5,1.61319e-15,5.7562832e-17
6300.0,1.57948e-15,5.894969e-17
6301.5,1.61033e-15,5.9105678e-17
6303.0,1.61027e-15,5.6678052e-17
6304.5,1.5792701e-15,5.3323476e-17
6306.0,1.62026e-15,5.1946067e-17
6307.5,1.6658e-15,5.2034932e-17
6309.0,1.6473e-15,5.1896815e-17
6310.5,1.74577e-15,5.2083955e-17
6312.0,1.7938e-15,5.2167914e-17
6313.5,1.8234298e-15,5.2434633e-17
6315.0,1.8356201e-15,5.2528634e-17
6316.5,1.8041101e-15,5.2275961e-17
6318.0,1.88573e-15,5.2934853e-17
6319.5,1.9064399e-15,5.3401094e-17
6321.0,1.8210899e-15,5.2959541e-17
6322.5,1.82917e-15,5.2912262e-17
6324.0,1.8887399e-15,5.3129531e-17
6325.5,1.8358501e-15,5.2675927e-17
6327.0,1.90267e-15,5.3768022e-17
6328.5,1.95074e-15,5.4584068e-17
6330.0,1.9896999e-15,5.511552e-17
6331.5,1.9742599e-15,5.4282254e-17
6333.0,1.79885e-15,5.2359595e-17
6334.5,1.8172899e-15,5.2396762e-17
6336.0,1.9292901e-15,5.3420205e-17
6337.5,1.98922e-15,5.3890066e-17
6339.0,2.01967e-15,5.4444772e-17
6340.5,2.0130301e-15,5.4554798e-17
6342.0,1.9635001e-15,5.3957108e-17
6343.5,2.0371202e-15,5.4613748e-17
6345.0,2.0254599e-15,5.4573986e-17
6346.5,2.0267701e-15,5.441664e-17
6348.0,1.9314801e-15,5.3637393e-17
6349.5,2.0293101e-15,5.4330797e-17
6351.0,2.0423099e-15,5.4708656e-17
6352.5,1.9544999e-15,5.3946425e-17
6354.0,2.0680799e-15,5.4950222e-17
6355.5,2.14883e-15,5.6103078e-17
6357.0,2.17174e-15,5.6442834e-17
6358.5,2.14794e-15,5.6015853e-17
6360.0,2.11379e-15,5.6094979e-17
6361.5,2.1590499e-15,5.7424225e-17
6363.0,2.2121e-15,5.8333262e-17
6364.5,2.1203301e-15,5.7698298e-17
6366.0,2.09287e-15,5.7101073e-17
6367.5,2.0953399e-15,5.6355461e-17
6369.0,2.0729401e-15,5.5339328e-17
6370.5,2.12505e-15,5.5145314e-17
6372.0,2.17499e-15,5.52464e-17
6373.5,2.1444399e-15,5.4966351e-17
6375.0,2.1380702e-15,5.5054446e-17
6376.5,2.1598499e-15,5.5626072e-17
6378.0,2.1729499e-15,5.5648077e-17
6379.5,2.20621e-15,5.5738285e-17
6381.0,2.2297001e-15,5.621069e-17
6382.5,2.1379899e-15,5.5460705e-17
6384.0,2.0460401e-15,5.4565691e-17
6385.5,2.12081e-15,5.5382519e-17
6387.0,2.1638998e-15,5.5990121e-17
6388.5,2.2377802e-15,5.6570404e-17
6390.0,2.24748e-15,5.6271704e-17
6391.5,2.1973e-15,5.5646429e-17
6393.0,2.2066301e-15,5.5790289e-17
6394.5,2.2507201e-15,5.6074136e-17
6396.0,2.28382e-15,5.6299047e-17
6397.5,2.25158e-15,5.6075776e-17
6399.0,2.1328599e-15,5.5144764e-17
6400.5,2.1654698e-15,5.5500427e-17
6402.0,2.22633e-15,5.6066383e-17
6403.5,2.2378699e-15,5.6236897e-17
6405.0,2.2488401e-15,5.6290524e-17
6406.5,2.29339e-15,5.6437241e-17
6408.0,2.1991502e-15,5.553463e-17
6409.5,2.1197902e-15,5.5132477e-17
6411.0,2.21706e-15,5.6240616e-17
6412.5,2.17987e-15,5.5804099e-17
6414.0,2.21238e-15,5.592242e-17
6415.5,2.2712701e-15,5.6488192e-17
6417.0,2.2186999e-15,5.6176207e-17
6418.5,2.2212999e-15,5.6101095e-17
6420.0,2.25601e-15,5.6531526e-17
6421.5,2.2623799e-15,5.6617922e-17
6423.0,2.25311e-15,5.6265342e-17
6424.5,2.2067599e-15,5.5908002e-17
6426.0,2.1733798e-15,5.548633e-17
6427.5,2.19851e-15,5.5762453e-17
6429.0,2.2674001e-15,5.6510417e-17
6430.5,2.2919401e-15,5.6500903e-17
6432.0,2.27873e-15,5.6305878e-17
6433.5,2.2838501e-15,5.6595822e-17
6435.0,2.2716898e-15,5.6492158e-17
6436.5,2.2838399e-15,5.6378796e-17
6438.0,2.28288e-15,5.6312134e-17
6439.5,2.23651e-15,5.5900629e-17
6441.0,2.20545e-15,5.5811531e-17
6442.5,2.22798e-15,5.6166061e-17
6444.0,2.22985e-15,5.6115266e-17
6445.5,2.18542e-15,5.5764595e-17
6447.0,2.18317e-15,5.564769e-17
6448.5,2.2437699e-15,5.6197035e-17
6450.0,2.30398e-15,5.6882824e-17
6451.5,2.2594801e-15,5.6451187e-17
6453.0,2.1287501e-15,5.5196168e-17
6454.5,2.0952599e-15,5.5020387e-17
6456.0,2.1710301e-15,5.5810779e-17
6457.5,2.19874e-15,5.6009796e-17
6459.0,2.18116e-15,5.5875775e-17
6460.5,2.17572e-15,5.5870035e-17
6462.0,2.1800201e-15,5.6175879e-17
6463.5,2.17374e-15,5.634084e-17
6465.0,2.2236199e-15,5.6656858e-17
6466.5,2.2330402e-15,5.7046064e-17
6468.0,2.2293799e-15,5.7019813e-17
6469.5,2.1135799e-15,5.6026057e-17
6471.0,2.04041e-15,5.5368466e-17
6472.5,2.1124102e-15,5.5776841e-17
6474.0,2.2077101e-15,5.6424007e-17
6475.5,2.1782899e-15,5.6192427e-17
6477.0,2.1779599e-15,5.6180118e-17
6478.5,2.1808e-15,5.61302e-17
6480.0,2.1796e-15,5.5928049e-17
6481.5,2.13633e-15,5.5695146e-17
6483.0,2.1230099e-15,5.5195704e-17
6484.5,2.2441498e-15,5.6181239e-17
6486.0,2.16001e-15,5.5741005e-17
6487.5,2.11513e-15,5.5346495e-17
6489.0,2.1367399e-15,5.5451729e-17
6490.5,2.1954999e-15,5.5866334e-17
6492.0,2.1307499e-15,5.5287401e-17
6493.5,2.1206901e-15,5.5320387e-17
6495.0,2.1177799e-15,5.5688739e-17
6496.5,2.1448901e-15,5.6445488e-17
6498.0,2.2122199e-15,5.7317483e-17
6499.5,2.18384e-15,5.7075039e-17
6501.0,2.12023e-15,5.6378059e-17
6502.5,2.15761e-15,5.6513197e-17
6504.0,2.22167e-15,5.6927072e-17
6505.5,2.1947401e-15,5.6651568e-17
6507.0,2.09272e-15,5.571496e-17
6508.5,2.0595401e-15,5.5490138e-17
6510.0,2.1225701e-15,5.5942091e-17
6511.5,2.1327601e-15,5.5972135e-17
6513.0,2.0769301e-15,5.5396542e-17
6514.5,2.0983901e-15,5.5403882e-17
6516.0,2.04879e-15,5.4910862e-17
6517.5,2.03067e-15,5.4838965e-17
6519.0,2.07919e-15,5.5243082e-17
6520.5,2.11731e-15,5.5647999e-17
6522.0,2.0697801e-15,5.5194141e-17
6523.5,2.0579701e-15,5.5250378e-17
6525.0,2.0992801e-15,5.5674822e-17
6526.5,2.13663e-15,5.5730897e-17
6528.0,2.1346098e-15,5.5966241e-17
6529.5,2.0824e-15,5.6048721e-17
6531.0,2.0699101e-15,5.614534e-17
6532.5,2.02012e-15,5.5627687e-17
6534.0,2.0203999e-15,5.5708398e-17
6535.5,2.0110701e-15,5.5274019e-17
6537.0,2.1013801e-15,5.5661156e-17
6538.5,2.0522899e-15,5.5204308e-17
6540.0,2.02928e-15,5.49456e-17
6541.5,2.0653901e-15,5.5381605e-17
6543.0,1.9263501e-15,5.4420795e-17
6544.5,2.00716e-15,5.4752794e-17
6546.0,2.00608e-15,5.487395e-17
6547.5,1.95877e-15,5.4330912e-17
6549.0,2.0950602e-15,5.5627938e-17
6550.5,2.0035999e-15,5.507954e-17
6552.0,1.9954701e-15,5.5179697e-17
6553.5,2.0408198e-15,5.5784645e-17
6555.0,1.9817401e-15,5.5420611e-17
6556.5,2.0187499e-15,5.5419509e-17
6558.0,1.9507999e-15,5.4525778e-17
6559.5,2.06322e-15,5.5168671e-17
6561.0,2.01807e-15,5.452221e-17
6562.5,2.01784e-15,5.4921929e-17
6564.0,2.02253e-15,5.5037451e-17
6565.5,2.0204999e-15,5.4697047e-17
6567.0,2.05235e-15,5.4847451e-17
6568.5,2.0728899e-15,5.5189433e-17
6570.0,2.0262599e-15,5.511229e-17
6571.5,1.9943499e-15,5.4726856e-17
6573.0,1.9966e-15,5.4713537e-17
6574.5,1.9844102e-15,5.488036e-17
6576.0,1.96406e-15,5.4895029e-17
6577.5,1.95655e-15,5.4911481e-17
6579.0,1.98168e-15,5.5040028e-17
6580.5,1.97809e-15,5.473706e-17
6582.0,1.9808101e-15,5.4540277e-17
6583.5,2.0015901e-15,5.4595286e-17
6585.0,2.01341e-15,5.4436179e-17
6586.5,1.9997601e-15,5.4134092e-17
6588.0,1.91819e-15,5.3567999e-17
6589.5,1.8720699e-15,5.3356433e-17
6591.0,1.89427e-15,5.369537e-17
6592.5,1.9120299e-15,5.3930691e-17
6594.0,1.91054e-15,5.3748256e-17
6595.5,1.9072501e-15,5.3563722e-17
6597.0,1.89842e-15,5.3572386e-17
6598.5,1.88828e-15,5.3466746e-17
6600.0,1.8893699e-15,5.3497912e-17
6601.5,1.8959001e-15,5.3750036e-17
6603.0,1.87102e-15,5.349309e-17
6604.5,1.8503299e-15,5.3154197e-17
6606.0,1.9222199e-15,5.3698448e-17
6607.5,1.8874101e-15,5.3577856e-17
6609.0,1.8175099e-15,5.2881808e-17
6610.5,1.8330299e-15,5.2738748e-17
6612.0,1.8712099e-15,5.3053752e-17
6613.5,1.8708599e-15,5.2924741e-17
6615.0,1.86493e-15,5.2755035e-17
6616.5,1.8907501e-15,5.342997e-17
6618.0,1.88931e-15,5.343801e-17
6619.5,1.8605199e-15,5.3026775e-17
6621.0,1.8622299e-15,5.3182155e-17
6622.5,1.9102799e-15,5.3580817e-17
6624.0,1.88264e-15,5.3360138e-17
6625.5,1.8678099e-15,5.3239594e-17
6627.0,1.90633e-15,5.3692686e-17
6628.5,1.8540401e-15,5.320364e-17
6630.0,1.8166801e-15,5.2669343e-17
6631.5,1.8149801e-15,5.2738342e-17
6633.0,1.79138e-15,5.2632051e-17
6634.5,1.7611999e-15,5.2252076e-17
6636.0,1.72663e-15,5.1825449e-17
6637.5,1.8039301e-15,5.2658095e-17
6639.0,1.8824399e-15,5.3618304e-17
6640.5,1.8297599e-15,5.2962177e-17
6642.0,1.75776e-15,5.1895293e-17
6643.5,1.81155e-15,5.2375421e-17
6645.0,1.8390301e-15,5.2695517e-17
6646.5,1.8163499e-15,5.245085e-17
6648.0,1.86816e-15,5.2891577e-17
6649.5,1.84204e-15,5.2816366e-17
6651.0,1.7998499e-15,5.2491825e-17
6652.5,1.80874e-15,5.2488703e-17
6654.0,1.8142601e-15,5.2640448e-17
6655.5,1.81941e-15,5.2788316e-17
6657.0,1.8081301e-15,5.2602478e-17
6658.5,1.81097e-15,5.2535602e-17
6660.0,1.80072e-15,5.2540637e-17
6661.5,1.77743e-15,5.2344853e-17
6663.0,1.79269e-15,5.2375845e-17
6664.5,1.80892e-15,5.2646428e-17
6666.0,1.7958699e-15,5.2763687e-17
6667.5,1.8254301e-15,5.2841434e-17
6669.0,1.77944e-15,5.2196856e-17
6670.5,1.7087e-15,5.1791232e-17
6672.0,1.71236e-15,5.1587149e-17
6673.5,1.74295e-15,5.1614639e-17
6675.0,1.8007999e-15,5.2507721e-17
6676.5,1.71029e-15,5.1936552e-17
6678.0,1.6013301e-15,5.0717012e-17
6679.5,1.64072e-15,5.1059952e-17
6681.0,1.74441e-15,5.1824826e-17
6682.5,1.7379499e-15,5.1636065e-17
6684.0,1.68725e-15,5.1386196e-17
6685.5,1.68003e-15,5.1363838e-17
6687.0,1.6757999e-15,5.1089923e-17
6688.5,1.70997e-15,5.1603945e-17
6690.0,1.61281e-15,5.0986886e-17
6691.5,1.6957199e-15,5.1560146e-17
6693.0,1.7536301e-15,5.2189461e-17
6694.5,1.76318e-15,5.2538289e-17
6696.0,1.64194e-15,5.1502095e-17
6697.5,1.65563e-15,5.1485617e-17
6699.0,1.77579e-15,5.2342439e-17
6700.5,1.75014e-15,5.2193775e-17
6702.0,1.68547e-15,5.1824793e-17
6703.5,1.69629e-15,5.1522282e-17
6705.0,1.6928901e-15,5.1461879e-17
6706.5,1.69538e-15,5.1579238e-17
6708.0,1.62373e-15,5.0790497e-17
6709.5,1.58293e-15,5.0674381e-17
6711.0,1.543e-15,5.0224777e-17
6712.5,1.615e-15,5.1142153e-17
6714.0,1.67075e-15,5.1354939e-17
6715.5,1.6795301e-15,5.1313333e-17
6717.0,1.65873e-15,5.1286271e-17
6718.5,1.6177699e-15,5.0949528e-17
6720.0,1.5638401e-15,5.0538071e-17
6721.5,1.53459e-15,5.0118463e-17
6723.0,1.55954e-15,5.0221544e-17
6724.5,1.5996e-15,5.0509906e-17
6726.0,1.56845e-15,5.01708e-17
6727.5,1.5435099e-15,5.0108948e-17
6729.0,1.6035e-15,5.0915343e-17
6730.5,1.5777e-15,5.0630855e-17
6732.0,1.5737701e-15,5.049867e-17
6733.5,1.57548e-15,5.0665515e-17
6735.0,1.60216e-15,5.0673161e-17
6736.5,1.57288e-15,5.0399305e-17
6738.0,1.56144e-15,5.0135926e-17
6739.5,1.59968e-15,5.026323e-17
6741.0,1.6542501e-15,5.1251121e-17
6742.5,1.55772e-15,5.0460342e-17
6744.0,1.60763e-15,5.0832951e-17
6745.5,1.5721199e-15,5.041105e-17
6747.0,1.49283e-15,4.982272e-17
6748.5,1.53493e-15,5.0241071e-17
6750.0,1.49812e-15,4.978503e-17
6751.5,1.5385601e-15,5.0212497e-17
6753.0,1.51097e-15,4.9882552e-17
6754.5,1.5383101e-15,5.0096462e-17
6756.0,1.59855e-15,5.0605157e-17
6757.5,1.55468e-15,4.9836298e-17
6759.0,1.5211999e-15,4.9480337e-17
6760.5,1.51379e-15,4.9835815e-17
6762.0,1.52939e-15,5.0115116e-17
6763.5,1.5284801e-15,5.0164433e-17
6765.0,1.54037e-15,4.9924478e-17
6766.5,1.5493899e-15,4.9943382e-17
6768.0,1.5035501e-15,4.9817405e-17
6769.5,1.4412301e-15,4.9325052e-17
6771.0,1.5596699e-15,5.0233484e-17
6772.5,1.49505e-15,4.9795485e-17
6774.0,1.4845099e-15,4.9547714e-17
6775.5,1.4673199e-15,4.8972177e-17
6777.0,1.49607e-15,4.9623058e-17
6778.5,1.5172e-15,5.0035975e-17
6780.0,1.4851101e-15,4.9729243e-17
6781.5,1.5268499e-15,5.0204667e-17
6783.0,1.48959e-15,4.9729383e-17
6784.5,1.47392e-15,4.9348914e-17
6786.0,1.47245e-15,4.9118441e-17
6787.5,1.4425499e-15,4.8942854e-17
6789.0,1.4209799e-15,4.9116118e-17
6790.5,1.43054e-15,4.9167437e-17
6792.0,1.4872399e-15,4.9322564e-17
6793.5,1.53661e-15,4.9865815e-17
6795.0,1.46377e-15,4.9379589e-17
6796.5,1.45935e-15,4.9375335e-17
6798.0,1.44826e-15,4.9071269e-17
6799.5,1.42298e-15,4.8852912e-17
6801.0,1.40129e-15,4.8804977e-17
6802.5,1.3687399e-15,4.8378848e-17
6804.0,1.37185e-15,4.8415009e-17
6805.5,1.378e-15,4.8556978e-17
6807.0,1.4111e-15,4.8628912e-17
6808.5,1.4455499e-15,4.8911774e-17
6810.0,1.4140901e-15,4.884214e-17
6811.5,1.38876e-15,4.8681153e-17
6813.0,1.42132e-15,4.8782733e-17
6814.5,1.42823e-15,4.8810665e-17
6816.0,1.41757e-15,4.8868613e-17
6817.5,1.4675601e-15,4.9504951e-17
6819.0,1.44915e-15,4.9098714e-17
6820.5,1.41924e-15,4.8650713e-17
6822.0,1.4566099e-15,4.9245155e-17
6823.5,1.46922e-15,4.9714759e-17
6825.0,1.4391201e-15,4.9715433e-17
6826.5,1.41063e-15,5.0316894e-17
6828.0,1.3572201e-15,5.0690373e-17
6829.5,1.43173e-15,5.178053e-17
6831.0,1.46377e-15,5.2457051e-17
6832.5,1.398e-15,5.1833725e-17
6834.0,1.3772499e-15,5.0469709e-17
6835.5,1.35139e-15,5.0185734e-17
6837.0,1.28044e-15,4.8964026e-17
6838.5,1.27651e-15,4.8216806e-17
6840.0,1.36914e-15,4.911871e-17
6841.5,1.36716e-15,4.9019787e-17
6843.0,1.36205e-15,4.9402847e-17
6844.5,1.3877799e-15,4.9762509e-17
6846.0,1.3765599e-15,4.8940031e-17
6847.5,1.3685301e-15,4.8421264e-17
6849.0,1.3669899e-15,4.8526889e-17
6850.5,1.34359e-15,4.8552558e-17
6852.0,1.3706799e-15,4.870754e-17
6853.5,1.38834e-15,4.8653711e-17
6855.0,1.3512301e-15,4.8415827e-17
6856.5,1.3562e-15,4.8471441e-17
6858.0,1.3115099e-15,4.8052401e-17
6859.5,1.3263701e-15,4.9213595e-17
6861.0,1.39186e-15,5.1180064e-17
6862.5,1.3521001e-15,5.2067314e-17
6864.0,1.3282401e-15,5.4314695e-17
6865.5,1.36085e-15,5.8264233e-17
6867.0,1.32344e-15,6.0795991e-17
6868.5,1.3087799e-15,6.0952787e-17
6870.0,1.32001e-15,5.9099087e-17
6871.5,1.26701e-15,5.6738794e-17
6873.0,1.2887401e-15,5.5907913e-17
6874.5,1.37598e-15,5.5596083e-17
6876.0,1.3613599e-15,5.3992004e-17
6877.5,1.32328e-15,5.2065294e-17
6879.0,1.34138e-15,5.0899237e-17
6880.5,1.33051e-15,4.9856831e-17
6882.0,1.2412601e-15,4.8619017e-17
6883.5,1.2490601e-15,4.963856e-17
6885.0,1.3334e-15,5.220357e-17
6886.5,1.36038e-15,5.3337012e-17
6888.0,1.37969e-15,5.3593059e-17
6889.5,1.34679e-15,5.267391e-17
6891.0,1.3137601e-15,5.1894342e-17
6892.5,1.3443299e-15,5.2092316e-17
6894.0,1.3543599e-15,5.2368782e-17
6895.5,1.36518e-15,5.3106701e-17
6897.0,1.34849e-15,5.2551317e-17
6898.5,1.32837e-15,5.1508078e-17
6900.0,1.2506e-15,5.0701986e-17
6901.5,1.27423e-15,5.0657534e-17
6903.0,1.38865e-15,5.1915922e-17
6904.5,1.40691e-15,5.2061799e-17
6906.0,1.36297e-15,5.0789078e-17
6907.5,1.2497899e-15,4.9382505e-17
6909.0,1.2837e-15,5.0009912e-17
6910.5,1.3219499e-15,5.0543984e-17
6912.0,1.28007e-15,5.0091533e-17
6913.5,1.33427e-15,5.0489715e-17
6915.0,1.3821401e-15,5.0751333e-17
6916.5,1.35505e-15,5.0258541e-17
6918.0,1.3125301e-15,4.998822e-17
6919.5,1.3381799e-15,5.0847855e-17
6921.0,1.37089e-15,5.1467383e-17
6922.5,1.3229099e-15,5.1243482e-17
6924.0,1.31284e-15,5.1165193e-17
6925.5,1.34138e-15,5.0824225e-17
6927.0,1.35173e-15,5.0191536e-17
6928.5,1.30589e-15,4.9635868e-17
6930.0,1.3156e-15,4.9725121e-17
6931.5,1.35238e-15,4.9789074e-17
6933.0,1.3113701e-15,4.9063088e-17
6934.5,1.2518801e-15,4.8778549e-17
6936.0,1.25976e-15,4.9474549e-17
6937.5,1.30848e-15,5.0687321e-17
6939.0,1.32895e-15,5.1475059e-17
6940.5,1.3146501e-15,5.1017639e-17
6942.0,1.31417e-15,5.0567997e-17
6943.5,1.32572e-15,5.0562188e-17
6945.0,1.33108e-15,5.1026571e-17
6946.5,1.29347e-15,5.1463262e-17
6948.0,1.27519e-15,5.1246362e-17
6949.5,1.27579e-15,5.1101152e-17
6951.0,1.28881e-15,5.0946321e-17
6952.5,1.25976e-15,4.9568841e-17
6954.0,1.3280801e-15,5.0267485e-17
6955.5,1.27733e-15,4.9636506e-17
6957.0,1.19959e-15,4.8582418e-17
6958.5,1.2616301e-15,4.9275742e-17
6960.0,1.3335299e-15,4.9748383e-17
6961.5,1.28786e-15,4.9322162e-17
6963.0,1.29315e-15,4.8939732e-17
6964.5,1.2880799e-15,4.8620108e-17
6966.0,1.21384e-15,4.7534925e-17
6967.5,1.2447701e-15,4.8364106e-17
6969.0,1.1933e-15,4.8264741e-17
6970.5,1.16438e-15,4.7962068e-17
6972.0,1.26737e-15,4.8912876e-17
6973.5,1.2614599e-15,4.8010567e-17
6975.0,1.1665999e-15,4.6878248e-17
6976.5,1.191e-15,4.7773988e-17
6978.0,1.29078e-15,4.8735543e-17
6979.5,1.30923e-15,4.9983369e-17
6981.0,1.2740801e-15,4.9280648e-17
6982.5,1.23834e-15,4.8024929e-17
6984.0,1.2460299e-15,4.8452017e-17
6985.5,1.23525e-15,4.8583037e-17
6987.0,1.2701e-15,4.889089e-17
6988.5,1.25459e-15,4.9147777e-17
6990.0,1.2545201e-15,4.9412981e-17
6991.5,1.21828e-15,4.844265e-17
6993.0,1.19011e-15,4.8017523e-17
6994.5,1.18684e-15,4.7457155e-17
6996.0,1.19102e-15,4.7292566e-17
6997.5,1.22772e-15,4.841318e-17
6999.0,1.2158001e-15,4.8542472e-17
7000.5,1.2037099e-15,4.7914763e-17
7002.0,1.22912e-15,4.8064139e-17
7003.5,1.2224601e-15,4.8872436e-17
7005.0,1.2214599e-15,4.9274477e-17
7006.5,1.23897e-15,4.8612485e-17
7008.0,1.23558e-15,4.7967841e-17
7009.5,1.19784e-15,4.7640752e-17
7011.0,1.2036e-15,4.7689137e-17
7012.5,1.19683e-15,4.7727878e-17
7014.0,1.15097e-15,4.7484634e-17
7015.5,1.1998201e-15,4.7716232e-17
7017.0,1.20374e-15,4.7454822e-17
7018.5,1.19095e-15,4.6934142e-17
7020.0,1.13904e-15,4.6145092e-17
7021.5,1.15013e-15,4.6745834e-17
7023.0,1.18627e-15,4.7893337e-17
7024.5,1.1902301e-15,4.8137149e-17
7026.0,1.19418e-15,5.3090156e-17
7027.5,1.1981401e-15,9.3398121e-17
7029.0,1.20209e-15,9.7417705e-17
7030.5,1.20604e-15,8.6513044e-17
7032.0,1.21e-15,6.073185e-17
7033.5,1.21395e-15,4.9074092e-17
7035.0,1.21395e-15,4.7346698e-17
7036.5,1.13231e-15,4.658913e-17
7038.0,1.22744e-15,4.7540753e-17
7039.5,1.25381e-15,4.7947879e-17
7041.0,1.27571e-15,4.7862316e-17
7042.5,1.21952e-15,4.7919629e-17
7044.0,1.1305899e-15,4.6720556e-17
7045.5,1.1532e-15,4.6681454e-17
7047.0,1.16773e-15,4.7468771e-17
7048.5,1.1430301e-15,4.7763921e-17
7050.0,1.19396e-15,4.8712967e-17
7051.5,1.11161e-15,4.8259923e-17
7053.0,1.101e-15,4.7593237e-17
7054.5,1.1724101e-15,4.7996746e-17
7056.0,1.18771e-15,4.5099789e-17
7057.5,1.20301e-15,3.3115846e-17
7059.0,1.2183e-15,4.3358386e-17
7060.5,1.2183e-15,4.7765723e-17
7062.0,1.2116801e-15,4.8147279e-17
7063.5,1.28293e-15,4.9794718e-17
7065.0,1.283e-15,5.0368936e-17
7066.5,1.22794e-15,4.939731e-17
7068.0,1.18137e-15,4.8151224e-17
7069.5,1.18667e-15,4.7656825e-17
7071.0,1.18997e-15,4.7159699e-17
7072.5,1.15957e-15,4.6623584e-17
7074.0,1.1293e-15,4.6450494e-17
7075.5,1.15852e-15,4.701892e-17
7077.0,1.19066e-15,4.7401877e-17
7078.5,1.12755e-15,4.6902255e-17
7080.0,1.1103701e-15,4.6748828e-17
7081.5,1.13976e-15,4.6516861e-17
7083.0,1.1689699e-15,4.6614891e-17
7084.5,1.24078e-15,4.7675088e-17
7086.0,1.27496e-15,4.8227847e-17
7087.5,1.19316e-15,4.7319094e-17
7089.0,1.13467e-15,4.667219e-17
7090.5,1.14006e-15,4.6562754e-17
7092.0,1.1584899e-15,4.6498012e-17
7093.5,1.20107e-15,4.7247584e-17
7095.0,1.20658e-15,4.7989329e-17
7096.5,1.1926201e-15,4.7546921e-17
7098.0,1.11463e-15,4.61506e-17
7099.5,1.1153801e-15,4.6139518e-17
7101.0,1.1473301e-15,4.6313829e-17
7102.5,1.15336e-15,4.6591221e-17
7104.0,1.1188001e-15,4.6729109e-17
7105.5,1.11052e-15,4.5712903e-17
7107.0,1.1283999e-15,4.5794849e-17
7108.5,1.1197601e-15,4.6131497e-17
7110.0,1.12082e-15,4.5961226e-17
7111.5,1.14298e-15,4.6268172e-17
7113.0,1.15968e-15,4.6702817e-17
7114.5,1.11902e-15,4.642133e-17
7116.0,1.09813e-15,4.6416866e-17
7117.5,1.1582399e-15,4.6714654e-17
7119.0,1.12744e-15,4.6422082e-17
7120.5,1.0351799e-15,4.5550507e-17
7122.0,1.07603e-15,4.5776701e-17
7123.5,1.09322e-15,4.5962207e-17
7125.0,1.1366499e-15,4.6392152e-17
7126.5,1.11419e-15,4.6255576e-17
7128.0,1.1216901e-15,4.673598e-17
7129.5,1.18703e-15,4.7504888e-17
7131.0,1.1755e-15,4.7298925e-17
7132.5,1.04811e-15,4.5851716e-17
7134.0,1.06679e-15,4.5663865e-17
7135.5,1.0856e-15,4.5781032e-17
7137.0,1.09479e-15,4.6146692e-17
7138.5,1.14646e-15,4.6673359e-17
7140.0,1.12793e-15,4.6332494e-17
7141.5,1.13613e-15,4.6385604e-17
7143.0,1.1382001e-15,4.6483756e-17
7144.5,1.10767e-15,4.6429702e-17
7146.0,1.09099e-15,4.6599637e-17
7147.5,1.0964299e-15,4.6722757e-17
7149.0,1.08901e-15,4.6542441e-17
7150.5,1.08807e-15,4.6375787e-17
7152.0,1.1171e-15,4.6344486e-17
7153.5,1.12156e-15,4.6151927e-17
7155.0,1.14632e-15,4.6765951e-17
7156.5,1.1227699e-15,4.6890808e-17
7158.0,1.06102e-15,4.6227485e-17
7159.5,1.08618e-15,4.6744478e-17
7161.0,1.10466e-15,4.695458e-17
7162.5,1.1123901e-15,4.7331635e-17
7164.0,1.12042e-15,4.7883616e-17
7165.5,1.1331e-15,4.8432346e-17
7167.0,1.12394e-15,4.9341593e-17
7168.5,1.14608e-15,5.0156139e-17
7170.0,1.26135e-15,5.139006e-17
7171.5,1.2930401e-15,5.2450326e-17
7173.0,1.24571e-15,5.2910036e-17
7174.5,1.2159601e-15,5.2567582e-17
7176.0,1.1217199e-15,5.1928254e-17
7177.5,1.0922001e-15,5.1162104e-17
7179.0,1.13955e-15,5.0098833e-17
7180.5,1.08253e-15,4.8921126e-17
7182.0,1.112e-15,5.0182751e-17
7183.5,1.17325e-15,5.3317463e-17
7185.0,1.16351e-15,5.4803944e-17
7186.5,1.20794e-15,5.3920332e-17
7188.0,1.1480401e-15,5.0671646e-17
7189.5,1.0594701e-15,4.9320613e-17
7191.0,1.09908e-15,5.1403021e-17
7192.5,1.13499e-15,5.2115629e-17
7194.0,1.1663099e-15,5.1777127e-17
7195.5,1.23111e-15,5.2146013e-17
7197.0,1.18469e-15,5.1781676e-17
7198.5,1.16353e-15,5.2425303e-17
7200.0,1.2270401e-15,5.3618348e-17
7201.5,1.22869e-15,5.3241201e-17
7203.0,1.16537e-15,5.1866004e-17
7204.5,1.1792099e-15,5.1122861e-17
7206.0,1.20814e-15,5.0388979e-17
7207.5,1.1443599e-15,4.892774e-17
7209.0,1.0876201e-15,4.7979387e-17
7210.5,1.08234e-15,4.7276497e-17
7212.0,1.0537099e-15,4.6141878e-17
7213.5,1.01562e-15,4.5665163e-17
7215.0,1.02607e-15,4.6112932e-17
7216.5,1.04398e-15,4.6403805e-17
7218.0,1.07317e-15,4.6769973e-17
7219.5,1.0850001e-15,4.6819224e-17
7221.0,1.09698e-15,4.7250872e-17
7222.5,1.10359e-15,4.7766328e-17
7224.0,1.09927e-15,4.7844584e-17
7225.5,1.0883301e-15,4.8103112e-17
7227.0,1.08463e-15,4.8513503e-17
7228.5,1.1189199e-15,4.8863426e-17
7230.0,1.13331e-15,4.9884336e-17
7231.5,1.10397e-15,5.1610108e-17
7233.0,1.17038e-15,5.3473964e-17
7234.5,1.20132e-15,5.3322056e-17
7236.0,1.10905e-15,5.2031084e-17
7237.5,1.05084e-15,5.2980639e-17
7239.0,1.11858e-15,5.6613325e-17
7240.5,1.1781599e-15,5.9802029e-17
7242.0,1.1178001e-15,6.0317013e-17
7243.5,1.07775e-15,5.9550734e-17
7245.0,1.12885e-15,5.7842019e-17
7246.5,1.12178e-15,5.5489832e-17
7248.0,1.04438e-15,5.2286659e-17
7249.5,1.03307e-15,5.1155925e-17
7251.0,1.08556e-15,5.2262181e-17
7252.5,1.0901999e-15,5.2896252e-17
7254.0,1.1190501e-15,5.1773769e-17
7255.5,1.05992e-15,4.9701694e-17
7257.0,1.02901e-15,4.8706943e-17
7258.5,1.04504e-15,4.8592998e-17
7260.0,9.7682402e-16,4.8132331e-17
7261.5,1.00118e-15,4.8775286e-17
7263.0,1.1105301e-15,5.1263054e-17
7264.5,1.09873e-15,5.1883264e-17
7266.0,1.04985e-15,5.0195433e-17
7267.5,1.05294e-15,4.9005583e-17
7269.0,1.06285e-15,4.8692909e-17
7270.5,9.6761296e-16,4.8741264e-17
7272.0,9.5319603e-16,5.1182947e-17
7273.5,1.03863e-15,5.6604054e-17
7275.0,1.10076e-15,6.081248e-17
7276.5,1.1593e-15,6.2075222e-17
7278.0,1.12184e-15,5.8928179e-17
7279.5,1.10087e-15,5.5129775e-17
7281.0,1.1879999e-15,5.5318662e-17
7282.5,1.13433e-15,6.1364561e-17
7284.0,1.07071e-15,6.8510397e-17
7285.5,1.10131e-15,7.0035618e-17
7287.0,1.23291e-15,6.5295088e-17
7288.5,1.2639101e-15,5.7199262e-17
7290.0,1.12164e-15,5.3002193e-17
7291.5,1.0469199e-15,5.1578198e-17
7293.0,1.06471e-15,5.0627191e-17
7294.5,1.0888099e-15,4.9789911e-17
7296.0,1.12542e-15,4.9413785e-17
7297.5,1.11741e-15,4.8838782e-17
7299.0,1.07708e-15,4.8976357e-17
7300.5,1.03382e-15,5.018914e-17
7302.0,1.06885e-15,5.2088515e-17
7303.5,1.12266e-15,5.3080693e-17
7305.0,1.0460401e-15,5.1088117e-17
7306.5,1.0419299e-15,4.9237336e-17
7308.0,1.0502201e-15,4.8896663e-17
7309.5,1.05656e-15,4.9931515e-17
7311.0,1.07713e-15,5.0483544e-17
7312.5,1.07197e-15,5.0878434e-17
7314.0,1.05541e-15,5.2886302e-17
7315.5,1.0678199e-15,5.5315355e-17
7317.0,1.07519e-15,5.5763187e-17
7318.5,9.6560803e-16,5.2765209e-17
7320.0,9.5167699e-16,4.9548562e-17
7321.5,9.5791803e-16,4.7253932e-17
7323.0,9.7197507e-16,4.6051936e-17
7324.5,9.4669304e-16,4.6421116e-17
7326.0,1.0431599e-15,4.9040177e-17
7327.5,1.04502e-15,5.0052262e-17
7329.0,1.0144399e-15,4.994872e-17
7330.5,1.00599e-15,4.9959975e-17
7332.0,1.0581599e-15,5.033564e-17
7333.5,1.06092e-15,4.9508346e-17
7335.0,1.04086e-15,4.7680448e-17
7336.5,9.86113e-16,4.7617465e-17
7338.0,9.8711907e-16,5.0202787e-17
7339.5,9.9927696e-16,5.281178e-17
7341.0,9.9427999e-16,5.3344798e-17
7342.5,9.9283696e-16,5.2931664e-17
7344.0,9.5241306e-16,5.1050673e-17
7345.5,9.3053801e-16,4.8139917e-17
7347.0,9.5597398e-16,4.7143699e-17
7348.5,9.72714e-16,4.7074007e-17
7350.0,1.01071e-15,4.7224518e-17
7351.5,1.00766e-15,4.7283066e-17
7353.0,1.0150501e-15,4.7535681e-17
7354.5,1.06103e-15,4.7814373e-17
7356.0,1.03729e-15,4.8120711e-17
7357.5,1.0293699e-15,4.9078114e-17
7359.0,1.01782e-15,4.924587e-17
7360.5,1.0296e-15,4.9193936e-17
7362.0,1.0345401e-15,4.9032428e-17
7363.5,9.9214102e-16,4.8330187e-17
7365.0,9.8717804e-16,4.8799027e-17
7366.5,9.98878e-16,5.0975082e-17
7368.0,1.02562e-15,5.3123869e-17
7369.5,1.04524e-15,5.3225534e-17
7371.0,1.02834e-15,5.1929702e-17
7372.5,1.04002e-15,5.0102799e-17
7374.0,1.0473599e-15,4.8368869e-17
7375.5,1.0222501e-15,4.729247e-17
7377.0,9.4921604e-16,4.618091e-17
7378.5,9.3436099e-16,4.6427361e-17
7380.0,9.5342198e-16,4.6941855e-17
7381.5,9.4236502e-16,4.6973123e-17
7383.0,9.9850901e-16,4.7147843e-17
7384.5,9.4869395e-16,4.6053856e-17
7386.0,8.47124e-16,4.505808e-17
7387.5,9.0087301e-16,4.585036e-17
7389.0,1.03667e-15,4.7951384e-17
7390.5,1.0184099e-15,4.9203307e-17
7392.0,1.0449801e-15,4.9256189e-17
7393.5,9.1525097e-16,4.7916732e-17
7395.0,1.0341701e-15,4.8859002e-17
7396.5,9.3628597e-16,4.693937e-17
7398.0,9.1766395e-16,4.709631e-17
7399.5,9.7363303e-16,4.9550984e-17
7401.0,9.8426806e-16,4.9721074e-17
7402.5,9.7981002e-16,4.9562714e-17
7404.0,9.5649703e-16,4.9328738e-17
7405.5,9.4190498e-16,4.8060935e-17
7407.0,8.5610197e-16,4.6228366e-17
7408.5,8.9031305e-16,4.5914722e-17
7410.0,9.4679003e-16,4.6322452e-17
7411.5,1.0151e-15,4.693607e-17
7413.0,9.5041501e-16,4.6208017e-17
7414.5,8.7724e-16,4.5337721e-17
7416.0,9.4735902e-16,4.6001682e-17
7417.5,9.5789304e-16,4.6450353e-17
7419.0,9.5386699e-16,4.6128905e-17
7420.5,9.3290695e-16,4.585951e-17
7422.0,9.7414898e-16,4.7422433e-17
