3720.0,1.79372e-16,2.3694246e-16
3721.5,1.34599e-16,2.3255762e-16
3723.0,-1.32957e-17,2.2640162e-16
3724.5,9.1656294e-18,2.2406761e-16
3726.0,1.98588e-16,2.2681541e-16
3727.5,2.4921099e-16,2.2872862e-16
3729.0,1.93404e-16,2.2435201e-16
3730.5,2.0076301e-16,2.2139115e-16
3732.0,4.34418e-16,2.2261944e-16
3733.5,3.88201e-16,2.192547e-16
3735.0,6.6688406e-17,2.1641419e-16
3736.5,1.4626401e-16,2.1709972e-16
3738.0,3.0699801e-16,2.1376779e-16
3739.5,1.98819e-16,2.1148162e-16
3741.0,3.1143501e-16,2.1452722e-16
3742.5,3.64567e-16,2.1769084e-16
3744.0,4.17699e-16,2.1639125e-16
3745.5,4.17699e-16,2.0628815e-16
3747.0,-3.3065301e-17,1.9758853e-16
3748.5,-9.5585101e-17,1.9407249e-16
3750.0,1.78798e-16,1.9636233e-16
3751.5,1.93472e-16,1.952011e-16
3753.0,3.36752e-16,1.9523088e-16
3754.5,2.8680599e-16,1.951649e-16
3756.0,2.9412399e-17,1.8453203e-16
3757.5,9.2763104e-17,1.8781009e-16
3759.0,4.44058e-16,1.9621354e-16
3760.5,2.80063e-16,1.8925493e-16
3762.0,3.2065401e-16,1.8485004e-16
3763.5,1.29895e-16,1.8001101e-16
3765.0,2.6847699e-16,1.838697e-16
3766.5,3.0426202e-16,1.8232669e-16
3768.0,1.73799e-16,1.7551192e-16
3769.5,3.3768901e-16,1.7797213e-16
3771.0,4.9361699e-17,1.7412137e-16
3772.5,2.3195298e-16,1.7972143e-16
3774.0,2.1891e-16,1.7684841e-16
3775.5,-1.05741e-16,1.7540074e-16
3777.0,2.9969201e-16,1.7786954e-16
3778.5,2.86034e-16,1.7383414e-16
3780.0,2.56591e-16,1.7056799e-16
3781.5,1.62332e-16,1.6946316e-16
3783.0,2.7813301e-16,1.7121881e-16
3784.5,4.2406202e-16,1.7287044e-16
3786.0,3.5303701e-16,1.7142834e-16
3787.5,3.97529e-16,1.7099746e-16
3789.0,3.3449598e-16,1.6724933e-16
3790.5,1.7155901e-16,1.6286152e-16
3792.0,2.8481001e-16,1.6625739e-16
3793.5,1.61683e-16,1.6253635e-16
3795.0,2.07291e-17,1.5892312e-16
3796.5,-7.8771e-17,1.5868275e-16
3798.0,9.1878696e-17,1.602579e-16
3799.5,1.0345699e-16,1.5827971e-16
3801.0,2.6668999e-17,1.5540119e-16
3802.5,4.3395099e-17,1.5424473e-16
3804.0,-5.8569304e-17,1.5244607e-16
3805.5,7.8592898e-17,1.5387664e-16
3807.0,2.64751e-16,1.5692192e-16
3808.5,2.86206e-16,1.5612037e-16
3810.0,3.0458201e-16,1.5394765e-16
3811.5,3.2126999e-16,1.5432653e-16
3813.0,3.67299e-16,1.5530645e-16
3814.5,3.2406898e-16,1.5160466e-16
3816.0,1.92468e-16,1.487957e-16
3817.5,1.20546e-16,1.4812819e-16
3819.0,1.37319e-16,1.4788497e-16
3820.5,2.3269199e-16,1.5027189e-16
3822.0,3.3877199e-16,1.5202811e-16
3823.5,4.1078202e-16,1.5349651e-16
3825.0,3.14374e-16,1.504652e-16
3826.5,4.31242e-16,1.5265523e-16
3828.0,5.0437403e-16,1.5427606e-16
3829.5,3.2251002e-16,1.5012849e-16
3831.0,-2.12297e-17,1.4481828e-16
3832.5,5.6674002e-17,1.4580233e-16
3834.0,3.7478598e-16,1.4942388e-16
3835.5,4.41863e-16,1.5009484e-16
3837.0,2.5342802e-16,1.4435174e-16
3838.5,2.6737799e-16,1.4587377e-16
3840.0,3.7674098e-16,1.4540366e-16
3841.5,1.7327499e-16,1.4071509e-16
3843.0,3.5847602e-16,1.4479646e-16
3844.5,2.4217598e-16,1.4265814e-16
3846.0,8.5640298e-17,1.3803482e-16
3847.5,1.42684e-16,1.4105425e-16
3849.0,3.4205099e-16,1.416472e-16
3850.5,5.0476599e-16,1.4631432e-16
3852.0,5.4465505e-16,1.4783648e-16
3853.5,6.1712301e-16,1.5021346e-16
3855.0,4.52449e-16,1.4384487e-16
3856.5,3.5637598e-16,1.3900203e-16
3858.0,5.2681399e-16,1.4300963e-16
3859.5,4.3561801e-16,1.4063408e-16
3861.0,4.18694e-16,1.3848841e-16
3862.5,3.4717101e-16,1.3827624e-16
3864.0,2.8332702e-16,1.3626525e-16
3865.5,3.2620901e-16,1.3684544e-16
3867.0,3.9755801e-16,1.3747843e-16
3868.5,3.55189e-16,1.3549246e-16
3870.0,3.6759499e-16,1.3493296e-16
3871.5,3.3977498e-16,1.3336887e-16
3873.0,4.3649199e-16,1.3712264e-16
3874.5,5.0698696e-16,1.3984402e-16
3876.0,4.3951203e-16,1.3616692e-16
3877.5,5.8572e-16,1.3897729e-16
3879.0,6.15213e-16,1.3837902e-16
3880.5,5.5388099e-16,1.3578403e-16
3882.0,4.5021299e-16,1.3429489e-16
3883.5,4.61703e-16,1.3417545e-16
3885.0,6.1373302e-16,1.3773544e-16
3886.5,7.3045998e-16,1.3968631e-16
3888.0,8.1494406e-16,1.4106951e-16
3889.5,6.3029601e-16,1.3689586e-16
3891.0,5.3599604e-16,1.3457197e-16
3892.5,6.5378302e-16,1.374202e-16
3894.0,5.8054902e-16,1.350616e-16
3895.5,5.9642703e-16,1.3508761e-16
3897.0,7.8831398e-16,1.3963558e-16
3898.5,8.1436903e-16,1.4009314e-16
3900.0,9.0858302e-16,1.4226736e-16
3901.5,7.3761598e-16,1.3844584e-16
3903.0,5.5416601e-16,1.3411698e-16
3904.5,6.7268503e-16,1.3769772e-16
3906.0,9.20676e-16,1.4173239e-16
3907.5,9.1366003e-16,1.4353097e-16
3909.0,8.8040605e-16,1.4276441e-16
3910.5,7.9560402e-16,1.3958541e-16
3912.0,5.3272999e-16,1.3495177e-16
3913.5,6.1029899e-16,1.3666916e-16
3915.0,8.81737e-16,1.3990689e-16
3916.5,8.6408901e-16,1.4177471e-16
3918.0,9.1403103e-16,1.3969675e-16
3919.5,7.6096101e-16,1.3554937e-16
3921.0,7.0106699e-16,1.3352658e-16
3922.5,7.9136404e-16,1.3521919e-16
3924.0,8.5882502e-16,1.3712185e-16
3925.5,9.3124602e-16,1.3867346e-16
3927.0,5.9029599e-16,1.2958857e-16
3928.5,7.4621099e-16,1.3159733e-16
3930.0,9.2277897e-16,1.3664467e-16
3931.5,8.2267201e-16,1.3392796e-16
3933.0,6.1707097e-16,1.2880332e-16
3934.5,8.4438597e-16,1.3265304e-16
3936.0,9.6200803e-16,1.3492803e-16
3937.5,1.17917e-15,1.4031614e-16
3939.0,1.0252499e-15,1.3833256e-16
3940.5,1.02161e-15,1.3733509e-16
3942.0,1.13002e-15,1.3881597e-16
3943.5,1.2294e-15,1.4064593e-16
3945.0,1.12369e-15,1.382369e-16
3946.5,1.06338e-15,1.3710176e-16
3948.0,1.1211999e-15,1.3717604e-16
3949.5,1.05766e-15,1.3557374e-16
3951.0,9.8597102e-16,1.3478511e-16
3952.5,1.0839999e-15,1.3655395e-16
3954.0,1.18048e-15,1.3823042e-16
3955.5,1.1165299e-15,1.3627942e-16
3957.0,1.10991e-15,1.3458513e-16
3958.5,1.1285301e-15,1.3505433e-16
3960.0,1.0944801e-15,1.3437562e-16
3961.5,1.2207e-15,1.3547264e-16
3963.0,1.2058001e-15,1.3409394e-16
3964.5,1.25354e-15,1.3345806e-16
3966.0,1.2014299e-15,1.3296116e-16
3967.5,1.1178699e-15,1.310899e-16
3969.0,1.25088e-15,1.3323985e-16
3970.5,1.30565e-15,1.3371411e-16
3972.0,1.33546e-15,1.3434978e-16
3973.5,1.37167e-15,1.3594828e-16
3975.0,1.3798601e-15,1.3618282e-16
3976.5,1.36579e-15,1.3623086e-16
3978.0,1.31752e-15,1.3526926e-16
3979.5,1.3350001e-15,1.35916e-16
3981.0,1.28368e-15,1.3444484e-16
3982.5,1.36132e-15,1.3652356e-16
3984.0,1.40153e-15,1.3676977e-16
3985.5,1.34726e-15,1.3467769e-16
3987.0,1.2541601e-15,1.3220439e-16
3988.5,1.15007e-15,1.295773e-16
3990.0,1.34074e-15,1.3395022e-16
3991.5,1.2563999e-15,1.3262441e-16
3993.0,1.09299e-15,1.2806449e-16
3994.5,1.25969e-15,1.309037e-16
3996.0,1.25673e-15,1.3084522e-16
3997.5,1.18106e-15,1.282188e-16
3999.0,1.13824e-15,1.2793436e-16
4000.5,1.2901e-15,1.3095213e-16
4002.0,1.2556401e-15,1.2924024e-16
4003.5,1.22918e-15,1.2917652e-16
4005.0,1.4102e-15,1.3305661e-16
4006.5,1.37713e-15,1.3179113e-16
4008.0,1.22976e-15,1.2870568e-16
4009.5,1.22215e-15,1.2846578e-16
4011.0,1.34904e-15,1.3021162e-16
4012.5,1.2743501e-15,1.2936357e-16
4014.0,1.22013e-15,1.2828058e-16
4015.5,1.2005e-15,1.272599e-16
4017.0,1.1954301e-15,1.2737919e-16
4018.5,1.25683e-15,1.2843107e-16
4020.0,1.25121e-15,1.2734469e-16
4021.5,1.24546e-15,1.2635156e-16
4023.0,1.2027299e-15,1.2536721e-16
4024.5,1.1250499e-15,1.2389264e-16
4026.0,1.20649e-15,1.2430739e-16
4027.5,1.1292e-15,1.2153098e-16
4029.0,1.1305899e-15,1.2095769e-16
4030.5,1.08548e-15,1.2045557e-16
4032.0,1.08405e-15,1.210082e-16
4033.5,1.1645e-15,1.2206707e-16
4035.0,1.20859e-15,1.2273063e-16
4036.5,1.04786e-15,1.1999248e-16
4038.0,1.08164e-15,1.2009348e-16
4039.5,1.1375801e-15,1.2077823e-16
4041.0,1.2917499e-15,1.2439882e-16
4042.5,1.18904e-15,1.2254813e-16
4044.0,1.12107e-15,1.2173344e-16
4045.5,1.0849599e-15,1.2090229e-16
4047.0,9.9433706e-16,1.2082408e-16
4048.5,9.9873401e-16,1.2015714e-16
4050.0,1.0081001e-15,1.2000217e-16
4051.5,9.7174298e-16,1.1814638e-16
4053.0,1.11441e-15,1.189754e-16
4054.5,1.1526701e-15,1.1901969e-16
4056.0,9.8523908e-16,1.1592123e-16
4057.5,8.2643904e-16,1.1044248e-16
4059.0,9.4519803e-16,1.1413058e-16
4060.5,1.07763e-15,1.168138e-16
4062.0,8.6953904e-16,1.1440779e-16
4063.5,7.2966801e-16,1.1092918e-16
4065.0,8.8483899e-16,1.1410646e-16
4066.5,8.5388603e-16,1.1205477e-16
4068.0,8.33137e-16,1.1166027e-16
4069.5,1.1000901e-15,1.1674219e-16
4071.0,7.4545003e-16,1.0855531e-16
4072.5,7.0457799e-16,1.0715739e-16
4074.0,8.67388e-16,1.1150826e-16
4075.5,9.0859403e-16,1.1215364e-16
4077.0,9.1170698e-16,1.1176639e-16
4078.5,8.3366401e-16,1.0950776e-16
4080.0,7.7414402e-16,1.0792845e-16
4081.5,8.8011302e-16,1.097532e-16
4083.0,9.0757696e-16,1.1002291e-16
4084.5,8.2552805e-16,1.0820889e-16
4086.0,8.0613603e-16,1.0723953e-16
4087.5,8.2422902e-16,1.0778052e-16
4089.0,7.5161304e-16,1.0585104e-16
4090.5,7.72449e-16,1.051454e-16
4092.0,8.5834497e-16,1.0718053e-16
4093.5,9.0431599e-16,1.0809342e-16
4095.0,9.1221203e-16,1.0749687e-16
4096.5,9.5692203e-16,1.078002e-16
4098.0,9.5449803e-16,1.0729099e-16
4099.5,9.8841799e-16,1.0769199e-16
4101.0,1.03176e-15,1.0855368e-16
4102.5,9.2972306e-16,1.060022e-16
4104.0,8.5254004e-16,1.035622e-16
4105.5,8.2662898e-16,1.0297622e-16
4107.0,9.0101499e-16,1.0489596e-16
4108.5,8.86595e-16,1.0474804e-16
4110.0,9.2955894e-16,1.0560413e-16
4111.5,9.6201407e-16,1.055548e-16
4113.0,9.1352302e-16,1.0441463e-16
4114.5,8.6516798e-16,1.0294131e-16
4116.0,7.8751702e-16,1.0065509e-16
4117.5,7.7218504e-16,1.0032499e-16
4119.0,7.63828e-16,1.0060494e-16
4120.5,8.99144e-16,1.0272392e-16
4122.0,8.9903696e-16,1.0351341e-16
4123.5,7.8144597e-16,1.0122196e-16
4125.0,8.8813104e-16,1.0297587e-16
4126.5,9.9833601e-16,1.0415169e-16
4128.0,1.08988e-15,1.0624543e-16
4129.5,1.121e-15,1.0705568e-16
4131.0,1.08367e-15,1.0631896e-16
4132.5,9.46179e-16,1.028798e-16
4134.0,7.5901198e-16,9.933468e-17
4135.5,8.7937896e-16,1.0151177e-16
4137.0,8.4827401e-16,1.0162417e-16
4138.5,8.80579e-16,1.0000111e-16
4140.0,7.9177702e-16,9.9230531e-17
4141.5,8.97543e-16,1.0139694e-16
4143.0,8.3843101e-16,9.9016178e-17
4144.5,7.9347902e-16,9.8015801e-17
4146.0,9.06526e-16,1.0063721e-16
4147.5,8.1954403e-16,9.7947644e-17
4149.0,8.4443801e-16,9.8373437e-17
4150.5,8.6541097e-16,9.8081435e-17
4152.0,9.3029999e-16,9.9847989e-17
4153.5,9.8694098e-16,1.0109184e-16
4155.0,8.5971303e-16,9.8375155e-17
4156.5,8.3367201e-16,9.7322847e-17
4158.0,8.1163301e-16,9.726939e-17
4159.5,8.3776699e-16,9.7052389e-17
4161.0,8.9187e-16,9.8646432e-17
4162.5,9.2446605e-16,9.9726774e-17
4164.0,8.7584101e-16,9.8912273e-17
4165.5,9.0599195e-16,9.9544814e-17
4167.0,9.3426305e-16,9.9489144e-17
4168.5,9.0879795e-16,9.8289371e-17
4170.0,8.3799399e-16,9.7023337e-17
4171.5,7.6787798e-16,9.4974554e-17
4173.0,8.5939301e-16,9.6118797e-17
4174.5,9.5324601e-16,9.762977e-17
4176.0,8.6959499e-16,9.5941683e-17
4177.5,7.9391599e-16,9.3794776e-17
4179.0,7.9157802e-16,9.3517046e-17
4180.5,8.0977202e-16,9.3594813e-17
4182.0,8.28893e-16,9.3891977e-17
4183.5,7.4290004e-16,9.2272497e-17
4185.0,7.1397196e-16,9.1140999e-17
4186.5,7.85016e-16,9.1357859e-17
4188.0,8.0790299e-16,9.2333396e-17
4189.5,7.6851601e-16,9.1920297e-17
4191.0,7.8764403e-16,9.1633332e-17
4192.5,7.7612401e-16,9.0947872e-17
4194.0,8.0688999e-16,9.2089689e-17
4195.5,7.4931298e-16,9.0862553e-17
4197.0,7.47561e-16,9.0044077e-17
4198.5,7.9865403e-16,9.0915701e-17
4200.0,7.5423001e-16,8.942577e-17
4201.5,6.7968502e-16,8.6983417e-17
4203.0,6.9075103e-16,8.6807653e-17
4204.5,7.9398206e-16,8.9986924e-17
4206.0,8.5367898e-16,9.0676278e-17
4207.5,7.6986703e-16,8.8506265e-17
4209.0,7.4220801e-16,8.8355046e-17
4210.5,7.7668797e-16,8.8627488e-17
4212.0,7.6979101e-16,8.8171316e-17
4213.5,6.6206504e-16,8.6360221e-17
4215.0,6.4862501e-16,8.4918091e-17
4216.5,6.8860401e-16,8.6058638e-17
4218.0,6.8817404e-16,8.6379729e-17
4219.5,7.4906501e-16,8.7468243e-17
4221.0,7.7151297e-16,8.7525358e-17
4222.5,8.1256702e-16,8.7225008e-17
4224.0,8.1588299e-16,8.7451095e-17
4225.5,7.3003901e-16,8.5559512e-17
4227.0,7.2277099e-16,8.5056978e-17
4228.5,7.9773304e-16,8.6641963e-17
4230.0,8.5037301e-16,8.7300119e-17
4231.5,9.0439995e-16,8.8574569e-17
4233.0,1.002e-15,9.1322804e-17
4234.5,9.2023205e-16,8.9401527e-17
4236.0,7.8938298e-16,8.6089512e-17
4237.5,8.0950896e-16,8.6397548e-17
4239.0,8.64032e-16,8.7249966e-17
4240.5,8.13152e-16,8.6295966e-17
4242.0,8.4336e-16,8.6574625e-17
4243.5,8.7154698e-16,8.6310296e-17
4245.0,8.3191299e-16,8.566515e-17
4246.5,7.8315502e-16,8.486456e-17
4248.0,7.51017e-16,8.4500529e-17
4249.5,7.47579e-16,8.4417762e-17
4251.0,8.1700801e-16,8.51304e-17
4252.5,9.08534e-16,8.7365252e-17
4254.0,9.1048397e-16,8.7644192e-17
4255.5,9.3367203e-16,8.7556756e-17
4257.0,9.5868703e-16,8.7795927e-17
4258.5,8.9302705e-16,8.7149203e-17
4260.0,7.7929302e-16,8.409648e-17
4261.5,7.8401401e-16,8.3337833e-17
4263.0,8.5437296e-16,8.4663416e-17
4264.5,1.01071e-15,8.7965363e-17
4266.0,9.7574702e-16,8.6687927e-17
4267.5,8.8930497e-16,8.517719e-17
4269.0,8.6543003e-16,8.5069885e-17
4270.5,8.4622302e-16,8.4293072e-17
4272.0,8.1756599e-16,8.3783768e-17
4273.5,7.1693499e-16,8.1314885e-17
4275.0,8.1336e-16,8.2867227e-17
4276.5,8.4395896e-16,8.3428566e-17
4278.0,8.4947701e-16,8.3116333e-17
4279.5,9.9939194e-16,8.6670108e-17
4281.0,9.5519598e-16,8.5138255e-17
4282.5,9.4390398e-16,8.4173354e-17
4284.0,7.2464399e-16,8.0328345e-17
4285.5,8.6921298e-16,8.3412952e-17
4287.0,8.5503402e-16,8.2082331e-17
4288.5,6.7298197e-16,7.8413256e-17
4290.0,7.49416e-16,7.9789295e-17
4291.5,6.6316099e-16,7.8612032e-17
4293.0,7.06243e-16,8.0043497e-17
4294.5,7.7318502e-16,8.0792298e-17
4296.0,8.02468e-16,8.0559668e-17
4297.5,8.3808203e-16,8.123394e-17
4299.0,8.1257803e-16,8.0337239e-17
4300.5,8.9171499e-16,8.249369e-17
4302.0,8.7015404e-16,8.1585904e-17
4303.5,7.4276499e-16,7.9107825e-17
4305.0,7.5364603e-16,7.8966511e-17
4306.5,7.5936403e-16,7.9256293e-17
4308.0,7.8543105e-16,7.965675e-17
4309.5,8.4360601e-16,8.0506189e-17
4311.0,7.5581401e-16,7.8834475e-17
4312.5,7.1294896e-16,7.7738689e-17
4314.0,7.2321997e-16,7.8423589e-17
4315.5,6.64818e-16,7.7105462e-17
4317.0,6.9672499e-16,7.7563788e-17
4318.5,8.2622802e-16,8.0482477e-17
4320.0,8.32079e-16,8.0178003e-17
4321.5,7.7479999e-16,7.8612932e-17
4323.0,7.2301398e-16,7.7663858e-17
4324.5,7.07574e-16,7.7035181e-17
4326.0,7.1895304e-16,7.6833168e-17
4327.5,7.6313301e-16,7.7608638e-17
4329.0,8.3189795e-16,7.931832e-17
4330.5,7.89801e-16,7.7708199e-17
4332.0,7.5151701e-16,7.6559265e-17
4333.5,7.8990502e-16,7.7585833e-17
4335.0,7.4413904e-16,7.6939721e-17
4336.5,7.1098103e-16,7.512201e-17
4338.0,6.7353201e-16,7.4985638e-17
4339.5,7.31413e-16,7.6523885e-17
4341.0,7.4004602e-16,7.6019721e-17
4342.5,7.3036496e-16,7.6272626e-17
4344.0,7.7451904e-16,7.721456e-17
4345.5,7.3951101e-16,7.6178109e-17
4347.0,6.4114798e-16,7.3593735e-17
4348.5,5.3877002e-16,7.1343041e-17
4350.0,5.9682503e-16,7.3333824e-17
4351.5,6.5831702e-16,7.4250984e-17
4353.0,5.7226096e-16,7.2733027e-17
4354.5,7.38144e-16,7.6699436e-17
4356.0,6.9454298e-16,7.7236672e-17
4357.5,6.21691e-16,7.6722824e-17
4359.0,5.9713202e-16,7.7429237e-17
4360.5,6.34908e-16,7.7369607e-17
4362.0,5.5441398e-16,7.5012441e-17
4363.5,6.1675603e-16,7.465288e-17
4365.0,7.3599302e-16,7.571569e-17
4366.5,6.6334803e-16,7.4090324e-17
4368.0,6.4854803e-16,7.3345093e-17
4369.5,7.2960401e-16,7.4009039e-17
4371.0,6.6251804e-16,7.2231496e-17
4372.5,5.7235996e-16,7.0309503e-17
4374.0,5.3445704e-16,6.9420532e-17
4375.5,5.37888e-16,6.9593752e-17
4377.0,6.1209502e-16,7.1642698e-17
4378.5,5.6012701e-16,7.0662397e-17
4380.0,5.8139097e-16,7.0556463e-17
4381.5,6.52152e-16,7.1529913e-17
4383.0,6.5447001e-16,7.1474213e-17
4384.5,6.1933498e-16,7.0470347e-17
4386.0,5.8800604e-16,6.9620016e-17
4387.5,6.0799803e-16,6.9896655e-17
4389.0,6.4336996e-16,7.0654136e-17
4390.5,6.6265203e-16,7.1772823e-17
4392.0,6.3141102e-16,7.1586497e-17
4393.5,6.7153e-16,7.1920347e-17
4395.0,6.99965e-16,7.1804258e-17
4396.5,6.3869101e-16,7.0518819e-17
4398.0,5.9038901e-16,6.9513411e-17
4399.5,5.9039403e-16,6.9214307e-17
4401.0,6.3407801e-16,7.0591069e-17
4402.5,7.11609e-16,7.2553663e-17
4404.0,6.7000698e-16,7.1795798e-17
4405.5,5.6215205e-16,6.925454e-17
4407.0,5.8806702e-16,6.9743371e-17
4408.5,6.9569405e-16,7.2351007e-17
4410.0,7.3221805e-16,7.3477704e-17
4411.5,7.3960699e-16,7.3659421e-17
4413.0,6.77691e-16,7.1468586e-17
4414.5,5.6450198e-16,6.9018836e-17
4416.0,5.9144997e-16,6.9469365e-17
4417.5,5.8790397e-16,6.9635453e-17
4419.0,6.12273e-16,7.0527861e-17
4420.5,6.3502902e-16,7.1181304e-17
4422.0,6.2661502e-16,7.0621426e-17
4423.5,7.3654099e-16,7.2423648e-17
4425.0,7.44703e-16,7.277708e-17
4426.5,7.70314e-16,7.295828e-17
4428.0,7.3262103e-16,7.1878964e-17
4429.5,6.6427204e-16,6.9702511e-17
4431.0,7.4701397e-16,7.1664013e-17
4432.5,7.3745002e-16,7.1532229e-17
4434.0,7.5500801e-16,7.1523599e-17
4435.5,7.60471e-16,7.0993732e-17
4437.0,7.5275802e-16,7.1023588e-17
4438.5,7.4609902e-16,7.1035698e-17
4440.0,7.4207503e-16,7.1015674e-17
4441.5,7.2860403e-16,7.0243633e-17
4443.0,6.92068e-16,6.9710417e-17
4444.5,7.2722797e-16,7.0720884e-17
4446.0,7.2744402e-16,7.0081292e-17
4447.5,7.3441399e-16,6.9681498e-17
4449.0,6.4394997e-16,6.8352301e-17
4450.5,7.0981504e-16,7.0284434e-17
4452.0,7.9446502e-16,7.13875e-17
4453.5,8.41496e-16,7.162836e-17
4455.0,8.2845905e-16,7.1162563e-17
4456.5,7.5976002e-16,7.0163329e-17
4458.0,6.9177996e-16,6.8570681e-17
4459.5,7.5714502e-16,6.9599313e-17
4461.0,7.63774e-16,7.016434e-17
4462.5,8.1549198e-16,7.084786e-17
4464.0,8.3426001e-16,7.0734005e-17
4465.5,7.9566199e-16,7.0190441e-17
4467.0,7.59775e-16,7.0148431e-17
4468.5,7.4879401e-16,6.9886573e-17
4470.0,7.86572e-16,7.0370344e-17
4471.5,7.1769499e-16,6.8922608e-17
4473.0,7.4305997e-16,6.9138288e-17
4474.5,8.6066097e-16,7.1315796e-17
4476.0,8.6056001e-16,7.1209685e-17
4477.5,9.02319e-16,7.1573789e-17
4479.0,9.0513094e-16,7.1877835e-17
4480.5,9.1765305e-16,7.2815322e-17
4482.0,8.7684999e-16,7.1455671e-17
4483.5,9.5001902e-16,7.2630537e-17
4485.0,1.0049599e-15,7.377051e-17
4486.5,8.3129195e-16,7.0399897e-17
4488.0,8.2789397e-16,7.0051569e-17
4489.5,9.3825998e-16,7.2136227e-17
4491.0,9.7171397e-16,7.2605188e-17
4492.5,8.7742798e-16,7.1299083e-17
4494.0,9.4310999e-16,7.2544001e-17
4495.5,8.7743201e-16,7.1007472e-17
4497.0,8.1806304e-16,7.0246768e-17
4498.5,9.9647402e-16,7.2999354e-17
4500.0,1.07513e-15,7.4203781e-17
4501.5,1.05407e-15,7.4155162e-17
4503.0,8.4644299e-16,6.9975145e-17
4504.5,1.05302e-15,7.4155059e-17
4506.0,1.04893e-15,7.4226475e-17
4507.5,1.0655101e-15,7.4434692e-17
4509.0,1.06568e-15,7.4563814e-17
4510.5,9.9257894e-16,7.3201102e-17
4512.0,9.2880699e-16,7.139281e-17
4513.5,9.3699695e-16,7.1929581e-17
4515.0,1.07165e-15,7.3888281e-17
4516.5,1.05732e-15,7.3939599e-17
4518.0,1.01511e-15,7.3265099e-17
4519.5,1.04035e-15,7.3199251e-17
4521.0,1.05697e-15,7.3987562e-17
4522.5,1.0944801e-15,7.4039589e-17
4524.0,1.22029e-15,7.5858073e-17
4525.5,1.25892e-15,7.6780684e-17
4527.0,1.23869e-15,7.6740222e-17
4528.5,1.0931601e-15,7.4424137e-17
4530.0,1.14366e-15,7.5355975e-17
4531.5,1.2638299e-15,7.7479125e-17
4533.0,1.19838e-15,7.6061031e-17
4534.5,1.1118e-15,7.418282e-17
4536.0,1.1429401e-15,7.4545766e-17
4537.5,1.22421e-15,7.6267596e-17
4539.0,1.2082401e-15,7.6236449e-17
4540.5,1.2210799e-15,7.6162208e-17
4542.0,1.2392e-15,7.6042246e-17
4543.5,1.2141201e-15,7.5849865e-17
4545.0,1.23802e-15,7.6360239e-17
4546.5,1.2934e-15,7.6813962e-17
4548.0,1.30202e-15,7.6981547e-17
4549.5,1.2193e-15,7.5706405e-17
4551.0,1.1998301e-15,7.5111758e-17
4552.5,1.26289e-15,7.6054947e-17
4554.0,1.26419e-15,7.605384e-17
4555.5,1.3052699e-15,7.7038685e-17
4557.0,1.30402e-15,7.6809434e-17
4558.5,1.34348e-15,7.7165639e-17
4560.0,1.3146301e-15,7.7219619e-17
4561.5,1.43415e-15,7.9106106e-17
4563.0,1.40123e-15,7.8082496e-17
4564.5,1.3773101e-15,7.7504909e-17
4566.0,1.3926999e-15,7.7813956e-17
4567.5,1.33746e-15,7.722271e-17
4569.0,1.49235e-15,7.8965589e-17
4570.5,1.54734e-15,8.0036505e-17
4572.0,1.3541501e-15,7.7106141e-17
4573.5,1.39988e-15,7.7629938e-17
4575.0,1.47373e-15,7.8139405e-17
4576.5,1.56558e-15,7.9350189e-17
4578.0,1.56098e-15,8.0312502e-17
4579.5,1.42002e-15,7.8373023e-17
4581.0,1.5858801e-15,8.0155796e-17
4582.5,1.5733499e-15,7.9874075e-17
4584.0,1.4373899e-15,7.8713938e-17
4585.5,1.53327e-15,7.9989265e-17
4587.0,1.58163e-15,8.0355383e-17
4588.5,1.469e-15,7.8426731e-17
4590.0,1.58787e-15,8.0453093e-17
4591.5,1.68354e-15,8.1987704e-17
4593.0,1.61616e-15,8.1026114e-17
4594.5,1.5806e-15,8.0012454e-17
4596.0,1.56677e-15,7.9651823e-17
4597.5,1.66844e-15,8.1189031e-17
4599.0,1.74545e-15,8.2351063e-17
4600.5,1.7802e-15,8.2650027e-17
4602.0,1.80427e-15,8.2665073e-17
4603.5,1.8187798e-15,8.264305e-17
4605.0,1.7141e-15,8.1495466e-17
4606.5,1.6005e-15,8.0008685e-17
4608.0,1.63168e-15,8.0300908e-17
4609.5,1.70887e-15,8.152058e-17
4611.0,1.69691e-15,8.1315232e-17
4612.5,1.77806e-15,8.2370158e-17
4614.0,1.9188199e-15,8.4517766e-17
4615.5,1.87597e-15,8.3691722e-17
4617.0,1.7038099e-15,8.104504e-17
4618.5,1.7419e-15,8.170664e-17
4620.0,1.8385801e-15,8.3011439e-17
4621.5,1.8006e-15,8.2522019e-17
4623.0,1.8214901e-15,8.2988192e-17
4624.5,1.84141e-15,8.296243e-17
4626.0,1.8312499e-15,8.2804779e-17
4627.5,1.7969601e-15,8.2456931e-17
4629.0,1.795e-15,8.2167473e-17
4630.5,1.7445801e-15,8.1746527e-17
4632.0,1.76601e-15,8.2051472e-17
4633.5,1.8819501e-15,8.3123532e-17
4635.0,1.8328601e-15,8.2306294e-17
4636.5,1.7000099e-15,8.0453211e-17
4638.0,1.72172e-15,8.1078738e-17
4639.5,1.73373e-15,8.1125712e-17
4641.0,1.72387e-15,8.0353731e-17
4642.5,1.7796499e-15,8.1150752e-17
4644.0,1.86431e-15,8.2427407e-17
4645.5,1.8840899e-15,8.2882044e-17
4647.0,1.89542e-15,8.3004875e-17
4648.5,1.78865e-15,8.1459607e-17
4650.0,1.73335e-15,8.0485272e-17
4651.5,1.97117e-15,8.3788458e-17
4653.0,1.86725e-15,8.2726798e-17
4654.5,1.7390199e-15,8.0840319e-17
4656.0,1.7881001e-15,8.1156365e-17
4657.5,1.73367e-15,8.0673508e-17
4659.0,1.65346e-15,7.9679917e-17
4660.5,1.8057701e-15,8.1730883e-17
4662.0,1.82389e-15,8.1695304e-17
4663.5,1.80359e-15,8.0759927e-17
4665.0,1.77599e-15,8.049919e-17
4666.5,1.63369e-15,7.8787752e-17
4668.0,1.62554e-15,7.8811921e-17
4669.5,1.7431999e-15,8.0393234e-17
4671.0,1.7883701e-15,8.1052194e-17
4672.5,1.76753e-15,8.0771823e-17
4674.0,1.75238e-15,8.0587562e-17
4675.5,1.76223e-15,8.0580777e-17
4677.0,1.76072e-15,8.0586006e-17
4678.5,1.7855399e-15,8.1055306e-17
4680.0,1.74138e-15,8.025414e-17
4681.5,1.6758899e-15,7.9013957e-17
4683.0,1.65459e-15,7.849207e-17
4684.5,1.58586e-15,7.7307092e-17
4686.0,1.6000399e-15,7.7542716e-17
4687.5,1.62921e-15,7.7981504e-17
4689.0,1.6079299e-15,7.754279e-17
4690.5,1.65775e-15,7.8216191e-17
4692.0,1.68709e-15,7.8616442e-17
4693.5,1.6047501e-15,7.7205768e-17
4695.0,1.5268299e-15,7.6041796e-17
4696.5,1.55628e-15,7.6752473e-17
4698.0,1.61488e-15,7.7281883e-17
4699.5,1.65518e-15,7.7918923e-17
4701.0,1.6026501e-15,7.7346588e-17
4702.5,1.5131901e-15,7.5748157e-17
4704.0,1.5200599e-15,7.6080724e-17
4705.5,1.4826e-15,7.5438963e-17
4707.0,1.44659e-15,7.4358938e-17
4708.5,1.51704e-15,7.5842784e-17
4710.0,1.50852e-15,7.5415281e-17
4711.5,1.51607e-15,7.5000065e-17
4713.0,1.4468499e-15,7.4050025e-17
4714.5,1.44708e-15,7.38352e-17
4716.0,1.505e-15,7.4947197e-17
4717.5,1.45804e-15,7.4355265e-17
4719.0,1.47304e-15,7.4145242e-17
4720.5,1.38035e-15,7.3098038e-17
4722.0,1.34341e-15,7.2549533e-17
4723.5,1.35364e-15,7.2648777e-17
4725.0,1.46829e-15,7.4352109e-17
4726.5,1.4124399e-15,7.3118933e-17
4728.0,1.3813899e-15,7.2756783e-17
4729.5,1.4212901e-15,7.3296784e-17
4731.0,1.46272e-15,7.4139511e-17
4732.5,1.44721e-15,7.3526618e-17
4734.0,1.31626e-15,7.1071056e-17
4735.5,1.3169101e-15,7.1257272e-17
4737.0,1.3260501e-15,7.1219974e-17
4738.5,1.2329901e-15,7.0057064e-17
4740.0,1.2960101e-15,7.11259e-17
4741.5,1.3542499e-15,7.1923327e-17
4743.0,1.3735401e-15,7.2088323e-17
4744.5,1.3694701e-15,7.1998608e-17
4746.0,1.34874e-15,7.1814804e-17
4747.5,1.2694101e-15,7.0172438e-17
4749.0,1.30319e-15,7.0655464e-17
4750.5,1.38605e-15,7.2241548e-17
4752.0,1.39941e-15,7.2493206e-17
4753.5,1.30076e-15,7.1036945e-17
4755.0,1.2540999e-15,7.0207206e-17
4756.5,1.24043e-15,6.9715056e-17
4758.0,1.2152899e-15,6.932682e-17
4759.5,1.23355e-15,6.9584031e-17
4761.0,1.1960699e-15,6.8437554e-17
4762.5,1.1470601e-15,6.7541016e-17
4764.0,1.15074e-15,6.7776964e-17
4765.5,1.1524499e-15,6.8012374e-17
4767.0,1.11487e-15,6.7568681e-17
4768.5,1.1304999e-15,6.7502781e-17
4770.0,1.14485e-15,6.7453956e-17
4771.5,1.12913e-15,6.6944732e-17
4773.0,1.18047e-15,6.8134806e-17
4774.5,1.17546e-15,6.8041735e-17
4776.0,1.06207e-15,6.6277637e-17
4777.5,1.0770901e-15,6.6604731e-17
4779.0,1.09536e-15,6.7067017e-17
4780.5,1.08178e-15,6.6221333e-17
4782.0,9.9629095e-16,6.5148639e-17
4783.5,1.0277999e-15,6.5725938e-17
4785.0,1.06241e-15,6.6471051e-17
4786.5,1.04339e-15,6.5692299e-17
4788.0,1.08374e-15,6.6400217e-17
4789.5,1.0167101e-15,6.4950881e-17
4791.0,1.04321e-15,6.5642116e-17
4792.5,9.9890098e-16,6.4308516e-17
4794.0,1.02129e-15,6.5460687e-17
4795.5,1.1540399e-15,6.7648535e-17
4797.0,1.1122399e-15,6.6653055e-17
4798.5,1.07364e-15,6.6095139e-17
4800.0,1.09573e-15,6.6503164e-17
4801.5,1.0285e-15,6.52423e-17
4803.0,1.03748e-15,6.5433796e-17
4804.5,1.08408e-15,6.56346e-17
4806.0,1.0412101e-15,6.4864581e-17
4807.5,9.7992797e-16,6.4271122e-17
4809.0,1.08756e-15,6.628603e-17
4810.5,1.09087e-15,6.6107655e-17
4812.0,1.1008e-15,6.5807577e-17
4813.5,1.17214e-15,6.7284512e-17
4815.0,1.17365e-15,6.76411e-17
4816.5,1.13903e-15,6.6784552e-17
4818.0,1.09208e-15,6.6344245e-17
4819.5,9.82511e-16,6.502881e-17
4821.0,1.01898e-15,6.5450494e-17
4822.5,1.1271401e-15,6.6832293e-17
4824.0,1.2025699e-15,6.8107023e-17
4825.5,1.14623e-15,6.7330232e-17
4827.0,1.10384e-15,6.6532791e-17
4828.5,1.0687799e-15,6.5907101e-17
4830.0,1.0354001e-15,6.5729021e-17
4831.5,1.03453e-15,6.5796027e-17
4833.0,1.0289399e-15,6.5580324e-17
4834.5,9.8099301e-16,6.4428831e-17
4836.0,9.4337596e-16,6.3470243e-17
4837.5,1.05328e-15,6.5007052e-17
4839.0,1.1357501e-15,6.6483316e-17
4840.5,1.1053099e-15,6.5996934e-17
4842.0,1.08471e-15,6.5492689e-17
4843.5,1.09148e-15,6.5724028e-17
4845.0,1.17757e-15,6.6644418e-17
4846.5,1.11007e-15,6.535128e-17
4848.0,1.07048e-15,6.4749044e-17
4849.5,1.06798e-15,6.478025e-17
4851.0,1.06146e-15,6.444491e-17
4852.5,1.0444e-15,6.4401734e-17
4854.0,1.0755e-15,6.4895934e-17
4855.5,1.1401101e-15,6.5562284e-17
4857.0,1.1256699e-15,6.4966428e-17
4858.5,1.1817301e-15,6.6251454e-17
4860.0,1.20973e-15,6.658838e-17
4861.5,1.05422e-15,6.4243966e-17
4863.0,1.11457e-15,6.5098132e-17
4864.5,1.12296e-15,6.4979564e-17
4866.0,1.0836199e-15,6.4581135e-17
4867.5,1.10062e-15,6.5010526e-17
4869.0,1.1481e-15,6.5646386e-17
4870.5,1.15296e-15,6.5214966e-17
4872.0,1.29949e-15,6.7298724e-17
4873.5,1.1015499e-15,6.4471771e-17
4875.0,1.0542099e-15,6.3827311e-17
4876.5,1.13064e-15,6.5250885e-17
4878.0,1.2144e-15,6.6207585e-17
4879.5,1.2355601e-15,6.6320444e-17
4881.0,1.1887999e-15,6.5625138e-17
4882.5,1.11891e-15,6.4737885e-17
4884.0,1.1037399e-15,6.4520693e-17
4885.5,1.22332e-15,6.6318312e-17
4887.0,1.18242e-15,6.5542009e-17
4888.5,1.2048499e-15,6.6234645e-17
4890.0,1.2332401e-15,6.6360478e-17
4891.5,1.1678701e-15,6.491893e-17
4893.0,1.13126e-15,6.4336439e-17
4894.5,1.1581499e-15,6.4883137e-17
4896.0,1.23182e-15,6.6028022e-17
4897.5,1.1426e-15,6.4501893e-17
4899.0,1.1122399e-15,6.3978744e-17
4900.5,1.1276701e-15,6.4444829e-17
4902.0,1.1503901e-15,6.4735746e-17
4903.5,1.14464e-15,6.43719e-17
4905.0,1.14861e-15,6.4608468e-17
4906.5,1.17229e-15,6.4948912e-17
4908.0,1.16522e-15,6.4409906e-17
4909.5,1.1320699e-15,6.3742619e-17
4911.0,1.04505e-15,6.2303749e-17
4912.5,1.09014e-15,6.2869336e-17
4914.0,1.16453e-15,6.4165424e-17
4915.5,1.0874401e-15,6.3051775e-17
4917.0,1.10288e-15,6.3308625e-17
4918.5,1.08146e-15,6.2664866e-17
4920.0,1.00315e-15,6.1444645e-17
4921.5,1.02396e-15,6.190037e-17
4923.0,1.0698201e-15,6.2641102e-17
4924.5,1.08426e-15,6.2440091e-17
4926.0,1.1321501e-15,6.3335464e-17
4927.5,1.0786901e-15,6.2733052e-17
4929.0,1.01312e-15,6.157456e-17
4930.5,9.5868502e-16,6.0493233e-17
4932.0,9.92816e-16,6.1274238e-17
4933.5,1.00602e-15,6.1132073e-17
4935.0,9.2432301e-16,5.9937194e-17
4936.5,9.36879e-16,6.0114079e-17
4938.0,9.7963903e-16,6.0854265e-17
4939.5,1.02871e-15,6.1835758e-17
4941.0,9.7159899e-16,6.084873e-17
4942.5,9.8857702e-16,6.0660169e-17
4944.0,9.9433198e-16,6.0908084e-17
4945.5,9.9668398e-16,6.0803544e-17
4947.0,9.0136302e-16,5.9080103e-17
4948.5,8.4156101e-16,5.8068128e-17
4950.0,8.9919504e-16,5.913446e-17
4951.5,9.1360497e-16,5.9502576e-17
4953.0,9.0409205e-16,5.9296591e-17
4954.5,8.2241796e-16,5.7902368e-17
4956.0,8.2298701e-16,5.7847624e-17
4957.5,7.9717399e-16,5.7229044e-17
4959.0,8.2320305e-16,5.7730048e-17
4960.5,9.2692901e-16,5.9478684e-17
4962.0,8.5969e-16,5.8243586e-17
4963.5,8.0463397e-16,5.7107205e-17
4965.0,8.44056e-16,5.8010459e-17
4966.5,8.8442898e-16,5.8675117e-17
4968.0,8.4719505e-16,5.7964156e-17
4969.5,8.2314799e-16,5.7772818e-17
4971.0,8.2442304e-16,5.7871288e-17
4972.5,7.6348903e-16,5.6675926e-17
4974.0,8.0747497e-16,5.7377538e-17
4975.5,8.4865602e-16,5.842895e-17
4977.0,8.54352e-16,5.8956881e-17
4978.5,8.9064297e-16,5.9324179e-17
4980.0,8.0063899e-16,5.7618649e-17
4981.5,7.0545001e-16,5.6255193e-17
4983.0,7.1095599e-16,5.6444731e-17
4984.5,8.3386201e-16,5.8441093e-17
4986.0,8.8853195e-16,5.9216136e-17
4987.5,8.3376402e-16,5.8192581e-17
4989.0,8.3257701e-16,5.8156489e-17
4990.5,9.27199e-16,5.9662414e-17
4992.0,9.0906297e-16,5.8976983e-17
4993.5,8.4214996e-16,5.7999916e-17
4995.0,8.59491e-16,5.8237472e-17
4996.5,8.4103103e-16,5.7694738e-17
4998.0,8.45242e-16,5.7577608e-17
4999.5,8.1414403e-16,5.7054534e-17
5001.0,8.6230702e-16,5.8014862e-17
5002.5,8.5932202e-16,5.8252949e-17
5004.0,8.5247302e-16,5.7672431e-17
5005.5,7.9055099e-16,5.6793557e-17
5007.0,8.0619198e-16,5.7036711e-17
5008.5,8.7905598e-16,5.8223525e-17
5010.0,9.4504101e-16,5.9059975e-17
5011.5,8.6777901e-16,5.7650028e-17
5013.0,8.9107104e-16,5.7688697e-17
5014.5,8.3370801e-16,5.6861514e-17
5016.0,7.9297298e-16,5.5974704e-17
5017.5,8.6564602e-16,5.7405318e-17
5019.0,8.8396004e-16,5.7786149e-17
5020.5,9.7495006e-16,5.9261912e-17
5022.0,9.8332203e-16,5.9304863e-17
5023.5,9.1781197e-16,5.8275249e-17
5025.0,8.62304e-16,5.7245941e-17
5026.5,8.5146097e-16,5.7122491e-17
5028.0,8.9134505e-16,5.8125726e-17
5029.5,9.1377099e-16,5.8445154e-17
5031.0,9.6112797e-16,5.9083097e-17
5032.5,8.9248304e-16,5.8052451e-17
5034.0,8.9844499e-16,5.7797437e-17
5035.5,9.3020205e-16,5.8137948e-17
5037.0,9.9992695e-16,5.9527882e-17
5038.5,9.1974596e-16,5.8098072e-17
5040.0,9.1674005e-16,5.7782912e-17
5041.5,9.3416299e-16,5.8282846e-17
5043.0,9.5046001e-16,5.8502372e-17
5044.5,9.5792099e-16,5.854387e-17
5046.0,8.9922002e-16,5.7494845e-17
5047.5,8.4750903e-16,5.6594176e-17
5049.0,8.6655801e-16,5.7284128e-17
5050.5,9.2376693e-16,5.8231011e-17
5052.0,8.8885806e-16,5.7612859e-17
5053.5,8.5615803e-16,5.6790116e-17
5055.0,9.1393097e-16,5.7652119e-17
5056.5,9.5481302e-16,5.8781545e-17
5058.0,9.9213901e-16,5.9540785e-17
5059.5,9.7129999e-16,5.905333e-17
5061.0,9.1688998e-16,5.8123351e-17
5062.5,8.9595799e-16,5.7581864e-17
5064.0,8.7638004e-16,5.7220629e-17
5065.5,8.48644e-16,5.6710738e-17
5067.0,9.3872098e-16,5.7922979e-17
5068.5,9.8005704e-16,5.8908742e-17
5070.0,9.0350506e-16,5.7625114e-17
5071.5,8.66421e-16,5.6953092e-17
5073.0,9.0574906e-16,5.7267898e-17
5074.5,8.7067401e-16,5.6660124e-17
5076.0,8.8981595e-16,5.6958439e-17
5077.5,9.40063e-16,5.7866826e-17
5079.0,8.64213e-16,5.6304896e-17
5080.5,8.9289205e-16,5.6436799e-17
5082.0,9.2885601e-16,5.7387613e-17
5083.5,8.5102803e-16,5.6509923e-17
5085.0,8.94494e-16,5.7442652e-17
5086.5,8.6902399e-16,5.6335379e-17
5088.0,9.5493203e-16,5.7888819e-17
5089.5,8.30894e-16,5.5952829e-17
5091.0,8.3578996e-16,5.6030511e-17
5092.5,9.5031295e-16,5.780464e-17
5094.0,9.1855101e-16,5.7098831e-17
5095.5,8.8970498e-16,5.6531157e-17
5097.0,8.7379299e-16,5.629987e-17
5098.5,8.5293105e-16,5.6228118e-17
5100.0,8.9484298e-16,5.7027414e-17
5101.5,8.4007002e-16,5.6062513e-17
5103.0,8.6577e-16,5.6649407e-17
5104.5,9.3104496e-16,5.7512627e-17
5106.0,9.1035099e-16,5.7144533e-17
5107.5,9.1879495e-16,5.6844816e-17
5109.0,9.2239199e-16,5.6646634e-17
5110.5,8.8985703e-16,5.6210018e-17
5112.0,8.8561599e-16,5.6156081e-17
5113.5,9.2681403e-16,5.6870099e-17
5115.0,9.3521003e-16,5.7104513e-17
5116.5,8.7695804e-16,5.6304018e-17
5118.0,8.5613003e-16,5.6359898e-17
5119.5,8.6545999e-16,5.6215351e-17
5121.0,8.77512e-16,5.6083492e-17
5122.5,8.9575894e-16,5.6511265e-17
5124.0,9.0030603e-16,5.6412511e-17
5125.5,9.0233001e-16,5.6184488e-17
5127.0,8.8802998e-16,5.5942256e-17
5128.5,8.9178096e-16,5.6269199e-17
5130.0,8.7177197e-16,5.6055598e-17
5131.5,9.0295205e-16,5.650431e-17
5133.0,9.6799995e-16,5.7657754e-17
5134.5,9.4162599e-16,5.7374503e-17
5136.0,9.7074804e-16,5.7811333e-17
5137.5,9.7048493e-16,5.7945751e-17
5139.0,9.2897396e-16,5.7415112e-17
5140.5,9.0189697e-16,5.6973348e-17
5142.0,9.5238796e-16,5.7775875e-17
5143.5,1.00839e-15,5.87474e-17
5145.0,9.7026904e-16,5.7767803e-17
5146.5,9.5412597e-16,5.7393572e-17
5148.0,9.4722403e-16,5.7231707e-17
5149.5,9.5821502e-16,5.7374617e-17
5151.0,9.97194e-16,5.8405216e-17
5152.5,1.00904e-15,5.8833623e-17
5154.0,1.0645501e-15,5.9565696e-17
5155.5,1.0603499e-15,5.9595603e-17
5157.0,1.00449e-15,5.8300222e-17
5158.5,1.059e-15,5.8851228e-17
5160.0,1.0995801e-15,5.9408292e-17
5161.5,1.07223e-15,5.8965621e-17
5163.0,1.04504e-15,5.8431155e-17
5164.5,1.06099e-15,5.8543314e-17
5166.0,1.0918699e-15,5.8943097e-17
5167.5,1.1098e-15,5.9147105e-17
5169.0,1.12393e-15,5.9101521e-17
5170.5,1.05629e-15,5.8291475e-17
5172.0,1.0426101e-15,5.8185176e-17
5173.5,1.07643e-15,5.8566779e-17
5175.0,1.08101e-15,5.8197136e-17
5176.5,1.02295e-15,5.7849847e-17
5178.0,1.05084e-15,5.8348126e-17
5179.5,1.05021e-15,5.8354642e-17
5181.0,1.0316401e-15,5.7932478e-17
5182.5,1.0116301e-15,5.7706255e-17
5184.0,1.01822e-15,5.7987215e-17
5185.5,1.0884901e-15,5.9240855e-17
5187.0,1.08088e-15,5.9063726e-17
5188.5,1.0505199e-15,5.8596365e-17
5190.0,1.0637899e-15,5.8973461e-17
5191.5,1.07259e-15,5.8759798e-17
5193.0,1.08743e-15,5.8703239e-17
5194.5,1.03817e-15,5.844394e-17
5196.0,1.0418101e-15,5.9249056e-17
5197.5,1.0929101e-15,6.0467618e-17
5199.0,1.18447e-15,6.1917164e-17
5200.5,1.2391401e-15,6.2549536e-17
5202.0,1.1656199e-15,6.111921e-17
5203.5,1.1183e-15,6.0159387e-17
5205.0,1.18159e-15,6.0839352e-17
5206.5,1.2179701e-15,6.1065926e-17
5208.0,1.15416e-15,5.9963808e-17
5209.5,1.1048e-15,5.9299276e-17
5211.0,1.1293599e-15,5.9773669e-17
5212.5,1.1410701e-15,5.99768e-17
5214.0,1.14869e-15,6.0049953e-17
5215.5,1.1513099e-15,5.9969269e-17
5217.0,1.1620199e-15,6.0087144e-17
5218.5,1.22084e-15,6.0748346e-17
5220.0,1.23663e-15,6.104488e-17
5221.5,1.24996e-15,6.1660561e-17
5223.0,1.26614e-15,6.1842414e-17
5224.5,1.2372201e-15,6.1452588e-17
5226.0,1.26065e-15,6.1523178e-17
5227.5,1.27277e-15,6.1476138e-17
5229.0,1.22211e-15,6.1089004e-17
5230.5,1.26708e-15,6.1758562e-17
5232.0,1.31777e-15,6.2587195e-17
5233.5,1.1668901e-15,6.0301091e-17
5235.0,1.1870101e-15,6.0302924e-17
5236.5,1.21302e-15,6.0812074e-17
5238.0,1.2077e-15,6.0991283e-17
5239.5,1.27973e-15,6.1707296e-17
5241.0,1.3253699e-15,6.2221203e-17
5242.5,1.27385e-15,6.1519347e-17
5244.0,1.24965e-15,6.1156895e-17
5245.5,1.30735e-15,6.2010958e-17
5247.0,1.28512e-15,6.1790863e-17
5248.5,1.3193299e-15,6.2267034e-17
5250.0,1.31923e-15,6.2135006e-17
5251.5,1.31474e-15,6.1863692e-17
5253.0,1.4174201e-15,6.3561603e-17
5254.5,1.36465e-15,6.3060205e-17
5256.0,1.29217e-15,6.1810674e-17
5257.5,1.36181e-15,6.2716981e-17
5259.0,1.36217e-15,6.2846361e-17
5260.5,1.35337e-15,6.2462609e-17
5262.0,1.3903701e-15,6.2653227e-17
5263.5,1.3525701e-15,6.2163527e-17
5265.0,1.29468e-15,6.1536104e-17
5266.5,1.30005e-15,6.1465735e-17
5268.0,1.33154e-15,6.1959875e-17
5269.5,1.37324e-15,6.2659659e-17
5271.0,1.4315799e-15,6.3492377e-17
5272.5,1.45539e-15,6.3724416e-17
5274.0,1.3850599e-15,6.2712238e-17
5275.5,1.3463101e-15,6.2585395e-17
5277.0,1.37636e-15,6.3316539e-17
5278.5,1.38516e-15,6.3138813e-17
5280.0,1.3800201e-15,6.2705741e-17
5281.5,1.3019e-15,6.1625214e-17
5283.0,1.2361601e-15,6.0665907e-17
5284.5,1.26949e-15,6.1214541e-17
5286.0,1.2812199e-15,6.1334466e-17
5287.5,1.32536e-15,6.1708033e-17
5289.0,1.3835799e-15,6.2667536e-17
5290.5,1.39195e-15,6.2814949e-17
5292.0,1.4039e-15,6.3081409e-17
5293.5,1.43473e-15,6.3797942e-17
5295.0,1.41642e-15,6.3327381e-17
5296.5,1.36182e-15,6.248222e-17
5298.0,1.3018901e-15,6.1539947e-17
5299.5,1.30539e-15,6.164994e-17
5301.0,1.3103401e-15,6.1975821e-17
5302.5,1.29336e-15,6.1398046e-17
5304.0,1.41235e-15,6.3013504e-17
5305.5,1.46851e-15,6.3811071e-17
5307.0,1.42724e-15,6.3390699e-17
5308.5,1.42012e-15,6.3473496e-17
5310.0,1.3197e-15,6.1870891e-17
5311.5,1.33016e-15,6.1981102e-17
5313.0,1.4435e-15,6.3611056e-17
5314.5,1.3988901e-15,6.3040608e-17
5316.0,1.37568e-15,6.2547323e-17
5317.5,1.38409e-15,6.2567908e-17
5319.0,1.38087e-15,6.2710033e-17
5320.5,1.42836e-15,6.3536696e-17
5322.0,1.42037e-15,6.3104163e-17
5323.5,1.417e-15,6.2823822e-17
5325.0,1.38428e-15,6.2754647e-17
5326.5,1.32292e-15,6.2065138e-17
5328.0,1.3591401e-15,6.2407123e-17
5329.5,1.44679e-15,6.3536726e-17
5331.0,1.44645e-15,6.3729587e-17
5332.5,1.45949e-15,6.3888793e-17
5334.0,1.49593e-15,6.4236479e-17
5335.5,1.47051e-15,6.3586599e-17
5337.0,1.4122799e-15,6.2493445e-17
5338.5,1.38264e-15,6.2175025e-17
5340.0,1.43452e-15,6.3039583e-17
5341.5,1.43098e-15,6.2984452e-17
5343.0,1.45994e-15,6.3424936e-17
5344.5,1.4715101e-15,6.3728591e-17
5346.0,1.4359501e-15,6.3264638e-17
5347.5,1.3677599e-15,6.2143178e-17
5349.0,1.32442e-15,6.1466609e-17
5350.5,1.38633e-15,6.2440844e-17
5352.0,1.48446e-15,6.3841952e-17
5353.5,1.4476201e-15,6.3419176e-17
5355.0,1.39688e-15,6.2791819e-17
5356.5,1.43081e-15,6.299772e-17
5358.0,1.4269001e-15,6.259446e-17
5359.5,1.3378399e-15,6.153457e-17
5361.0,1.28517e-15,6.0886253e-17
5362.5,1.32955e-15,6.1357585e-17
5364.0,1.35598e-15,6.1635477e-17
5365.5,1.35227e-15,6.1764241e-17
5367.0,1.34209e-15,6.162978e-17
5368.5,1.32213e-15,6.1422621e-17
5370.0,1.35229e-15,6.1477816e-17
5371.5,1.36295e-15,6.1655546e-17
5373.0,1.31929e-15,6.1137357e-17
5374.5,1.3514301e-15,6.1526815e-17
5376.0,1.4335e-15,6.278957e-17
5377.5,1.3983701e-15,6.2430636e-17
5379.0,1.28959e-15,6.0718446e-17
5380.5,1.31351e-15,6.0780662e-17
5382.0,1.27282e-15,6.0044193e-17
5383.5,1.2378201e-15,5.9748692e-17
5385.0,1.26677e-15,6.0273651e-17
5386.5,1.25987e-15,6.0055441e-17
5388.0,1.22835e-15,5.9499966e-17
5389.5,1.21084e-15,5.9430349e-17
5391.0,1.23109e-15,5.9543872e-17
5392.5,1.2581e-15,5.9785377e-17
5394.0,1.2467e-15,5.9615414e-17
5395.5,1.25233e-15,5.9697034e-17
5397.0,1.247e-15,5.9238989e-17
5398.5,1.27667e-15,6.0027359e-17
5400.0,1.3210599e-15,6.0700579e-17
5401.5,1.2422499e-15,5.9472912e-17
5403.0,1.1873e-15,5.8735713e-17
5404.5,1.1632499e-15,5.8196922e-17
5406.0,1.2206e-15,5.8895794e-17
5407.5,1.2648799e-15,5.9492136e-17
5409.0,1.23797e-15,5.926252e-17
5410.5,1.21839e-15,5.9179351e-17
5412.0,1.25379e-15,5.9692801e-17
5413.5,1.22788e-15,5.9168004e-17
5415.0,1.2166701e-15,5.9175637e-17
5416.5,1.23708e-15,5.9493136e-17
5418.0,1.18853e-15,5.8671023e-17
5419.5,1.19131e-15,5.8517736e-17
5421.0,1.256e-15,5.9444675e-17
5422.5,1.2375e-15,5.9400633e-17
5424.0,1.19731e-15,5.8699743e-17
5425.5,1.25935e-15,5.9452597e-17
5427.0,1.2646499e-15,5.9584293e-17
5428.5,1.2339701e-15,5.9267956e-17
5430.0,1.19329e-15,5.8650925e-17
5431.5,1.1998e-15,5.8490114e-17
5433.0,1.27412e-15,5.9573381e-17
5434.5,1.3025399e-15,6.0157793e-17
5436.0,1.2797399e-15,6.0008216e-17
5437.5,1.22639e-15,5.9415019e-17
5439.0,1.24632e-15,5.9224256e-17
5440.5,1.24309e-15,5.9000669e-17
5442.0,1.23489e-15,5.9259227e-17
5443.5,1.34553e-15,6.0818848e-17
5445.0,1.39195e-15,6.1499603e-17
5446.5,1.286e-15,6.0168477e-17
5448.0,1.3508901e-15,6.1087853e-17
5449.5,1.3294701e-15,6.0486698e-17
5451.0,1.29035e-15,6.0003481e-17
5452.5,1.28267e-15,5.9745539e-17
5454.0,1.18521e-15,5.8841087e-17
5455.5,1.2406501e-15,5.967774e-17
5457.0,1.24935e-15,6.0307873e-17
5458.5,1.23613e-15,6.1006428e-17
5460.0,1.34603e-15,6.3651436e-17
5461.5,1.24798e-15,6.269332e-17
5463.0,1.2760001e-15,6.2686395e-17
5464.5,1.27709e-15,6.1918838e-17
5466.0,1.32686e-15,6.1870455e-17
5467.5,1.33042e-15,6.1129053e-17
5469.0,1.2602001e-15,5.9717741e-17
5470.5,1.2233e-15,5.9020203e-17
5472.0,1.2483701e-15,5.9764302e-17
5473.5,1.24317e-15,5.9455646e-17
5475.0,1.3034e-15,6.0211609e-17
5476.5,1.32932e-15,6.0280669e-17
5478.0,1.35874e-15,6.0604307e-17
5479.5,1.3019399e-15,6.0082302e-17
5481.0,1.32374e-15,6.0457908e-17
5482.5,1.29365e-15,5.9996278e-17
5484.0,1.29969e-15,6.02094e-17
5485.5,1.30912e-15,6.0347188e-17
5487.0,1.27496e-15,5.9892742e-17
5488.5,1.2634199e-15,5.9663756e-17
5490.0,1.29581e-15,5.9988457e-17
5491.5,1.30876e-15,6.0051185e-17
5493.0,1.2819701e-15,5.9683467e-17
5494.5,1.3240201e-15,6.0294487e-17
5496.0,1.3438501e-15,6.060971e-17
5497.5,1.3275799e-15,6.045422e-17
5499.0,1.34665e-15,6.0609138e-17
5500.5,1.383e-15,6.105355e-17
5502.0,1.29887e-15,5.9896938e-17
5503.5,1.24965e-15,5.9209133e-17
5505.0,1.31257e-15,6.0008946e-17
5506.5,1.26212e-15,5.9230887e-17
5508.0,1.2415101e-15,5.9101569e-17
5509.5,1.2244e-15,5.8974516e-17
5511.0,1.21043e-15,5.8606857e-17
5512.5,1.24266e-15,5.9366938e-17
5514.0,1.3045501e-15,6.0038765e-17
5515.5,1.34404e-15,6.0528045e-17
5517.0,1.31672e-15,6.031284e-17
5518.5,1.23522e-15,5.922672e-17
5520.0,1.3091e-15,6.011489e-17
5521.5,1.3591699e-15,6.0773862e-17
5523.0,1.3018699e-15,5.9779023e-17
5524.5,1.32933e-15,6.0061393e-17
5526.0,1.25219e-15,5.897584e-17
5527.5,1.24297e-15,5.895243e-17
5529.0,1.18838e-15,5.8060291e-17
5530.5,1.2915601e-15,5.9712416e-17
5532.0,1.2425401e-15,5.9134703e-17
5533.5,1.2742899e-15,5.9424024e-17
5535.0,1.2287001e-15,5.83208e-17
5536.5,1.2556601e-15,5.9132063e-17
5538.0,1.28927e-15,5.9293925e-17
5539.5,1.16414e-15,5.7548387e-17
5541.0,1.23155e-15,5.8725569e-17
5542.5,1.1993001e-15,5.8496863e-17
5544.0,1.27123e-15,5.9631514e-17
5545.5,1.2724201e-15,5.9738904e-17
5547.0,1.23615e-15,5.8939682e-17
5548.5,1.17776e-15,5.8131763e-17
5550.0,1.09e-15,5.6816439e-17
5551.5,1.03925e-15,5.598815e-17
5553.0,1.11725e-15,5.7182631e-17
5554.5,1.13501e-15,5.7567054e-17
5556.0,1.02698e-15,5.5717909e-17
5557.5,1.00961e-15,5.5117743e-17
5559.0,1.06584e-15,5.6091793e-17
5560.5,1.11587e-15,5.7095327e-17
5562.0,1.1123299e-15,5.7201962e-17
5563.5,1.0459501e-15,5.6358759e-17
5565.0,1.0572899e-15,5.667084e-17
5566.5,1.0838401e-15,5.7013814e-17
5568.0,1.09823e-15,5.7053036e-17
5569.5,1.1103e-15,5.7776004e-17
5571.0,1.08971e-15,5.9913924e-17
5572.5,1.0953999e-15,6.9097974e-17
5574.0,1.13822e-15,8.9525442e-17
5575.5,1.16378e-15,1.1090745e-16
5577.0,1.15225e-15,1.2222009e-16
5578.5,1.1126501e-15,1.2306928e-16
5580.0,1.08799e-15,1.126641e-16
5581.5,1.04145e-15,9.1210416e-17
5583.0,9.7681999e-16,7.0786223e-17
5584.5,9.81796e-16,6.1197858e-17
5586.0,1.01658e-15,5.8600617e-17
5587.5,1.0313e-15,5.7489025e-17
5589.0,1.0559601e-15,5.6878633e-17
5590.5,1.05775e-15,5.6544705e-17
5592.0,9.9260805e-16,5.5485549e-17
5593.5,9.0736202e-16,5.4047512e-17
5595.0,9.5443895e-16,5.4649021e-17
5596.5,1.0674501e-15,5.6321362e-17
5598.0,1.06894e-15,5.6483533e-17
5599.5,1.0228e-15,5.585961e-17
5601.0,9.5667501e-16,5.4678512e-17
5602.5,9.99701e-16,5.5069566e-17
5604.0,1.03706e-15,5.591167e-17
5605.5,1.0441e-15,5.6046951e-17
5607.0,9.9635903e-16,5.5272989e-17
5608.5,9.4286001e-16,5.4499609e-17
5610.0,1.03917e-15,5.5761004e-17
5611.5,1.15499e-15,5.7601608e-17
5613.0,1.03018e-15,5.5803052e-17
5614.5,9.2315199e-16,5.4049747e-17
5616.0,9.9256496e-16,5.5072111e-17
5617.5,1.0036101e-15,5.504092e-17
5619.0,9.91116e-16,5.4934278e-17
5620.5,1.04934e-15,5.6049558e-17
5622.0,1.1479501e-15,5.7499145e-17
5623.5,1.10684e-15,5.6949496e-17
5625.0,1.0703699e-15,5.6459423e-17
5626.5,1.14828e-15,5.757558e-17
5628.0,1.2097699e-15,5.8416861e-17
5629.5,1.16173e-15,5.7535889e-17
5631.0,1.08093e-15,5.6243053e-17
5632.5,1.05135e-15,5.5988736e-17
5634.0,1.06125e-15,5.6052726e-17
5635.5,1.08112e-15,5.6154706e-17
5637.0,1.13276e-15,5.7111166e-17
5638.5,1.17272e-15,5.786971e-17
5640.0,1.1335599e-15,5.7242254e-17
5641.5,1.07304e-15,5.6214606e-17
5643.0,1.0617599e-15,5.6036916e-17
5644.5,1.10623e-15,5.6889928e-17
5646.0,1.15284e-15,5.762213e-17
5647.5,1.1494101e-15,5.7557101e-17
5649.0,1.20139e-15,5.8384273e-17
5650.5,1.24814e-15,5.8914166e-17
5652.0,1.18667e-15,5.7916603e-17
5653.5,1.1107101e-15,5.684479e-17
5655.0,1.1749e-15,5.7890188e-17
5656.5,1.25085e-15,5.9026015e-17
5658.0,1.21385e-15,5.833683e-17
5659.5,1.2257299e-15,5.8310264e-17
5661.0,1.25388e-15,5.9035795e-17
5662.5,1.28743e-15,5.9685801e-17
5664.0,1.27472e-15,5.9567503e-17
5665.5,1.23852e-15,5.9108321e-17
5667.0,1.28174e-15,6.0024084e-17
5668.5,1.28721e-15,6.0010358e-17
5670.0,1.29344e-15,6.0198159e-17
5671.5,1.25584e-15,5.9669752e-17
5673.0,1.21388e-15,5.9010445e-17
5674.5,1.198e-15,5.8606422e-17
5676.0,1.20301e-15,5.9000555e-17
5677.5,1.23834e-15,5.9401673e-17
5679.0,1.27211e-15,6.0096319e-17
5680.5,1.26491e-15,6.0165291e-17
5682.0,1.21543e-15,5.9696588e-17
5683.5,1.2689801e-15,6.0952514e-17
5685.0,1.2455e-15,6.0727157e-17
5686.5,1.27136e-15,6.1432678e-17
5688.0,1.35886e-15,6.2778721e-17
5689.5,1.37831e-15,6.2893239e-17
5691.0,1.31102e-15,6.2076533e-17
5692.5,1.3019e-15,6.1835064e-17
5694.0,1.2772501e-15,6.1294237e-17
5695.5,1.24934e-15,6.0474813e-17
5697.0,1.3422101e-15,6.1558632e-17
5698.5,1.42063e-15,6.2354499e-17
5700.0,1.37424e-15,6.1480327e-17
5701.5,1.3707401e-15,6.1258484e-17
5703.0,1.37306e-15,6.1307229e-17
5704.5,1.37913e-15,6.1328839e-17
5706.0,1.36716e-15,6.1210773e-17
5707.5,1.36782e-15,6.110603e-17
5709.0,1.32567e-15,6.0397208e-17
5710.5,1.24091e-15,5.9462255e-17
5712.0,1.25907e-15,5.9601101e-17
5713.5,1.35008e-15,6.0521038e-17
5715.0,1.38795e-15,6.1217602e-17
5716.5,1.3274601e-15,6.038824e-17
5718.0,1.28686e-15,5.9636541e-17
5719.5,1.3057899e-15,6.0044418e-17
5721.0,1.3716e-15,6.1010042e-17
5722.5,1.34543e-15,6.0510735e-17
5724.0,1.27072e-15,5.9272577e-17
5725.5,1.28342e-15,5.9731175e-17
5727.0,1.32283e-15,6.0364745e-17
5728.5,1.29992e-15,5.9843238e-17
5730.0,1.26318e-15,5.9267768e-17
5731.5,1.31198e-15,5.9964627e-17
5733.0,1.2644499e-15,5.923071e-17
5734.5,1.26582e-15,5.9087593e-17
5736.0,1.26173e-15,5.8893231e-17
5737.5,1.27546e-15,5.909065e-17
5739.0,1.2983599e-15,5.9561956e-17
5740.5,1.33023e-15,6.0204617e-17
5742.0,1.2577401e-15,5.909488e-17
5743.5,1.27349e-15,5.9272381e-17
5745.0,1.25346e-15,5.9303889e-17
5746.5,1.21782e-15,5.8376776e-17
5748.0,1.2638001e-15,5.8984812e-17
5749.5,1.2145299e-15,5.8467177e-17
5751.0,1.3174599e-15,5.9967164e-17
5752.5,1.3162499e-15,5.989363e-17
5754.0,1.28283e-15,5.9612858e-17
5755.5,1.2317801e-15,5.8886825e-17
5757.0,1.15257e-15,5.7901704e-17
5758.5,1.20942e-15,5.8391977e-17
5760.0,1.19487e-15,5.8410721e-17
5761.5,1.12971e-15,5.741207e-17
5763.0,1.1843501e-15,5.8428784e-17
5764.5,1.18838e-15,5.8496955e-17
5766.0,1.15545e-15,5.8183166e-17
5767.5,1.18572e-15,5.8871378e-17
5769.0,1.19104e-15,5.9198763e-17
5770.5,1.14797e-15,5.8596483e-17
5772.0,1.15243e-15,5.8459337e-17
5773.5,1.19895e-15,5.8871566e-17
5775.0,1.18849e-15,5.8305297e-17
5776.5,1.17802e-15,5.8116743e-17
5778.0,1.17326e-15,5.784519e-17
5779.5,1.1829199e-15,5.7872007e-17
5781.0,1.19146e-15,5.8112967e-17
5782.5,1.16069e-15,5.7786101e-17
5784.0,1.16155e-15,5.787523e-17
5785.5,1.21682e-15,5.8857143e-17
5787.0,1.19038e-15,5.8773697e-17
5788.5,1.1567201e-15,5.8556353e-17
5790.0,1.18809e-15,5.9027955e-17
5791.5,1.1899e-15,5.8937875e-17
5793.0,1.1327e-15,5.8038571e-17
5794.5,1.13535e-15,5.7826773e-17
5796.0,1.12791e-15,5.7652923e-17
5797.5,1.1327e-15,5.7747281e-17
5799.0,1.1196999e-15,5.7298624e-17
5800.5,1.12816e-15,5.7169488e-17
5802.0,1.1373101e-15,5.7317565e-17
5803.5,1.08602e-15,5.688155e-17
5805.0,1.06977e-15,5.6630168e-17
5806.5,1.0339001e-15,5.6083452e-17
5808.0,1.01356e-15,5.5736783e-17
5809.5,9.8931405e-16,5.5081087e-17
5811.0,1.0066e-15,5.5280512e-17
5812.5,1.04626e-15,5.5716714e-17
5814.0,1.0272e-15,5.5742484e-17
5815.5,1.0176001e-15,5.5666484e-17
5817.0,1.06107e-15,5.6246257e-17
5818.5,9.9868403e-16,5.5019867e-17
5820.0,9.5677898e-16,5.4484427e-17
5821.5,9.6802705e-16,5.4735701e-17
5823.0,9.46062e-16,5.4411657e-17
5824.5,9.6628301e-16,5.4669835e-17
5826.0,9.6528499e-16,5.4742465e-17
5827.5,9.8069898e-16,5.4881061e-17
5829.0,9.85407e-16,5.4776561e-17
5830.5,9.3572905e-16,5.3916244e-17
5832.0,9.2999199e-16,5.3994192e-17
5833.5,8.8698601e-16,5.3338263e-17
5835.0,8.9374703e-16,5.3482317e-17
5836.5,8.9096706e-16,5.3426075e-17
5838.0,9.3835993e-16,5.4199513e-17
5839.5,8.6524601e-16,5.3172665e-17
5841.0,7.95591e-16,5.2076754e-17
5842.5,8.6703002e-16,5.2912636e-17
5844.0,8.17423e-16,5.2315298e-17
5845.5,7.9400302e-16,5.204609e-17
5847.0,8.29753e-16,5.2534268e-17
5848.5,7.6443601e-16,5.1442734e-17
5850.0,7.3823797e-16,5.0984087e-17
5851.5,7.72531e-16,5.1637697e-17
5853.0,8.0434699e-16,5.2319185e-17
5854.5,8.4770798e-16,5.3052412e-17
5856.0,8.1102801e-16,5.2382544e-17
5857.5,7.1363505e-16,5.0646188e-17
5859.0,7.1101396e-16,5.0658007e-17
5860.5,7.5218601e-16,5.1458724e-17
5862.0,7.8005101e-16,5.2122802e-17
5863.5,7.5955599e-16,5.2282131e-17
5865.0,7.0754801e-16,5.1643372e-17
5866.5,7.0907097e-16,5.1911097e-17
5868.0,7.2508101e-16,5.2556988e-17
5869.5,7.7841301e-16,5.3287383e-17
5871.0,8.1675295e-16,5.3523851e-17
5872.5,8.1626305e-16,5.3135725e-17
5874.0,7.8170103e-16,5.2130609e-17
5875.5,7.1773702e-16,5.0712553e-17
5877.0,7.5992101e-16,5.1142195e-17
5878.5,7.8459503e-16,5.1399348e-17
5880.0,7.1340101e-16,5.0115698e-17
5881.5,7.14622e-16,5.0061908e-17
5883.0,7.89132e-16,5.1107018e-17
5884.5,7.8226103e-16,5.1409253e-17
5886.0,7.1617297e-16,5.172944e-17
5887.5,6.6852599e-16,5.2809933e-17
5889.0,6.66455e-16,5.4657039e-17
5890.5,6.6156799e-16,5.5205142e-17
5892.0,6.6251397e-16,5.5409069e-17
5893.5,6.8814704e-16,5.5389963e-17
5895.0,6.5403998e-16,5.3522328e-17
5896.5,6.57182e-16,5.2919344e-17
5898.0,7.1299401e-16,5.3437503e-17
5899.5,7.0301098e-16,5.2352983e-17
5901.0,6.8683699e-16,5.0917037e-17
5902.5,7.3735499e-16,5.0823066e-17
5904.0,7.4119105e-16,5.0954626e-17
5905.5,7.9546098e-16,5.1842141e-17
5907.0,8.6516305e-16,5.2656671e-17
5908.5,8.4728404e-16,5.2500632e-17
5910.0,7.7217196e-16,5.1666063e-17
5911.5,7.4628902e-16,5.1386813e-17
5913.0,7.7290301e-16,5.2029123e-17
5914.5,8.5994898e-16,5.3815005e-17
5916.0,8.7140203e-16,5.4184213e-17
5917.5,8.02684e-16,5.3032971e-17
5919.0,7.7351499e-16,5.237761e-17
5920.5,8.10745e-16,5.2442156e-17
5922.0,8.73668e-16,5.351222e-17
5923.5,8.64873e-16,5.3518954e-17
5925.0,8.38104e-16,5.2901326e-17
5926.5,8.6355401e-16,5.3287933e-17
5928.0,8.9080105e-16,5.4067647e-17
5929.5,9.1556003e-16,5.4921401e-17
5931.0,9.3277502e-16,5.5698715e-17
5932.5,8.9666198e-16,5.5277927e-17
5934.0,8.7179204e-16,5.5033891e-17
5935.5,9.5802804e-16,5.6246265e-17
5937.0,9.7448896e-16,5.574501e-17
5938.5,9.0914503e-16,5.4142715e-17
5940.0,9.1701608e-16,5.4132647e-17
5941.5,8.9665902e-16,5.3841785e-17
5943.0,9.0049206e-16,5.4113099e-17
5944.5,9.7560196e-16,5.5615309e-17
5946.0,8.9302197e-16,5.4190696e-17
5947.5,9.2151097e-16,5.4682971e-17
5949.0,1.02287e-15,5.6138174e-17
5950.5,1.06013e-15,5.7232573e-17
5952.0,9.5486892e-16,5.618701e-17
5953.5,9.1036899e-16,5.5654654e-17
5955.0,9.3381105e-16,5.598853e-17
5956.5,1.05912e-15,5.7559011e-17
5958.0,9.6451906e-16,5.5443037e-17
5959.5,9.6490298e-16,5.5421597e-17
5961.0,1.023e-15,5.5896488e-17
5962.5,1.03013e-15,5.6159297e-17
5964.0,9.9493305e-16,5.5992859e-17
5965.5,1.02399e-15,5.6342367e-17
5967.0,1.0569901e-15,5.6907821e-17
5968.5,9.8343998e-16,5.5671267e-17
5970.0,1.03949e-15,5.6639115e-17
5971.5,1.07038e-15,5.7212361e-17
5973.0,1.02563e-15,5.641902e-17
5974.5,1.11105e-15,5.7960645e-17
5976.0,1.1208301e-15,5.8169736e-17
5977.5,1.07269e-15,5.7523343e-17
5979.0,1.08697e-15,5.7614102e-17
5980.5,1.02497e-15,5.6452877e-17
5982.0,1.1136201e-15,5.7609618e-17
5983.5,1.13775e-15,5.8061781e-17
5985.0,1.09108e-15,5.6938971e-17
5986.5,1.06452e-15,5.6521391e-17
5988.0,1.04096e-15,5.6131857e-17
5989.5,1.06448e-15,5.6307865e-17
5991.0,1.11435e-15,5.7272032e-17
5992.5,1.0649299e-15,5.662987e-17
5994.0,1.09087e-15,5.7124258e-17
5995.5,1.18493e-15,5.8614697e-17
5997.0,1.19015e-15,5.8649505e-17
5998.5,1.11549e-15,5.7429719e-17
6000.0,1.12981e-15,5.7657606e-17
6001.5,1.15464e-15,5.822014e-17
6003.0,1.1909601e-15,5.900567e-17
6004.5,1.22016e-15,5.9319669e-17
6006.0,1.21411e-15,5.9169375e-17
6007.5,1.17519e-15,5.8553348e-17
6009.0,1.18251e-15,5.8530473e-17
6010.5,1.21253e-15,5.8934825e-17
6012.0,1.2032401e-15,5.8836517e-17
6013.5,1.1645401e-15,5.8184608e-17
6015.0,1.17118e-15,5.8147938e-17
6016.5,1.15564e-15,5.7912937e-17
6018.0,1.1224501e-15,5.7390795e-17
6019.5,1.1458101e-15,5.7617045e-17
6021.0,1.20424e-15,5.8561575e-17
6022.5,1.19346e-15,5.863589e-17
6024.0,1.23724e-15,5.9030776e-17
6025.5,1.23711e-15,5.9098383e-17
6027.0,1.1078301e-15,5.7306358e-17
6028.5,1.1679601e-15,5.8066343e-17
6030.0,1.29189e-15,5.992876e-17
6031.5,1.1958801e-15,5.8473844e-17
6033.0,1.13028e-15,5.7801402e-17
6034.5,1.1801e-15,5.8513458e-17
6036.0,1.13171e-15,5.7775042e-17
6037.5,1.1833201e-15,5.8144622e-17
6039.0,1.19122e-15,5.7989568e-17
6040.5,1.11876e-15,5.7102607e-17
6042.0,1.1684901e-15,5.7882683e-17
6043.5,1.09038e-15,5.6420521e-17
6045.0,1.12527e-15,5.6983014e-17
6046.5,1.18023e-15,5.7912524e-17
6048.0,1.12433e-15,5.7364402e-17
6049.5,1.13087e-15,4.6610073e-17
6051.0,1.1374001e-15,5.2232136e-17
6052.5,1.14394e-15,5.9003011e-17
6054.0,1.14394e-15,5.7484987e-17
6055.5,1.10498e-15,5.6919238e-17
6057.0,1.10634e-15,5.6861518e-17
6058.5,1.09145e-15,5.6477685e-17
6060.0,1.1715601e-15,5.7611307e-17
6061.5,1.2508e-15,5.8922058e-17
6063.0,1.18319e-15,5.8119048e-17
6064.5,1.09887e-15,5.6849278e-17
6066.0,1.1284401e-15,5.6939978e-17
6067.5,1.14725e-15,5.6813725e-17
6069.0,1.13826e-15,5.6780075e-17
6070.5,1.16176e-15,5.7346967e-17
6072.0,1.09682e-15,5.6547689e-17
6073.5,1.08162e-15,5.6308875e-17
6075.0,1.14276e-15,5.7097654e-17
6076.5,1.11479e-15,5.6779208e-17
6078.0,1.04091e-15,5.5516298e-17
6079.5,1.00769e-15,5.4882053e-17
6081.0,1.01473e-15,5.5065086e-17
6082.5,1.0813e-15,5.6019584e-17
6084.0,1.11263e-15,5.6290444e-17
6085.5,1.03976e-15,5.5021803e-17
6087.0,1.0191701e-15,5.4664495e-17
6088.5,1.0558799e-15,5.5304489e-17
6090.0,1.05284e-15,5.5407001e-17
6091.5,1.0539e-15,5.5459436e-17
6093.0,1.066e-15,5.5794865e-17
6094.5,1.01438e-15,5.4931645e-17
6096.0,9.7299998e-16,5.4225656e-17
6097.5,9.1306901e-16,5.3347644e-17
6099.0,9.4177898e-16,5.3715101e-17
6100.5,9.0837994e-16,5.3400648e-17
6102.0,8.5458303e-16,5.237765e-17
6103.5,9.0000702e-16,5.2780192e-17
6105.0,8.69687e-16,5.2625661e-17
6106.5,8.7990804e-16,5.2702827e-17
6108.0,9.2419998e-16,5.3128368e-17
6109.5,8.9019298e-16,5.2713311e-17
6111.0,8.0535697e-16,5.1276849e-17
6112.5,8.28803e-16,5.1284464e-17
6114.0,8.3677697e-16,5.1407354e-17
6115.5,7.9520401e-16,5.1028089e-17
6117.0,8.1488503e-16,5.1492802e-17
6118.5,7.9368199e-16,5.1077243e-17
6120.0,7.7013702e-16,5.0639679e-17
6121.5,7.8191602e-16,5.0912221e-17
6123.0,7.6209497e-16,5.0483117e-17
6124.5,6.65424e-16,4.8655265e-17
6126.0,7.0382e-16,4.9068047e-17
6127.5,8.0834101e-16,5.0555087e-17
6129.0,7.1400303e-16,4.9016493e-17
6130.5,6.5585899e-16,4.8207501e-17
6132.0,7.3118102e-16,4.960733e-17
6133.5,7.37058e-16,4.9847316e-17
6135.0,6.5009202e-16,4.848404e-17
6136.5,6.4507901e-16,4.8404175e-17
6138.0,6.8484901e-16,4.9281364e-17
6139.5,7.0173503e-16,4.9558456e-17
6141.0,6.9050502e-16,4.9469892e-17
6142.5,6.7121898e-16,4.9272635e-17
6144.0,6.2861698e-16,4.82984e-17
6145.5,5.9441104e-16,4.7453313e-17
6147.0,6.1557198e-16,4.7784242e-17
6148.5,6.4262997e-16,4.826486e-17
6150.0,6.3503897e-16,4.7957879e-17
6151.5,5.83603e-16,4.7114757e-17
6153.0,5.95635e-16,4.7690013e-17
6154.5,6.1433103e-16,4.7941192e-17
6156.0,5.7821296e-16,4.719245e-17
6157.5,5.6107404e-16,4.6960444e-17
6159.0,5.2258598e-16,4.6274782e-17
6160.5,5.0890798e-16,4.5923629e-17
6162.0,5.3415602e-16,4.6364176e-17
6163.5,5.1159197e-16,4.5920457e-17
6165.0,5.2578903e-16,4.6207115e-17
6166.5,5.5268e-16,4.6621133e-17
6168.0,6.0285601e-16,4.7633529e-17
6169.5,4.9554e-16,4.58225e-17
6171.0,4.71248e-16,4.5370824e-17
6172.5,5.1067601e-16,4.6029171e-17
6174.0,5.7141298e-16,4.6927399e-17
6175.5,5.2148902e-16,4.5894485e-17
6177.0,4.8629199e-16,4.4777092e-17
6178.5,4.7571504e-16,4.4676712e-17
6180.0,4.64943e-16,4.4280691e-17
6181.5,3.9544498e-16,4.349817e-17
6183.0,5.2882395e-16,4.5796904e-17
6184.5,4.6128599e-16,4.4225463e-17
6186.0,5.0990203e-16,4.5058189e-17
6187.5,4.8015799e-16,4.4825682e-17
6189.0,4.3437202e-16,4.3576589e-17
6190.5,4.1997701e-16,4.3543326e-17
6192.0,4.42466e-16,4.377722e-17
6193.5,4.1487301e-16,4.3204062e-17
6195.0,4.4127801e-16,4.4088295e-17
6196.5,4.1048e-16,4.3209159e-17
6198.0,4.3336601e-16,4.3757273e-17
6199.5,4.2021598e-16,4.3689249e-17
6201.0,4.3485001e-16,4.425946e-17
6202.5,4.4123301e-16,4.4297558e-17
6204.0,4.0016401e-16,4.365568e-17
6205.5,4.5970199e-16,4.4622443e-17
6207.0,4.3383e-16,4.4007083e-17
6208.5,3.8591099e-16,4.2744627e-17
6210.0,4.3611802e-16,4.3672581e-17
6211.5,5.09146e-16,4.5018236e-17
6213.0,4.48134e-16,4.3868292e-17
6214.5,3.88825e-16,4.2825038e-17
6216.0,4.3390398e-16,4.3826399e-17
6217.5,4.81489e-16,4.4729708e-17
6219.0,4.29755e-16,4.3736707e-17
6220.5,4.2065901e-16,4.3598465e-17
6222.0,4.1163099e-16,4.3457247e-17
6223.5,3.9929398e-16,4.3523482e-17
6225.0,4.30134e-16,4.4050197e-17
6226.5,4.31333e-16,4.3640387e-17
6228.0,3.9901401e-16,4.2755218e-17
6229.5,4.3398898e-16,4.3542703e-17
6231.0,4.58113e-16,4.4293509e-17
6232.5,3.85772e-16,4.3900958e-17
6234.0,4.1446e-16,4.5475031e-17
6235.5,4.55045e-16,4.7082667e-17
6237.0,4.4158199e-16,4.7286004e-17
6238.5,4.2917201e-16,4.6517253e-17
6240.0,4.8709604e-16,4.6635497e-17
6241.5,4.28253e-16,4.5123384e-17
6243.0,3.8146801e-16,4.4090253e-17
6244.5,4.22739e-16,4.4351119e-17
6246.0,4.6197998e-16,4.486632e-17
6247.5,4.3662201e-16,4.4168329e-17
6249.0,3.77951e-16,4.2797844e-17
6250.5,4.0927499e-16,4.2924975e-17
6252.0,4.9375001e-16,4.4738526e-17
6253.5,4.47328e-16,4.4528288e-17
6255.0,5.0148999e-16,4.6226122e-17
6256.5,5.0344801e-16,4.6975619e-17
6258.0,4.3762902e-16,4.6545889e-17
6259.5,4.8149598e-16,4.78702e-17
6261.0,4.3803001e-16,4.642756e-17
6262.5,3.88849e-16,4.4509289e-17
6264.0,4.4734298e-16,4.529243e-17
6265.5,4.34197e-16,4.5064609e-17
6267.0,4.6017797e-16,4.5787939e-17
6268.5,4.4540899e-16,4.4650511e-17
6270.0,4.9118699e-16,4.5004529e-17
6271.5,4.8962501e-16,4.4910444e-17
6273.0,5.16248e-16,4.5471019e-17
6274.5,5.09445e-16,4.592395e-17
6276.0,5.2470001e-16,4.6884787e-17
6277.5,5.4843901e-16,4.7841314e-17
6279.0,5.1519699e-16,4.7374809e-17
6280.5,5.4082297e-16,4.7589608e-17
6282.0,5.9252898e-16,4.8261711e-17
6283.5,5.7723998e-16,4.7594638e-17
6285.0,5.2846401e-16,4.7104937e-17
6286.5,5.3056095e-16,4.7969765e-17
6288.0,5.7888196e-16,4.9486383e-17
6289.5,5.6041404e-16,4.8820295e-17
6291.0,4.80504e-16,4.6396956e-17
6292.5,4.6537599e-16,4.5895609e-17
6294.0,5.03546e-16,4.7673304e-17
6295.5,5.7156597e-16,5.240162e-17
6297.0,6.2754601e-16,6.2334615e-17
6298.5,6.2346702e-16,7.3606465e-17
6300.0,6.0201697e-16,8.0033481e-17
6301.5,5.7285601e-16,8.0894662e-17
6303.0,5.9576301e-16,7.6145879e-17
6304.5,5.9579202e-16,6.5958324e-17
6306.0,5.9547798e-16,5.6661982e-17
6307.5,5.7153098e-16,5.1659738e-17
6309.0,5.76999e-16,5.0266006e-17
6310.5,5.9492301e-16,4.9098353e-17
6312.0,5.9478601e-16,4.7667157e-17
6313.5,6.1055601e-16,4.7559656e-17
6315.0,6.4623098e-16,4.7993897e-17
6316.5,7.0065395e-16,4.8828153e-17
6318.0,6.8666499e-16,4.8387931e-17
6319.5,6.45701e-16,4.7891422e-17
6321.0,6.2096001e-16,4.8293953e-17
6322.5,6.8820204e-16,5.0064729e-17
6324.0,7.22537e-16,5.0422531e-17
6325.5,7.6138701e-16,5.0541984e-17
6327.0,7.4856701e-16,5.0654353e-17
6328.5,7.29521e-16,5.0928709e-17
6330.0,7.7792004e-16,5.2012606e-17
6331.5,7.5683601e-16,5.1966369e-17
6333.0,7.0692803e-16,5.0819353e-17
6334.5,7.0679198e-16,4.9573303e-17
6336.0,7.5770903e-16,5.0086966e-17
6337.5,7.8840498e-16,5.0375594e-17
6339.0,7.9697801e-16,4.9929183e-17
6340.5,7.5862198e-16,4.9320623e-17
6342.0,8.3506797e-16,5.0748792e-17
6343.5,8.2270097e-16,5.0603484e-17
6345.0,8.7727398e-16,5.1696748e-17
6346.5,8.0709397e-16,5.0959221e-17
6348.0,7.2990502e-16,4.9831595e-17
6349.5,8.1611e-16,5.117242e-17
6351.0,8.6676299e-16,5.2076713e-17
6352.5,8.7989904e-16,5.2173258e-17
6354.0,8.4396896e-16,5.1905673e-17
6355.5,8.3086997e-16,5.2204814e-17
6357.0,8.6301604e-16,5.3014388e-17
6358.5,9.0811599e-16,5.4149364e-17
6360.0,9.4506399e-16,5.6735516e-17
6361.5,9.2269702e-16,6.0257417e-17
6363.0,9.1382202e-16,6.3567688e-17
6364.5,9.46523e-16,6.4556847e-17
6366.0,9.8026901e-16,6.3612531e-17
6367.5,9.81508e-16,6.0154851e-17
6369.0,9.8034799e-16,5.6099526e-17
6370.5,9.1482502e-16,5.3085041e-17
6372.0,9.1082003e-16,5.2373155e-17
6373.5,9.6829503e-16,5.3270689e-17
6375.0,9.6433399e-16,5.3106098e-17
6376.5,9.4558004e-16,5.2665459e-17
6378.0,9.5797298e-16,5.276488e-17
6379.5,9.7517802e-16,5.2985144e-17
6381.0,1.00805e-15,5.3555577e-17
6382.5,1.0554301e-15,5.448484e-17
6384.0,1.04428e-15,5.4438091e-17
6385.5,1.02474e-15,5.4169182e-17
6387.0,1.0557801e-15,5.4661136e-17
6388.5,1.1363999e-15,5.5795805e-17
6390.0,1.07998e-15,5.4998257e-17
6391.5,1.05278e-15,5.4229937e-17
6393.0,1.1084101e-15,5.4856176e-17
6394.5,1.07779e-15,5.4341292e-17
6396.0,1.0448999e-15,5.3880001e-17
6397.5,1.12422e-15,5.4813671e-17
6399.0,1.1200799e-15,5.4822632e-17
6400.5,1.0930001e-15,5.4665985e-17
6402.0,1.16989e-15,5.551074e-17
6403.5,1.1749199e-15,5.5712341e-17
6405.0,1.11964e-15,5.4984372e-17
6406.5,1.2564401e-15,5.6786178e-17
6408.0,1.21395e-15,5.581261e-17
6409.5,1.1332901e-15,5.4891095e-17
6411.0,1.1913701e-15,5.5778786e-17
6412.5,1.19305e-15,5.6068538e-17
6414.0,1.1162501e-15,5.484692e-17
6415.5,1.21167e-15,5.6274148e-17
6417.0,1.16656e-15,5.5492091e-17
6418.5,1.20102e-15,5.6251708e-17
6420.0,1.22203e-15,5.6547276e-17
6421.5,1.13148e-15,5.5134444e-17
6423.0,1.13571e-15,5.5086522e-17
6424.5,1.1816899e-15,5.5914049e-17
6426.0,1.1675101e-15,5.5763313e-17
6427.5,1.2212799e-15,5.637004e-17
6429.0,1.23897e-15,5.6684312e-17
6430.5,1.22498e-15,5.6539163e-17
6432.0,1.25738e-15,5.6834882e-17
6433.5,1.1972701e-15,5.5681065e-17
6435.0,1.1875499e-15,5.5447197e-17
6436.5,1.24025e-15,5.6355178e-17
6438.0,1.27058e-15,5.695679e-17
6439.5,1.27114e-15,5.685224e-17
6441.0,1.26379e-15,5.6611759e-17
6442.5,1.29087e-15,5.6959991e-17
6444.0,1.2445901e-15,5.6450259e-17
6445.5,1.25317e-15,5.6772386e-17
6447.0,1.24519e-15,5.670479e-17
6448.5,1.2082401e-15,5.629484e-17
6450.0,1.16827e-15,5.58193e-17
6451.5,1.19153e-15,5.6144163e-17
6453.0,1.24664e-15,5.6828244e-17
6454.5,1.2539801e-15,5.6933388e-17
6456.0,1.25243e-15,5.6911111e-17
6457.5,1.2646499e-15,5.7026127e-17
6459.0,1.2472301e-15,5.6797923e-17
6460.5,1.2319401e-15,5.6874849e-17
6462.0,1.3358099e-15,5.8694743e-17
6463.5,1.3066501e-15,5.8756763e-17
6465.0,1.27031e-15,5.8499706e-17
6466.5,1.2683e-15,5.8643126e-17
6468.0,1.28744e-15,5.9195717e-17
6469.5,1.3252799e-15,5.9683673e-17
6471.0,1.30676e-15,5.9238723e-17
6472.5,1.2763899e-15,5.8607996e-17
6474.0,1.26696e-15,5.8156353e-17
6475.5,1.23017e-15,5.7397998e-17
6477.0,1.2284599e-15,5.7355463e-17
6478.5,1.2586301e-15,5.7647152e-17
6480.0,1.2939399e-15,5.7927957e-17
6481.5,1.29582e-15,5.7752344e-17
6483.0,1.2717399e-15,5.7556526e-17
6484.5,1.22986e-15,5.6883419e-17
6486.0,1.22265e-15,5.6591377e-17
6487.5,1.2928801e-15,5.7738972e-17
6489.0,1.3323801e-15,5.8408092e-17
6490.5,1.31111e-15,5.7941653e-17
6492.0,1.3625601e-15,5.8649756e-17
6493.5,1.29438e-15,5.7986552e-17
6495.0,1.2511801e-15,5.8181127e-17
6496.5,1.3191299e-15,6.0133694e-17
6498.0,1.37002e-15,6.1428356e-17
6499.5,1.40576e-15,6.2022161e-17
6501.0,1.47079e-15,6.2964081e-17
6502.5,1.43195e-15,6.2298984e-17
6504.0,1.3311501e-15,6.0517447e-17
6505.5,1.28823e-15,5.9326137e-17
6507.0,1.30274e-15,5.928604e-17
6508.5,1.34865e-15,5.987781e-17
6510.0,1.3755e-15,6.0065161e-17
6511.5,1.31495e-15,5.9139169e-17
6513.0,1.2764501e-15,5.8454893e-17
6514.5,1.2952301e-15,5.8653097e-17
6516.0,1.28684e-15,5.8524709e-17
6517.5,1.26927e-15,5.8094801e-17
6519.0,1.23498e-15,5.7571951e-17
6520.5,1.2432701e-15,5.7959716e-17
6522.0,1.27835e-15,5.8868206e-17
6523.5,1.27638e-15,5.9064946e-17
6525.0,1.30028e-15,5.9306113e-17
6526.5,1.30845e-15,5.9134703e-17
6528.0,1.28949e-15,5.8649756e-17
6529.5,1.30611e-15,5.9343967e-17
6531.0,1.34325e-15,6.0744216e-17
6532.5,1.35795e-15,6.1309393e-17
6534.0,1.33157e-15,6.1157334e-17
6535.5,1.32274e-15,6.0944257e-17
6537.0,1.32046e-15,6.0552008e-17
6538.5,1.2998101e-15,5.9625702e-17
6540.0,1.3059601e-15,5.941496e-17
6541.5,1.34022e-15,5.9909252e-17
6543.0,1.3029401e-15,5.9887951e-17
6544.5,1.23688e-15,5.8916313e-17
6546.0,1.2424701e-15,5.8870585e-17
6547.5,1.2637301e-15,5.8979646e-17
6549.0,1.26452e-15,5.8981412e-17
6550.5,1.20366e-15,5.8549063e-17
6552.0,1.24574e-15,5.9812014e-17
6553.5,1.2412401e-15,6.0085311e-17
6555.0,1.19647e-15,5.9411401e-17
6556.5,1.24879e-15,6.0276667e-17
6558.0,1.24836e-15,5.955742e-17
6559.5,1.2198499e-15,5.8898423e-17
6561.0,1.31286e-15,6.1459296e-17
6562.5,1.256e-15,6.0932987e-17
6564.0,1.2591e-15,6.1081499e-17
6565.5,1.36503e-15,6.2358246e-17
6567.0,1.3156801e-15,6.0904046e-17
6568.5,1.239e-15,5.9295839e-17
6570.0,1.2531101e-15,5.9350436e-17
6571.5,1.24777e-15,5.9023651e-17
6573.0,1.24911e-15,5.8943392e-17
6574.5,1.2167199e-15,5.8811673e-17
6576.0,1.2331501e-15,5.9508536e-17
6577.5,1.28151e-15,6.0438098e-17
6579.0,1.26612e-15,6.0396533e-17
6580.5,1.23259e-15,5.9526034e-17
6582.0,1.247e-15,5.9148544e-17
6583.5,1.26564e-15,5.9086966e-17
6585.0,1.21659e-15,5.8246842e-17
6586.5,1.1994401e-15,5.7819925e-17
6588.0,1.24848e-15,5.8344807e-17
6589.5,1.2426301e-15,5.8281592e-17
6591.0,1.2675e-15,5.875933e-17
6592.5,1.27961e-15,5.9114026e-17
6594.0,1.1679899e-15,5.7427256e-17
6595.5,1.10693e-15,5.6404184e-17
6597.0,1.1975e-15,5.7866195e-17
6598.5,1.22789e-15,5.8432527e-17
6600.0,1.17824e-15,5.7412697e-17
6601.5,1.1857801e-15,5.7820652e-17
6603.0,1.2146899e-15,5.863627e-17
6604.5,1.19416e-15,5.8441857e-17
6606.0,1.18325e-15,5.8100193e-17
6607.5,1.20542e-15,5.83079e-17
6609.0,1.21846e-15,5.8124399e-17
6610.5,1.18592e-15,5.7405189e-17
6612.0,1.1532101e-15,5.6901345e-17
6613.5,1.1819399e-15,5.7117011e-17
6615.0,1.2429301e-15,5.8034337e-17
6616.5,1.18965e-15,5.7180602e-17
6618.0,1.14889e-15,5.6514127e-17
6619.5,1.1973601e-15,5.7602888e-17
6621.0,1.18479e-15,5.7272036e-17
6622.5,1.15852e-15,5.6855441e-17
6624.0,1.1562901e-15,5.6512069e-17
6625.5,1.12395e-15,5.6680355e-17
6627.0,1.0895601e-15,5.6107923e-17
6628.5,1.1297601e-15,5.6808566e-17
6630.0,1.19851e-15,5.7970941e-17
6631.5,1.0762201e-15,5.5781851e-17
6633.0,1.1895501e-15,5.7661954e-17
6634.5,1.22913e-15,5.8285494e-17
6636.0,1.14343e-15,5.6944429e-17
6637.5,1.2203199e-15,5.8223377e-17
6639.0,1.1809501e-15,5.7395077e-17
6640.5,1.03804e-15,5.531681e-17
6642.0,1.0503101e-15,5.5210201e-17
6643.5,1.16154e-15,5.6938178e-17
6645.0,1.16607e-15,5.7094387e-17
6646.5,1.1472401e-15,5.6593652e-17
6648.0,1.11127e-15,5.5625971e-17
6649.5,1.07735e-15,5.5481117e-17
6651.0,1.05082e-15,5.5276075e-17
6652.5,1.08597e-15,5.5457323e-17
6654.0,1.12955e-15,5.6202344e-17
6655.5,1.13468e-15,5.6436404e-17
6657.0,1.10753e-15,5.6011198e-17
6658.5,1.0880801e-15,5.581524e-17
6660.0,1.1105e-15,5.6217519e-17
6661.5,1.113e-15,5.6127557e-17
6663.0,1.07629e-15,5.5602546e-17
6664.5,1.0642199e-15,5.5435485e-17
6666.0,1.08766e-15,5.5782633e-17
6667.5,1.07785e-15,5.5542255e-17
6669.0,1.0781699e-15,5.5397564e-17
6670.5,1.06696e-15,5.5102818e-17
6672.0,1.01244e-15,5.4196423e-17
6673.5,1.00251e-15,5.4180197e-17
6675.0,1.0421701e-15,5.493371e-17
6676.5,1.06735e-15,5.5389443e-17
6678.0,1.0535999e-15,5.5244114e-17
6679.5,9.6985294e-16,5.3945635e-17
6681.0,9.7103899e-16,5.3778471e-17
6682.5,1.0261001e-15,5.4661338e-17
6684.0,1.08173e-15,5.5526302e-17
6685.5,1.0408301e-15,5.478633e-17
6687.0,1.09524e-15,5.5688998e-17
6688.5,1.07738e-15,5.5503169e-17
6690.0,1.01609e-15,5.4587414e-17
6691.5,1.0032099e-15,5.4331936e-17
6693.0,9.3827502e-16,5.315038e-17
6694.5,1.00073e-15,5.4228403e-17
6696.0,1.05669e-15,5.5308885e-17
6697.5,1.06197e-15,5.5355284e-17
6699.0,1.0468901e-15,5.5231756e-17
6700.5,9.60183e-16,5.399397e-17
6702.0,1.00832e-15,5.4893378e-17
6703.5,1.03914e-15,5.5303217e-17
6705.0,9.4704499e-16,5.3409517e-17
6706.5,1.02285e-15,5.4629547e-17
6708.0,1.07236e-15,5.5764382e-17
6709.5,1.0135e-15,5.4889911e-17
6711.0,1.0502699e-15,5.5339718e-17
6712.5,1.0314699e-15,5.4805809e-17
6714.0,1.003e-15,5.4521411e-17
6715.5,9.8583401e-16,5.4409799e-17
6717.0,9.6209803e-16,5.3819356e-17
6718.5,9.5066997e-16,5.3465198e-17
6720.0,1.0174201e-15,5.463884e-17
6721.5,1.11327e-15,5.6290547e-17
6723.0,1.09812e-15,5.5923489e-17
6724.5,1.01367e-15,5.4425759e-17
6726.0,9.8891298e-16,5.4006815e-17
6727.5,1.00782e-15,5.4309183e-17
6729.0,9.78486e-16,5.3999192e-17
6730.5,1.00293e-15,5.4479456e-17
6732.0,1.04096e-15,5.4962913e-17
6733.5,1.01247e-15,5.456469e-17
6735.0,1.03031e-15,5.4950552e-17
6736.5,1.01482e-15,5.4760999e-17
6738.0,9.8243805e-16,5.4204916e-17
6739.5,9.5388795e-16,5.3555452e-17
6741.0,9.3394403e-16,5.3165153e-17
6742.5,9.8699498e-16,5.4114021e-17
6744.0,9.8088003e-16,5.4117513e-17
6745.5,9.70407e-16,5.3850569e-17
6747.0,1.00774e-15,5.4270495e-17
6748.5,1.0191e-15,5.4459258e-17
6750.0,1.00781e-15,5.4305403e-17
6751.5,9.6138695e-16,5.3782955e-17
6753.0,9.6447004e-16,5.3833514e-17
6754.5,9.9043097e-16,5.3976037e-17
6756.0,9.4107806e-16,5.3432562e-17
6757.5,9.4919804e-16,5.3447228e-17
6759.0,9.8023703e-16,5.3926632e-17
6760.5,9.6551507e-16,5.3789025e-17
6762.0,9.5708402e-16,5.3575398e-17
6763.5,9.6189496e-16,5.3521856e-17
6765.0,8.8863306e-16,5.2250523e-17
6766.5,9.3318806e-16,5.2889319e-17
6768.0,9.2661106e-16,5.2967362e-17
6769.5,9.6700796e-16,5.3514105e-17
6771.0,9.4928804e-16,5.3386096e-17
6772.5,9.01984e-16,5.2726365e-17
6774.0,9.3820895e-16,5.3108108e-17
6775.5,8.9943305e-16,5.2414225e-17
6777.0,9.5455404e-16,5.3737271e-17
6778.5,9.8569701e-16,5.385651e-17
6780.0,9.7763505e-16,5.3669738e-17
6781.5,1.0186e-15,5.4679718e-17
6783.0,9.8238807e-16,5.3988406e-17
6784.5,9.8119799e-16,5.3753066e-17
6786.0,1.03462e-15,5.467995e-17
6787.5,1.02021e-15,5.4612336e-17
6789.0,9.7905997e-16,5.388405e-17
6790.5,9.6635903e-16,5.3501282e-17
6792.0,9.5206302e-16,5.3538897e-17
6793.5,9.1974501e-16,5.2956782e-17
6795.0,9.6700796e-16,5.3713028e-17
6796.5,9.6884698e-16,5.3661898e-17
6798.0,8.80696e-16,5.205115e-17
6799.5,8.5782997e-16,5.1899179e-17
6801.0,8.9732002e-16,5.2411515e-17
6802.5,9.5049601e-16,5.3317184e-17
6804.0,9.8312203e-16,5.3968167e-17
6805.5,9.6336805e-16,5.3544211e-17
6807.0,9.1416401e-16,5.2858585e-17
6808.5,9.0797898e-16,5.2687652e-17
6810.0,9.3269805e-16,5.3014355e-17
6811.5,9.1266699e-16,5.264965e-17
6813.0,9.2797203e-16,5.2802288e-17
6814.5,8.9340398e-16,5.220044e-17
6816.0,8.3845002e-16,5.1694123e-17
6817.5,8.7098905e-16,5.2440135e-17
6819.0,8.8695197e-16,5.2474652e-17
6820.5,8.6867099e-16,5.2253639e-17
6822.0,8.9664303e-16,5.275756e-17
6823.5,8.4758595e-16,5.211931e-17
6825.0,8.6587202e-16,5.2961495e-17
6826.5,9.2555894e-16,5.529076e-17
6828.0,1.00729e-15,5.7773073e-17
6829.5,9.8202406e-16,5.8203515e-17
6831.0,8.9700397e-16,5.7453826e-17
6832.5,8.4617601e-16,5.6847328e-17
6834.0,9.7354505e-16,5.8279873e-17
6835.5,9.6532999e-16,5.7758606e-17
6837.0,9.2357095e-16,5.6325042e-17
6838.5,8.6149e-16,5.4137888e-17
6840.0,8.5116499e-16,5.3322e-17
6841.5,8.7886201e-16,5.3454968e-17
6843.0,9.1483402e-16,5.3958871e-17
6844.5,9.0440207e-16,5.3929099e-17
6846.0,9.2297803e-16,5.3797912e-17
6847.5,8.2704302e-16,5.2165613e-17
6849.0,8.9658003e-16,5.3117464e-17
6850.5,9.1272003e-16,5.3622664e-17
6852.0,9.1055904e-16,5.3173351e-17
6853.5,8.9395095e-16,5.2775386e-17
6855.0,8.4745302e-16,5.2074313e-17
6856.5,8.57709e-16,5.2294507e-17
6858.0,8.7619301e-16,5.2925392e-17
6859.5,8.80598e-16,5.3661621e-17
6861.0,8.2362403e-16,5.4242066e-17
6862.5,8.5669399e-16,5.746243e-17
6864.0,9.2603995e-16,6.0601501e-17
6865.5,8.8907098e-16,6.3150304e-17
6867.0,8.5934801e-16,6.6184315e-17
6868.5,7.9612304e-16,6.7179397e-17
6870.0,7.6883603e-16,6.6573046e-17
6871.5,7.7408499e-16,6.5062767e-17
6873.0,8.5592997e-16,6.4725819e-17
6874.5,9.0070095e-16,6.3686927e-17
6876.0,8.7809698e-16,6.0532043e-17
6877.5,9.0054404e-16,5.925478e-17
6879.0,9.3888404e-16,5.9270581e-17
6880.5,8.9853499e-16,5.7518306e-17
6882.0,8.2508399e-16,5.49814e-17
6883.5,8.4656697e-16,5.5178085e-17
6885.0,8.8306202e-16,5.6633878e-17
6886.5,8.19005e-16,5.7025106e-17
6888.0,8.1277698e-16,5.7856449e-17
6889.5,8.8820902e-16,5.9317976e-17
6891.0,8.6255001e-16,5.8794083e-17
6892.5,7.5802598e-16,5.6683452e-17
6894.0,8.2377501e-16,5.7496947e-17
6895.5,8.7500695e-16,5.7730704e-17
6897.0,8.1291404e-16,5.6021955e-17
6898.5,7.7953797e-16,5.5259871e-17
6900.0,8.04096e-16,5.6505722e-17
6901.5,8.2791001e-16,5.7250466e-17
6903.0,7.7870899e-16,5.5592976e-17
6904.5,7.8483998e-16,5.5134798e-17
6906.0,8.2604998e-16,5.5529739e-17
6907.5,8.5963796e-16,5.529784e-17
6909.0,8.37226e-16,5.5184044e-17
6910.5,8.8104598e-16,5.639703e-17
6912.0,8.9889e-16,5.7225865e-17
6913.5,7.8729097e-16,5.5718861e-17
6915.0,8.0900699e-16,5.5292091e-17
6916.5,8.0503499e-16,5.4562614e-17
6918.0,7.5724899e-16,5.3196669e-17
6919.5,7.9097901e-16,5.3444049e-17
6921.0,8.4166001e-16,5.55577e-17
6922.5,8.3325897e-16,5.7743693e-17
6924.0,7.4883096e-16,5.7046694e-17
6925.5,8.05272e-16,5.7026407e-17
6927.0,8.3425302e-16,5.6616693e-17
6928.5,7.7867003e-16,5.4865616e-17
6930.0,7.6601599e-16,5.4373286e-17
6931.5,8.0927301e-16,5.4971181e-17
6933.0,8.5798101e-16,5.4938172e-17
6934.5,8.0286997e-16,5.39427e-17
6936.0,7.9889797e-16,5.4794078e-17
6937.5,8.4883099e-16,5.611e-17
6939.0,8.1231598e-16,5.6844304e-17
6940.5,7.8223302e-16,5.7327938e-17
6942.0,7.9011202e-16,5.6720721e-17
6943.5,7.8305697e-16,5.5158765e-17
6945.0,7.5412201e-16,5.3690426e-17
6946.5,7.8423001e-16,5.4803386e-17
6948.0,7.9820504e-16,5.6803067e-17
6949.5,7.8139298e-16,5.7400199e-17
6951.0,7.3614299e-16,5.6136286e-17
6952.5,7.0408301e-16,5.4181982e-17
6954.0,7.4008101e-16,5.3404494e-17
6955.5,7.01575e-16,5.2380494e-17
6957.0,6.70029e-16,5.1782761e-17
6958.5,7.00435e-16,5.2281496e-17
6960.0,7.1785201e-16,5.2635138e-17
6961.5,7.58255e-16,5.2949112e-17
6963.0,7.6919904e-16,5.2689201e-17
6964.5,7.6751799e-16,5.2267243e-17
6966.0,7.81017e-16,5.2212455e-17
6967.5,7.7422702e-16,5.2046448e-17
6969.0,7.4773003e-16,5.1552352e-17
6970.5,7.63882e-16,5.2107004e-17
6972.0,7.83803e-16,5.2419156e-17
6973.5,7.6983304e-16,5.1977937e-17
6975.0,8.1329605e-16,5.2992535e-17
6976.5,8.31183e-16,5.3945289e-17
6978.0,8.1768797e-16,5.4519593e-17
6979.5,7.7837997e-16,5.4556943e-17
6981.0,7.0065803e-16,5.3516841e-17
6982.5,7.3967703e-16,5.3088065e-17
6984.0,7.7314298e-16,5.2855985e-17
6985.5,7.6894599e-16,5.2896366e-17
6987.0,7.3951297e-16,5.2374014e-17
6988.5,6.88114e-16,5.1464252e-17
6990.0,7.1608001e-16,5.1384718e-17
6991.5,7.7565697e-16,5.2271993e-17
6993.0,7.4521604e-16,5.1811625e-17
6994.5,7.8865496e-16,5.2559245e-17
6996.0,8.0110301e-16,5.2983006e-17
6997.5,7.0109896e-16,5.079816e-17
6999.0,6.9620698e-16,5.0675904e-17
7000.5,7.2149404e-16,5.1018151e-17
7002.0,7.1230299e-16,5.1011e-17
7003.5,6.9942401e-16,5.133912e-17
7005.0,6.7668001e-16,5.1434993e-17
7006.5,6.52215e-16,5.0775178e-17
7008.0,6.5962797e-16,5.0073842e-17
7009.5,6.78307e-16,5.0702891e-17
7011.0,7.2538605e-16,5.1883008e-17
7012.5,6.99278e-16,5.1129406e-17
7014.0,6.4332904e-16,5.0075782e-17
7015.5,6.4025405e-16,4.9907975e-17
7017.0,6.2996101e-16,4.9243513e-17
7018.5,7.0049101e-16,5.0043709e-17
7020.0,7.4644201e-16,5.0672242e-17
7021.5,7.1518496e-16,5.0270047e-17
7023.0,7.2041703e-16,5.0492152e-17
7024.5,7.6502105e-16,5.1611772e-17
7026.0,7.5094198e-16,5.178865e-17
7027.5,7.4195703e-16,5.1607081e-17
7029.0,7.3896404e-16,5.1138076e-17
7030.5,7.37375e-16,5.0559051e-17
7032.0,7.0491305e-16,4.9826119e-17
7033.5,6.3020903e-16,4.8368227e-17
7035.0,6.3887502e-16,4.8367342e-17
7036.5,6.64564e-16,4.9503214e-17
7038.0,6.6356402e-16,4.9891181e-17
7039.5,6.37577e-16,4.9150051e-17
7041.0,6.7436999e-16,4.9606784e-17
7042.5,6.6179505e-16,4.9272842e-17
7044.0,6.5729e-16,4.9405721e-17
7045.5,6.3514501e-16,4.9345434e-17
7047.0,6.5177899e-16,4.9945188e-17
7048.5,6.2774099e-16,4.9929132e-17
7050.0,6.6548901e-16,5.0575037e-17
7051.5,7.09618e-16,5.1949214e-17
7053.0,7.1408303e-16,5.159514e-17
7054.5,6.4771498e-16,4.9748238e-17
7056.0,6.5752701e-16,4.9758998e-17
7057.5,6.0101202e-16,4.7953196e-17
7059.0,6.1916801e-16,4.7951968e-17
7060.5,6.3409903e-16,4.8136999e-17
7062.0,5.93201e-16,4.7574293e-17
7063.5,6.7953303e-16,4.9072491e-17
7065.0,6.7983505e-16,4.9124879e-17
7066.5,6.44336e-16,4.8399267e-17
7068.0,7.3647e-16,5.0219699e-17
7069.5,7.13699e-16,4.9905619e-17
7071.0,6.3268205e-16,4.8578192e-17
7072.5,5.9153996e-16,4.8421271e-17
7074.0,6.0563396e-16,4.8090903e-17
7075.5,5.5021699e-16,4.7397779e-17
7077.0,6.4907997e-16,4.9109243e-17
7078.5,6.67839e-16,4.9579649e-17
7080.0,6.8419097e-16,5.0461275e-17
7081.5,7.04634e-16,5.07905e-17
7083.0,6.6959299e-16,4.9866942e-17
7084.5,7.03204e-16,5.0414171e-17
7086.0,6.8543399e-16,4.9968152e-17
7087.5,6.4507298e-16,4.9606817e-17
7089.0,6.71857e-16,5.0097001e-17
7090.5,6.6935402e-16,5.0076976e-17
7092.0,6.8454302e-16,5.0089091e-17
7093.5,7.1656197e-16,5.0808718e-17
7095.0,6.6215001e-16,4.9579668e-17
7096.5,6.1857302e-16,4.8327939e-17
7098.0,6.74507e-16,4.8974984e-17
7099.5,7.05547e-16,4.9346253e-17
7101.0,6.6188002e-16,4.8681057e-17
7102.5,6.5396799e-16,4.861619e-17
7104.0,7.1494801e-16,4.956564e-17
7105.5,6.79736e-16,4.8676274e-17
7107.0,6.9015699e-16,4.9087928e-17
7108.5,7.38894e-16,5.0032661e-17
7110.0,7.1844705e-16,4.9666547e-17
7111.5,6.5697998e-16,4.9141282e-17
7113.0,6.0569902e-16,4.8629916e-17
7114.5,6.3408399e-16,4.8979262e-17
7116.0,6.8539799e-16,4.9704748e-17
7117.5,6.4643903e-16,4.8942458e-17
7119.0,6.50396e-16,4.9042329e-17
7120.5,6.5322503e-16,4.899798e-17
7122.0,6.2840601e-16,4.8517407e-17
7123.5,6.2866997e-16,4.8606123e-17
7125.0,6.6647702e-16,4.9435854e-17
7126.5,6.8066101e-16,4.9552047e-17
7128.0,6.5902398e-16,4.9205389e-17
7129.5,6.70925e-16,4.9672259e-17
7131.0,6.4828402e-16,4.9766193e-17
7132.5,6.3780602e-16,4.9763604e-17
7134.0,6.6053101e-16,4.9849451e-17
7135.5,6.5522202e-16,4.9554164e-17
7137.0,5.3214501e-16,4.7886558e-17
7138.5,6.0122298e-16,4.9156947e-17
7140.0,6.9315395e-16,5.1056898e-17
7141.5,6.7521205e-16,5.0893266e-17
7143.0,6.4779105e-16,5.0682877e-17
7144.5,6.0289799e-16,4.9957889e-17
7146.0,6.4434802e-16,5.0714024e-17
7147.5,5.9125001e-16,5.0092358e-17
7149.0,6.2613702e-16,5.0670793e-17
7150.5,5.43009e-16,4.8862796e-17
7152.0,5.5306799e-16,4.8847897e-17
7153.5,5.8153804e-16,4.9012237e-17
7155.0,5.4834404e-16,4.8127507e-17
7156.5,5.9903404e-16,4.8998441e-17
7158.0,5.6401499e-16,4.9004132e-17
7159.5,6.3093801e-16,5.066237e-17
7161.0,6.2963998e-16,5.1080909e-17
7162.5,6.3156402e-16,5.1780862e-17
7164.0,6.5183002e-16,5.3336164e-17
7165.5,6.2726803e-16,5.4129096e-17
7167.0,6.2046598e-16,5.4636195e-17
7168.5,6.6033201e-16,5.5730049e-17
7170.0,6.2755602e-16,5.5710707e-17
7171.5,6.8285102e-16,5.7357676e-17
7173.0,7.02869e-16,5.8718971e-17
7174.5,6.6434403e-16,5.7836479e-17
7176.0,6.4810599e-16,5.6851133e-17
7177.5,6.3600501e-16,4.9226432e-17
7179.0,6.2390398e-16,4.5212233e-17
7180.5,6.11803e-16,5.2682806e-17
7182.0,6.11803e-16,5.5328142e-17
7183.5,5.4837601e-16,5.5487574e-17
7185.0,5.8779899e-16,5.8446898e-17
7186.5,6.8392299e-16,6.167002e-17
7188.0,6.6856099e-16,5.9578396e-17
7189.5,6.1569798e-16,5.6494925e-17
7191.0,6.1176997e-16,5.6101621e-17
7192.5,6.3100101e-16,5.7184965e-17
7194.0,5.8232499e-16,5.6431064e-17
7195.5,5.8745997e-16,5.5106318e-17
7197.0,5.7314701e-16,5.4270318e-17
7198.5,5.9811199e-16,5.5759477e-17
7200.0,6.2929598e-16,5.7136409e-17
7201.5,5.7615499e-16,5.6316778e-17
7203.0,5.0410599e-16,5.4084338e-17
7204.5,5.3890401e-16,5.4048066e-17
7206.0,5.89719e-16,5.4371524e-17
7207.5,5.87438e-16,5.2705825e-17
7209.0,5.73307e-16,5.1166527e-17
7210.5,6.3410803e-16,5.1105963e-17
7212.0,7.1472502e-16,5.142861e-17
7213.5,6.82034e-16,5.0935907e-17
7215.0,6.3686104e-16,5.0189637e-17
7216.5,6.2241204e-16,5.0025953e-17
7218.0,6.5929e-16,5.0625316e-17
7219.5,6.2945401e-16,4.9991974e-17
7221.0,5.90479e-16,4.9467897e-17
7222.5,6.6302399e-16,5.0737028e-17
7224.0,6.4921301e-16,5.0425415e-17
7225.5,6.1971101e-16,5.0150949e-17
7227.0,6.3958902e-16,5.0572212e-17
7228.5,7.1270602e-16,5.2412591e-17
7230.0,6.89307e-16,5.3020049e-17
7231.5,6.4721999e-16,5.3936626e-17
7233.0,6.2328401e-16,5.5862918e-17
7234.5,5.8050297e-16,5.6811158e-17
7236.0,5.6596396e-16,5.8020021e-17
7237.5,5.7179801e-16,5.9740645e-17
7239.0,5.8472903e-16,6.2859416e-17
7240.5,6.0169398e-16,6.7214084e-17
7242.0,5.6922197e-16,6.919786e-17
7243.5,5.4378996e-16,6.8385608e-17
7245.0,5.6638901e-16,6.670753e-17
7246.5,5.8864301e-16,6.4192728e-17
7248.0,5.7376e-16,6.0757746e-17
7249.5,5.5216601e-16,5.7544249e-17
7251.0,5.7093605e-16,5.6632883e-17
7252.5,5.9805899e-16,5.76427e-17
7254.0,5.9056e-16,5.7304193e-17
7255.5,5.9072501e-16,5.5292939e-17
7257.0,5.6443798e-16,5.3135154e-17
7258.5,5.2245199e-16,5.2085118e-17
7260.0,5.24047e-16,5.2759164e-17
7261.5,5.2425701e-16,5.3521421e-17
7263.0,5.3690999e-16,5.4104646e-17
7264.5,5.8819995e-16,5.4838556e-17
7266.0,5.8038502e-16,5.3591864e-17
7267.5,5.7634403e-16,5.2086578e-17
7269.0,6.0314204e-16,5.2155336e-17
7270.5,5.1205302e-16,5.066265e-17
7272.0,4.47825e-16,5.0716912e-17
7273.5,4.8852901e-16,5.6033487e-17
7275.0,5.0848198e-16,6.256821e-17
7276.5,4.4425602e-16,6.524705e-17
7278.0,4.7852502e-16,6.5230986e-17
7279.5,5.4175899e-16,6.1065262e-17
7281.0,5.3092904e-16,5.5477222e-17
7282.5,5.4076701e-16,5.3952771e-17
7284.0,5.728e-16,5.4401678e-17
7285.5,5.2083897e-16,5.3897732e-17
7287.0,4.6340903e-16,5.4545669e-17
7288.5,5.2552005e-16,5.4932195e-17
7290.0,5.2057099e-16,5.3176973e-17
7291.5,5.39002e-16,5.3099892e-17
7293.0,5.9276996e-16,5.3570512e-17
7294.5,6.0212602e-16,5.2891871e-17
7296.0,5.8256697e-16,5.1077158e-17
7297.5,5.8036501e-16,5.0033354e-17
7299.0,5.8126201e-16,5.033008e-17
7300.5,5.4934401e-16,5.0747756e-17
7302.0,5.1661498e-16,5.1608921e-17
7303.5,5.6257498e-16,5.3705111e-17
7305.0,6.0881398e-16,5.4472331e-17
7306.5,5.3849696e-16,5.2307606e-17
7308.0,4.5520101e-16,4.9762804e-17
7309.5,4.3489901e-16,4.8841116e-17
7311.0,5.0659696e-16,5.0378529e-17
7312.5,5.8527102e-16,5.3352007e-17
7314.0,6.4843601e-16,5.7320666e-17
7315.5,6.0972296e-16,5.9588526e-17
7317.0,5.4822e-16,6.0588291e-17
7318.5,5.61835e-16,6.0582022e-17
7320.0,5.60714e-16,5.6102565e-17
7321.5,5.2131702e-16,5.0149783e-17
7323.0,5.3366998e-16,4.8059446e-17
7324.5,5.8439201e-16,4.8489963e-17
7326.0,5.9754596e-16,4.9254207e-17
7327.5,6.1436803e-16,5.0736187e-17
7329.0,6.1910099e-16,5.1716138e-17
7330.5,6.1132999e-16,5.173555e-17
7332.0,5.4815298e-16,5.059255e-17
7333.5,5.0316203e-16,4.8931225e-17
7335.0,5.3717501e-16,4.8232556e-17
7336.5,5.4397001e-16,4.8810743e-17
7338.0,5.3101898e-16,5.1380588e-17
7339.5,5.3930699e-16,5.5534412e-17
7341.0,5.1997299e-16,5.7404757e-17
7342.5,5.0989504e-16,5.7601973e-17
7344.0,5.1602899e-16,5.5954953e-17
7345.5,5.2558897e-16,5.1716006e-17
7347.0,5.3823401e-16,4.8860078e-17
7348.5,5.5331601e-16,4.8096287e-17
7350.0,5.9639198e-16,4.8556843e-17
7351.5,5.7540399e-16,4.7822709e-17
7353.0,5.5563101e-16,4.7773334e-17
7354.5,5.4045398e-16,4.778148e-17
7356.0,5.1660201e-16,4.800263e-17
7357.5,6.0992005e-16,5.0692886e-17
7359.0,5.9372801e-16,5.0981041e-17
7360.5,5.8693496e-16,5.126094e-17
7362.0,5.9824799e-16,5.1182008e-17
7363.5,4.5082598e-16,4.7545801e-17
7365.0,5.0066603e-16,4.8446403e-17
7366.5,5.08061e-16,5.0195253e-17
7368.0,5.4615599e-16,5.3236762e-17
7369.5,5.9775401e-16,5.5061022e-17
7371.0,5.3795301e-16,5.3388523e-17
7372.5,5.5879198e-16,5.1781208e-17
7374.0,6.0199399e-16,5.0475424e-17
7375.5,6.1292998e-16,4.9015825e-17
7377.0,5.4261704e-16,4.7033897e-17
7378.5,5.0189e-16,4.6077326e-17
7380.0,5.3863799e-16,4.6205567e-17
7381.5,5.61936e-16,4.682263e-17
7383.0,5.0867701e-16,4.6189101e-17
7384.5,4.9580999e-16,4.5703825e-17
7386.0,5.6553298e-16,4.6850347e-17
7387.5,5.3851703e-16,4.6660282e-17
7389.0,5.0723901e-16,4.7362908e-17
7390.5,4.7982299e-16,4.7728532e-17
7392.0,4.9296703e-16,4.8010366e-17
7393.5,5.0307902e-16,4.8137995e-17
7395.0,4.7789403e-16,4.731388e-17
7396.5,4.6500499e-16,4.6859379e-17
7398.0,4.3764702e-16,4.6677688e-17
7399.5,4.5507899e-16,4.7884991e-17
7401.0,4.9461298e-16,4.9717604e-17
7402.5,4.9874602e-16,5.1103762e-17
7404.0,4.2629299e-16,5.0970834e-17
7405.5,3.2985602e-16,4.7972792e-17
7407.0,3.5919801e-16,4.6056416e-17
7408.5,4.1201901e-16,4.5845504e-17
7410.0,4.7809001e-16,4.5776828e-17
7411.5,4.54303e-16,4.4565169e-17
7413.0,4.2142298e-16,4.3862819e-17
7414.5,3.88563e-16,4.3444262e-17
7416.0,4.3290401e-16,4.4042744e-17
7417.5,4.33965e-16,4.3892255e-17
7419.0,4.3726501e-16,4.3951716e-17
7420.5,4.2616703e-16,4.3780889e-17
7422.0,4.03754e-16,4.3337827e-17
7423.5,4.16012e-16,4.3565681e-17
7425.0,4.31817e-16,4.363636e-17
7426.5,3.8578298e-16,4.3245531e-17
7428.0,4.1456299e-16,4.4186075e-17
7429.5,4.3816702e-16,4.4922263e-17
7431.0,4.0192499e-16,4.4159741e-17
7432.5,3.49096e-16,4.3757251e-17
7434.0,3.4940601e-16,4.2558127e-17
7435.5,3.0844199e-16,4.2290505e-17
7437.0,2.92399e-16,4.3291472e-17
7438.5,3.6636001e-16,4.5485029e-17
7440.0,3.6687202e-16,4.5062725e-17
7441.5,2.94914e-16,4.2692637e-17
7443.0,3.82583e-16,4.3466097e-17
7444.5,4.2994799e-16,4.3803292e-17
7446.0,4.1334199e-16,4.3192081e-17
7447.5,3.5595501e-16,4.2092371e-17
7449.0,3.2652802e-16,4.1205465e-17
7450.5,3.3536499e-16,4.1395755e-17
7452.0,3.59202e-16,4.1588498e-17
7453.5,3.6671701e-16,4.2113911e-17
7455.0,3.40022e-16,4.1553479e-17
7456.5,3.4541101e-16,4.1503039e-17
7458.0,3.55994e-16,4.1891165e-17
7459.5,3.92961e-16,4.280991e-17
7461.0,3.4207299e-16,4.2021087e-17
7462.5,2.7815199e-16,4.0943898e-17
7464.0,2.7613602e-16,4.1239285e-17
7465.5,2.7537999e-16,4.1260836e-17
7467.0,2.87015e-16,4.152678e-17
7468.5,3.2276699e-16,4.2590177e-17
7470.0,2.9365701e-16,4.2549487e-17
7471.5,2.3828299e-16,4.2358378e-17
7473.0,2.6168702e-16,4.3468336e-17
7474.5,2.9030601e-16,4.3952564e-17
7476.0,2.79443e-16,4.3738831e-17
7477.5,2.8660299e-16,4.3729663e-17
7479.0,2.42184e-16,4.2883606e-17
7480.5,2.5522e-16,4.349561e-17
7482.0,3.04698e-16,4.4928975e-17
7483.5,2.9695098e-16,4.4520371e-17
7485.0,2.5819298e-16,4.3248717e-17
7486.5,3.2229201e-16,4.3613444e-17
7488.0,3.3904201e-16,4.3050527e-17
7489.5,2.75133e-16,4.123875e-17
7491.0,2.7764099e-16,4.1176767e-17
7492.5,3.305e-16,4.2501572e-17
7494.0,2.2708501e-16,4.0605744e-17
7495.5,2.6308798e-16,4.1476465e-17
7497.0,3.4335801e-16,4.2582053e-17
7498.5,3.0699399e-16,4.1513814e-17
7500.0,2.9979598e-16,4.1250732e-17
7501.5,2.4268799e-16,4.0256926e-17
7503.0,2.3636499e-16,4.0040799e-17
7504.5,2.28938e-16,3.969998e-17
7506.0,1.9923601e-16,3.9575209e-17
7507.5,1.8171599e-16,3.8773508e-17
7509.0,2.07456e-16,3.8747554e-17
7510.5,3.03019e-16,4.1070859e-17
7512.0,2.09551e-16,3.9473841e-17
7513.5,1.56984e-16,3.8637361e-17
7515.0,1.87679e-16,3.8853546e-17
7516.5,2.42658e-16,4.0411058e-17
7518.0,2.5008198e-16,4.0617833e-17
7519.5,1.8282699e-16,4.0035618e-17
7521.0,2.18944e-16,4.28124e-17
7522.5,2.9244599e-16,4.6623261e-17
7524.0,2.55026e-16,4.7763812e-17
7525.5,2.2746998e-16,4.7715625e-17
7527.0,2.24669e-16,4.6789769e-17
7528.5,2.4134401e-16,4.4940071e-17
7530.0,2.47205e-16,4.3293873e-17
7531.5,2.28934e-16,4.2355217e-17
7533.0,2.5965199e-16,4.2603833e-17
7534.5,2.84329e-16,4.2291073e-17
7536.0,2.5539999e-16,4.1030102e-17
7537.5,2.2736302e-16,4.0082983e-17
7539.0,2.5420801e-16,4.0471799e-17
7540.5,1.95041e-16,3.8241291e-17
