3720.0,7.2778299e-15,4.6523394e-16
3721.5,7.17118e-15,4.6028743e-16
3723.0,7.0068598e-15,4.5457914e-16
3724.5,7.30097e-15,4.5476521e-16
3726.0,7.4320001e-15,4.5383044e-16
3727.5,7.0417301e-15,4.442104e-16
3729.0,6.8633301e-15,4.3554389e-16
3730.5,6.9995398e-15,4.3551041e-16
3732.0,6.7094301e-15,4.3042245e-16
3733.5,6.7839398e-15,4.2873331e-16
3735.0,6.5786e-15,4.2030876e-16
3736.5,6.2467697e-15,4.1067016e-16
3738.0,6.0231399e-15,4.0408652e-16
3739.5,5.7804497e-15,4.0272002e-16
3741.0,5.4989701e-15,3.9443871e-16
3742.5,6.1115697e-15,3.9745301e-16
3744.0,6.09569e-15,3.9273765e-16
3745.5,5.4366899e-15,3.8235885e-16
3747.0,5.3655001e-15,3.7807249e-16
3748.5,5.72624e-15,3.8216569e-16
3750.0,5.4980502e-15,3.7420381e-16
3751.5,5.5046804e-15,3.7736259e-16
3753.0,5.49894e-15,3.7313394e-16
3754.5,4.9533801e-15,3.6076391e-16
3756.0,4.2677001e-15,3.4492727e-16
3757.5,5.0539597e-15,3.5699923e-16
3759.0,4.9598099e-15,3.5622852e-16
3760.5,5.0707403e-15,3.5465751e-16
3762.0,4.6913e-15,3.4811665e-16
3763.5,5.1787302e-15,3.5315769e-16
3765.0,4.8428202e-15,3.4281379e-16
3766.5,4.9638701e-15,3.4286864e-16
3768.0,4.4307099e-15,3.3665266e-16
3769.5,4.4628603e-15,3.3511646e-16
3771.0,4.93975e-15,3.3440249e-16
3772.5,4.5170899e-15,3.2746773e-16
3774.0,4.5184901e-15,3.3143867e-16
3775.5,4.5603e-15,3.3072546e-16
3777.0,4.22887e-15,3.2287256e-16
3778.5,3.9040003e-15,3.1667001e-16
3780.0,3.8569802e-15,3.1727925e-16
3781.5,4.16328e-15,3.229922e-16
3783.0,4.4193703e-15,3.2416489e-16
3784.5,4.4882599e-15,3.206364e-16
3786.0,4.5312201e-15,3.1684269e-16
3787.5,4.6936404e-15,3.2000881e-16
3789.0,4.62705e-15,3.2037628e-16
3790.5,4.2808198e-15,3.1336864e-16
3792.0,4.4945898e-15,3.1490183e-16
3793.5,5.1043904e-15,3.2139691e-16
3795.0,4.9850896e-15,3.1775909e-16
3796.5,4.6546303e-15,3.1380727e-16
3798.0,5.2866998e-15,3.2090627e-16
3799.5,5.46483e-15,3.227857e-16
3801.0,4.6445798e-15,3.114143e-16
3802.5,4.28158e-15,3.0295414e-16
3804.0,3.8080103e-15,2.9318304e-16
3805.5,3.46675e-15,2.8682105e-16
3807.0,3.63771e-15,2.8917797e-16
3808.5,3.8417798e-15,2.8869804e-16
3810.0,4.5155703e-15,2.9710613e-16
3811.5,4.1395898e-15,2.8975576e-16
3813.0,3.8579399e-15,2.8705914e-16
3814.5,4.1111697e-15,2.9225245e-16
3816.0,3.86838e-15,2.8335597e-16
3817.5,3.7745402e-15,2.811477e-16
3819.0,3.7669698e-15,2.7991476e-16
3820.5,3.7275201e-15,2.7684355e-16
3822.0,3.6519402e-15,2.7640097e-16
3823.5,3.45668e-15,2.7655867e-16
3825.0,3.71211e-15,2.7500247e-16
3826.5,3.9618399e-15,2.7761565e-16
3828.0,3.9142799e-15,2.7695351e-16
3829.5,3.2270501e-15,2.7112284e-16
3831.0,3.31549e-15,2.712595e-16
3832.5,3.7259298e-15,2.7604762e-16
3834.0,4.2249999e-15,2.8153956e-16
3835.5,3.71247e-15,2.729207e-16
3837.0,3.4765502e-15,2.6855958e-16
3838.5,3.4791601e-15,2.6577231e-16
3840.0,3.5130702e-15,2.6445255e-16
3841.5,3.5960199e-15,2.6505119e-16
3843.0,3.51762e-15,2.6324938e-16
3844.5,3.5694303e-15,2.6472884e-16
3846.0,3.8160702e-15,2.6592339e-16
3847.5,3.4923799e-15,2.6066264e-16
3849.0,3.25424e-15,2.5636481e-16
3850.5,3.5318798e-15,2.6142854e-16
3852.0,3.4725299e-15,2.6063594e-16
3853.5,3.3073901e-15,2.5838651e-16
3855.0,3.4105799e-15,2.5725633e-16
3856.5,3.5627701e-15,2.5505404e-16
3858.0,3.6384499e-15,2.5562997e-16
3859.5,3.65185e-15,2.5804769e-16
3861.0,3.6701201e-15,2.5805359e-16
3862.5,3.88067e-15,2.5912615e-16
3864.0,3.9245603e-15,2.5890004e-16
3865.5,3.7790502e-15,2.5691764e-16
3867.0,4.0055599e-15,2.6043909e-16
3868.5,4.2960401e-15,2.6421092e-16
3870.0,3.96316e-15,2.5718791e-16
3871.5,3.4337799e-15,2.466463e-16
3873.0,3.5367702e-15,2.489097e-16
3874.5,3.80658e-15,2.5379656e-16
3876.0,3.7331101e-15,2.5364793e-16
3877.5,3.5026801e-15,2.5489912e-16
3879.0,3.7505302e-15,2.6069049e-16
3880.5,3.9290098e-15,2.5979174e-16
3882.0,4.1404101e-15,2.6156529e-16
3883.5,4.5081203e-15,2.6441826e-16
3885.0,4.6261501e-15,2.6546152e-16
3886.5,4.8447799e-15,2.655526e-16
3888.0,4.6610097e-15,2.6261719e-16
3889.5,4.7357997e-15,2.6489161e-16
3891.0,4.7682801e-15,2.6425892e-16
3892.5,4.3669101e-15,2.564401e-16
3894.0,4.7830299e-15,2.6145341e-16
3895.5,5.3615699e-15,2.7315628e-16
3897.0,4.8639203e-15,2.6632856e-16
3898.5,4.7847701e-15,2.6435365e-16
3900.0,5.0498499e-15,2.6889769e-16
3901.5,5.7535399e-15,2.7603927e-16
3903.0,5.6938601e-15,2.7598339e-16
3904.5,5.2418401e-15,2.7416098e-16
3906.0,5.3777199e-15,2.7624688e-16
3907.5,5.6964304e-15,2.775297e-16
3909.0,6.0871099e-15,2.8310853e-16
3910.5,6.0313002e-15,2.8281182e-16
3912.0,6.31256e-15,2.8641518e-16
3913.5,6.29769e-15,2.8526462e-16
3915.0,6.2515e-15,2.8241866e-16
3916.5,6.4341698e-15,2.8348001e-16
3918.0,6.5544201e-15,2.8638936e-16
3919.5,7.2259695e-15,2.9359219e-16
3921.0,7.1518405e-15,2.91649e-16
3922.5,6.8797202e-15,2.8720743e-16
3924.0,6.8988098e-15,2.8501644e-16
3925.5,6.9149898e-15,2.8620727e-16
3927.0,6.7776197e-15,2.8488382e-16
3928.5,6.9922599e-15,2.8634006e-16
3930.0,6.9023499e-15,2.8321586e-16
3931.5,6.83957e-15,2.8125518e-16
3933.0,6.9290099e-15,2.8340026e-16
3934.5,7.34992e-15,2.8901992e-16
3936.0,8.06255e-15,2.9671972e-16
3937.5,8.5160997e-15,3.0245799e-16
3939.0,8.6194098e-15,3.039935e-16
3940.5,8.3323097e-15,3.0137623e-16
3942.0,8.1661904e-15,3.0079221e-16
3943.5,8.2699901e-15,3.0201287e-16
3945.0,8.7777008e-15,3.0555646e-16
3946.5,8.8753798e-15,3.067878e-16
3948.0,8.6759704e-15,3.0379383e-16
3949.5,8.6046308e-15,3.029329e-16
3951.0,8.9912395e-15,3.0803153e-16
3952.5,9.2656807e-15,3.1052525e-16
3954.0,8.9743607e-15,3.0531707e-16
3955.5,9.24405e-15,3.0656337e-16
3957.0,9.57432e-15,3.1089634e-16
3958.5,9.6967603e-15,3.1183678e-16
3960.0,9.8434893e-15,3.1134818e-16
3961.5,9.6732899e-15,3.0882924e-16
3963.0,9.3845601e-15,3.0554841e-16
3964.5,9.0153799e-15,3.0202128e-16
3966.0,8.9753398e-15,3.0025812e-16
3967.5,9.3456499e-15,3.0351547e-16
3969.0,9.0377399e-15,3.0148943e-16
3970.5,9.5761801e-15,3.0421882e-16
3972.0,9.9451104e-15,3.0651481e-16
3973.5,9.7398997e-15,3.0630262e-16
3975.0,9.8795797e-15,3.0856787e-16
3976.5,9.6673497e-15,3.0616779e-16
3978.0,9.60549e-15,3.0417861e-16
3979.5,1.03477e-14,3.1145997e-16
3981.0,1.01246e-14,3.0870235e-16
3982.5,1.00146e-14,3.078526e-16
3984.0,1.0365401e-14,3.1115187e-16
3985.5,1.0266e-14,3.097359e-16
3987.0,9.9863499e-15,3.0681671e-16
3988.5,9.8628796e-15,3.0578765e-16
3990.0,9.8477601e-15,3.0419386e-16
3991.5,9.9553807e-15,3.03945e-16
3993.0,1.00296e-14,3.0500702e-16
3994.5,1.05213e-14,3.1044409e-16
3996.0,1.05555e-14,3.0960868e-16
3997.5,1.0128701e-14,3.0550887e-16
3999.0,1.0107199e-14,3.0559148e-16
4000.5,1.03419e-14,3.0661999e-16
4002.0,1.02146e-14,3.0381324e-16
4003.5,9.8056803e-15,2.9890525e-16
4005.0,9.7215301e-15,2.9773321e-16
4006.5,9.87012e-15,2.9913072e-16
4008.0,9.8423204e-15,2.9757897e-16
4009.5,9.5994396e-15,2.9437328e-16
4011.0,9.6884696e-15,2.9558176e-16
4012.5,9.8323805e-15,2.9657191e-16
4014.0,9.4505499e-15,2.9150432e-16
4015.5,9.2140202e-15,2.892314e-16
4017.0,9.3191607e-15,2.9008896e-16
4018.5,9.2998797e-15,2.8908866e-16
4020.0,9.1070204e-15,2.8681085e-16
4021.5,8.94155e-15,2.8439637e-16
4023.0,9.0289206e-15,2.8391642e-16
4024.5,8.9131702e-15,2.8174522e-16
4026.0,8.78121e-15,2.7941091e-16
4027.5,8.5396905e-15,2.7621121e-16
4029.0,7.7484499e-15,2.6773429e-16
4030.5,8.2100896e-15,2.726786e-16
4032.0,8.1483494e-15,2.7115503e-16
4033.5,8.5874699e-15,2.7436591e-16
4035.0,8.5036602e-15,2.7135055e-16
4036.5,7.9845501e-15,2.6473365e-16
4038.0,7.8944699e-15,2.6432899e-16
4039.5,7.7467202e-15,2.6404313e-16
4041.0,7.9689597e-15,2.6582468e-16
4042.5,7.5018303e-15,2.6134015e-16
4044.0,7.4185898e-15,2.6084815e-16
4045.5,7.7766103e-15,2.6747166e-16
4047.0,7.5338803e-15,2.6485978e-16
4048.5,7.6173004e-15,2.6362773e-16
4050.0,7.9170196e-15,2.6642731e-16
4051.5,7.29515e-15,2.5820553e-16
4053.0,7.5388999e-15,2.5848304e-16
4054.5,7.75536e-15,2.5848564e-16
4056.0,7.9361397e-15,2.5958147e-16
4057.5,7.7024102e-15,2.5745158e-16
4059.0,7.35667e-15,2.533606e-16
4060.5,7.4720003e-15,2.5347696e-16
4062.0,7.1890803e-15,2.5134462e-16
4063.5,7.0627598e-15,2.5150013e-16
4065.0,7.2919694e-15,2.5330702e-16
4066.5,7.4389703e-15,2.5290406e-16
4068.0,7.5125902e-15,2.5218422e-16
4069.5,7.5719096e-15,2.5273368e-16
4071.0,7.2919898e-15,2.4968327e-16
4072.5,7.2485996e-15,2.4888288e-16
4074.0,7.3273203e-15,2.4949997e-16
4075.5,7.41726e-15,2.4965796e-16
4077.0,7.4103897e-15,2.4893752e-16
4078.5,7.4731599e-15,2.4998653e-16
4080.0,7.4490703e-15,2.5069493e-16
4081.5,7.3342702e-15,2.4881532e-16
4083.0,7.4356194e-15,2.484419e-16
4084.5,7.6448899e-15,2.4986769e-16
4086.0,7.7537997e-15,2.5098987e-16
4087.5,7.8659003e-15,2.514231e-16
4089.0,7.92941e-15,2.5122767e-16
4090.5,7.8282201e-15,2.4942072e-16
4092.0,7.8366497e-15,2.4878652e-16
4093.5,8.1901598e-15,2.5215454e-16
4095.0,8.2568704e-15,2.5310032e-16
4096.5,8.3247897e-15,2.5293177e-16
4098.0,8.4311203e-15,2.5317195e-16
4099.5,8.6088998e-15,2.5477612e-16
4101.0,8.9075001e-15,2.5739895e-16
4102.5,8.4993404e-15,2.5250403e-16
4104.0,8.5552394e-15,2.5306577e-16
4105.5,8.8685197e-15,2.5633439e-16
4107.0,8.9893201e-15,2.5693292e-16
4108.5,8.8459996e-15,2.5695274e-16
4110.0,9.1299403e-15,2.5984121e-16
4111.5,9.2735793e-15,2.6069441e-16
4113.0,9.4845396e-15,2.6222796e-16
4114.5,9.3599097e-15,2.6034144e-16
4116.0,9.30727e-15,2.604704e-16
4117.5,9.5466102e-15,2.6112805e-16
4119.0,9.5948801e-15,2.6120505e-16
4120.5,9.8763601e-15,2.6412341e-16
4122.0,9.7763899e-15,2.6325404e-16
4123.5,1.01727e-14,2.6584155e-16
4125.0,9.9772595e-15,2.6317701e-16
4126.5,9.4681699e-15,2.5839848e-16
4128.0,9.6913503e-15,2.597088e-16
4129.5,9.7648203e-15,2.6074339e-16
4131.0,9.8004304e-15,2.6094947e-16
4132.5,9.7773801e-15,2.5959489e-16
4134.0,9.6907498e-15,2.609533e-16
4135.5,9.7061997e-15,2.5926375e-16
4137.0,1.00023e-14,2.6197582e-16
4138.5,1.00124e-14,2.6228805e-16
4140.0,9.9034703e-15,2.6050034e-16
4141.5,1.01272e-14,2.6113953e-16
4143.0,1.03527e-14,2.6396052e-16
4144.5,1.02411e-14,2.6359306e-16
4146.0,1.0158399e-14,2.6149873e-16
4147.5,1.01333e-14,2.6124654e-16
4149.0,1.0322099e-14,2.6290989e-16
4150.5,1.0423801e-14,2.626882e-16
4152.0,1.0362001e-14,2.6247442e-16
4153.5,1.06378e-14,2.6503768e-16
4155.0,1.05845e-14,2.6450955e-16
4156.5,1.05128e-14,2.631863e-16
4158.0,1.03976e-14,2.6093516e-16
4159.5,1.00739e-14,2.5745583e-16
4161.0,1.02901e-14,2.6009202e-16
4162.5,1.0987799e-14,2.6657529e-16
4164.0,1.1102e-14,2.6674376e-16
4165.5,1.07653e-14,2.6446647e-16
4167.0,1.0369199e-14,2.6062535e-16
4168.5,1.0512201e-14,2.6025187e-16
4170.0,1.0590201e-14,2.6098815e-16
4171.5,1.0605899e-14,2.6054244e-16
4173.0,1.0993e-14,2.6262802e-16
4174.5,1.08635e-14,2.608134e-16
4176.0,1.06839e-14,2.5879385e-16
4177.5,1.0491e-14,2.5585597e-16
4179.0,1.05435e-14,2.5678605e-16
4180.5,1.048e-14,2.5657673e-16
4182.0,1.02681e-14,2.5410578e-16
4183.5,1.03338e-14,2.5371773e-16
4185.0,1.03167e-14,2.5189394e-16
4186.5,1.08781e-14,2.5740045e-16
4188.0,1.08153e-14,2.5597118e-16
4189.5,1.03897e-14,2.5240248e-16
4191.0,1.02614e-14,2.5126092e-16
4192.5,9.9405e-15,2.4802909e-16
4194.0,1.03077e-14,2.5038969e-16
4195.5,1.06121e-14,2.524293e-16
4197.0,1.03242e-14,2.5004613e-16
4198.5,1.02167e-14,2.4827497e-16
4200.0,1.0248e-14,2.4728899e-16
4201.5,1.03051e-14,2.47763e-16
4203.0,1.03195e-14,2.4725083e-16
4204.5,1.01354e-14,2.4623755e-16
4206.0,1.0169799e-14,2.4666755e-16
4207.5,1.01368e-14,2.4509525e-16
4209.0,1.02016e-14,2.4505078e-16
4210.5,1.01605e-14,2.4538241e-16
4212.0,1.00934e-14,2.4417516e-16
4213.5,1.0218001e-14,2.4417451e-16
4215.0,1.0371199e-14,2.4567295e-16
4216.5,1.0408e-14,2.4493495e-16
4218.0,1.01562e-14,2.4198792e-16
4219.5,9.8689096e-15,2.3993145e-16
4221.0,9.9403797e-15,2.3993045e-16
4222.5,1.00847e-14,2.4079805e-16
4224.0,1.0074601e-14,2.4066179e-16
4225.5,1.00868e-14,2.4069514e-16
4227.0,1.01476e-14,2.4126787e-16
4228.5,1.02544e-14,2.4147348e-16
4230.0,1.02588e-14,2.4086902e-16
4231.5,1.02682e-14,2.4051147e-16
4233.0,1.01486e-14,2.3841933e-16
4234.5,9.9298604e-15,2.3641384e-16
4236.0,1.01151e-14,2.3851625e-16
4237.5,1.01306e-14,2.3810142e-16
4239.0,9.9636604e-15,2.3562595e-16
4240.5,1.00246e-14,2.3619098e-16
4242.0,9.9137897e-15,2.3557998e-16
4243.5,1.00001e-14,2.3643302e-16
4245.0,9.9115001e-15,2.347903e-16
4246.5,9.6660503e-15,2.3306365e-16
4248.0,9.9273795e-15,2.3564542e-16
4249.5,1.01037e-14,2.364956e-16
4251.0,1.00809e-14,2.3522642e-16
4252.5,1.01792e-14,2.3619943e-16
4254.0,9.9808501e-15,2.3352952e-16
4255.5,1.00763e-14,2.3417729e-16
4257.0,9.7305502e-15,2.3041648e-16
4258.5,9.5023095e-15,2.2859483e-16
4260.0,9.9430801e-15,2.3182443e-16
4261.5,1.00251e-14,2.3122484e-16
4263.0,9.9846202e-15,2.3140314e-16
4264.5,9.9791899e-15,2.3132395e-16
4266.0,9.8373703e-15,2.2930189e-16
4267.5,9.6786804e-15,2.2766889e-16
4269.0,9.9397097e-15,2.297365e-16
4270.5,9.8885294e-15,2.2902856e-16
4272.0,9.5458902e-15,2.2459896e-16
4273.5,9.4356701e-15,2.2374553e-16
4275.0,9.3641195e-15,2.2345541e-16
4276.5,9.5090799e-15,2.2449063e-16
4278.0,9.4477996e-15,2.2388527e-16
4279.5,9.2722994e-15,2.2209111e-16
4281.0,9.2770902e-15,2.2087895e-16
4282.5,9.2852497e-15,2.2112151e-16
4284.0,9.3940197e-15,2.2113145e-16
4285.5,9.57262e-15,2.2195025e-16
4287.0,9.5303201e-15,2.2120432e-16
4288.5,9.4329392e-15,2.2080177e-16
4290.0,9.3817098e-15,2.1992182e-16
4291.5,9.1650998e-15,2.1688756e-16
4293.0,9.2657502e-15,2.1690948e-16
4294.5,9.3077401e-15,2.1668874e-16
4296.0,8.9955399e-15,2.1424321e-16
4297.5,8.7260402e-15,2.122221e-16
4299.0,8.7558406e-15,2.1153343e-16
4300.5,8.8166304e-15,2.1170074e-16
4302.0,8.8004504e-15,2.1147457e-16
4303.5,8.6856402e-15,2.1042457e-16
4305.0,8.6120194e-15,2.093303e-16
4306.5,8.5260693e-15,2.0750409e-16
4308.0,8.7203905e-15,2.0966184e-16
4309.5,8.7143004e-15,2.0981147e-16
4311.0,8.5036695e-15,2.0777618e-16
4312.5,8.5526899e-15,2.0832106e-16
4314.0,8.5181504e-15,2.0742177e-16
4315.5,8.4423706e-15,2.0638123e-16
4317.0,8.3129999e-15,2.0500037e-16
4318.5,8.0885099e-15,2.0344794e-16
4320.0,8.2963692e-15,2.0404152e-16
4321.5,8.6727797e-15,2.0755914e-16
4323.0,8.2826304e-15,2.0382881e-16
4324.5,8.3364602e-15,2.0378761e-16
4326.0,8.4239595e-15,2.0371806e-16
4327.5,8.4882205e-15,2.0401907e-16
4329.0,8.3746503e-15,2.0276368e-16
4330.5,7.9959504e-15,1.9883068e-16
4332.0,8.0618402e-15,2.0004684e-16
4333.5,8.2810803e-15,2.0156402e-16
4335.0,8.1591499e-15,1.9982635e-16
4336.5,7.9863603e-15,1.985948e-16
4338.0,7.9520707e-15,1.9808949e-16
4339.5,7.7359604e-15,1.9540198e-16
4341.0,7.45369e-15,1.9274683e-16
4342.5,7.5748505e-15,1.9329925e-16
4344.0,7.3549395e-15,1.9126594e-16
4345.5,7.1267201e-15,1.8858851e-16
4347.0,7.1550999e-15,1.8948301e-16
4348.5,6.8840701e-15,1.8620376e-16
4350.0,6.5319399e-15,1.8208725e-16
4351.5,6.61168e-15,1.8251019e-16
4353.0,6.5486201e-15,1.8217414e-16
4354.5,6.31869e-15,1.8233552e-16
4356.0,6.2710199e-15,1.8673028e-16
4357.5,6.4565002e-15,1.9103813e-16
4359.0,6.1048396e-15,1.882883e-16
4360.5,6.06125e-15,1.8660212e-16
4362.0,6.0746298e-15,1.834124e-16
4363.5,5.9972203e-15,1.7827592e-16
4365.0,5.96742e-15,1.7504625e-16
4366.5,5.7966501e-15,1.7293393e-16
4368.0,5.6974003e-15,1.7157996e-16
4369.5,5.7081601e-15,1.7073632e-16
4371.0,5.6732403e-15,1.6997638e-16
4372.5,5.61018e-15,1.6930655e-16
4374.0,5.5780101e-15,1.6869798e-16
4375.5,5.6358299e-15,1.6916245e-16
4377.0,5.6267098e-15,1.6898749e-16
4378.5,5.6060101e-15,1.6911672e-16
4380.0,5.5525898e-15,1.6919984e-16
4381.5,5.3130997e-15,1.6797476e-16
4383.0,5.18034e-15,1.6750557e-16
4384.5,5.2198202e-15,1.6598648e-16
4386.0,5.4587203e-15,1.6603928e-16
4387.5,5.9260204e-15,1.7024573e-16
4389.0,5.99661e-15,1.7133772e-16
4390.5,6.0556799e-15,1.7187776e-16
4392.0,6.0667299e-15,1.7153438e-16
4393.5,6.0115398e-15,1.7051808e-16
4395.0,6.4319803e-15,1.7462326e-16
4396.5,6.4785599e-15,1.7526143e-16
4398.0,6.1985304e-15,1.7283319e-16
4399.5,6.3070797e-15,1.7562336e-16
4401.0,6.1370701e-15,1.7703141e-16
4402.5,5.9513102e-15,1.8299236e-16
4404.0,6.3154302e-15,1.8208014e-16
4405.5,6.5796799e-15,1.7663391e-16
4407.0,6.5443803e-15,1.7602463e-16
4408.5,6.5714201e-15,1.763624e-16
4410.0,6.6150601e-15,1.776047e-16
4411.5,6.5844796e-15,1.7792286e-16
4413.0,6.4223101e-15,1.7496891e-16
4414.5,6.3958996e-15,1.745506e-16
4416.0,6.76257e-15,1.7682334e-16
4417.5,6.2683403e-15,1.7190246e-16
4419.0,6.3684202e-15,1.7371874e-16
4420.5,6.5612002e-15,1.7401171e-16
4422.0,6.63126e-15,1.7453188e-16
4423.5,6.5528002e-15,1.7401003e-16
4425.0,6.6539897e-15,1.7526841e-16
4426.5,6.73513e-15,1.7590917e-16
4428.0,6.6175199e-15,1.7485206e-16
4429.5,6.4517297e-15,1.7301952e-16
4431.0,6.5585799e-15,1.738491e-16
4432.5,6.7252497e-15,1.7470505e-16
4434.0,6.65161e-15,1.7392147e-16
4435.5,6.5999901e-15,1.7340001e-16
4437.0,6.52695e-15,1.7208044e-16
4438.5,6.5913499e-15,1.7195238e-16
4440.0,6.7938802e-15,1.7374497e-16
4441.5,7.00409e-15,1.7633245e-16
4443.0,6.9187697e-15,1.7535075e-16
4444.5,6.7047401e-15,1.7274417e-16
4446.0,6.7950804e-15,1.7329245e-16
4447.5,6.8951002e-15,1.7438474e-16
4449.0,7.0084099e-15,1.7535407e-16
4450.5,6.9351703e-15,1.7433977e-16
4452.0,6.6914701e-15,1.7218505e-16
4453.5,6.6775e-15,1.7250407e-16
4455.0,6.8405801e-15,1.7321389e-16
4456.5,6.8457097e-15,1.7260681e-16
4458.0,6.8121299e-15,1.7229053e-16
4459.5,6.7583099e-15,1.7146876e-16
4461.0,6.7914903e-15,1.7127715e-16
4462.5,6.7070398e-15,1.7040963e-16
4464.0,6.7156601e-15,1.706394e-16
4465.5,6.7616002e-15,1.7089742e-16
4467.0,6.67155e-15,1.6894101e-16
4468.5,6.7881597e-15,1.6990694e-16
4470.0,6.8355097e-15,1.7019025e-16
4471.5,6.72555e-15,1.7033621e-16
4473.0,6.7126798e-15,1.6973689e-16
4474.5,6.81502e-15,1.7069015e-16
4476.0,6.8840498e-15,1.7176136e-16
4477.5,6.7857698e-15,1.7028668e-16
4479.0,6.84534e-15,1.7033539e-16
4480.5,6.97248e-15,1.7175121e-16
4482.0,7.1351997e-15,1.7296215e-16
4483.5,7.2004297e-15,1.7376092e-16
4485.0,7.3045801e-15,1.7371097e-16
4486.5,7.2230599e-15,1.7341339e-16
4488.0,7.07996e-15,1.7147441e-16
4489.5,7.02037e-15,1.7068327e-16
4491.0,7.08029e-15,1.7212746e-16
4492.5,6.8666403e-15,1.7047923e-16
4494.0,6.94208e-15,1.7040081e-16
4495.5,6.9738404e-15,1.7042187e-16
4497.0,7.2043701e-15,1.7193339e-16
4498.5,7.28819e-15,1.7248331e-16
4500.0,7.2088399e-15,1.723173e-16
4501.5,7.2933399e-15,1.7298304e-16
4503.0,7.4620299e-15,1.7388589e-16
4504.5,7.2905794e-15,1.7277916e-16
4506.0,7.2936601e-15,1.7242881e-16
4507.5,7.2450701e-15,1.7182122e-16
4509.0,7.3065299e-15,1.7259447e-16
4510.5,7.2444399e-15,1.7193162e-16
4512.0,7.2664399e-15,1.7334913e-16
4513.5,7.3900897e-15,1.7797133e-16
4515.0,7.5698403e-15,1.8054126e-16
4516.5,7.4893298e-15,1.7681726e-16
4518.0,7.2746798e-15,1.728655e-16
4519.5,7.4016704e-15,1.7304486e-16
4521.0,7.3333995e-15,1.7185738e-16
4522.5,7.3282402e-15,1.7177014e-16
4524.0,7.6083201e-15,1.7366586e-16
4525.5,7.82389e-15,1.7525366e-16
4527.0,7.8242398e-15,1.7558596e-16
4528.5,7.9433301e-15,1.7718893e-16
4530.0,7.8958302e-15,1.768548e-16
4531.5,7.8140805e-15,1.7577188e-16
4533.0,7.7186098e-15,1.7505989e-16
4534.5,7.6257597e-15,1.7449262e-16
4536.0,7.81183e-15,1.7552365e-16
4537.5,8.0528295e-15,1.7679699e-16
4539.0,8.0270593e-15,1.7689031e-16
4540.5,8.0913898e-15,1.780261e-16
4542.0,8.2623795e-15,1.7928592e-16
4543.5,8.0902302e-15,1.7775704e-16
4545.0,7.8668896e-15,1.7594848e-16
4546.5,8.1305998e-15,1.7737274e-16
4548.0,8.2565604e-15,1.7873099e-16
4549.5,8.57568e-15,1.8119201e-16
4551.0,8.24685e-15,1.7783681e-16
4552.5,8.5533997e-15,1.8079978e-16
4554.0,8.5258305e-15,1.8010172e-16
4555.5,8.2495402e-15,1.7803878e-16
4557.0,8.4912097e-15,1.8024896e-16
4558.5,8.7171498e-15,1.816144e-16
4560.0,8.5388807e-15,1.8033997e-16
4561.5,8.8191791e-15,1.8163895e-16
4563.0,8.8656499e-15,1.8193987e-16
4564.5,8.8849097e-15,1.8190234e-16
4566.0,9.0058406e-15,1.8283561e-16
4567.5,9.1376398e-15,1.8371294e-16
4569.0,9.2218798e-15,1.8433634e-16
4570.5,9.3213104e-15,1.8496331e-16
4572.0,9.2460897e-15,1.8450355e-16
4573.5,9.1421503e-15,1.8325177e-16
4575.0,9.2882406e-15,1.8758587e-16
4576.5,9.2986896e-15,2.2054711e-16
4578.0,9.4441201e-15,2.5771569e-16
4579.5,9.6115107e-15,2.2810406e-16
4581.0,9.5904797e-15,1.8393099e-16
4582.5,9.5273105e-15,1.8662328e-16
4584.0,9.5580104e-15,1.8637461e-16
4585.5,9.5397501e-15,1.860921e-16
4587.0,9.8392897e-15,1.8813724e-16
4588.5,9.8719301e-15,1.8848255e-16
4590.0,9.6946199e-15,1.8729068e-16
4591.5,9.6362805e-15,1.8680286e-16
4593.0,9.6371301e-15,1.8644956e-16
4594.5,9.6929995e-15,1.8710143e-16
4596.0,9.7442399e-15,1.8742269e-16
4597.5,9.8145199e-15,1.8739958e-16
4599.0,9.9502493e-15,1.8825686e-16
4600.5,1.00207e-14,1.8870854e-16
4602.0,9.9852504e-15,1.8840886e-16
4603.5,9.9576101e-15,1.8819581e-16
4605.0,9.8079207e-15,1.8702477e-16
4606.5,9.7360601e-15,1.8594525e-16
4608.0,1.00742e-14,1.8830107e-16
4609.5,1.0210399e-14,1.8977668e-16
4611.0,1.00204e-14,1.8835823e-16
4612.5,9.8807096e-15,1.8711431e-16
4614.0,9.8630803e-15,1.8683129e-16
4615.5,9.8713999e-15,1.864024e-16
4617.0,9.7806598e-15,1.8534823e-16
4618.5,9.6949706e-15,1.8506686e-16
4620.0,9.9379301e-15,1.8725351e-16
4621.5,1.01849e-14,1.8859727e-16
4623.0,9.9989504e-15,1.870886e-16
4624.5,1.01105e-14,1.8792824e-16
4626.0,1.00151e-14,1.8702639e-16
4627.5,9.7135799e-15,1.8483014e-16
4629.0,9.7350394e-15,1.8490189e-16
4630.5,9.7660502e-15,1.8443866e-16
4632.0,9.6956101e-15,1.8414748e-16
4633.5,9.7275805e-15,1.8398599e-16
4635.0,9.3964008e-15,1.818483e-16
4636.5,9.2621206e-15,1.8074883e-16
4638.0,9.6744901e-15,1.8272562e-16
4639.5,9.5417897e-15,1.8226144e-16
4641.0,9.6326001e-15,1.8284101e-16
4642.5,9.7722098e-15,1.8363985e-16
4644.0,9.78222e-15,1.838274e-16
4645.5,9.8285197e-15,1.8408797e-16
4647.0,9.5182896e-15,1.8171139e-16
4648.5,9.5092399e-15,1.8145324e-16
4650.0,9.5350397e-15,1.8130757e-16
4651.5,9.5112398e-15,1.811823e-16
4653.0,9.65387e-15,1.8222116e-16
4654.5,9.54732e-15,1.8139517e-16
4656.0,9.6133098e-15,1.8222875e-16
4657.5,9.6610604e-15,1.8301477e-16
4659.0,9.49703e-15,1.8220948e-16
4660.5,9.4539499e-15,1.8213016e-16
4662.0,9.7461297e-15,1.8401575e-16
4663.5,9.67855e-15,1.8317994e-16
4665.0,9.66593e-15,1.8310347e-16
4666.5,9.7875606e-15,1.8373379e-16
4668.0,9.7193499e-15,1.8283501e-16
4669.5,9.6487802e-15,1.8229125e-16
4671.0,9.5439505e-15,1.8142859e-16
4672.5,9.5224308e-15,1.8127293e-16
4674.0,9.6453802e-15,1.8212252e-16
4675.5,9.6729206e-15,1.823645e-16
4677.0,9.6381499e-15,1.8207735e-16
4678.5,9.7370698e-15,1.8267826e-16
4680.0,9.7271002e-15,1.8230062e-16
4681.5,9.7284605e-15,1.8220867e-16
4683.0,9.6691996e-15,1.8155317e-16
4684.5,9.6130896e-15,1.8071061e-16
4686.0,9.9348003e-15,1.825305e-16
4687.5,9.7607901e-15,1.8111292e-16
4689.0,9.4873696e-15,1.7906419e-16
4690.5,9.6885407e-15,1.8105205e-16
4692.0,9.6628104e-15,1.8057761e-16
4693.5,9.7045607e-15,1.8089674e-16
4695.0,9.8426999e-15,1.8154703e-16
4696.5,9.6485498e-15,1.7983706e-16
4698.0,9.3143995e-15,1.7760086e-16
4699.5,9.4583799e-15,1.7817161e-16
4701.0,9.5471099e-15,1.7804466e-16
4702.5,9.5877802e-15,1.7824559e-16
4704.0,9.3819199e-15,1.7723383e-16
4705.5,9.1754598e-15,1.7529683e-16
4707.0,9.4278003e-15,1.7685272e-16
4708.5,9.1726595e-15,1.7541906e-16
4710.0,8.7881201e-15,1.7233422e-16
4711.5,8.9094297e-15,1.7240231e-16
4713.0,8.8517001e-15,1.7228417e-16
4714.5,8.4933899e-15,1.6988613e-16
4716.0,8.4925497e-15,1.6942467e-16
4717.5,8.6261505e-15,1.7058337e-16
4719.0,8.6519206e-15,1.7027437e-16
4720.5,8.5522206e-15,1.6911226e-16
4722.0,8.2034396e-15,1.6651773e-16
4723.5,7.9955404e-15,1.6493055e-16
4725.0,7.9505198e-15,1.6432552e-16
4726.5,7.9368698e-15,1.6412535e-16
4728.0,8.0996501e-15,1.6533436e-16
4729.5,8.0490102e-15,1.6437855e-16
4731.0,7.7301201e-15,1.6140732e-16
4732.5,7.5958798e-15,1.6040817e-16
4734.0,7.5993001e-15,1.6039059e-16
4735.5,7.6521405e-15,1.6090313e-16
4737.0,7.78442e-15,1.6157421e-16
4738.5,7.7250099e-15,1.609854e-16
4740.0,7.7372995e-15,1.6083606e-16
4741.5,7.8257196e-15,1.6147214e-16
4743.0,7.6842897e-15,1.6095454e-16
4744.5,7.5898599e-15,1.6012798e-16
4746.0,7.4203999e-15,1.5862596e-16
4747.5,7.3429803e-15,1.5760377e-16
4749.0,7.4996399e-15,1.5893016e-16
4750.5,7.4420501e-15,1.5841878e-16
4752.0,7.2295202e-15,1.5658205e-16
4753.5,7.2774801e-15,1.5681645e-16
4755.0,7.3291601e-15,1.5699934e-16
4756.5,7.3065502e-15,1.5657368e-16
4758.0,7.37903e-15,1.5680735e-16
4759.5,7.3010301e-15,1.5563553e-16
4761.0,7.3641299e-15,1.5670581e-16
4762.5,7.4382698e-15,1.5706112e-16
4764.0,7.4408304e-15,1.5703936e-16
4765.5,7.4973402e-15,1.5829897e-16
4767.0,7.5283602e-15,1.5751731e-16
4768.5,7.11105e-15,1.5391245e-16
4770.0,7.19751e-15,1.5508009e-16
4771.5,7.67318e-15,1.5832382e-16
4773.0,7.68745e-15,1.5903867e-16
4774.5,7.38748e-15,1.5689226e-16
4776.0,7.5695404e-15,1.5772025e-16
4777.5,7.5842102e-15,1.5764859e-16
4779.0,7.4723705e-15,1.5711474e-16
4780.5,7.6688999e-15,1.5862978e-16
4782.0,7.7485803e-15,1.5987924e-16
4783.5,7.4873003e-15,1.5657352e-16
4785.0,7.5092503e-15,1.5674839e-16
4786.5,7.6696504e-15,1.5838923e-16
4788.0,7.6378104e-15,1.5781948e-16
4789.5,7.49563e-15,1.5636734e-16
4791.0,7.5577701e-15,1.5759545e-16
4792.5,7.5894897e-15,1.5783158e-16
4794.0,7.5136303e-15,1.5687041e-16
4795.5,7.55045e-15,1.5681577e-16
4797.0,7.54107e-15,1.5682653e-16
4798.5,7.52644e-15,1.5663039e-16
4800.0,7.3557002e-15,1.5498652e-16
4801.5,7.1061804e-15,1.5328051e-16
4803.0,7.1225103e-15,1.5315764e-16
4804.5,7.14671e-15,1.5316223e-16
4806.0,7.1980199e-15,1.5353975e-16
4807.5,7.0829801e-15,1.5235629e-16
4809.0,7.18602e-15,1.5317233e-16
4810.5,7.3627704e-15,1.5431779e-16
4812.0,7.2126795e-15,1.5271834e-16
4813.5,6.9224903e-15,1.5031828e-16
4815.0,6.8555399e-15,1.4998784e-16
4816.5,6.9796701e-15,1.5134836e-16
4818.0,6.9602099e-15,1.5096612e-16
4819.5,6.8688104e-15,1.4996346e-16
4821.0,6.9207903e-15,1.5098918e-16
4822.5,6.88172e-15,1.5026731e-16
4824.0,6.7928099e-15,1.4925609e-16
4825.5,6.7547405e-15,1.4960137e-16
4827.0,6.6428199e-15,1.491116e-16
4828.5,6.70074e-15,1.4905422e-16
4830.0,6.8308502e-15,1.4932212e-16
4831.5,6.6447503e-15,1.4766384e-16
4833.0,6.6545699e-15,1.480522e-16
4834.5,6.6546203e-15,1.4806908e-16
4836.0,6.6093303e-15,1.4783031e-16
4837.5,6.6856497e-15,1.4850167e-16
4839.0,6.7453998e-15,1.4842585e-16
4840.5,6.7733498e-15,1.4814716e-16
4842.0,6.5513602e-15,1.4650415e-16
4843.5,6.7297301e-15,1.4818482e-16
4845.0,6.6758601e-15,1.4721579e-16
4846.5,6.49423e-15,1.465411e-16
4848.0,6.7584801e-15,1.4822826e-16
4849.5,6.5582398e-15,1.4553232e-16
4851.0,6.5390503e-15,1.4503902e-16
4852.5,6.1956801e-15,1.424428e-16
4854.0,6.3362198e-15,1.4298694e-16
4855.5,6.6044002e-15,1.453242e-16
4857.0,6.5595002e-15,1.4512823e-16
4858.5,6.7640201e-15,1.4654609e-16
4860.0,6.6248497e-15,1.4574944e-16
4861.5,6.5846901e-15,1.4510746e-16
4863.0,6.6972197e-15,1.4565952e-16
4864.5,6.5377798e-15,1.4466934e-16
4866.0,6.5482504e-15,1.4527838e-16
4867.5,6.89403e-15,1.4797802e-16
4869.0,6.8230702e-15,1.4707493e-16
4870.5,6.7481298e-15,1.4547652e-16
4872.0,6.9208203e-15,1.4723249e-16
4873.5,7.0852701e-15,1.49047e-16
4875.0,6.9424201e-15,1.4801001e-16
4876.5,6.85567e-15,1.4696586e-16
4878.0,6.9466599e-15,1.4778213e-16
4879.5,6.9365502e-15,1.4787954e-16
4881.0,6.9965099e-15,1.4795024e-16
4882.5,6.91516e-15,1.4734609e-16
4884.0,6.6620899e-15,1.4523749e-16
4885.5,6.6286401e-15,1.4466253e-16
4887.0,6.73503e-15,1.4564273e-16
4888.5,6.7122999e-15,1.4545282e-16
4890.0,6.6725601e-15,1.4449155e-16
4891.5,6.52994e-15,1.4305206e-16
4893.0,6.4668496e-15,1.4260953e-16
4894.5,6.6171599e-15,1.4383674e-16
4896.0,6.4902303e-15,1.4274687e-16
4897.5,6.3934301e-15,1.4188466e-16
4899.0,6.1833401e-15,1.4052914e-16
4900.5,6.0536399e-15,1.3930901e-16
4902.0,5.9056602e-15,1.3776483e-16
4903.5,5.9117398e-15,1.3782593e-16
4905.0,5.97502e-15,1.3823741e-16
4906.5,5.9572801e-15,1.3800112e-16
4908.0,5.7251503e-15,1.3579231e-16
4909.5,5.7518001e-15,1.3535189e-16
4911.0,5.6639501e-15,1.3424234e-16
4912.5,5.5088804e-15,1.3230099e-16
4914.0,5.4352597e-15,1.3223897e-16
4915.5,5.3131099e-15,1.3135093e-16
4917.0,5.38378e-15,1.3153673e-16
4918.5,5.31719e-15,1.3047575e-16
4920.0,5.2814203e-15,1.3064989e-16
4921.5,5.2248401e-15,1.2954463e-16
4923.0,5.2431301e-15,1.2982397e-16
4924.5,5.22112e-15,1.2965079e-16
4926.0,5.1889603e-15,1.2916893e-16
4927.5,4.8194099e-15,1.2640167e-16
4929.0,4.9456301e-15,1.2704507e-16
4930.5,4.9898601e-15,1.269368e-16
4932.0,5.0318899e-15,1.2681921e-16
4933.5,4.8560801e-15,1.2604468e-16
4935.0,4.7700101e-15,1.2558333e-16
4936.5,4.8182402e-15,1.2529749e-16
4938.0,4.8296599e-15,1.2552335e-16
4939.5,4.6621701e-15,1.2388911e-16
4941.0,4.5341403e-15,1.2323737e-16
4942.5,4.6898097e-15,1.2439518e-16
4944.0,4.8062102e-15,1.2529818e-16
4945.5,4.80733e-15,1.2510414e-16
4947.0,4.7719897e-15,1.2459225e-16
4948.5,4.7020501e-15,1.2348885e-16
4950.0,4.6121003e-15,1.2380043e-16
4951.5,4.7877301e-15,1.2627304e-16
4953.0,5.0159402e-15,1.2673877e-16
4954.5,4.8834401e-15,1.2489285e-16
4956.0,4.6822499e-15,1.2332781e-16
4957.5,4.7728299e-15,1.2418031e-16
4959.0,4.8722199e-15,1.2506758e-16
4960.5,4.8679399e-15,1.2500482e-16
4962.0,4.7252203e-15,1.2383803e-16
4963.5,4.7748501e-15,1.246216e-16
4965.0,5.0729701e-15,1.2752099e-16
4966.5,5.0116801e-15,1.2713504e-16
4968.0,4.9823799e-15,1.2692393e-16
4969.5,5.0716301e-15,1.2737262e-16
4971.0,5.1957797e-15,1.2882916e-16
4972.5,5.2945899e-15,1.2986682e-16
4974.0,5.14172e-15,1.2884084e-16
4975.5,5.0097501e-15,1.2773987e-16
4977.0,5.2150501e-15,1.2981254e-16
4978.5,5.4203099e-15,1.3210269e-16
4980.0,5.3782603e-15,1.3168302e-16
4981.5,5.4479999e-15,1.3269815e-16
4983.0,5.59511e-15,1.337009e-16
4984.5,5.8247097e-15,1.3602101e-16
4986.0,5.8079499e-15,1.3556807e-16
4987.5,5.7025701e-15,1.340004e-16
4989.0,5.5507102e-15,1.3278915e-16
4990.5,5.9379301e-15,1.3633483e-16
4992.0,5.7471499e-15,1.3436439e-16
4993.5,5.8969498e-15,1.3552279e-16
4995.0,5.9712299e-15,1.3552124e-16
4996.5,5.6285602e-15,1.3259851e-16
4998.0,5.9707598e-15,1.3516508e-16
4999.5,5.8197499e-15,1.3364443e-16
5001.0,5.9262902e-15,1.3434193e-16
5002.5,5.7605402e-15,1.32433e-16
5004.0,5.8083904e-15,1.3272803e-16
5005.5,6.1417199e-15,1.3575269e-16
5007.0,5.9184699e-15,1.3425727e-16
5008.5,5.9998499e-15,1.34447e-16
5010.0,6.1278001e-15,1.3559019e-16
5011.5,5.9380004e-15,1.336326e-16
5013.0,6.10968e-15,1.3503861e-16
5014.5,6.1476203e-15,1.3531717e-16
5016.0,6.2137299e-15,1.3570003e-16
5017.5,6.2044503e-15,1.3566349e-16
5019.0,6.21698e-15,1.3559446e-16
5020.5,6.15523e-15,1.350867e-16
5022.0,6.0574397e-15,1.3452524e-16
5023.5,6.0122098e-15,1.3427606e-16
5025.0,6.0401703e-15,1.3438195e-16
5026.5,6.10708e-15,1.347244e-16
5028.0,6.1301998e-15,1.3473156e-16
5029.5,6.27492e-15,1.3598746e-16
5031.0,6.3147899e-15,1.3649702e-16
5032.5,6.2330198e-15,1.3566425e-16
5034.0,6.1745199e-15,1.3504385e-16
5035.5,6.0275796e-15,1.33626e-16
5037.0,6.1495299e-15,1.3412272e-16
5038.5,6.1866101e-15,1.3424601e-16
5040.0,6.0349001e-15,1.3335294e-16
5041.5,5.9443404e-15,1.3226004e-16
5043.0,5.9920601e-15,1.3242052e-16
5044.5,6.0041198e-15,1.3270889e-16
5046.0,5.99818e-15,1.3252908e-16
5047.5,6.06545e-15,1.3293902e-16
5049.0,5.9978598e-15,1.3244163e-16
5050.5,6.0094802e-15,1.323704e-16
5052.0,6.1311201e-15,1.3268391e-16
5053.5,6.1163902e-15,1.3273601e-16
5055.0,6.0554199e-15,1.3250551e-16
5056.5,5.8945298e-15,1.3163216e-16
5058.0,5.8153102e-15,1.3112134e-16
5059.5,5.8935498e-15,1.3189932e-16
5061.0,5.8657997e-15,1.3114111e-16
5062.5,5.9005501e-15,1.3111474e-16
5064.0,5.9808103e-15,1.3194091e-16
5065.5,5.9550601e-15,1.3182904e-16
5067.0,5.9635503e-15,1.3151265e-16
5068.5,5.8889301e-15,1.3127347e-16
5070.0,5.9825103e-15,1.3229419e-16
5071.5,6.07467e-15,1.3258297e-16
5073.0,5.74901e-15,1.2989189e-16
5074.5,5.78487e-15,1.3025296e-16
5076.0,6.1044203e-15,1.3280853e-16
5077.5,6.10226e-15,1.3228894e-16
5079.0,6.0321002e-15,1.31762e-16
5080.5,6.0599697e-15,1.3190527e-16
5082.0,6.1695999e-15,1.3325626e-16
5083.5,6.15796e-15,1.3345003e-16
5085.0,5.9622598e-15,1.3164651e-16
5086.5,6.0338701e-15,1.323084e-16
5088.0,6.2087799e-15,1.3354629e-16
5089.5,6.1219302e-15,1.3287938e-16
5091.0,6.0312401e-15,1.3207019e-16
5092.5,5.9862999e-15,1.3137021e-16
5094.0,6.1718996e-15,1.3289626e-16
5095.5,6.3488999e-15,1.3420092e-16
5097.0,6.44018e-15,1.3495609e-16
5098.5,6.4574802e-15,1.3492033e-16
5100.0,6.3030199e-15,1.3367122e-16
5101.5,6.1350003e-15,1.3228776e-16
5103.0,6.1440704e-15,1.3251747e-16
5104.5,6.2865502e-15,1.336278e-16
5106.0,6.1835701e-15,1.3248295e-16
5107.5,6.1023997e-15,1.3189385e-16
5109.0,6.1693704e-15,1.3281825e-16
5110.5,6.2266798e-15,1.3295633e-16
5112.0,6.28342e-15,1.328927e-16
5113.5,6.40092e-15,1.3375971e-16
5115.0,6.4011504e-15,1.3381443e-16
5116.5,6.40064e-15,1.3383561e-16
5118.0,6.4269502e-15,1.3395752e-16
5119.5,6.29398e-15,1.3288304e-16
5121.0,6.3352e-15,1.3356663e-16
5122.5,6.4585801e-15,1.3457389e-16
5124.0,6.44428e-15,1.3391359e-16
5125.5,6.5193801e-15,1.3419639e-16
5127.0,6.4650404e-15,1.3377914e-16
5128.5,6.43315e-15,1.3382269e-16
5130.0,6.4664503e-15,1.3435426e-16
5131.5,6.3075198e-15,1.331039e-16
5133.0,6.4007201e-15,1.3368783e-16
5134.5,6.44693e-15,1.3411232e-16
5136.0,6.4465098e-15,1.3490631e-16
5137.5,6.5047103e-15,1.3497459e-16
5139.0,6.51896e-15,1.3494776e-16
5140.5,6.5296504e-15,1.3543122e-16
5142.0,6.5911598e-15,1.3564576e-16
5143.5,6.7647401e-15,1.3686825e-16
5145.0,6.5824798e-15,1.3595808e-16
5146.5,6.7267198e-15,1.3696795e-16
5148.0,6.7273203e-15,1.369307e-16
5149.5,6.7115896e-15,1.3707052e-16
5151.0,6.6984403e-15,1.3722901e-16
5152.5,6.9146802e-15,1.3862271e-16
5154.0,6.8243098e-15,1.3790462e-16
5155.5,6.7790499e-15,1.3783e-16
5157.0,6.8206002e-15,1.3810894e-16
5158.5,6.8676301e-15,1.3807514e-16
5160.0,6.9272298e-15,1.3777147e-16
5161.5,6.8835403e-15,1.3737887e-16
5163.0,7.0453803e-15,1.3859407e-16
5164.5,7.0626899e-15,1.3821698e-16
5166.0,7.1218403e-15,1.3843244e-16
5167.5,7.0217799e-15,1.3779945e-16
5169.0,7.0677001e-15,1.3776446e-16
5170.5,7.1310399e-15,1.3835722e-16
5172.0,7.1570803e-15,1.3861911e-16
5173.5,7.3333902e-15,1.3982226e-16
5175.0,7.3643602e-15,1.4037037e-16
5176.5,7.2035502e-15,1.393523e-16
5178.0,7.1583398e-15,1.3931268e-16
5179.5,7.1944497e-15,1.3982063e-16
5181.0,7.2092202e-15,1.3961897e-16
5182.5,7.1625098e-15,1.3895574e-16
5184.0,7.2373197e-15,1.3930718e-16
5185.5,7.2085604e-15,1.391316e-16
5187.0,7.1089705e-15,1.3890613e-16
5188.5,7.1972102e-15,1.3973763e-16
5190.0,7.3894799e-15,1.4083073e-16
5191.5,7.4063705e-15,1.4083554e-16
5193.0,7.25795e-15,1.3976855e-16
5194.5,7.2537394e-15,1.3989718e-16
5196.0,7.4363902e-15,1.410468e-16
5197.5,7.4925799e-15,1.4148659e-16
5199.0,7.4390203e-15,1.4166353e-16
5200.5,7.4429005e-15,1.4216756e-16
5202.0,7.3711602e-15,1.4144389e-16
5203.5,7.5282899e-15,1.4211826e-16
5205.0,7.5486399e-15,1.4184416e-16
5206.5,7.3333106e-15,1.3997983e-16
5208.0,7.4208701e-15,1.4041176e-16
5209.5,7.5902597e-15,1.4171993e-16
5211.0,7.6359504e-15,1.4209557e-16
5212.5,7.4490102e-15,1.4063237e-16
5214.0,7.4854402e-15,1.4071241e-16
5215.5,7.3972302e-15,1.4010149e-16
5217.0,7.3941597e-15,1.4031045e-16
5218.5,7.4861898e-15,1.411215e-16
5220.0,7.3644704e-15,1.4020351e-16
5221.5,7.3928095e-15,1.4050564e-16
5223.0,7.4553604e-15,1.4116606e-16
5224.5,7.3867897e-15,1.406334e-16
5226.0,7.23698e-15,1.3925143e-16
5227.5,7.2732305e-15,1.3918586e-16
5229.0,7.3680398e-15,1.3962112e-16
5230.5,7.3664897e-15,1.3960029e-16
5232.0,7.4943298e-15,1.4056864e-16
5233.5,7.4029502e-15,1.3988569e-16
5235.0,7.21204e-15,1.3853297e-16
5236.5,7.1304106e-15,1.3818838e-16
5238.0,7.0793298e-15,1.3760845e-16
5239.5,6.9929499e-15,1.3684976e-16
5241.0,7.0118298e-15,1.3706823e-16
5242.5,7.1719897e-15,1.3836386e-16
5244.0,7.0688402e-15,1.3756061e-16
5245.5,6.9444699e-15,1.3642251e-16
5247.0,7.0609797e-15,1.3704287e-16
5248.5,7.1170698e-15,1.373937e-16
5250.0,7.1632297e-15,1.3758232e-16
5251.5,7.1600102e-15,1.3763559e-16
5253.0,7.1379399e-15,1.3772876e-16
5254.5,7.0543898e-15,1.3721544e-16
5256.0,6.94597e-15,1.3628692e-16
5257.5,6.92201e-15,1.3607582e-16
5259.0,6.9161202e-15,1.3558771e-16
5260.5,6.8522801e-15,1.3494379e-16
5262.0,6.8297702e-15,1.3486124e-16
5263.5,6.80768e-15,1.3405247e-16
5265.0,6.7725701e-15,1.3331901e-16
5266.5,6.77236e-15,1.3348501e-16
5268.0,6.74e-15,1.3395549e-16
5269.5,6.8245301e-15,1.3478099e-16
5271.0,7.08735e-15,1.3629798e-16
5272.5,7.1660402e-15,1.3684274e-16
5274.0,7.0360998e-15,1.3591698e-16
5275.5,6.93332e-15,1.3541283e-16
5277.0,6.85248e-15,1.3524963e-16
5278.5,6.9367501e-15,1.3604685e-16
5280.0,6.9815403e-15,1.3625759e-16
5281.5,7.0773101e-15,1.3637317e-16
5283.0,7.3050095e-15,1.3788624e-16
5284.5,7.3114901e-15,1.3826243e-16
5286.0,7.2811401e-15,1.3806502e-16
5287.5,7.3829602e-15,1.3884509e-16
5289.0,7.5027002e-15,1.3969898e-16
5290.5,7.4250307e-15,1.3925065e-16
5292.0,7.3694501e-15,1.3843694e-16
5293.5,7.4471204e-15,1.3943721e-16
5295.0,7.3257101e-15,1.3863016e-16
5296.5,7.09575e-15,1.3661846e-16
5298.0,7.1328704e-15,1.370365e-16
5299.5,7.3904404e-15,1.3885789e-16
5301.0,7.3026903e-15,1.3843222e-16
5302.5,7.3076497e-15,1.3813104e-16
5304.0,7.1502202e-15,1.3690212e-16
5305.5,7.1116497e-15,1.3665932e-16
5307.0,7.3644797e-15,1.380576e-16
5308.5,7.2798899e-15,1.3734283e-16
5310.0,7.2781204e-15,1.3786927e-16
5311.5,7.2899399e-15,1.3832754e-16
5313.0,7.1334303e-15,1.3706705e-16
5314.5,6.97405e-15,1.3576734e-16
5316.0,6.9087501e-15,1.3503963e-16
5317.5,6.9019298e-15,1.3480713e-16
5319.0,6.8449702e-15,1.3434103e-16
5320.5,6.7549099e-15,1.3378414e-16
5322.0,6.7892901e-15,1.338616e-16
5323.5,6.7373602e-15,1.3326759e-16
5325.0,6.6386699e-15,1.3269351e-16
5326.5,6.6075804e-15,1.3246127e-16
5328.0,6.5338e-15,1.3185844e-16
5329.5,6.49838e-15,1.3149199e-16
5331.0,6.4622202e-15,1.3119554e-16
5332.5,6.29455e-15,1.300616e-16
5334.0,6.1160497e-15,1.2872172e-16
5335.5,6.2176301e-15,1.291622e-16
5337.0,6.2831002e-15,1.296545e-16
5338.5,6.1187199e-15,1.2847223e-16
5340.0,6.0758601e-15,1.2764587e-16
5341.5,6.1517e-15,1.2770894e-16
5343.0,6.0011802e-15,1.2669251e-16
5344.5,5.7155001e-15,1.2459697e-16
5346.0,5.6160597e-15,1.2381972e-16
5347.5,5.7796603e-15,1.2517799e-16
5349.0,5.8704199e-15,1.2568784e-16
5350.5,5.7496702e-15,1.247129e-16
5352.0,5.64931e-15,1.2396439e-16
5353.5,5.5112601e-15,1.2299999e-16
5355.0,5.3770799e-15,1.219279e-16
5356.5,5.4262798e-15,1.2192638e-16
5358.0,5.4952402e-15,1.2214386e-16
5359.5,5.413e-15,1.2155309e-16
5361.0,5.3361102e-15,1.206464e-16
5362.5,5.3700398e-15,1.2066398e-16
5364.0,5.2409804e-15,1.1926966e-16
5365.5,5.3078299e-15,1.201574e-16
5367.0,5.4440798e-15,1.2163568e-16
5368.5,5.2565899e-15,1.1988284e-16
5370.0,5.18987e-15,1.1922755e-16
5371.5,5.32829e-15,1.2088175e-16
5373.0,5.3033398e-15,1.2056396e-16
5374.5,5.0783301e-15,1.1830318e-16
5376.0,5.0196202e-15,1.1768466e-16
5377.5,5.1638398e-15,1.1923052e-16
5379.0,5.152e-15,1.18959e-16
5380.5,5.1261701e-15,1.1864105e-16
5382.0,5.1614397e-15,1.1875624e-16
5383.5,5.0676397e-15,1.1781904e-16
5385.0,5.2068102e-15,1.188967e-16
5386.5,5.4737501e-15,1.2149745e-16
5388.0,5.3995902e-15,1.2100549e-16
5389.5,5.2589303e-15,1.1981051e-16
5391.0,5.2387298e-15,1.1976732e-16
5392.5,5.2576898e-15,1.1945245e-16
5394.0,5.1981904e-15,1.1884227e-16
5395.5,5.10684e-15,1.1815441e-16
5397.0,5.1781403e-15,1.1829857e-16
5398.5,5.2642496e-15,1.1904036e-16
5400.0,5.19971e-15,1.1895194e-16
5401.5,5.1494898e-15,1.184423e-16
5403.0,5.1804501e-15,1.1842435e-16
5404.5,5.30382e-15,1.1944022e-16
5406.0,5.2792303e-15,1.1930469e-16
5407.5,5.2497904e-15,1.1888799e-16
5409.0,5.2984499e-15,1.1946041e-16
5410.5,5.32208e-15,1.1994645e-16
5412.0,5.3138099e-15,1.2007877e-16
5413.5,5.4568501e-15,1.2088013e-16
5415.0,5.47776e-15,1.212647e-16
5416.5,5.36312e-15,1.2017157e-16
5418.0,5.34957e-15,1.196752e-16
5419.5,5.41614e-15,1.2028451e-16
5421.0,5.3333201e-15,1.2009322e-16
5422.5,5.29673e-15,1.1975356e-16
5424.0,5.3345999e-15,1.1983669e-16
5425.5,5.2897e-15,1.197105e-16
5427.0,5.3811304e-15,1.2017492e-16
5428.5,5.6373503e-15,1.2256093e-16
5430.0,5.39888e-15,1.2060797e-16
5431.5,5.4792702e-15,1.2099973e-16
5433.0,5.4842499e-15,1.212406e-16
5434.5,5.57535e-15,1.2171766e-16
5436.0,5.6604599e-15,1.2255805e-16
5437.5,5.5026797e-15,1.215576e-16
5439.0,5.4898801e-15,1.2118183e-16
5440.5,5.5108802e-15,1.2131048e-16
5442.0,5.5945802e-15,1.2189416e-16
5443.5,5.5475102e-15,1.2178169e-16
5445.0,5.3833501e-15,1.2022158e-16
5446.5,5.5993198e-15,1.2176693e-16
5448.0,5.7079403e-15,1.2251259e-16
5449.5,5.65426e-15,1.2251775e-16
5451.0,5.6484799e-15,1.226621e-16
5452.5,5.54503e-15,1.2191281e-16
5454.0,5.52957e-15,1.2193954e-16
5455.5,5.5493698e-15,1.2230192e-16
5457.0,5.7124101e-15,1.2530396e-16
5458.5,5.5817701e-15,1.2742391e-16
5460.0,5.6067499e-15,1.3036737e-16
5461.5,5.6414398e-15,1.3070043e-16
5463.0,5.6269801e-15,1.2929545e-16
5464.5,5.5847804e-15,1.2769728e-16
5466.0,5.5300697e-15,1.2475802e-16
5467.5,5.6368501e-15,1.2349014e-16
5469.0,5.5994502e-15,1.2296492e-16
5470.5,5.6102401e-15,1.2286533e-16
5472.0,5.5770301e-15,1.2212488e-16
5473.5,5.55482e-15,1.2168602e-16
5475.0,5.6290201e-15,1.219113e-16
5476.5,5.6167496e-15,1.2151161e-16
5478.0,5.6013899e-15,1.2154264e-16
5479.5,5.6057403e-15,1.2190324e-16
5481.0,5.6116602e-15,1.2190527e-16
5482.5,5.63025e-15,1.2220147e-16
5484.0,5.6386801e-15,1.2249794e-16
5485.5,5.63092e-15,1.2230475e-16
5487.0,5.5306402e-15,1.2137742e-16
5488.5,5.4808203e-15,1.2042009e-16
5490.0,5.5644699e-15,1.2097472e-16
5491.5,5.5150599e-15,1.2084541e-16
5493.0,5.4549498e-15,1.2059757e-16
5494.5,5.5309502e-15,1.2120286e-16
5496.0,5.4426699e-15,1.2025742e-16
5497.5,5.2288801e-15,1.1895801e-16
5499.0,5.2292401e-15,1.1902682e-16
5500.5,5.2204398e-15,1.1875582e-16
5502.0,5.3306998e-15,1.1868772e-16
5503.5,5.3119401e-15,1.1918573e-16
5505.0,5.10573e-15,1.174506e-16
5506.5,5.2173498e-15,1.1821128e-16
5508.0,5.1812904e-15,1.1811312e-16
5509.5,5.1881501e-15,1.1813243e-16
5511.0,5.22246e-15,1.1826529e-16
5512.5,5.2023201e-15,1.1782706e-16
5514.0,4.9476198e-15,1.158228e-16
5515.5,4.97762e-15,1.1659616e-16
5517.0,5.05096e-15,1.1682233e-16
5518.5,5.0088002e-15,1.1652426e-16
5520.0,4.9699002e-15,1.1578118e-16
5521.5,5.0865303e-15,1.1659668e-16
5523.0,5.0919098e-15,1.1701477e-16
5524.5,4.9723502e-15,1.1600511e-16
5526.0,4.7594502e-15,1.1424551e-16
5527.5,4.7282002e-15,1.1415033e-16
5529.0,4.68684e-15,1.1357523e-16
5530.5,4.7368598e-15,1.1393871e-16
5532.0,4.7280401e-15,1.1385336e-16
5533.5,4.7761003e-15,1.1430498e-16
5535.0,4.83103e-15,1.1479754e-16
5536.5,4.8061098e-15,1.1419782e-16
5538.0,4.6845598e-15,1.1325832e-16
5539.5,4.6554299e-15,1.1327462e-16
5541.0,4.6632598e-15,1.1354025e-16
5542.5,4.4854202e-15,1.1202247e-16
5544.0,4.4074898e-15,1.1136937e-16
5545.5,4.5628301e-15,1.126647e-16
5547.0,4.5017802e-15,1.1188215e-16
5548.5,4.6101598e-15,1.1246005e-16
5550.0,4.6803297e-15,1.1317996e-16
5551.5,4.4953898e-15,1.1183982e-16
5553.0,4.4259602e-15,1.1122991e-16
5554.5,4.4018003e-15,1.1088628e-16
5556.0,4.3528498e-15,1.1088823e-16
5557.5,4.3213203e-15,1.1046842e-16
5559.0,4.3987497e-15,1.1075072e-16
5560.5,4.3686199e-15,1.1045828e-16
5562.0,4.3210801e-15,1.1057455e-16
5563.5,4.33228e-15,1.1097745e-16
5565.0,4.4378699e-15,1.1255632e-16
5566.5,4.5383199e-15,1.1304345e-16
5568.0,4.7031297e-15,1.1424983e-16
5569.5,4.6492499e-15,1.1543535e-16
5571.0,4.4331104e-15,1.171279e-16
5572.5,4.3886598e-15,1.3006505e-16
5574.0,4.5656601e-15,1.6248933e-16
5575.5,4.9673802e-15,1.9724044e-16
5577.0,4.9414801e-15,2.1387872e-16
5578.5,4.8811498e-15,2.1446306e-16
5580.0,4.6383401e-15,1.9690805e-16
5581.5,4.4256502e-15,1.6144606e-16
5583.0,4.3567199e-15,1.2984623e-16
5584.5,4.5050201e-15,1.1682678e-16
5586.0,4.7901801e-15,1.1560487e-16
5587.5,4.7528302e-15,1.1445414e-16
5589.0,4.7704502e-15,1.1429438e-16
5590.5,4.7930998e-15,1.1486221e-16
5592.0,4.8954002e-15,1.14887e-16
5593.5,4.95951e-15,1.1535371e-16
5595.0,5.0862999e-15,1.1650715e-16
5596.5,5.2104901e-15,1.1745496e-16
5598.0,4.9759302e-15,1.1635175e-16
5599.5,4.8975403e-15,1.1537708e-16
5601.0,5.1361096e-15,1.176038e-16
5602.5,5.1837002e-15,1.1832559e-16
5604.0,5.1753603e-15,1.1801032e-16
5605.5,5.23841e-15,1.1878304e-16
5607.0,5.2106401e-15,1.1840182e-16
5608.5,5.25361e-15,1.1819052e-16
5610.0,5.3696099e-15,1.1909297e-16
5611.5,5.4066503e-15,1.1960768e-16
5613.0,5.5258198e-15,1.2076053e-16
5614.5,5.6841696e-15,1.2164228e-16
5616.0,5.7585802e-15,1.2176634e-16
5617.5,5.75991e-15,1.2208692e-16
5619.0,5.7832898e-15,1.226673e-16
5620.5,5.75705e-15,1.225917e-16
5622.0,5.77454e-15,1.2302065e-16
5623.5,5.84196e-15,1.2380108e-16
5625.0,5.8241803e-15,1.2372816e-16
5626.5,5.7918703e-15,1.2330921e-16
5628.0,5.7599901e-15,1.2282573e-16
5629.5,5.8455899e-15,1.2330963e-16
5631.0,6.0387503e-15,1.2472601e-16
5632.5,6.1459e-15,1.2559286e-16
5634.0,6.1688198e-15,1.2560932e-16
5635.5,6.1692201e-15,1.2537189e-16
5637.0,6.2057301e-15,1.260004e-16
5638.5,6.2630201e-15,1.2680024e-16
5640.0,6.4454798e-15,1.2813065e-16
5641.5,6.5225001e-15,1.2880729e-16
5643.0,6.25127e-15,1.2654668e-16
5644.5,6.1318303e-15,1.2538721e-16
5646.0,6.41568e-15,1.2801127e-16
5647.5,6.45654e-15,1.2875482e-16
5649.0,6.3304202e-15,1.2744016e-16
5650.5,6.4979603e-15,1.2863504e-16
5652.0,6.4676099e-15,1.2881035e-16
5653.5,6.6531702e-15,1.2974459e-16
5655.0,6.6000299e-15,1.2888409e-16
5656.5,6.3923997e-15,1.2740168e-16
5658.0,6.4885803e-15,1.2837349e-16
5659.5,6.6635197e-15,1.2990575e-16
5661.0,6.5930902e-15,1.2948775e-16
5662.5,6.5077101e-15,1.2863752e-16
5664.0,6.4627e-15,1.2851605e-16
5665.5,6.46383e-15,1.2849176e-16
5667.0,6.5076398e-15,1.2879279e-16
5668.5,6.43083e-15,1.289251e-16
5670.0,6.4525001e-15,1.298407e-16
5671.5,6.4359499e-15,1.2934772e-16
5673.0,6.521e-15,1.2969308e-16
5674.5,6.44276e-15,1.291731e-16
5676.0,6.26799e-15,1.2795005e-16
5677.5,6.24287e-15,1.2784068e-16
5679.0,6.3910897e-15,1.2938579e-16
5680.5,6.44289e-15,1.3050854e-16
5682.0,6.3633401e-15,1.3100206e-16
5683.5,6.4044e-15,1.320539e-16
5685.0,6.5650902e-15,1.3320125e-16
5686.5,6.3616799e-15,1.3209816e-16
5688.0,6.3077798e-15,1.3236582e-16
5689.5,6.3714199e-15,1.3291263e-16
5691.0,6.35447e-15,1.3251931e-16
5692.5,6.2303801e-15,1.3085721e-16
5694.0,6.1218599e-15,1.2902008e-16
5695.5,6.1743103e-15,1.2891942e-16
5697.0,6.3014499e-15,1.2968705e-16
5698.5,6.2616703e-15,1.2882817e-16
5700.0,6.2200501e-15,1.2768246e-16
5701.5,6.2761999e-15,1.2746123e-16
5703.0,6.3023198e-15,1.2743999e-16
5704.5,6.2712202e-15,1.2745036e-16
5706.0,6.3090703e-15,1.2768269e-16
5707.5,6.4465501e-15,1.2854116e-16
5709.0,6.4027199e-15,1.2828599e-16
5710.5,6.4287099e-15,1.2824117e-16
5712.0,6.4148998e-15,1.2800339e-16
5713.5,6.4117298e-15,1.2825374e-16
5715.0,6.4324398e-15,1.281797e-16
5716.5,6.4726802e-15,1.2804942e-16
5718.0,6.3952999e-15,1.276118e-16
5719.5,6.4481001e-15,1.2829785e-16
5721.0,6.4980501e-15,1.2849609e-16
5722.5,6.3454601e-15,1.271351e-16
5724.0,6.2766802e-15,1.2670104e-16
5725.5,6.2932401e-15,1.2675829e-16
5727.0,6.4955001e-15,1.2846071e-16
5728.5,6.3579204e-15,1.2723072e-16
5730.0,6.1656401e-15,1.2566257e-16
5731.5,6.1632201e-15,1.2586766e-16
5733.0,6.3275398e-15,1.2696183e-16
5734.5,6.3202299e-15,1.2696304e-16
5736.0,6.4301799e-15,1.2716123e-16
5737.5,6.3814996e-15,1.2703225e-16
5739.0,6.2834001e-15,1.2639289e-16
5740.5,6.1585597e-15,1.2593635e-16
5742.0,6.1474602e-15,1.2524637e-16
5743.5,6.32232e-15,1.259967e-16
5745.0,6.4000302e-15,1.2695103e-16
5746.5,6.3671501e-15,1.2689982e-16
5748.0,6.2110402e-15,1.258136e-16
5749.5,6.2779397e-15,1.2613924e-16
5751.0,6.3831802e-15,1.2666088e-16
5752.5,6.2305698e-15,1.2580974e-16
5754.0,6.2641902e-15,1.2629631e-16
5755.5,6.3119997e-15,1.2631992e-16
5757.0,6.2201001e-15,1.2550447e-16
5758.5,6.1419901e-15,1.2505069e-16
5760.0,6.2340799e-15,1.2618996e-16
5761.5,6.20289e-15,1.2582792e-16
5763.0,6.1181698e-15,1.2538373e-16
5764.5,6.21757e-15,1.266183e-16
5766.0,6.1735802e-15,1.2681514e-16
5767.5,6.30228e-15,1.2847475e-16
5769.0,6.3469902e-15,1.2947921e-16
5770.5,6.2796202e-15,1.2927952e-16
5772.0,6.2066496e-15,1.281552e-16
5773.5,6.2246198e-15,1.2735742e-16
5775.0,6.2741098e-15,1.2700181e-16
5776.5,6.2505102e-15,1.2621692e-16
5778.0,6.2099598e-15,1.2563387e-16
5779.5,6.2627401e-15,1.2653936e-16
5781.0,6.2726e-15,1.2697101e-16
5782.5,6.3001599e-15,1.2665712e-16
5784.0,6.3461e-15,1.2693929e-16
5785.5,6.2904902e-15,1.2670805e-16
5787.0,6.2803402e-15,1.2752434e-16
5788.5,6.1858702e-15,1.2768815e-16
5790.0,6.0370202e-15,1.2718597e-16
5791.5,6.0993098e-15,1.2719433e-16
5793.0,6.2276302e-15,1.2794353e-16
5794.5,6.1538401e-15,1.2662828e-16
5796.0,6.0476797e-15,1.2525136e-16
5797.5,6.0571e-15,1.248422e-16
5799.0,5.7620102e-15,1.2263309e-16
5800.5,5.8392901e-15,1.230418e-16
5802.0,5.8585902e-15,1.232586e-16
5803.5,5.7151401e-15,1.2226605e-16
5805.0,5.75844e-15,1.2194624e-16
5806.5,5.7954502e-15,1.2256637e-16
5808.0,5.62775e-15,1.2178125e-16
5809.5,5.7340598e-15,1.2196932e-16
5811.0,5.4670399e-15,1.2034205e-16
5812.5,5.5265897e-15,1.2067493e-16
5814.0,5.6562001e-15,1.2165293e-16
5815.5,5.6832501e-15,1.2167871e-16
5817.0,5.4924899e-15,1.2025416e-16
5818.5,5.3110198e-15,1.1862701e-16
5820.0,5.4391797e-15,1.1972798e-16
5821.5,5.6473398e-15,1.2162075e-16
5823.0,5.4275097e-15,1.1986421e-16
5824.5,5.4114097e-15,1.1963614e-16
5826.0,5.3947401e-15,1.1963178e-16
5827.5,5.2852704e-15,1.1897352e-16
5829.0,5.2786001e-15,1.1871139e-16
5830.5,5.3769101e-15,1.1958424e-16
5832.0,5.4731301e-15,1.2074865e-16
5833.5,5.4701299e-15,1.2062579e-16
5835.0,5.2037401e-15,1.1864823e-16
5836.5,5.1650502e-15,1.1818941e-16
5838.0,5.2570498e-15,1.1867746e-16
5839.5,5.2915203e-15,1.1899682e-16
5841.0,5.2298897e-15,1.1855684e-16
5842.5,5.1518102e-15,1.1803495e-16
5844.0,5.0821299e-15,1.1764523e-16
5845.5,5.0514102e-15,1.1749417e-16
5847.0,5.0827597e-15,1.1777285e-16
5848.5,5.0975798e-15,1.1811966e-16
5850.0,5.0928999e-15,1.1818926e-16
5851.5,5.1663801e-15,1.1863771e-16
5853.0,5.2607798e-15,1.192244e-16
5854.5,5.1614499e-15,1.1831656e-16
5856.0,5.00516e-15,1.1738513e-16
5857.5,5.03414e-15,1.175912e-16
5859.0,5.02252e-15,1.1764919e-16
5860.5,4.9797202e-15,1.1762492e-16
5862.0,5.0602697e-15,1.1803051e-16
5863.5,5.05725e-15,1.1853517e-16
5865.0,5.0272799e-15,1.1938126e-16
5866.5,4.9439001e-15,1.1926956e-16
5868.0,5.0455199e-15,1.2019329e-16
5869.5,5.17627e-15,1.2061156e-16
5871.0,5.1703001e-15,1.1991663e-16
5872.5,5.0205599e-15,1.182611e-16
5874.0,4.8102497e-15,1.1655166e-16
5875.5,4.94369e-15,1.1697349e-16
5877.0,5.1387503e-15,1.1731744e-16
5878.5,5.0398998e-15,1.1633122e-16
5880.0,5.05153e-15,1.1616109e-16
5881.5,5.1649198e-15,1.1687228e-16
5883.0,5.0087599e-15,1.1609858e-16
5884.5,5.0829503e-15,1.1810006e-16
5886.0,5.0052299e-15,1.2119243e-16
5887.5,4.8323302e-15,1.2632968e-16
5889.0,4.93601e-15,1.319729e-16
5890.5,4.8920498e-15,1.3311672e-16
5892.0,4.9787999e-15,1.3384744e-16
5893.5,4.9899901e-15,1.3218034e-16
5895.0,5.0105599e-15,1.2963502e-16
5896.5,5.1367301e-15,1.2868401e-16
5898.0,4.9417901e-15,1.2546959e-16
5899.5,4.9698803e-15,1.2196196e-16
5901.0,5.1493102e-15,1.1995735e-16
5902.5,5.1823199e-15,1.1885872e-16
5904.0,5.1964302e-15,1.1827389e-16
5905.5,5.2075603e-15,1.1852278e-16
5907.0,5.3437e-15,1.199279e-16
5908.5,5.4487902e-15,1.2061274e-16
5910.0,5.4749698e-15,1.2078545e-16
5911.5,5.3862499e-15,1.2076845e-16
5913.0,5.3902403e-15,1.2158084e-16
5914.5,5.4240898e-15,1.2222377e-16
5916.0,5.3595802e-15,1.2193875e-16
5917.5,5.3898701e-15,1.2191631e-16
5919.0,5.4047e-15,1.214883e-16
5920.5,5.58581e-15,1.2260391e-16
5922.0,5.8040099e-15,1.2462738e-16
5923.5,5.74811e-15,1.246967e-16
5925.0,5.6803897e-15,1.2462443e-16
5926.5,5.6526799e-15,1.2446675e-16
5928.0,5.6066597e-15,1.241298e-16
5929.5,5.7143003e-15,1.2542624e-16
5931.0,5.8428303e-15,1.2701323e-16
5932.5,5.9424702e-15,1.2796936e-16
5934.0,5.8228103e-15,1.2710398e-16
5935.5,5.8140803e-15,1.2670225e-16
5937.0,5.8280301e-15,1.260416e-16
5938.5,5.9340803e-15,1.2611461e-16
5940.0,5.81888e-15,1.2478413e-16
5941.5,5.7820002e-15,1.2471098e-16
5943.0,5.88259e-15,1.25987e-16
5944.5,5.9241201e-15,1.264493e-16
5946.0,5.8254301e-15,1.2562696e-16
5947.5,5.7180501e-15,1.2514205e-16
5949.0,5.7856399e-15,1.2581628e-16
5950.5,5.8335299e-15,1.2644387e-16
5952.0,5.9878805e-15,1.2716925e-16
5953.5,6.0810698e-15,1.2885733e-16
5955.0,5.9775903e-15,1.2816985e-16
5956.5,5.8679999e-15,1.2649928e-16
5958.0,6.0014402e-15,1.2710523e-16
5959.5,5.943e-15,1.2608951e-16
5961.0,5.9740399e-15,1.26196e-16
5962.5,6.0929998e-15,1.2721103e-16
5964.0,6.0395003e-15,1.270587e-16
5965.5,6.0170599e-15,1.2658298e-16
5967.0,6.0140301e-15,1.2644225e-16
5968.5,5.95171e-15,1.2645675e-16
5970.0,5.9944301e-15,1.2637729e-16
5971.5,6.0492802e-15,1.2690346e-16
5973.0,6.0068697e-15,1.2707618e-16
5974.5,6.0979198e-15,1.2781115e-16
5976.0,6.1855602e-15,1.2869117e-16
5977.5,6.1448797e-15,1.2855947e-16
5979.0,6.16007e-15,1.283319e-16
5980.5,6.2108898e-15,1.2844386e-16
5982.0,6.0466201e-15,1.2695186e-16
5983.5,6.0469699e-15,1.2725514e-16
5985.0,6.0605203e-15,1.2707034e-16
5986.5,6.1581603e-15,1.272749e-16
5988.0,6.1932e-15,1.276486e-16
5989.5,6.1490598e-15,1.2728054e-16
5991.0,6.1422399e-15,1.2674022e-16
5992.5,6.09206e-15,1.263877e-16
5994.0,6.1023502e-15,1.2675398e-16
5995.5,6.18179e-15,1.2749466e-16
5997.0,6.0731199e-15,1.2671101e-16
5998.5,5.9882396e-15,1.2577476e-16
6000.0,6.0401e-15,1.2597733e-16
6001.5,6.2241997e-15,1.2748209e-16
6003.0,6.31338e-15,1.2849087e-16
6004.5,6.26322e-15,1.2798109e-16
6006.0,6.27641e-15,1.2788864e-16
6007.5,6.1712e-15,1.2695267e-16
6009.0,6.1419901e-15,1.2631369e-16
6010.5,6.2320098e-15,1.2701297e-16
6012.0,6.27868e-15,1.2738203e-16
6013.5,6.45157e-15,1.2853489e-16
6015.0,6.36653e-15,1.2766632e-16
6016.5,6.03332e-15,1.2508543e-16
6018.0,6.2447699e-15,1.2712566e-16
6019.5,6.3868698e-15,1.2844069e-16
6021.0,6.1940898e-15,1.2692314e-16
6022.5,6.3125401e-15,1.2732575e-16
6024.0,6.4569203e-15,1.2878509e-16
6025.5,6.2523898e-15,1.2731848e-16
6027.0,6.1225401e-15,1.2624024e-16
6028.5,6.26964e-15,1.2724285e-16
6030.0,6.2254702e-15,1.2716315e-16
6031.5,6.2827301e-15,1.2724912e-16
6033.0,6.36488e-15,1.2747872e-16
6034.5,6.4052e-15,1.2789146e-16
6036.0,6.3392302e-15,1.2733662e-16
6037.5,6.3454601e-15,1.2715313e-16
6039.0,6.3508201e-15,1.2395259e-16
6040.5,6.3561801e-15,9.9882264e-17
6042.0,6.3615397e-15,1.1718957e-16
6043.5,6.3615397e-15,1.2730311e-16
6045.0,6.3059202e-15,1.2676093e-16
6046.5,6.4166299e-15,1.2740343e-16
6048.0,6.3667697e-15,1.2690197e-16
6049.5,6.33989e-15,1.2699453e-16
6051.0,6.26188e-15,1.2676423e-16
6052.5,6.1784502e-15,1.2581149e-16
6054.0,6.2462903e-15,1.2561273e-16
6055.5,6.2115797e-15,1.2540441e-16
6057.0,6.2090802e-15,1.2581176e-16
6058.5,6.3047801e-15,1.263098e-16
6060.0,6.32057e-15,1.2635871e-16
6061.5,6.29514e-15,1.2632422e-16
6063.0,6.2005603e-15,1.2558001e-16
6064.5,6.2113599e-15,1.2580745e-16
6066.0,6.32281e-15,1.2660554e-16
6067.5,6.4153801e-15,1.2692575e-16
6069.0,6.4818502e-15,1.2720539e-16
6070.5,6.4341004e-15,1.2702006e-16
6072.0,6.3843499e-15,1.2691446e-16
6073.5,6.3999802e-15,1.2682452e-16
6075.0,6.4736399e-15,1.2716067e-16
6076.5,6.4510398e-15,1.2703827e-16
6078.0,6.37181e-15,1.2670639e-16
6079.5,6.3362397e-15,1.264407e-16
6081.0,6.2152601e-15,1.2497493e-16
6082.5,6.2010698e-15,1.2438974e-16
6084.0,6.1421201e-15,1.2423384e-16
6085.5,6.0531998e-15,1.2404669e-16
6087.0,6.05903e-15,1.2377654e-16
6088.5,6.1358902e-15,1.2397523e-16
6090.0,6.1570804e-15,1.2416855e-16
6091.5,6.0447003e-15,1.2351995e-16
6093.0,5.9367798e-15,1.221535e-16
6094.5,6.0718003e-15,1.2256853e-16
6096.0,6.1575899e-15,1.28142e-16
6097.5,6.0981303e-15,1.279068e-16
6099.0,6.0802498e-15,1.2333576e-16
6100.5,6.0460102e-15,1.2344011e-16
6102.0,6.0757199e-15,1.2368086e-16
6103.5,6.01374e-15,1.2318711e-16
6105.0,6.0377004e-15,1.2332458e-16
6106.5,6.1064803e-15,1.2391632e-16
6108.0,6.1277701e-15,1.2383329e-16
6109.5,5.9619697e-15,1.2282278e-16
6111.0,5.87437e-15,1.2215047e-16
6112.5,6.0372599e-15,1.232457e-16
6114.0,6.0934402e-15,1.2354565e-16
6115.5,6.0571601e-15,1.2316528e-16
6117.0,5.9584698e-15,1.2250767e-16
6118.5,5.88354e-15,1.2161757e-16
6120.0,5.8793501e-15,1.2136619e-16
6121.5,5.94171e-15,1.2194903e-16
6123.0,6.03837e-15,1.2266664e-16
6124.5,6.0355201e-15,1.2272467e-16
6126.0,6.0435398e-15,1.2296563e-16
6127.5,6.0608303e-15,1.227951e-16
6129.0,5.9314901e-15,1.2158395e-16
6130.5,5.8159798e-15,1.2095788e-16
6132.0,5.85778e-15,1.2153024e-16
6133.5,5.8542801e-15,1.2123078e-16
6135.0,5.8197199e-15,1.2104068e-16
6136.5,5.7456799e-15,1.206318e-16
6138.0,5.57875e-15,1.1931914e-16
6139.5,5.3221003e-15,1.1752349e-16
6141.0,5.2008801e-15,1.1675875e-16
6142.5,5.3152698e-15,1.1750449e-16
6144.0,5.3123001e-15,1.1735631e-16
6145.5,5.2422098e-15,1.1665584e-16
6147.0,5.0164298e-15,1.1463252e-16
6148.5,4.9230999e-15,1.1365854e-16
6150.0,4.9313504e-15,1.1368473e-16
6151.5,4.6484601e-15,1.1133581e-16
6153.0,4.6318002e-15,1.1127699e-16
6154.5,4.6189698e-15,1.114434e-16
6156.0,4.4057398e-15,1.0976944e-16
6157.5,4.3256401e-15,1.0901208e-16
6159.0,4.4186202e-15,1.0982902e-16
6160.5,4.2356001e-15,1.0862663e-16
6162.0,4.03256e-15,1.0643797e-16
6163.5,3.86122e-15,1.0463668e-16
6165.0,3.9087e-15,1.0445117e-16
6166.5,3.9548701e-15,1.0454768e-16
6168.0,3.79321e-15,1.0259794e-16
6169.5,3.7448601e-15,1.0252449e-16
6171.0,3.6922899e-15,1.024266e-16
6172.5,3.5267301e-15,1.0123075e-16
6174.0,3.49205e-15,9.9788289e-17
6175.5,3.4370501e-15,9.9702524e-17
6177.0,3.2801599e-15,9.9551911e-17
6178.5,3.28944e-15,9.7961178e-17
6180.0,3.2791801e-15,9.8930627e-17
6181.5,3.3349e-15,9.6975258e-17
6183.0,3.3675999e-15,9.7401334e-17
6184.5,3.18534e-15,9.611854e-17
6186.0,3.04938e-15,9.4949214e-17
6187.5,3.2012501e-15,9.6351791e-17
6189.0,3.08895e-15,9.5020258e-17
6190.5,3.13612e-15,9.5761811e-17
6192.0,2.93997e-15,9.3799059e-17
6193.5,2.91047e-15,9.3719614e-17
6195.0,2.8975e-15,9.3311881e-17
6196.5,2.7471002e-15,9.2455141e-17
6198.0,2.72278e-15,9.2350228e-17
6199.5,2.8038199e-15,9.2829926e-17
6201.0,2.802e-15,9.3325984e-17
6202.5,2.73772e-15,9.1808832e-17
6204.0,2.7125199e-15,9.2063591e-17
6205.5,2.6673601e-15,9.1906236e-17
6207.0,2.6289698e-15,9.0939722e-17
6208.5,2.6231401e-15,9.0261645e-17
6210.0,2.61194e-15,8.993079e-17
6211.5,2.6547999e-15,9.0175533e-17
6213.0,2.6195199e-15,8.9331546e-17
6214.5,2.53115e-15,8.9372518e-17
6216.0,2.59168e-15,9.041172e-17
6217.5,2.6620399e-15,9.0229848e-17
6219.0,2.6366702e-15,9.0918974e-17
6220.5,2.50772e-15,9.0129774e-17
6222.0,2.47684e-15,9.0278669e-17
6223.5,2.5136399e-15,9.0452943e-17
6225.0,2.7774301e-15,9.2264101e-17
6226.5,3.0687e-15,1.1001338e-16
6228.0,3.2224001e-15,1.2541947e-16
6229.5,3.1406902e-15,1.0888536e-16
6231.0,2.6564802e-15,9.1247093e-17
6232.5,2.55548e-15,9.1119912e-17
6234.0,2.5169999e-15,9.4303989e-17
6235.5,2.4038401e-15,9.3536842e-17
6237.0,2.33214e-15,9.3977213e-17
6238.5,2.26347e-15,9.2430572e-17
6240.0,2.45156e-15,9.1739308e-17
6241.5,2.53848e-15,9.1383714e-17
6243.0,2.4989399e-15,9.0346872e-17
6244.5,2.40324e-15,8.9064122e-17
6246.0,2.46842e-15,8.9294608e-17
6247.5,2.44951e-15,9.2357574e-17
6249.0,2.4615199e-15,9.095381e-17
6250.5,2.4691601e-15,8.9157817e-17
6252.0,2.6060601e-15,9.1195101e-17
6253.5,2.67292e-15,9.2673221e-17
6255.0,2.71786e-15,9.3047903e-17
6256.5,2.7262101e-15,9.4887996e-17
6258.0,2.6941501e-15,9.5592507e-17
6259.5,2.7252701e-15,9.7450604e-17
6261.0,2.7432202e-15,9.5839913e-17
6262.5,2.63766e-15,9.2521678e-17
6264.0,2.5344801e-15,9.2768744e-17
6265.5,2.5574099e-15,9.2917573e-17
6267.0,2.68679e-15,9.3025193e-17
6268.5,2.7496e-15,9.261476e-17
6270.0,2.7459099e-15,9.2014793e-17
6271.5,2.8150202e-15,9.2827249e-17
6273.0,2.8305499e-15,9.3401445e-17
6274.5,2.9355401e-15,9.5440611e-17
6276.0,2.9507e-15,9.6872831e-17
6277.5,2.86728e-15,9.5824497e-17
6279.0,2.7927301e-15,9.432546e-17
6280.5,2.8703101e-15,9.5326448e-17
6282.0,3.0274999e-15,9.7342446e-17
6283.5,3.1474499e-15,9.8426183e-17
6285.0,3.13259e-15,9.8565541e-17
6286.5,3.1502699e-15,9.9558136e-17
6288.0,3.25138e-15,1.0083779e-16
6289.5,3.23368e-15,1.0074007e-16
6291.0,3.1599401e-15,9.9617695e-17
6292.5,3.2203401e-15,9.9485927e-17
6294.0,3.3680201e-15,1.0121503e-16
6295.5,3.41837e-15,1.0428649e-16
6297.0,3.52228e-15,1.1088012e-16
6298.5,3.5577599e-15,1.185629e-16
6300.0,3.4303401e-15,1.2167846e-16
6301.5,3.4146799e-15,1.2069991e-16
6303.0,3.49412e-15,1.184514e-16
6304.5,3.5230601e-15,1.1375488e-16
6306.0,3.5179701e-15,1.0815488e-16
6307.5,3.59463e-15,1.0516174e-16
6309.0,3.6709599e-15,1.0418436e-16
6310.5,3.7718597e-15,1.0373178e-16
6312.0,3.7000699e-15,1.0184842e-16
6313.5,3.5993699e-15,1.0073609e-16
6315.0,3.7775298e-15,1.0250113e-16
6316.5,3.88577e-15,1.0370778e-16
6318.0,4.0010702e-15,1.0459259e-16
6319.5,4.0428201e-15,1.0511178e-16
6321.0,3.8787502e-15,1.0344776e-16
6322.5,3.89999e-15,1.0351255e-16
6324.0,4.0085601e-15,1.0503108e-16
6325.5,3.9627598e-15,1.0425219e-16
6327.0,4.0204601e-15,1.057702e-16
6328.5,4.16253e-15,1.0859314e-16
6330.0,4.4365803e-15,1.1113615e-16
6331.5,4.4389799e-15,1.1106253e-16
6333.0,4.33282e-15,1.0931631e-16
6334.5,4.3060898e-15,1.0708126e-16
6336.0,4.22941e-15,1.0594342e-16
6337.5,4.4447397e-15,1.0810658e-16
6339.0,4.50004e-15,1.0896e-16
6340.5,4.5058299e-15,1.0863776e-16
6342.0,4.5761501e-15,1.0865022e-16
6343.5,4.5798504e-15,1.0877794e-16
6345.0,4.4842e-15,1.0822516e-16
6346.5,4.6203801e-15,1.0962008e-16
6348.0,4.8563499e-15,1.1232832e-16
6349.5,4.7946203e-15,1.1183158e-16
6351.0,4.6919599e-15,1.1052072e-16
6352.5,4.6780401e-15,1.1056454e-16
6354.0,4.7177901e-15,1.1111901e-16
6355.5,4.7872701e-15,1.123414e-16
6357.0,4.9634602e-15,1.1435387e-16
6358.5,5.02291e-15,1.1478173e-16
6360.0,4.93694e-15,1.1435709e-16
6361.5,4.8414404e-15,1.1522478e-16
6363.0,4.8070797e-15,1.1683714e-16
6364.5,4.94593e-15,1.1842401e-16
6366.0,5.0015301e-15,1.1818765e-16
6367.5,4.8063301e-15,1.1480679e-16
6369.0,4.8818401e-15,1.1299732e-16
6370.5,4.9885501e-15,1.1221706e-16
6372.0,5.0033101e-15,1.1192034e-16
6373.5,5.0918899e-15,1.1236995e-16
6375.0,5.14412e-15,1.1296286e-16
6376.5,5.0624601e-15,1.1289839e-16
6378.0,5.1334601e-15,1.1333498e-16
6379.5,5.1750698e-15,1.1379459e-16
6381.0,5.2609199e-15,1.1471941e-16
6382.5,5.2960002e-15,1.1504065e-16
6384.0,5.2709497e-15,1.1510396e-16
6385.5,5.3851399e-15,1.1637614e-16
6387.0,5.3890502e-15,1.1639323e-16
6388.5,5.42266e-15,1.1684198e-16
6390.0,5.4155301e-15,1.1634595e-16
6391.5,5.50891e-15,1.1611719e-16
6393.0,5.5408703e-15,1.1606651e-16
6394.5,5.5152102e-15,1.1586606e-16
6396.0,5.4484801e-15,1.1552603e-16
6397.5,5.60822e-15,1.1709226e-16
6399.0,5.5290999e-15,1.1620851e-16
6400.5,5.3675999e-15,1.1547376e-16
6402.0,5.4625904e-15,1.1595145e-16
6403.5,5.5290097e-15,1.169702e-16
6405.0,5.4535399e-15,1.1606717e-16
6406.5,5.5037499e-15,1.1580281e-16
6408.0,5.6946703e-15,1.1731482e-16
6409.5,5.7173699e-15,1.1738354e-16
6411.0,5.5427697e-15,1.165412e-16
6412.5,5.5147401e-15,1.1626232e-16
6414.0,5.5314203e-15,1.1643604e-16
6415.5,5.4772403e-15,1.1620648e-16
6417.0,5.5414098e-15,1.1697487e-16
6418.5,5.58756e-15,1.174189e-16
6420.0,5.67031e-15,1.1805494e-16
6421.5,5.6673797e-15,1.1791611e-16
6423.0,5.7202003e-15,1.185876e-16
6424.5,5.6627998e-15,1.1796537e-16
6426.0,5.5345899e-15,1.1656756e-16
6427.5,5.5335104e-15,1.1631316e-16
6429.0,5.5287801e-15,1.1619768e-16
6430.5,5.6291201e-15,1.1698282e-16
6432.0,5.6451603e-15,1.1726689e-16
6433.5,5.6449799e-15,1.1729646e-16
6435.0,5.71874e-15,1.1781918e-16
6436.5,5.6532601e-15,1.1724557e-16
6438.0,5.5215003e-15,1.1637265e-16
6439.5,5.6253999e-15,1.1716973e-16
6441.0,5.7028598e-15,1.178879e-16
6442.5,5.7459797e-15,1.1836344e-16
6444.0,5.6975997e-15,1.1772006e-16
6445.5,5.6904203e-15,1.1750349e-16
6447.0,5.7006698e-15,1.1775675e-16
6448.5,5.8313801e-15,1.189047e-16
6450.0,5.70795e-15,1.1818784e-16
6451.5,5.6127702e-15,1.1759342e-16
6453.0,5.5640201e-15,1.1738624e-16
6454.5,5.5263e-15,1.1699946e-16
6456.0,5.4972002e-15,1.1635121e-16
6457.5,5.5887598e-15,1.170594e-16
6459.0,5.6774903e-15,1.1786572e-16
6460.5,5.6417997e-15,1.1785315e-16
6462.0,5.6852004e-15,1.1906029e-16
6463.5,5.61103e-15,1.1949479e-16
6465.0,5.55863e-15,1.1976873e-16
6466.5,5.7393699e-15,1.2121466e-16
6468.0,5.7046699e-15,1.2077781e-16
6469.5,5.6231498e-15,1.2052159e-16
6471.0,5.6272003e-15,1.1983282e-16
6472.5,5.5808803e-15,1.1837111e-16
6474.0,5.4582701e-15,1.1729958e-16
6475.5,5.5461401e-15,1.1781125e-16
6477.0,5.56994e-15,1.1741083e-16
6478.5,5.36062e-15,1.1595012e-16
6480.0,5.42513e-15,1.1647215e-16
6481.5,5.5468202e-15,1.1676383e-16
6483.0,5.3976899e-15,1.1562793e-16
6484.5,5.3750602e-15,1.1570934e-16
6486.0,5.4307098e-15,1.1600195e-16
6487.5,5.4031601e-15,1.1591696e-16
6489.0,5.4043103e-15,1.1616592e-16
6490.5,5.4025303e-15,1.1585465e-16
6492.0,5.4937901e-15,1.1639215e-16
6493.5,5.5905602e-15,1.1738454e-16
6495.0,5.56497e-15,1.1830624e-16
6496.5,5.5815401e-15,1.1938171e-16
6498.0,5.61399e-15,1.2045301e-16
6499.5,5.5378497e-15,1.2073297e-16
6501.0,5.58952e-15,1.2087388e-16
6502.5,5.68618e-15,1.2096033e-16
6504.0,5.5220598e-15,1.1911086e-16
6505.5,5.4658697e-15,1.1813583e-16
6507.0,5.4244197e-15,1.1737431e-16
6508.5,5.4093798e-15,1.1677826e-16
6510.0,5.4614702e-15,1.168543e-16
6511.5,5.46215e-15,1.1668516e-16
6513.0,5.4914196e-15,1.1690776e-16
6514.5,5.4679598e-15,1.1667196e-16
6516.0,5.3851001e-15,1.1597798e-16
6517.5,5.3212799e-15,1.1544733e-16
6519.0,5.43317e-15,1.1637819e-16
6520.5,5.47815e-15,1.1700944e-16
6522.0,5.5059302e-15,1.1731855e-16
6523.5,5.4771598e-15,1.1744402e-16
6525.0,5.4022398e-15,1.1708853e-16
6526.5,5.4899801e-15,1.1738704e-16
6528.0,5.5938001e-15,1.1785896e-16
6529.5,5.5729902e-15,1.1794302e-16
6531.0,5.4734604e-15,1.1860906e-16
6532.5,5.4432501e-15,1.1918367e-16
6534.0,5.2946801e-15,1.1854395e-16
6535.5,5.3989901e-15,1.1878747e-16
6537.0,5.40697e-15,1.1744786e-16
6538.5,5.3429297e-15,1.1646541e-16
6540.0,5.4929299e-15,1.1755875e-16
6541.5,5.4516802e-15,1.1740396e-16
6543.0,5.45785e-15,1.1726602e-16
6544.5,5.2629998e-15,1.1646482e-16
6546.0,5.4059803e-15,1.1799956e-16
6547.5,5.4483802e-15,1.1780153e-16
6549.0,5.3793999e-15,1.1678287e-16
6550.5,5.4462402e-15,1.1805646e-16
6552.0,5.39767e-15,1.1905235e-16
6553.5,5.2642204e-15,1.1830365e-16
6555.0,5.23452e-15,1.183554e-16
6556.5,5.0616004e-15,1.1631034e-16
6558.0,5.1166203e-15,1.1599006e-16
6559.5,5.2529604e-15,1.1717728e-16
6561.0,5.2086102e-15,1.1766276e-16
6562.5,5.2245301e-15,1.1806046e-16
6564.0,5.0574597e-15,1.1677902e-16
6565.5,5.1445397e-15,1.1706562e-16
6567.0,5.3106501e-15,1.1769543e-16
6568.5,5.1034701e-15,1.1532227e-16
6570.0,5.1075701e-15,1.1512006e-16
6571.5,5.11493e-15,1.1517852e-16
6573.0,5.1896099e-15,1.1588427e-16
6574.5,5.22823e-15,1.1673119e-16
6576.0,5.2129698e-15,1.1729141e-16
6577.5,5.22862e-15,1.1789149e-16
6579.0,5.2205902e-15,1.1771059e-16
6580.5,5.16589e-15,1.1638962e-16
6582.0,5.14404e-15,1.1554675e-16
6583.5,5.1237701e-15,1.1497921e-16
6585.0,5.0707797e-15,1.1388732e-16
6586.5,5.1711103e-15,1.1434028e-16
6588.0,5.2368003e-15,1.1514012e-16
6589.5,5.1076002e-15,1.1425707e-16
6591.0,5.0726199e-15,1.1364172e-16
6592.5,5.0106802e-15,1.135232e-16
6594.0,4.9998e-15,1.1390641e-16
6595.5,5.0826204e-15,1.1484165e-16
6597.0,4.9739697e-15,1.141465e-16
6598.5,5.0067702e-15,1.1470386e-16
6600.0,5.0504399e-15,1.1446209e-16
6601.5,5.14136e-15,1.1562477e-16
6603.0,5.1012e-15,1.1574395e-16
6604.5,5.0557601e-15,1.1536732e-16
6606.0,5.0648399e-15,1.1541524e-16
6607.5,4.8439396e-15,1.1329371e-16
6609.0,4.91924e-15,1.130327e-16
6610.5,4.98393e-15,1.1324909e-16
6612.0,4.8638402e-15,1.1183427e-16
6613.5,4.9226497e-15,1.1271764e-16
6615.0,4.8921099e-15,1.1213637e-16
6616.5,4.9091201e-15,1.1208755e-16
6618.0,4.7160804e-15,1.1065138e-16
6619.5,4.71528e-15,1.1105763e-16
6621.0,4.8847801e-15,1.1190676e-16
6622.5,4.79267e-15,1.1127498e-16
6624.0,4.8713597e-15,1.121402e-16
6625.5,4.6753898e-15,1.1082683e-16
6627.0,4.8003403e-15,1.1182171e-16
6628.5,4.9127797e-15,1.1244772e-16
6630.0,4.9081803e-15,1.1262013e-16
6631.5,4.8748296e-15,1.1285606e-16
6633.0,4.7617101e-15,1.1253909e-16
6634.5,4.6956199e-15,1.1185002e-16
6636.0,4.7214099e-15,1.1182789e-16
6637.5,4.8348497e-15,1.1252178e-16
6639.0,4.89876e-15,1.1283967e-16
6640.5,4.9125899e-15,1.1284051e-16
6642.0,4.8347802e-15,1.1196413e-16
6643.5,4.7496602e-15,1.1124123e-16
6645.0,4.73839e-15,1.1154503e-16
6646.5,4.7263498e-15,1.1165479e-16
6648.0,4.5364099e-15,1.1001999e-16
6649.5,4.5590401e-15,1.0990503e-16
6651.0,4.67811e-15,1.1117018e-16
6652.5,4.67136e-15,1.1124427e-16
6654.0,4.6968799e-15,1.1124887e-16
6655.5,4.69493e-15,1.107458e-16
6657.0,4.6647803e-15,1.104289e-16
6658.5,4.6675602e-15,1.1085599e-16
6660.0,4.6247101e-15,1.1039729e-16
6661.5,4.6811001e-15,1.107577e-16
6663.0,4.6241299e-15,1.1050408e-16
6664.5,4.46704e-15,1.0909904e-16
6666.0,4.4776804e-15,1.0923653e-16
6667.5,4.5454202e-15,1.0954481e-16
6669.0,4.5416297e-15,1.0950911e-16
6670.5,4.68684e-15,1.1078048e-16
6672.0,4.54788e-15,1.0948019e-16
6673.5,4.5393601e-15,1.087776e-16
6675.0,4.4757602e-15,1.0860295e-16
6676.5,4.4257497e-15,1.084004e-16
6678.0,4.4673399e-15,1.0836685e-16
6679.5,4.5097e-15,1.0869892e-16
6681.0,4.4586904e-15,1.0859985e-16
6682.5,4.7164404e-15,1.1063761e-16
6684.0,4.7240802e-15,1.1103744e-16
6685.5,4.8426301e-15,1.1240094e-16
6687.0,4.7593799e-15,1.1177852e-16
6688.5,4.7269703e-15,1.1154536e-16
6690.0,4.6416203e-15,1.108278e-16
6691.5,4.4044701e-15,1.0810152e-16
6693.0,4.1654603e-15,1.0640111e-16
6694.5,4.2548197e-15,1.0707002e-16
6696.0,4.5014901e-15,1.0853163e-16
6697.5,4.3252501e-15,1.0781761e-16
6699.0,4.1682703e-15,1.0696768e-16
6700.5,4.4829702e-15,1.0906118e-16
6702.0,4.5197301e-15,1.0938425e-16
6703.5,4.45751e-15,1.0921549e-16
6705.0,4.5029301e-15,1.0964801e-16
6706.5,4.6484097e-15,1.1070441e-16
6708.0,4.6465301e-15,1.1055541e-16
6709.5,4.58892e-15,1.0967819e-16
6711.0,4.5055199e-15,1.0907673e-16
6712.5,4.3839003e-15,1.0790221e-16
6714.0,4.2891402e-15,1.0703399e-16
6715.5,4.2365399e-15,1.0655176e-16
6717.0,4.2799101e-15,1.0693856e-16
6718.5,4.3411002e-15,1.0736783e-16
6720.0,4.2744899e-15,1.0656796e-16
6721.5,4.26955e-15,1.0668892e-16
6723.0,4.3007899e-15,1.0746727e-16
6724.5,4.2375796e-15,1.0683091e-16
6726.0,4.1781302e-15,1.0598839e-16
6727.5,4.2305001e-15,1.0666124e-16
6729.0,4.2852998e-15,1.0699631e-16
6730.5,4.2403799e-15,1.065343e-16
6732.0,4.2173902e-15,1.065651e-16
6733.5,4.24147e-15,1.0652562e-16
6735.0,4.21099e-15,1.0625633e-16
6736.5,4.1997198e-15,1.0630443e-16
6738.0,4.1772501e-15,1.0603956e-16
6739.5,4.16825e-15,1.0584557e-16
6741.0,4.1749e-15,1.0632614e-16
6742.5,4.1250602e-15,1.0650813e-16
6744.0,4.09117e-15,1.057921e-16
6745.5,4.07615e-15,1.0542087e-16
6747.0,4.1978e-15,1.0654687e-16
6748.5,4.1935703e-15,1.0597549e-16
6750.0,4.1266098e-15,1.04941e-16
6751.5,4.2218299e-15,1.0588769e-16
6753.0,4.1479801e-15,1.0531278e-16
6754.5,4.0626898e-15,1.0430684e-16
6756.0,4.1111002e-15,1.0480623e-16
6757.5,4.0306101e-15,1.0436454e-16
6759.0,4.1277e-15,1.0533407e-16
6760.5,4.1385496e-15,1.0576564e-16
6762.0,4.10753e-15,1.0517783e-16
6763.5,3.99807e-15,1.0355499e-16
6765.0,4.1082199e-15,1.0462519e-16
6766.5,4.2269904e-15,1.0610318e-16
6768.0,4.1389799e-15,1.0565728e-16
6769.5,3.9902799e-15,1.0397306e-16
6771.0,3.9881301e-15,1.0384952e-16
6772.5,3.9875402e-15,1.0402027e-16
6774.0,3.9767998e-15,1.0355408e-16
6775.5,4.0716099e-15,1.045916e-16
6777.0,4.0886598e-15,1.0506276e-16
6778.5,4.09679e-15,1.0484139e-16
6780.0,4.1414901e-15,1.0472186e-16
6781.5,4.0178999e-15,1.0351306e-16
6783.0,3.8840302e-15,1.0285831e-16
6784.5,3.9761399e-15,1.0381774e-16
6786.0,3.9694098e-15,1.037951e-16
6787.5,3.9618501e-15,1.0378451e-16
6789.0,3.9435402e-15,1.0357942e-16
6790.5,3.8938702e-15,1.0285759e-16
6792.0,3.8236998e-15,1.0223576e-16
6793.5,3.90888e-15,1.0302377e-16
6795.0,3.9301499e-15,1.0328196e-16
6796.5,3.9471202e-15,1.0332488e-16
6798.0,3.9700599e-15,1.0319441e-16
6799.5,3.9044699e-15,1.0255953e-16
6801.0,3.9629601e-15,1.033754e-16
6802.5,4.0042301e-15,1.0389387e-16
6804.0,3.86704e-15,1.0247571e-16
6805.5,3.8407798e-15,1.0207133e-16
6807.0,3.8661002e-15,1.0219376e-16
6808.5,3.83064e-15,1.018122e-16
6810.0,3.9216601e-15,1.0297249e-16
6811.5,3.9639901e-15,1.0341581e-16
6813.0,3.8624101e-15,1.0237664e-16
6814.5,3.8364697e-15,1.0183319e-16
6816.0,3.91442e-15,1.0230468e-16
6817.5,3.8397799e-15,1.0189969e-16
6819.0,3.8994801e-15,1.0248812e-16
6820.5,3.8182801e-15,1.0184539e-16
6822.0,3.6857601e-15,1.0099356e-16
6823.5,3.5266799e-15,1.0011887e-16
6825.0,3.5789802e-15,1.0168065e-16
6826.5,3.7567601e-15,1.0540931e-16
6828.0,3.8814298e-15,1.0922687e-16
6829.5,3.6868502e-15,1.0953529e-16
6831.0,3.6889102e-15,1.1020857e-16
6832.5,3.6795598e-15,1.0997993e-16
6834.0,3.60061e-15,1.0779058e-16
6835.5,3.79913e-15,1.0824917e-16
6837.0,3.8420898e-15,1.0690331e-16
6838.5,3.53699e-15,1.0277034e-16
6840.0,3.65806e-15,1.0241013e-16
6841.5,3.6734502e-15,1.0286709e-16
6843.0,3.9143701e-15,1.0628056e-16
6844.5,3.8196498e-15,1.0492518e-16
6846.0,3.6236201e-15,1.0189138e-16
6847.5,3.66241e-15,1.0198525e-16
6849.0,3.6648799e-15,1.0196147e-16
6850.5,3.6105601e-15,1.0007027e-16
6852.0,3.5566998e-15,9.89757e-17
6853.5,3.5537399e-15,9.9210095e-17
6855.0,3.67153e-15,1.0119816e-16
6856.5,3.8294402e-15,1.0291169e-16
6858.0,3.68096e-15,1.0129002e-16
6859.5,3.5384501e-15,1.0117805e-16
6861.0,3.51866e-15,1.0491019e-16
6862.5,3.5696399e-15,1.0922108e-16
6864.0,3.6348001e-15,1.1252142e-16
6865.5,3.6325199e-15,1.1685935e-16
6867.0,3.56722e-15,1.2253716e-16
6868.5,3.5387499e-15,1.268954e-16
6870.0,3.67707e-15,1.2925521e-16
6871.5,3.57454e-15,1.2674933e-16
6873.0,3.3276401e-15,1.2171479e-16
6874.5,3.4015998e-15,1.1919657e-16
6876.0,3.4849e-15,1.1587137e-16
6877.5,3.4757e-15,1.1219288e-16
6879.0,3.3487799e-15,1.0868026e-16
6880.5,3.3757901e-15,1.066121e-16
6882.0,3.5023601e-15,1.0625464e-16
6883.5,3.47851e-15,1.0564942e-16
6885.0,3.51025e-15,1.0635506e-16
6886.5,3.4898702e-15,1.0814879e-16
6888.0,3.5459099e-15,1.1238859e-16
6889.5,3.5711803e-15,1.1406096e-16
6891.0,3.4732499e-15,1.1275395e-16
6892.5,3.39812e-15,1.1015063e-16
6894.0,3.37819e-15,1.0809545e-16
6895.5,3.34397e-15,1.0703738e-16
6897.0,3.3400199e-15,1.0790064e-16
6898.5,3.48808e-15,1.1014772e-16
6900.0,3.51929e-15,1.1039478e-16
6901.5,3.40729e-15,1.0863333e-16
6903.0,3.54575e-15,1.0974195e-16
6904.5,3.4902101e-15,1.084983e-16
6906.0,3.6366102e-15,1.076973e-16
6907.5,3.49904e-15,1.0608329e-16
6909.0,3.5336002e-15,1.0653151e-16
6910.5,3.4711899e-15,1.0643961e-16
6912.0,3.4457099e-15,1.0722687e-16
6913.5,3.5095502e-15,1.0769393e-16
6915.0,3.46102e-15,1.0739024e-16
6916.5,3.32149e-15,1.0426268e-16
6918.0,3.3237501e-15,1.0306743e-16
6919.5,3.32676e-15,1.0395941e-16
6921.0,3.32882e-15,1.0602716e-16
6922.5,3.2921801e-15,1.0667061e-16
6924.0,3.2925899e-15,1.0731386e-16
6925.5,3.4932799e-15,1.1038025e-16
6927.0,3.61259e-15,1.1025346e-16
6928.5,3.5130101e-15,1.0567675e-16
6930.0,3.4521599e-15,1.0321491e-16
6931.5,3.44345e-15,1.0391077e-16
6933.0,3.3308101e-15,1.0351415e-16
6934.5,3.3364001e-15,1.0309646e-16
6936.0,3.3856398e-15,1.0380913e-16
6937.5,3.42866e-15,1.063737e-16
6939.0,3.4600599e-15,1.0792433e-16
6940.5,3.4297899e-15,1.0753843e-16
6942.0,3.4380301e-15,1.0806057e-16
6943.5,3.51714e-15,1.0821172e-16
6945.0,3.5039102e-15,1.0669691e-16
6946.5,3.39284e-15,1.0634988e-16
6948.0,3.3446701e-15,1.0793883e-16
6949.5,3.36589e-15,1.0906849e-16
6951.0,3.3287201e-15,1.0858209e-16
6952.5,3.2428201e-15,1.0592638e-16
6954.0,3.22388e-15,1.0345025e-16
6955.5,3.35099e-15,1.0378572e-16
6957.0,3.40854e-15,1.0368737e-16
6958.5,3.3740799e-15,1.0297397e-16
6960.0,3.2936599e-15,1.0237851e-16
6961.5,3.16817e-15,1.0098669e-16
6963.0,3.20528e-15,9.9774504e-17
6964.5,3.24844e-15,9.8681348e-17
6966.0,3.2487e-15,9.8618912e-17
6967.5,3.2261901e-15,9.8456018e-17
6969.0,3.1816199e-15,9.777609e-17
6970.5,3.2209002e-15,9.8236036e-17
6972.0,3.27683e-15,9.9164166e-17
6973.5,3.2779601e-15,9.9102468e-17
6975.0,3.30132e-15,1.007869e-16
6976.5,3.31107e-15,1.0298169e-16
6978.0,3.25755e-15,1.0260129e-16
6979.5,3.2432301e-15,1.0242654e-16
6981.0,3.2436199e-15,1.0244624e-16
6982.5,3.1858201e-15,9.9368571e-17
6984.0,3.1840201e-15,9.7905557e-17
6985.5,3.1811599e-15,1.0048099e-16
6987.0,3.2084501e-15,9.9786335e-17
6988.5,3.1923899e-15,9.7315753e-17
6990.0,3.2322e-15,9.8487343e-17
6991.5,3.2743001e-15,9.9254711e-17
6993.0,3.1847501e-15,9.7450324e-17
6994.5,3.1630999e-15,9.6964261e-17
6996.0,3.13063e-15,9.735455e-17
6997.5,3.2015201e-15,9.8134479e-17
6999.0,3.14501e-15,9.7261409e-17
7000.5,3.1725399e-15,9.7549661e-17
7002.0,3.1267499e-15,9.6706441e-17
7003.5,3.0821401e-15,9.6727594e-17
7005.0,3.2062399e-15,9.9143632e-17
7006.5,3.2367799e-15,9.959396e-17
7008.0,3.08006e-15,9.7420474e-17
7009.5,3.0565e-15,9.7190328e-17
7011.0,3.1636001e-15,9.8683413e-17
7012.5,3.2264499e-15,1.0007892e-16
7014.0,3.2416501e-15,1.0036238e-16
7015.5,3.2644201e-15,9.9373985e-17
7017.0,3.1814301e-15,9.7357021e-17
7018.5,3.1171702e-15,9.5449284e-17
7020.0,3.1104299e-15,9.4823561e-17
7021.5,3.05403e-15,9.4528545e-17
7023.0,2.9890899e-15,9.3726577e-17
7024.5,3.01778e-15,9.4097409e-17
7026.0,3.1064101e-15,9.6003021e-17
7027.5,3.1370001e-15,9.6945512e-17
7029.0,3.12767e-15,9.6401305e-17
7030.5,3.0948602e-15,9.5511676e-17
7032.0,3.0059399e-15,9.3518993e-17
7033.5,2.9922701e-15,9.2263179e-17
7035.0,3.0278201e-15,9.3051642e-17
7036.5,3.0636102e-15,9.4840193e-17
7038.0,3.0801301e-15,9.6921732e-17
7039.5,3.03182e-15,9.5695023e-17
7041.0,3.0272301e-15,9.4123556e-17
7042.5,3.00252e-15,9.4050528e-17
7044.0,3.0044799e-15,9.4894604e-17
7045.5,2.9680299e-15,9.4805947e-17
7047.0,2.9611899e-15,9.5661633e-17
7048.5,3.1228999e-15,9.8090962e-17
7050.0,3.16026e-15,9.8252307e-17
7051.5,2.97414e-15,9.6289105e-17
7053.0,3.03856e-15,9.6488745e-17
7054.5,3.0026299e-15,9.5676333e-17
7056.0,3.0773499e-15,9.5115177e-17
7057.5,3.04612e-15,9.3798085e-17
7059.0,3.0299499e-15,9.4477888e-17
7060.5,2.94869e-15,9.323926e-17
7062.0,2.93944e-15,9.2870626e-17
7063.5,3.00865e-15,9.2880303e-17
7065.0,2.7911699e-15,9.169565e-17
7066.5,2.90672e-15,9.3953161e-17
7068.0,2.88732e-15,9.4132148e-17
7069.5,2.8900002e-15,9.4127398e-17
7071.0,2.9609398e-15,9.3899347e-17
7072.5,2.8947501e-15,9.1529172e-17
7074.0,2.9944999e-15,9.344702e-17
7075.5,3.0227002e-15,9.4292638e-17
7077.0,2.94656e-15,9.3760137e-17
7078.5,2.8882e-15,9.3306822e-17
7080.0,2.92017e-15,9.2768943e-17
7081.5,2.8520101e-15,9.187053e-17
7083.0,2.9238502e-15,9.2936425e-17
7084.5,2.99139e-15,9.4053759e-17
7086.0,2.9161699e-15,9.2949266e-17
7087.5,2.8294401e-15,9.1742457e-17
7089.0,2.8974901e-15,9.3831652e-17
7090.5,3.03244e-15,9.5934972e-17
7092.0,3.0167699e-15,9.397337e-17
7093.5,3.0122001e-15,9.2533981e-17
7095.0,2.95482e-15,9.1440788e-17
7096.5,2.8649901e-15,9.0113532e-17
7098.0,2.8535801e-15,9.0435632e-17
7099.5,2.93345e-15,9.2138396e-17
7101.0,3.03982e-15,9.3057417e-17
7102.5,2.9326e-15,9.1298841e-17
7104.0,2.87939e-15,9.0019727e-17
7105.5,2.8604099e-15,8.9847348e-17
7107.0,2.9348e-15,9.1530706e-17
7108.5,2.93774e-15,9.2325025e-17
7110.0,2.9487701e-15,9.237192e-17
7111.5,2.9608401e-15,9.1468418e-17
7113.0,2.9157601e-15,9.115244e-17
7114.5,2.8829802e-15,9.1063775e-17
7116.0,2.85932e-15,9.1316661e-17
7117.5,2.6734801e-15,8.9697841e-17
7119.0,2.7516602e-15,9.1193043e-17
7120.5,2.8362898e-15,9.1770832e-17
7122.0,2.8790601e-15,9.170189e-17
7123.5,2.8712299e-15,9.2357611e-17
7125.0,2.8112399e-15,9.1190912e-17
7126.5,2.7847299e-15,9.0561065e-17
7128.0,2.88924e-15,9.102118e-17
7129.5,3.05027e-15,9.301078e-17
7131.0,3.0172601e-15,9.3949001e-17
7132.5,2.9680401e-15,9.3121727e-17
7134.0,2.87541e-15,9.1157492e-17
7135.5,2.8494201e-15,9.1898233e-17
7137.0,2.7944602e-15,9.1834455e-17
7138.5,2.7840601e-15,9.1919476e-17
7140.0,2.86012e-15,9.2594506e-17
7141.5,2.9640802e-15,9.4243464e-17
7143.0,2.8476301e-15,9.3731519e-17
7144.5,2.9044599e-15,9.4259676e-17
7146.0,2.9792199e-15,9.500575e-17
7147.5,2.8707399e-15,9.401438e-17
7149.0,2.8075801e-15,9.3368188e-17
7150.5,2.76444e-15,9.2711058e-17
7152.0,2.84935e-15,9.2832596e-17
7153.5,2.8724598e-15,9.1651617e-17
7155.0,2.7923602e-15,8.9576045e-17
7156.5,2.89652e-15,9.1262316e-17
7158.0,2.86307e-15,9.2262397e-17
7159.5,2.7739501e-15,9.1724018e-17
7161.0,2.72963e-15,9.1429149e-17
7162.5,2.7966002e-15,9.2401637e-17
7164.0,2.8080699e-15,9.5181131e-17
7165.5,2.81954e-15,9.8219278e-17
7167.0,2.8310001e-15,9.9460768e-17
7168.5,2.84247e-15,8.4369015e-17
7170.0,2.8539401e-15,7.570974e-17
7171.5,2.8654102e-15,9.2683517e-17
7173.0,2.8654102e-15,1.0205507e-16
7174.5,2.9734499e-15,1.0498541e-16
7176.0,2.97012e-15,1.042921e-16
7177.5,2.8478402e-15,1.0229712e-16
7179.0,2.8472801e-15,1.0282687e-16
7180.5,2.9611399e-15,1.0446889e-16
7182.0,2.9700401e-15,1.0430861e-16
7183.5,2.83988e-15,1.028202e-16
7185.0,2.9476499e-15,1.0816917e-16
7186.5,3.09869e-15,1.1692317e-16
7188.0,3.08859e-15,1.1562879e-16
7189.5,2.88543e-15,1.0681467e-16
7191.0,2.8424499e-15,1.0280298e-16
7192.5,2.9803301e-15,1.0405256e-16
7194.0,2.89227e-15,1.0266804e-16
7195.5,2.8777999e-15,1.0165325e-16
7197.0,2.92098e-15,1.0143254e-16
7198.5,2.7816998e-15,1.0129866e-16
7200.0,2.8487598e-15,1.0295603e-16
7201.5,2.8088601e-15,1.0177474e-16
7203.0,2.75292e-15,9.9187953e-17
7204.5,2.6878501e-15,9.7664118e-17
7206.0,2.7520499e-15,9.7049576e-17
7207.5,2.83008e-15,9.7083962e-17
7209.0,2.85588e-15,9.6377717e-17
7210.5,2.6065099e-15,9.1959047e-17
7212.0,2.71751e-15,9.0539631e-17
7213.5,2.6155901e-15,8.8192321e-17
7215.0,2.6189799e-15,8.8643688e-17
7216.5,2.64181e-15,8.9238736e-17
7218.0,2.64104e-15,8.9617903e-17
7219.5,2.66103e-15,8.9058347e-17
7221.0,2.6985299e-15,8.9015184e-17
7222.5,2.59755e-15,8.9639705e-17
7224.0,2.66408e-15,9.1699722e-17
7225.5,2.7595601e-15,9.2542234e-17
7227.0,2.6146601e-15,9.0405053e-17
7228.5,2.59299e-15,9.0768833e-17
7230.0,2.69569e-15,9.2898019e-17
7231.5,2.6318701e-15,9.3633672e-17
7233.0,2.6148701e-15,9.6771215e-17
7234.5,2.7516401e-15,1.0185807e-16
7236.0,2.6970501e-15,1.039656e-16
7237.5,2.58499e-15,1.0638766e-16
7239.0,2.6099101e-15,1.1201146e-16
7240.5,2.8208999e-15,1.2095356e-16
7242.0,2.99069e-15,1.2927563e-16
7243.5,2.8108301e-15,1.2771195e-16
7245.0,2.54399e-15,1.184118e-16
7246.5,2.5583502e-15,1.1286612e-16
7248.0,2.6729101e-15,1.0968077e-16
7249.5,2.5406402e-15,1.0380693e-16
7251.0,2.48032e-15,1.0041588e-16
7252.5,2.4938901e-15,1.0019897e-16
7254.0,2.32217e-15,9.7814577e-17
7255.5,2.3279801e-15,9.5702627e-17
7257.0,2.36536e-15,9.387629e-17
7258.5,2.43146e-15,9.2673567e-17
7260.0,2.5554499e-15,9.4258001e-17
7261.5,2.6732e-15,9.7770278e-17
7263.0,2.66708e-15,9.8393258e-17
7264.5,2.6285101e-15,9.8196649e-17
7266.0,2.5757899e-15,9.8025789e-17
7267.5,2.54742e-15,9.5625602e-17
7269.0,2.6708802e-15,9.4611736e-17
7270.5,2.6626301e-15,9.4677336e-17
7272.0,2.5502e-15,9.6138329e-17
7273.5,2.5487198e-15,1.0353433e-16
7275.0,2.6897701e-15,1.1545099e-16
7276.5,2.54716e-15,1.2000668e-16
7278.0,2.43852e-15,1.1800838e-16
7279.5,2.3910402e-15,1.1091883e-16
7281.0,2.36341e-15,1.0163678e-16
7282.5,2.5395899e-15,9.8522673e-17
7284.0,2.53608e-15,9.7296989e-17
7285.5,2.3815801e-15,9.6257957e-17
7287.0,2.3993801e-15,9.6933283e-17
7288.5,2.5919399e-15,9.7934721e-17
7290.0,2.6997699e-15,9.7632639e-17
7291.5,2.5952401e-15,9.6489062e-17
7293.0,2.5813998e-15,9.6507752e-17
7294.5,2.6230499e-15,9.5387734e-17
7296.0,2.4097501e-15,9.0668434e-17
7297.5,2.26365e-15,8.7224634e-17
7299.0,2.28113e-15,8.8178712e-17
7300.5,2.4125499e-15,9.1656854e-17
7302.0,2.5416301e-15,9.4603571e-17
7303.5,2.57868e-15,9.5688451e-17
7305.0,2.5255401e-15,9.5108037e-17
7306.5,2.3624598e-15,9.2641055e-17
7308.0,2.3756398e-15,9.1486415e-17
7309.5,2.4749898e-15,9.2396474e-17
7311.0,2.4442e-15,9.2806095e-17
7312.5,2.47634e-15,9.5349239e-17
7314.0,2.5405099e-15,1.0143221e-16
7315.5,2.55664e-15,1.058989e-16
7317.0,2.52471e-15,1.0706089e-16
7318.5,2.3950901e-15,1.0439284e-16
7320.0,2.2939401e-15,9.7386258e-17
7321.5,2.3436699e-15,9.0799774e-17
7323.0,2.3989699e-15,8.676353e-17
7324.5,2.3767601e-15,8.529497e-17
7326.0,2.44298e-15,8.8233485e-17
7327.5,2.4474399e-15,9.1150146e-17
7329.0,2.4029802e-15,9.2497345e-17
7330.5,2.5184901e-15,9.5433014e-17
7332.0,2.5739099e-15,9.618861e-17
7333.5,2.3126699e-15,9.1263165e-17
7335.0,2.2916201e-15,8.8571435e-17
7336.5,2.37231e-15,9.0102056e-17
7338.0,2.48635e-15,9.6753483e-17
7339.5,2.5330101e-15,1.0388288e-16
7341.0,2.3781699e-15,1.0497476e-16
7342.5,2.3925199e-15,1.0443702e-16
7344.0,2.4191799e-15,1.0256468e-16
7345.5,2.27595e-15,9.5301201e-17
7347.0,2.2569799e-15,8.8189289e-17
7348.5,2.3211701e-15,8.5232032e-17
7350.0,2.4124301e-15,8.6290618e-17
7351.5,2.4156101e-15,8.6231066e-17
7353.0,2.3501899e-15,8.5265245e-17
7354.5,2.28092e-15,8.5542545e-17
7356.0,2.3689599e-15,8.8538908e-17
7357.5,2.4443901e-15,9.1344719e-17
7359.0,2.3316801e-15,9.1920117e-17
7360.5,2.4040599e-15,9.3881291e-17
7362.0,2.52172e-15,9.3316196e-17
7363.5,2.5394198e-15,8.9798071e-17
7365.0,2.3724201e-15,8.7862653e-17
7366.5,2.2561601e-15,9.1127664e-17
7368.0,2.31946e-15,9.8664163e-17
7369.5,2.4116699e-15,1.0209149e-16
7371.0,2.37257e-15,1.0045163e-16
7372.5,2.36536e-15,9.7000845e-17
7374.0,2.2655002e-15,8.9787708e-17
7375.5,2.2411899e-15,8.4929795e-17
7377.0,2.2270999e-15,8.3468146e-17
7378.5,2.29472e-15,8.3817684e-17
7380.0,2.3004799e-15,8.3411042e-17
7381.5,2.3148602e-15,8.3232291e-17
7383.0,2.3575699e-15,8.3155922e-17
7384.5,2.3543401e-15,8.312681e-17
7386.0,2.3475899e-15,8.4090344e-17
7387.5,2.3643701e-15,8.5547081e-17
7389.0,2.3909701e-15,8.7449344e-17
7390.5,2.3889999e-15,8.911337e-17
7392.0,2.3146101e-15,8.855942e-17
7393.5,2.2330501e-15,8.8129243e-17
7395.0,2.3216601e-15,8.9993543e-17
7396.5,2.40669e-15,9.1191598e-17
7398.0,2.4339399e-15,9.0973562e-17
7399.5,2.2609601e-15,9.0257146e-17
7401.0,2.23718e-15,9.1699921e-17
7402.5,2.36957e-15,9.5834366e-17
7404.0,2.39689e-15,9.83566e-17
7405.5,2.35924e-15,9.5860314e-17
7407.0,2.2556801e-15,9.009471e-17
7408.5,2.2584501e-15,8.6275962e-17
7410.0,2.1521e-15,8.2510571e-17
7411.5,2.0730801e-15,8.04063e-17
7413.0,2.1709399e-15,8.1123373e-17
7414.5,2.1374099e-15,8.0858302e-17
7416.0,2.18961e-15,8.1848352e-17
7417.5,2.27667e-15,8.23986e-17
7419.0,2.1872699e-15,8.1053318e-17
7420.5,2.2274999e-15,8.1529107e-17
7422.0,2.2059201e-15,8.1392588e-17
7423.5,2.2493801e-15,8.2080335e-17
7425.0,2.2434199e-15,8.1376037e-17
7426.5,2.1712601e-15,8.1702651e-17
7428.0,2.3232301e-15,8.4556773e-17
7429.5,2.27671e-15,8.4859954e-17
7431.0,2.19503e-15,8.4118792e-17
7432.5,2.24295e-15,8.4835968e-17
7434.0,2.18533e-15,8.3613198e-17
7435.5,2.25016e-15,8.4780996e-17
7437.0,2.21582e-15,8.6349027e-17
7438.5,2.15944e-15,8.7004224e-17
7440.0,2.1994199e-15,8.8258083e-17
7441.5,2.18554e-15,8.6586335e-17
7443.0,2.1522099e-15,8.336726e-17
7444.5,2.1574901e-15,8.1728791e-17
7446.0,2.07985e-15,8.0276088e-17
7447.5,2.02951e-15,7.9175262e-17
7449.0,2.04803e-15,7.9101725e-17
7450.5,2.1066698e-15,7.9942357e-17
7452.0,2.0948802e-15,7.9710167e-17
7453.5,2.0813402e-15,7.9469053e-17
7455.0,2.2098802e-15,8.0616488e-17
7456.5,2.2232499e-15,8.0630487e-17
7458.0,2.14732e-15,8.0159241e-17
7459.5,2.1210001e-15,8.0440465e-17
7461.0,2.05959e-15,8.0344609e-17
7462.5,1.92217e-15,7.9799171e-17
7464.0,1.8925501e-15,8.0078027e-17
7465.5,1.96478e-15,8.0886706e-17
7467.0,1.9776e-15,8.1170386e-17
7468.5,2.0514901e-15,8.2956444e-17
7470.0,2.1008998e-15,8.436889e-17
7471.5,2.07762e-15,8.4958251e-17
7473.0,2.15085e-15,8.6234038e-17
7474.5,2.10078e-15,8.5802629e-17
7476.0,1.9961801e-15,8.4504479e-17
7477.5,2.0449e-15,8.5483347e-17
7479.0,2.0092102e-15,8.5598239e-17
7480.5,2.00836e-15,8.6035726e-17
7482.0,2.0488401e-15,8.6911038e-17
7483.5,1.9728901e-15,8.6148804e-17
7485.0,1.98346e-15,8.5362746e-17
7486.5,1.8723699e-15,8.2602798e-17
7488.0,1.8535101e-15,8.0651419e-17
7489.5,1.9179799e-15,8.0095847e-17
7491.0,1.9432799e-15,8.0857262e-17
7492.5,2.01418e-15,8.1584189e-17
7494.0,1.92959e-15,8.0035151e-17
7495.5,1.89435e-15,8.0386504e-17
7497.0,1.87159e-15,7.9556346e-17
7498.5,1.9488699e-15,7.9590813e-17
7500.0,1.9089499e-15,7.8702829e-17
7501.5,2.01141e-15,7.9990543e-17
7503.0,1.9169101e-15,7.8889067e-17
7504.5,1.9055999e-15,7.8804415e-17
7506.0,1.8799401e-15,7.8157479e-17
7507.5,1.8515799e-15,7.8304205e-17
7509.0,1.9588501e-15,7.934014e-17
7510.5,2.0313699e-15,8.0275579e-17
7512.0,1.97979e-15,7.8950817e-17
7513.5,1.9470399e-15,7.8869809e-17
7515.0,1.8895001e-15,7.8996775e-17
7516.5,1.88e-15,7.9369488e-17
7518.0,2.07534e-15,8.2651633e-17
7519.5,2.0231399e-15,8.3320726e-17
7521.0,1.9031301e-15,8.4714924e-17
7522.5,1.99607e-15,8.9019528e-17
7524.0,1.94706e-15,9.0513882e-17
7525.5,1.8434499e-15,9.0130991e-17
7527.0,1.7539099e-15,8.7838601e-17
7528.5,1.87695e-15,8.6109543e-17
7530.0,1.9692701e-15,8.4807188e-17
7531.5,1.89463e-15,8.2930732e-17
7533.0,1.80928e-15,8.1400326e-17
7534.5,1.8583299e-15,8.1166292e-17
7536.0,1.91233e-15,8.0588917e-17
7537.5,1.87003e-15,7.9361463e-17
7539.0,1.85591e-15,7.9044526e-17
7540.5,1.66153e-15,7.6514039e-17
