3720.0,2.9120498e-16,9.5617757e-17
3721.5,3.2693698e-16,9.585622e-17
3723.0,1.6693599e-16,9.1999587e-17
3724.5,2.5774403e-16,9.2942527e-17
3726.0,2.5903099e-16,9.2923988e-17
3727.5,2.19134e-16,9.2951354e-17
3729.0,2.4342901e-16,9.365943e-17
3730.5,2.69061e-16,9.3132969e-17
3732.0,3.2657599e-16,9.260465e-17
3733.5,2.5527998e-16,9.0449606e-17
3735.0,1.5198401e-16,8.8457985e-17
3736.5,2.5916e-16,9.0740428e-17
3738.0,3.3701e-16,9.1995339e-17
3739.5,3.0772598e-16,9.0995801e-17
3741.0,2.91385e-16,9.0587115e-17
3742.5,2.5362501e-16,8.9214192e-17
3744.0,2.1269201e-16,8.7817421e-17
3745.5,1.89849e-16,8.6586631e-17
3747.0,1.2298801e-16,8.4107426e-17
3748.5,1.7184301e-16,8.3704906e-17
3750.0,2.8745201e-16,8.6055333e-17
3751.5,2.2052001e-16,8.3982328e-17
3753.0,1.59281e-16,8.2081595e-17
3754.5,2.4271401e-16,8.3806362e-17
3756.0,2.9769399e-16,8.3725937e-17
3757.5,2.9726899e-16,9.3167857e-17
3759.0,2.9684402e-16,2.0064113e-16
3760.5,2.9641899e-16,1.9322952e-16
3762.0,2.9599402e-16,1.2301529e-16
3763.5,2.95569e-16,8.7848017e-17
3765.0,2.95569e-16,8.2111955e-17
3766.5,1.76719e-16,7.750519e-17
3768.0,2.2605001e-16,7.9542393e-17
3769.5,2.8534499e-16,8.0191297e-17
3771.0,2.42653e-16,7.9727038e-17
3772.5,9.6631305e-17,7.7017283e-17
3774.0,9.7682295e-17,7.6667267e-17
3775.5,1.72924e-16,7.9263613e-17
3777.0,2.6145199e-16,7.9922495e-17
3778.5,1.34866e-16,7.6434512e-17
3780.0,2.6366698e-16,7.9694658e-17
3781.5,3.1238898e-16,8.0405654e-17
3783.0,1.77588e-16,7.6283633e-17
3784.5,1.29587e-16,7.49509e-17
3786.0,8.6737497e-17,7.3809325e-17
3787.5,1.6875701e-16,7.3430579e-17
3789.0,2.6159001e-16,7.5889335e-17
3790.5,1.97005e-16,7.4575827e-17
3792.0,3.6527499e-16,7.7443165e-17
3793.5,2.73969e-16,7.420582e-17
3795.0,1.8555699e-16,7.2129106e-17
3796.5,2.20891e-16,7.3178812e-17
3798.0,2.18702e-16,7.2794293e-17
3799.5,1.76481e-16,7.0545985e-17
3801.0,2.30287e-16,7.156744e-17
3802.5,2.6833099e-16,7.3130643e-17
3804.0,1.803e-16,7.1662304e-17
3805.5,1.05655e-16,6.8960062e-17
3807.0,1.39204e-16,6.9005798e-17
3808.5,1.8866699e-16,6.9823589e-17
3810.0,1.3709899e-16,6.756953e-17
3811.5,1.34113e-16,6.7429749e-17
3813.0,1.92516e-16,6.8978166e-17
3814.5,1.94673e-16,6.9475742e-17
3816.0,1.83375e-16,6.9452719e-17
3817.5,1.29847e-16,6.6754991e-17
3819.0,7.1732501e-17,6.3277177e-17
3820.5,5.2372199e-17,6.2208312e-17
3822.0,1.68681e-16,6.5505883e-17
3823.5,1.36098e-16,6.5111076e-17
3825.0,4.1051399e-17,6.3342992e-17
3826.5,6.1671397e-17,6.3222791e-17
3828.0,5.8428399e-17,6.3410069e-17
3829.5,7.7274803e-17,6.4001682e-17
3831.0,1.4009701e-16,6.55383e-17
3832.5,1.4519e-16,6.5331259e-17
3834.0,1.29785e-16,6.3647191e-17
3835.5,1.5300801e-16,6.3722291e-17
3837.0,9.9442495e-17,6.2390804e-17
3838.5,9.41995e-17,6.2223164e-17
3840.0,3.1235898e-17,6.0379527e-17
3841.5,6.5175599e-17,6.1405734e-17
3843.0,8.5771999e-17,6.1982208e-17
3844.5,1.43074e-16,6.2937471e-17
3846.0,1.4646501e-16,6.2591939e-17
3847.5,4.60883e-17,5.9495492e-17
3849.0,2.2281701e-17,5.9855039e-17
3850.5,1.1487299e-16,6.1264321e-17
3852.0,1.06684e-16,6.1070755e-17
3853.5,1.60939e-16,6.1221675e-17
3855.0,1.2526999e-16,5.862909e-17
3856.5,1.6393199e-16,5.8521454e-17
3858.0,1.36139e-16,5.8072155e-17
3859.5,1.6263401e-16,5.8839936e-17
3861.0,1.83099e-16,5.9324913e-17
3862.5,2.04702e-16,6.0167223e-17
3864.0,1.8806601e-16,5.9641596e-17
3865.5,9.5490901e-17,5.7685504e-17
3867.0,1.00989e-16,5.7138771e-17
3868.5,1.29508e-16,5.6448125e-17
3870.0,1.28771e-16,5.5886312e-17
3871.5,1.36749e-16,5.6123075e-17
3873.0,7.7852102e-17,5.5311048e-17
3874.5,4.41505e-17,5.4010404e-17
3876.0,7.0670202e-17,5.3771896e-17
3877.5,9.9743e-17,5.4327017e-17
3879.0,1.5205599e-16,5.4932641e-17
3880.5,1.76937e-16,5.5652472e-17
3882.0,1.6477901e-16,5.5873502e-17
3883.5,1.6273201e-16,5.5354704e-17
3885.0,8.6933599e-17,5.4133832e-17
3886.5,3.3193302e-17,5.3256062e-17
3888.0,1.0304401e-16,5.4101827e-17
3889.5,1.75374e-16,5.5560529e-17
3891.0,1.4088101e-16,5.5179597e-17
3892.5,9.4671099e-17,5.3885948e-17
3894.0,1.23037e-16,5.4239473e-17
3895.5,1.19373e-16,5.4756225e-17
3897.0,1.1789199e-16,5.4769967e-17
3898.5,1.23189e-16,5.4305333e-17
3900.0,5.4354501e-17,5.2959703e-17
3901.5,1.9577499e-17,5.2453046e-17
3903.0,5.5003199e-17,5.3258038e-17
3904.5,1.11413e-16,5.4867132e-17
3906.0,1.8118299e-16,5.7406699e-17
3907.5,7.38021e-17,5.5888222e-17
3909.0,8.63069e-17,5.5956545e-17
3910.5,2.16058e-16,5.8558049e-17
3912.0,1.7321899e-16,5.7331381e-17
3913.5,1.6410799e-16,5.7166071e-17
3915.0,8.4835703e-17,5.4833431e-17
3916.5,1.03464e-16,5.4433403e-17
3918.0,1.1965701e-16,5.4334856e-17
3919.5,1.95809e-16,5.4859433e-17
3921.0,1.45555e-16,5.3834707e-17
3922.5,1.5175e-16,5.3593939e-17
3924.0,2.28065e-16,5.4446577e-17
3925.5,2.47164e-16,5.4536916e-17
3927.0,1.08359e-16,5.02876e-17
3928.5,1.03903e-16,4.9742077e-17
3930.0,7.4495006e-17,4.9257473e-17
3931.5,5.7234499e-17,4.8339089e-17
3933.0,7.7897696e-17,4.8054646e-17
3934.5,1.44179e-16,4.915438e-17
3936.0,1.65529e-16,4.976722e-17
3937.5,1.36982e-16,5.0309078e-17
3939.0,1.1709601e-16,5.1020151e-17
3940.5,9.8284899e-17,5.1270078e-17
3942.0,1.5306801e-16,5.2901501e-17
3943.5,2.0508701e-16,5.3336166e-17
3945.0,1.93889e-16,5.3337287e-17
3946.5,1.85969e-16,5.3285504e-17
3948.0,2.18301e-16,5.3789152e-17
3949.5,2.2739701e-16,5.3896652e-17
3951.0,1.89579e-16,5.3542013e-17
3952.5,1.56672e-16,5.3279826e-17
3954.0,1.36392e-16,5.2385689e-17
3955.5,1.5896601e-16,5.2202282e-17
3957.0,1.9620099e-16,5.2856149e-17
3958.5,1.28013e-16,5.123578e-17
3960.0,1.03418e-16,5.0309192e-17
3961.5,1.8178201e-16,5.1167099e-17
3963.0,2.02759e-16,5.0000223e-17
3964.5,1.73347e-16,4.8849698e-17
3966.0,1.9964101e-16,4.951053e-17
3967.5,2.03227e-16,4.8758636e-17
3969.0,1.5778101e-16,4.7428027e-17
3970.5,1.39129e-16,4.7575588e-17
3972.0,1.8968899e-16,4.934189e-17
3973.5,2.2395699e-16,5.04576e-17
3975.0,1.98367e-16,5.0914274e-17
3976.5,2.22846e-16,5.2182585e-17
3978.0,2.4652899e-16,5.2966634e-17
3979.5,2.3648199e-16,5.3160141e-17
3981.0,1.8395101e-16,5.2098447e-17
3982.5,1.69439e-16,5.1513818e-17
3984.0,2.8033098e-16,5.3651776e-17
3985.5,3.0078598e-16,5.3989579e-17
3987.0,2.6957101e-16,5.2796217e-17
3988.5,3.39769e-16,5.4253141e-17
3990.0,3.3232901e-16,5.4743014e-17
3991.5,2.3312401e-16,5.3031488e-17
3993.0,1.99201e-16,5.2338216e-17
3994.5,2.52235e-16,5.2685628e-17
3996.0,3.10913e-16,5.3792733e-17
3997.5,2.4475801e-16,5.2684039e-17
3999.0,2.6128799e-16,5.2848929e-17
4000.5,2.90725e-16,5.3339676e-17
4002.0,3.63476e-16,5.4715246e-17
4003.5,3.43034e-16,5.3776487e-17
4005.0,3.3384001e-16,5.3824859e-17
4006.5,3.8320501e-16,5.5074955e-17
4008.0,3.2764701e-16,5.4441493e-17
4009.5,3.4044801e-16,5.4480949e-17
4011.0,4.02854e-16,5.5553165e-17
4012.5,3.1087398e-16,5.4361555e-17
4014.0,2.59892e-16,5.3165756e-17
4015.5,2.7989799e-16,5.3423201e-17
4017.0,2.6892798e-16,5.3110397e-17
4018.5,2.9936799e-16,5.4125809e-17
4020.0,2.7409499e-16,5.315121e-17
4021.5,2.8728499e-16,5.2875355e-17
4023.0,3.1866499e-16,5.355206e-17
4024.5,3.3363701e-16,5.3580448e-17
4026.0,3.3617401e-16,5.361159e-17
4027.5,3.4177899e-16,5.3409363e-17
4029.0,3.4256101e-16,5.2902179e-17
4030.5,3.7074701e-16,5.3074716e-17
4032.0,3.41917e-16,5.2142292e-17
4033.5,3.1878598e-16,5.1471777e-17
4035.0,3.1789401e-16,5.1745542e-17
4036.5,3.61554e-16,5.3223423e-17
4038.0,3.91613e-16,5.4083038e-17
4039.5,3.60419e-16,5.3432817e-17
4041.0,3.5583801e-16,5.3522375e-17
4042.5,3.5912101e-16,5.4043382e-17
4044.0,3.94241e-16,5.5213419e-17
4045.5,3.8960098e-16,5.5570653e-17
4047.0,3.9488501e-16,5.5603668e-17
4048.5,3.78947e-16,5.5354803e-17
4050.0,3.8992701e-16,5.4636389e-17
4051.5,3.57781e-16,5.2923189e-17
4053.0,3.4713901e-16,5.2046529e-17
4054.5,3.8066598e-16,5.2083732e-17
4056.0,3.7750001e-16,5.2139921e-17
4057.5,3.0719302e-16,5.0704615e-17
4059.0,3.0703899e-16,4.9937887e-17
4060.5,3.7520502e-16,5.1924421e-17
4062.0,3.6587199e-16,5.2036496e-17
4063.5,3.22503e-16,5.1108532e-17
4065.0,3.6292299e-16,5.1834199e-17
4066.5,3.8902802e-16,5.2733561e-17
4068.0,3.8121001e-16,5.2369546e-17
4069.5,2.8130298e-16,5.0080275e-17
4071.0,2.6829202e-16,4.945905e-17
4072.5,3.2087699e-16,5.043033e-17
4074.0,3.00659e-16,4.9918769e-17
4075.5,3.1413299e-16,5.0153704e-17
4077.0,3.50416e-16,5.1103075e-17
4078.5,3.54406e-16,5.100225e-17
4080.0,3.6698401e-16,5.0863163e-17
4081.5,3.33856e-16,5.0399716e-17
4083.0,3.2686001e-16,5.0013323e-17
4084.5,3.1290501e-16,4.946506e-17
4086.0,3.2991002e-16,5.0133613e-17
4087.5,3.8794101e-16,5.1035774e-17
4089.0,4.02275e-16,5.0851434e-17
4090.5,4.0380401e-16,5.0530227e-17
4092.0,3.38637e-16,4.9339132e-17
4093.5,3.31577e-16,4.9220719e-17
4095.0,3.9175501e-16,5.0048196e-17
4096.5,3.33219e-16,4.8704944e-17
4098.0,2.9183099e-16,4.7650131e-17
4099.5,3.0865499e-16,4.7321026e-17
4101.0,2.5095702e-16,4.5520329e-17
4102.5,2.2669799e-16,4.5028926e-17
4104.0,2.78181e-16,4.6489758e-17
4105.5,2.7286899e-16,4.6808783e-17
4107.0,2.55071e-16,4.6446689e-17
4108.5,2.5873198e-16,4.6328814e-17
4110.0,2.6368202e-16,4.6386994e-17
4111.5,2.5775999e-16,4.6510595e-17
4113.0,2.42668e-16,4.6185641e-17
4114.5,2.9791901e-16,4.7096157e-17
4116.0,3.6877199e-16,4.8203077e-17
4117.5,3.53733e-16,4.7936985e-17
4119.0,2.9375201e-16,4.6766653e-17
4120.5,2.74753e-16,4.6513659e-17
4122.0,3.65525e-16,4.7899306e-17
4123.5,2.9871602e-16,4.6765378e-17
4125.0,2.4541401e-16,4.6558181e-17
4126.5,2.7488101e-16,4.6850356e-17
4128.0,3.3666701e-16,4.7472613e-17
4129.5,2.42739e-16,4.5936518e-17
4131.0,2.1772801e-16,4.5178909e-17
4132.5,1.9588199e-16,4.452026e-17
4134.0,2.8666099e-16,4.6150499e-17
4135.5,3.33259e-16,4.7080494e-17
4137.0,2.96221e-16,4.642388e-17
4138.5,2.8246302e-16,4.6548532e-17
4140.0,3.3193299e-16,4.7314308e-17
4141.5,2.5192999e-16,4.5442943e-17
4143.0,2.9973799e-16,4.5832916e-17
4144.5,3.0285001e-16,4.6115766e-17
4146.0,3.3526099e-16,4.6726021e-17
4147.5,2.8494098e-16,4.5419002e-17
4149.0,2.5749002e-16,4.4900915e-17
4150.5,2.2366501e-16,4.4443825e-17
4152.0,3.0965899e-16,4.5930537e-17
4153.5,2.98279e-16,4.5624152e-17
4155.0,3.15047e-16,4.6225389e-17
4156.5,2.9845399e-16,4.623728e-17
4158.0,2.9637302e-16,4.6501296e-17
4159.5,3.0603502e-16,4.6464937e-17
4161.0,3.21485e-16,4.6497502e-17
4162.5,2.82397e-16,4.6128287e-17
4164.0,2.72825e-16,4.6309087e-17
4165.5,2.6471701e-16,4.6091386e-17
4167.0,3.0982599e-16,4.7051988e-17
4168.5,3.0853199e-16,4.67844e-17
4170.0,2.6701001e-16,4.5873626e-17
4171.5,2.9698701e-16,4.6163179e-17
4173.0,3.4191999e-16,4.6391584e-17
4174.5,3.0846701e-16,4.5464742e-17
4176.0,2.69957e-16,4.4751047e-17
4177.5,2.9173202e-16,4.5251904e-17
4179.0,3.28704e-16,4.5849921e-17
4180.5,3.29048e-16,4.5658476e-17
4182.0,3.36317e-16,4.5494534e-17
4183.5,3.51648e-16,4.5506425e-17
4185.0,3.6726499e-16,4.577318e-17
4186.5,3.5344202e-16,4.5580637e-17
4188.0,3.2243699e-16,4.4918658e-17
4189.5,3.01844e-16,4.4173268e-17
4191.0,3.2293001e-16,4.4436583e-17
4192.5,3.3114999e-16,4.4760077e-17
4194.0,3.14966e-16,4.4509453e-17
4195.5,3.24872e-16,4.4336731e-17
4197.0,4.0200401e-16,4.5210807e-17
4198.5,4.0351302e-16,4.4901653e-17
4200.0,3.5080502e-16,4.3714227e-17
4201.5,3.52308e-16,4.3791131e-17
4203.0,3.4994798e-16,4.3866551e-17
4204.5,3.3180099e-16,4.3693056e-17
4206.0,4.37788e-16,4.5390301e-17
4207.5,4.07526e-16,4.4958125e-17
4209.0,3.2499998e-16,4.4134936e-17
4210.5,3.5241801e-16,4.4524821e-17
4212.0,3.0188702e-16,4.3259423e-17
4213.5,3.19789e-16,4.3548633e-17
4215.0,3.5488502e-16,4.4117257e-17
4216.5,3.7429801e-16,4.4295394e-17
4218.0,3.5629401e-16,4.3453187e-17
4219.5,3.4423599e-16,4.3332923e-17
4221.0,3.6864999e-16,4.3859513e-17
4222.5,4.08209e-16,4.4055622e-17
4224.0,3.6200899e-16,4.2757512e-17
4225.5,3.8615501e-16,4.3031785e-17
4227.0,3.6961699e-16,4.2997826e-17
4228.5,3.5830701e-16,4.2883896e-17
4230.0,3.5321999e-16,4.256343e-17
4231.5,3.5805899e-16,4.2753957e-17
4233.0,3.85184e-16,4.3329435e-17
4234.5,4.3974401e-16,4.3678864e-17
4236.0,4.5819199e-16,4.3717435e-17
4237.5,4.3596e-16,4.3468176e-17
4239.0,3.52049e-16,4.2404174e-17
4240.5,3.4413998e-16,4.2287542e-17
4242.0,3.9121101e-16,4.291731e-17
4243.5,3.9668501e-16,4.3182004e-17
4245.0,4.25371e-16,4.3564632e-17
4246.5,4.3573299e-16,4.3426809e-17
4248.0,3.8564597e-16,4.259431e-17
4249.5,3.3757201e-16,4.2013811e-17
4251.0,3.5988799e-16,4.2339549e-17
4252.5,4.0096001e-16,4.2938407e-17
4254.0,3.9277198e-16,4.2650068e-17
4255.5,3.7685801e-16,4.2319255e-17
4257.0,3.5114601e-16,4.2074343e-17
4258.5,3.48842e-16,4.1784705e-17
4260.0,3.4252901e-16,4.1365924e-17
4261.5,3.73587e-16,4.1918848e-17
4263.0,4.0212302e-16,4.2348303e-17
4264.5,3.9511498e-16,4.2296041e-17
4266.0,4.10263e-16,4.2448863e-17
4267.5,3.84095e-16,4.1874192e-17
4269.0,4.3114099e-16,4.2290046e-17
4270.5,4.3999698e-16,4.1813292e-17
4272.0,4.1264901e-16,4.1524074e-17
4273.5,3.5003001e-16,4.1052825e-17
4275.0,3.4481099e-16,4.0522972e-17
4276.5,3.2242201e-16,4.0246933e-17
4278.0,2.9949902e-16,3.9941304e-17
4279.5,3.3316201e-16,4.043066e-17
4281.0,3.0471102e-16,3.9538562e-17
4282.5,3.5258601e-16,4.0404356e-17
4284.0,3.88677e-16,4.1214577e-17
4285.5,3.8742699e-16,4.0573472e-17
4287.0,3.9375002e-16,4.0476864e-17
4288.5,3.3488199e-16,3.929393e-17
4290.0,3.51779e-16,3.9756909e-17
4291.5,3.9240501e-16,4.0282322e-17
4293.0,3.84027e-16,4.0162323e-17
4294.5,3.49006e-16,3.9815398e-17
4296.0,3.7200199e-16,4.0020677e-17
4297.5,3.8213598e-16,3.9727677e-17
4299.0,3.6215201e-16,3.8857049e-17
4300.5,3.7783599e-16,3.8891915e-17
4302.0,3.9373101e-16,3.9008849e-17
4303.5,3.7960999e-16,3.898756e-17
4305.0,3.8380799e-16,3.9012599e-17
4306.5,3.4176099e-16,3.7866909e-17
4308.0,3.43581e-16,3.7960179e-17
4309.5,3.7174201e-16,3.8787332e-17
4311.0,3.39298e-16,3.8586732e-17
4312.5,3.4843399e-16,3.9108705e-17
4314.0,3.6311702e-16,3.9673914e-17
4315.5,3.8713501e-16,4.0345959e-17
4317.0,3.65232e-16,4.0460563e-17
4318.5,3.06232e-16,3.9650689e-17
4320.0,2.90454e-16,3.8979846e-17
4321.5,2.9795501e-16,3.8429585e-17
4323.0,3.3697001e-16,3.862461e-17
4324.5,3.4823001e-16,3.8685629e-17
4326.0,3.4527098e-16,3.8568727e-17
4327.5,3.4727901e-16,3.8836696e-17
4329.0,3.5476101e-16,3.9153146e-17
4330.5,3.6034399e-16,3.9164392e-17
4332.0,3.3588901e-16,3.8663757e-17
4333.5,3.2629498e-16,3.845955e-17
4335.0,2.9987801e-16,3.7830524e-17
4336.5,3.27433e-16,3.8061654e-17
4338.0,3.5277501e-16,3.8109273e-17
4339.5,3.62919e-16,3.8001675e-17
4341.0,3.3208501e-16,3.7434545e-17
4342.5,3.25918e-16,3.7811336e-17
4344.0,3.4075e-16,3.818809e-17
4345.5,3.2681001e-16,3.7975179e-17
4347.0,3.7075299e-16,3.8831792e-17
4348.5,4.07132e-16,3.9646109e-17
4350.0,3.05349e-16,3.7951426e-17
4351.5,2.85691e-16,3.7196e-17
4353.0,3.4839002e-16,3.8433574e-17
4354.5,3.67805e-16,4.01006e-17
4356.0,4.5227499e-16,4.3290974e-17
4357.5,3.7085101e-16,4.3014474e-17
4359.0,3.05825e-16,4.2018847e-17
4360.5,3.6071502e-16,4.1947855e-17
4362.0,3.0271502e-16,3.9990955e-17
4363.5,2.7631199e-16,3.8305235e-17
4365.0,3.2629099e-16,3.7961886e-17
4366.5,2.8857499e-16,3.7133001e-17
4368.0,2.8756499e-16,3.7130564e-17
4369.5,3.6087799e-16,3.79242e-17
4371.0,3.3695201e-16,3.7553485e-17
4372.5,3.1640198e-16,3.7206899e-17
4374.0,3.57447e-16,3.7698516e-17
4375.5,3.39257e-16,3.7390929e-17
4377.0,3.22276e-16,3.7200635e-17
4378.5,3.30088e-16,3.7205704e-17
4380.0,2.98958e-16,3.6481851e-17
4381.5,2.60553e-16,3.5837236e-17
4383.0,2.7581899e-16,3.5900968e-17
4384.5,3.0493901e-16,3.6149122e-17
4386.0,3.2964301e-16,3.6405214e-17
4387.5,3.08457e-16,3.5934643e-17
4389.0,2.5618501e-16,3.5322651e-17
4390.5,2.5247299e-16,3.5342086e-17
4392.0,2.8722302e-16,3.567434e-17
4393.5,3.01477e-16,3.6206937e-17
4395.0,2.81927e-16,3.6124864e-17
4396.5,2.7359702e-16,3.5800032e-17
4398.0,2.88766e-16,3.5910861e-17
4399.5,2.7118702e-16,3.553216e-17
4401.0,2.6438299e-16,3.5597684e-17
4402.5,2.82989e-16,3.6162248e-17
4404.0,2.8003698e-16,3.5996411e-17
4405.5,2.6295701e-16,3.5891795e-17
4407.0,2.5992e-16,3.5944104e-17
4408.5,2.74043e-16,3.6388551e-17
4410.0,2.4963101e-16,3.6124565e-17
4411.5,2.65036e-16,3.6238318e-17
4413.0,2.6744499e-16,3.6183541e-17
4414.5,2.7321601e-16,3.6052478e-17
4416.0,2.9155499e-16,3.6326345e-17
4417.5,2.732e-16,3.5933858e-17
4419.0,2.58694e-16,3.5845875e-17
4420.5,2.5514999e-16,3.5914146e-17
4422.0,2.4564998e-16,3.558708e-17
4423.5,2.14916e-16,3.5174125e-17
4425.0,2.5042399e-16,3.5679359e-17
4426.5,3.0813301e-16,3.5974059e-17
4428.0,2.5646601e-16,3.5146711e-17
4429.5,2.9213301e-16,3.566426e-17
4431.0,2.31928e-16,3.4620715e-17
4432.5,2.2566501e-16,3.4276931e-17
4434.0,2.3644901e-16,3.4418061e-17
4435.5,2.3106299e-16,3.4501144e-17
4437.0,2.6833202e-16,3.5153661e-17
4438.5,2.61209e-16,3.5087624e-17
4440.0,2.34014e-16,3.4370393e-17
4441.5,2.18585e-16,3.4136251e-17
4443.0,2.19492e-16,3.4065424e-17
4444.5,2.5454899e-16,3.4450125e-17
4446.0,2.5731e-16,3.4682925e-17
4447.5,2.15413e-16,3.3994162e-17
4449.0,1.9751499e-16,3.3597877e-17
4450.5,1.76561e-16,3.3010589e-17
4452.0,1.6411e-16,3.2518257e-17
4453.5,1.64597e-16,3.2416005e-17
4455.0,2.0122201e-16,3.2726055e-17
4456.5,2.4023501e-16,3.3099682e-17
4458.0,2.2429099e-16,3.2704555e-17
4459.5,1.48259e-16,3.1486434e-17
4461.0,1.3294099e-16,3.1114565e-17
4462.5,2.1053601e-16,3.2591366e-17
4464.0,2.31657e-16,3.3153677e-17
4465.5,2.3669801e-16,3.3439233e-17
4467.0,2.21733e-16,3.3243909e-17
4468.5,1.89496e-16,3.2830696e-17
4470.0,2.2465e-16,3.3274546e-17
4471.5,2.39574e-16,3.335479e-17
4473.0,2.2234498e-16,3.2977744e-17
4474.5,2.39099e-16,3.325965e-17
4476.0,2.5845199e-16,3.3515945e-17
4477.5,2.33683e-16,3.3014678e-17
4479.0,2.2374899e-16,3.2494899e-17
4480.5,2.3975101e-16,3.2616782e-17
4482.0,2.83378e-16,3.3505665e-17
4483.5,2.1523101e-16,3.2733532e-17
4485.0,1.76478e-16,3.2391459e-17
4486.5,1.42027e-16,3.1752216e-17
4488.0,2.15565e-16,3.2550085e-17
4489.5,2.3716099e-16,3.3004129e-17
4491.0,2.4575999e-16,3.3041868e-17
4492.5,2.1212099e-16,3.2343419e-17
4494.0,2.4651999e-16,3.3004856e-17
4495.5,2.6017099e-16,3.3009258e-17
4497.0,2.3888399e-16,3.2941389e-17
4498.5,2.5343202e-16,3.3358307e-17
4500.0,2.5545799e-16,3.3498464e-17
4501.5,1.9425801e-16,3.1905498e-17
4503.0,1.80223e-16,3.2049445e-17
4504.5,2.57554e-16,3.3182533e-17
4506.0,2.6823e-16,3.3249628e-17
4507.5,2.59639e-16,3.3177227e-17
4509.0,2.5527702e-16,3.3097503e-17
4510.5,2.33096e-16,3.2536457e-17
4512.0,2.5826101e-16,3.273809e-17
4513.5,2.7410799e-16,3.308111e-17
4515.0,2.7984801e-16,3.3162065e-17
4516.5,2.98691e-16,3.31379e-17
4518.0,2.8336201e-16,3.3030865e-17
4519.5,2.8245701e-16,3.3006799e-17
4521.0,2.77765e-16,3.2853461e-17
4522.5,2.9351198e-16,3.3100792e-17
4524.0,2.7645001e-16,3.3019243e-17
4525.5,2.87911e-16,3.303376e-17
4527.0,2.96859e-16,3.303147e-17
4528.5,2.8892601e-16,3.2737839e-17
4530.0,2.64208e-16,3.217284e-17
4531.5,2.4128001e-16,3.213283e-17
4533.0,2.2444102e-16,3.1942012e-17
4534.5,2.27831e-16,3.2020239e-17
4536.0,2.7869401e-16,3.2995693e-17
4537.5,3.09117e-16,3.3477288e-17
4539.0,2.8508898e-16,3.3089926e-17
4540.5,2.5654103e-16,3.2628787e-17
4542.0,2.7849001e-16,3.2679309e-17
4543.5,3.09448e-16,3.306596e-17
4545.0,3.02106e-16,3.2975152e-17
4546.5,2.8649701e-16,3.2513018e-17
4548.0,2.8432199e-16,3.2548536e-17
4549.5,3.0274599e-16,3.2844586e-17
4551.0,3.07743e-16,3.2802014e-17
4552.5,3.0950002e-16,3.284571e-17
4554.0,3.03468e-16,3.2796129e-17
4555.5,2.64046e-16,3.2062273e-17
4557.0,2.86554e-16,3.2176523e-17
4558.5,3.2563499e-16,3.3005247e-17
4560.0,3.4041301e-16,3.3373355e-17
4561.5,3.1630799e-16,3.2958586e-17
4563.0,3.1888601e-16,3.2684806e-17
4564.5,2.61503e-16,3.18383e-17
4566.0,2.7429301e-16,3.2218233e-17
4567.5,2.7406299e-16,3.2165517e-17
4569.0,2.6619e-16,3.1774409e-17
4570.5,2.6273001e-16,3.1780363e-17
4572.0,2.5742599e-16,3.1303248e-17
4573.5,2.9857401e-16,3.2065643e-17
4575.0,3.4112301e-16,3.2963353e-17
4576.5,3.1025599e-16,3.2364174e-17
4578.0,2.93819e-16,3.2146093e-17
4579.5,3.2302499e-16,3.2429537e-17
4581.0,2.9327499e-16,3.1859221e-17
4582.5,2.72468e-16,3.1856868e-17
4584.0,3.14405e-16,3.2450959e-17
4585.5,3.07951e-16,3.2276722e-17
4587.0,2.66062e-16,3.1543924e-17
4588.5,2.64204e-16,3.1453013e-17
4590.0,2.87183e-16,3.1913297e-17
4591.5,2.8982299e-16,3.1934653e-17
4593.0,2.9047502e-16,3.1804105e-17
4594.5,3.0469999e-16,3.184091e-17
4596.0,3.0911602e-16,3.1739775e-17
4597.5,2.95457e-16,3.1510577e-17
4599.0,3.0423301e-16,3.1776595e-17
4600.5,3.32396e-16,3.2271494e-17
4602.0,3.27641e-16,3.2132587e-17
4603.5,3.1511301e-16,3.1822545e-17
4605.0,3.0450202e-16,3.1729558e-17
4606.5,2.9696102e-16,3.1710949e-17
4608.0,2.9829599e-16,3.1711649e-17
4609.5,2.9329101e-16,3.1701019e-17
4611.0,2.7853702e-16,3.1456405e-17
4612.5,2.57817e-16,3.100173e-17
4614.0,2.6061002e-16,3.0960858e-17
4615.5,2.7413999e-16,3.1154862e-17
4617.0,2.8898599e-16,3.1395516e-17
4618.5,3.2559698e-16,3.188193e-17
4620.0,3.47897e-16,3.2130932e-17
4621.5,3.29804e-16,3.19216e-17
4623.0,3.2827601e-16,3.2012839e-17
4624.5,3.2925298e-16,3.2098477e-17
4626.0,3.2447699e-16,3.1927039e-17
4627.5,3.4826101e-16,3.2113178e-17
4629.0,3.4380999e-16,3.1940372e-17
4630.5,2.9692399e-16,3.1309089e-17
4632.0,3.2190701e-16,3.1594995e-17
4633.5,3.7478e-16,3.2210637e-17
4635.0,3.6754501e-16,3.2201574e-17
4636.5,3.7719399e-16,3.2143143e-17
4638.0,3.86378e-16,3.2268312e-17
4639.5,3.8926601e-16,3.2340783e-17
4641.0,3.7850001e-16,3.2109609e-17
4642.5,3.6743101e-16,3.1995041e-17
4644.0,3.5772499e-16,3.1850349e-17
4645.5,3.46143e-16,3.1543706e-17
4647.0,3.7574501e-16,3.1923208e-17
4648.5,3.5932898e-16,3.1483104e-17
4650.0,3.17585e-16,3.08314e-17
4651.5,3.8917403e-16,3.2002279e-17
4653.0,3.7810503e-16,3.1911059e-17
4654.5,3.64879e-16,3.1972203e-17
4656.0,3.9438799e-16,3.2485958e-17
4657.5,3.9914101e-16,3.2663716e-17
4659.0,3.78313e-16,3.2362891e-17
4660.5,3.82276e-16,3.2617021e-17
4662.0,3.5794501e-16,3.2005623e-17
4663.5,3.4380202e-16,3.1665383e-17
4665.0,3.7891299e-16,3.2153851e-17
4666.5,3.9094499e-16,3.2220991e-17
4668.0,3.9531001e-16,3.2192334e-17
4669.5,4.0860901e-16,3.2497568e-17
4671.0,4.4822098e-16,3.3044714e-17
4672.5,4.6283903e-16,3.3071815e-17
4674.0,4.1775199e-16,3.2439374e-17
4675.5,3.8209399e-16,3.2057999e-17
4677.0,3.7434399e-16,3.1811966e-17
4678.5,3.9555901e-16,3.1948808e-17
4680.0,3.96516e-16,3.1902486e-17
4681.5,4.0523602e-16,3.1968269e-17
4683.0,4.04939e-16,3.1964334e-17
4684.5,3.7480199e-16,3.1525536e-17
4686.0,3.3733699e-16,3.0886672e-17
4687.5,3.39506e-16,3.0909536e-17
4689.0,3.7569101e-16,3.1456063e-17
4690.5,3.8694998e-16,3.1525086e-17
4692.0,4.0311301e-16,3.1608376e-17
4693.5,3.64092e-16,3.1069416e-17
4695.0,3.7382399e-16,3.1137595e-17
4696.5,3.6582299e-16,3.086515e-17
4698.0,3.8308701e-16,3.0963705e-17
4699.5,4.1286098e-16,3.1354385e-17
4701.0,3.8062201e-16,3.0907741e-17
4702.5,3.4185299e-16,3.0272494e-17
4704.0,3.4985899e-16,3.0446117e-17
4705.5,3.5929099e-16,3.0743913e-17
4707.0,3.3742201e-16,3.0167275e-17
4708.5,3.26072e-16,2.9871351e-17
4710.0,3.29703e-16,3.0026521e-17
4711.5,3.70574e-16,3.0717946e-17
4713.0,3.90241e-16,3.1035693e-17
4714.5,4.1548602e-16,3.1223642e-17
4716.0,3.9022699e-16,3.1105812e-17
4717.5,3.37959e-16,3.0445442e-17
4719.0,3.83623e-16,3.0974412e-17
4720.5,4.10295e-16,3.1336816e-17
4722.0,3.7522699e-16,3.0821634e-17
4723.5,3.8386501e-16,3.0879324e-17
4725.0,3.9995699e-16,3.083828e-17
4726.5,3.35702e-16,2.9950053e-17
4728.0,3.1841202e-16,2.9605556e-17
4729.5,3.7376801e-16,3.0294034e-17
4731.0,3.72799e-16,3.0363386e-17
4732.5,3.42333e-16,2.9942096e-17
4734.0,3.6464001e-16,3.0273018e-17
4735.5,3.3673099e-16,2.9813149e-17
4737.0,3.5524202e-16,2.9851317e-17
4738.5,3.8687399e-16,3.0226784e-17
4740.0,3.9922198e-16,3.051347e-17
4741.5,3.6683102e-16,3.0338586e-17
4743.0,3.76052e-16,3.0380816e-17
4744.5,3.92192e-16,3.049995e-17
4746.0,3.9888298e-16,3.0593786e-17
4747.5,4.27466e-16,3.0845861e-17
4749.0,3.9729699e-16,3.0366694e-17
4750.5,3.79653e-16,3.0052988e-17
4752.0,3.8297999e-16,3.001034e-17
4753.5,3.37181e-16,2.9408826e-17
4755.0,3.45065e-16,2.9550335e-17
4756.5,3.6277198e-16,2.9673404e-17
4758.0,3.63997e-16,2.9644872e-17
4759.5,3.57405e-16,2.9741666e-17
4761.0,3.4284799e-16,2.9608524e-17
4762.5,3.7228999e-16,2.9733954e-17
4764.0,3.8875202e-16,2.9843852e-17
4765.5,3.59378e-16,2.94608e-17
4767.0,3.5905001e-16,2.9498824e-17
4768.5,3.8235599e-16,2.9672921e-17
4770.0,3.88278e-16,2.970459e-17
4771.5,3.4065e-16,2.9143588e-17
4773.0,3.66209e-16,2.954545e-17
4774.5,3.60645e-16,2.9393321e-17
4776.0,3.4963101e-16,2.9297088e-17
4777.5,3.6016601e-16,2.9575141e-17
4779.0,3.65313e-16,2.9479341e-17
4780.5,3.9246602e-16,2.9885694e-17
4782.0,3.7772e-16,2.9674318e-17
4783.5,3.4631699e-16,2.9198121e-17
4785.0,3.5888699e-16,2.9170874e-17
4786.5,3.3551499e-16,2.8808282e-17
4788.0,3.15848e-16,2.8770747e-17
4789.5,3.5831699e-16,2.9432602e-17
4791.0,3.5253e-16,2.921862e-17
4792.5,3.69243e-16,2.9346124e-17
4794.0,3.0285099e-16,2.8459316e-17
4795.5,3.2540102e-16,2.8774069e-17
4797.0,3.3959698e-16,2.8961903e-17
4798.5,3.4007499e-16,2.8871563e-17
4800.0,3.2112898e-16,2.8624824e-17
4801.5,3.0436099e-16,2.8173473e-17
4803.0,3.3877001e-16,2.8669031e-17
4804.5,3.3657399e-16,2.8757182e-17
4806.0,2.93064e-16,2.7986519e-17
4807.5,3.3528899e-16,2.854348e-17
4809.0,3.1303098e-16,2.8523469e-17
4810.5,3.3607798e-16,2.8816772e-17
4812.0,3.4823301e-16,2.9009159e-17
4813.5,3.0820501e-16,2.8436049e-17
4815.0,3.0820001e-16,2.8542504e-17
4816.5,3.3286198e-16,2.9120556e-17
4818.0,3.34427e-16,2.907159e-17
4819.5,3.2285698e-16,2.895809e-17
4821.0,3.3000001e-16,2.9024382e-17
4822.5,3.32712e-16,2.8875959e-17
4824.0,3.1386102e-16,2.8666649e-17
4825.5,2.9643501e-16,2.8449599e-17
4827.0,3.0285999e-16,2.8369514e-17
4828.5,3.1170799e-16,2.8605735e-17
4830.0,3.0702901e-16,2.8674343e-17
4831.5,2.8284402e-16,2.8188758e-17
4833.0,2.5746001e-16,2.7716121e-17
4834.5,2.8418601e-16,2.8094672e-17
4836.0,2.87889e-16,2.8215777e-17
4837.5,2.6039699e-16,2.7814197e-17
4839.0,2.54343e-16,2.7589927e-17
4840.5,2.67184e-16,2.7531727e-17
4842.0,2.9453199e-16,2.8013671e-17
4843.5,3.0125799e-16,2.8070322e-17
4845.0,2.7560202e-16,2.769493e-17
4846.5,3.11885e-16,2.8116395e-17
4848.0,3.04861e-16,2.8015832e-17
4849.5,2.92331e-16,2.7578152e-17
4851.0,3.24434e-16,2.8022194e-17
4852.5,2.72916e-16,2.7408421e-17
4854.0,2.9459502e-16,2.7360781e-17
4855.5,3.0436199e-16,2.7331527e-17
4857.0,3.2764399e-16,2.7471647e-17
4858.5,3.0235299e-16,2.6994812e-17
4860.0,3.09045e-16,2.6829424e-17
4861.5,2.9263699e-16,2.6456187e-17
4863.0,2.61119e-16,2.6277791e-17
4864.5,2.9974601e-16,2.7007033e-17
4866.0,3.3163301e-16,2.7342268e-17
4867.5,2.75617e-16,2.6689006e-17
4869.0,2.49764e-16,2.6482985e-17
4870.5,2.7432599e-16,2.6680426e-17
4872.0,2.7730501e-16,2.686612e-17
4873.5,2.9716798e-16,2.6908849e-17
4875.0,3.1680599e-16,2.7296918e-17
4876.5,3.3606101e-16,2.7642198e-17
4878.0,3.0398398e-16,2.7288583e-17
4879.5,2.7828402e-16,2.7088291e-17
4881.0,2.9181601e-16,2.7345393e-17
4882.5,3.1592701e-16,2.763317e-17
4884.0,2.7560202e-16,2.7068275e-17
4885.5,2.76616e-16,2.683617e-17
4887.0,2.88024e-16,2.6835969e-17
4888.5,2.76535e-16,2.6856278e-17
4890.0,2.5915399e-16,2.6648211e-17
4891.5,2.4992599e-16,2.6385441e-17
4893.0,2.6443299e-16,2.6609829e-17
4894.5,2.6314802e-16,2.6708887e-17
4896.0,2.5479503e-16,2.6589646e-17
4897.5,2.64792e-16,2.6533488e-17
4899.0,2.7783401e-16,2.6640342e-17
4900.5,2.6610898e-16,2.6545582e-17
4902.0,2.5791801e-16,2.6424625e-17
4903.5,2.5053998e-16,2.6251883e-17
4905.0,2.55125e-16,2.6234594e-17
4906.5,2.8232e-16,2.6606616e-17
4908.0,2.6843199e-16,2.6406373e-17
4909.5,2.7235299e-16,2.6431811e-17
4911.0,2.7170901e-16,2.6406211e-17
4912.5,2.74495e-16,2.6349713e-17
4914.0,2.99057e-16,2.6827195e-17
4915.5,2.8469601e-16,2.6647597e-17
4917.0,2.5499998e-16,2.6026419e-17
4918.5,2.6368999e-16,2.5977466e-17
4920.0,2.70192e-16,2.5882097e-17
4921.5,2.6484701e-16,2.5750298e-17
4923.0,2.8067202e-16,2.611329e-17
4924.5,2.6255501e-16,2.6030996e-17
4926.0,2.9388999e-16,2.6450098e-17
4927.5,2.7155598e-16,2.6277017e-17
4929.0,2.70324e-16,2.6246498e-17
4930.5,2.54333e-16,2.6035452e-17
4932.0,2.5219601e-16,2.5748875e-17
4933.5,2.55446e-16,2.5804623e-17
4935.0,2.67583e-16,2.6209665e-17
4936.5,2.60146e-16,2.5887165e-17
4938.0,2.66641e-16,2.591537e-17
4939.5,2.72459e-16,2.6155772e-17
4941.0,2.5905499e-16,2.6013886e-17
4942.5,2.87278e-16,2.6350364e-17
4944.0,3.0026299e-16,2.655667e-17
4945.5,2.72703e-16,2.6145625e-17
4947.0,2.69447e-16,2.5967015e-17
4948.5,2.5246098e-16,2.5920885e-17
4950.0,2.57776e-16,2.6107236e-17
4951.5,2.5540201e-16,2.5835471e-17
4953.0,2.4594398e-16,2.5636625e-17
4954.5,2.7479101e-16,2.5965156e-17
4956.0,3.05828e-16,2.6347812e-17
4957.5,2.9211101e-16,2.6185959e-17
4959.0,3.0404001e-16,2.633549e-17
4960.5,2.7512101e-16,2.6053993e-17
4962.0,2.79507e-16,2.6314462e-17
4963.5,3.09904e-16,2.6762695e-17
4965.0,3.1161299e-16,2.6661741e-17
4966.5,3.00084e-16,2.6397692e-17
4968.0,2.8110001e-16,2.6158391e-17
4969.5,2.48317e-16,2.5864145e-17
4971.0,2.6269599e-16,2.6246345e-17
4972.5,2.9443299e-16,2.6659566e-17
4974.0,2.9483102e-16,2.6594343e-17
4975.5,2.9600702e-16,2.6691887e-17
4977.0,2.7333798e-16,2.6428257e-17
4978.5,2.57391e-16,2.6404036e-17
4980.0,2.59625e-16,2.6341291e-17
4981.5,2.62833e-16,2.6205443e-17
4983.0,2.8452501e-16,2.6628728e-17
4984.5,2.98415e-16,2.6827896e-17
4986.0,2.7248298e-16,2.6514595e-17
4987.5,2.7609301e-16,2.650681e-17
4989.0,2.3659999e-16,2.589027e-17
4990.5,2.5955999e-16,2.591148e-17
4992.0,2.74988e-16,2.629221e-17
4993.5,2.55121e-16,2.5930965e-17
4995.0,2.30218e-16,2.5616166e-17
4996.5,2.14967e-16,2.5147249e-17
4998.0,2.36968e-16,2.5306618e-17
4999.5,2.1515199e-16,2.4824914e-17
5001.0,2.1380299e-16,2.4758281e-17
5002.5,2.33407e-16,2.5097168e-17
5004.0,2.5041301e-16,2.5324237e-17
5005.5,2.62629e-16,2.5347464e-17
5007.0,2.62286e-16,2.5296286e-17
5008.5,2.70686e-16,2.5448808e-17
5010.0,2.94946e-16,2.5773835e-17
5011.5,2.4842298e-16,2.5247101e-17
5013.0,2.0263299e-16,2.4439e-17
5014.5,2.1705199e-16,2.4485538e-17
5016.0,2.43758e-16,2.4724691e-17
5017.5,2.3447201e-16,2.4526792e-17
5019.0,1.9143e-16,2.4159643e-17
5020.5,2.1791799e-16,2.4546253e-17
5022.0,2.26012e-16,2.4584931e-17
5023.5,1.82528e-16,2.3887554e-17
5025.0,1.94098e-16,2.3947249e-17
5026.5,2.0108099e-16,2.4052846e-17
5028.0,2.2311401e-16,2.4596144e-17
5029.5,2.2641601e-16,2.4846685e-17
5031.0,2.1960101e-16,2.4616023e-17
5032.5,2.2218399e-16,2.4511645e-17
5034.0,1.88619e-16,2.3993759e-17
5035.5,1.85945e-16,2.3884622e-17
5037.0,2.20377e-16,2.4099123e-17
5038.5,2.31725e-16,2.4247349e-17
5040.0,2.18028e-16,2.4229144e-17
5041.5,2.2102801e-16,2.4219531e-17
5043.0,2.4562899e-16,2.4442332e-17
5044.5,2.3596699e-16,2.4451378e-17
5046.0,2.3509e-16,2.4531346e-17
5047.5,2.2790599e-16,2.4448163e-17
5049.0,2.0456199e-16,2.403042e-17
5050.5,2.2308601e-16,2.4265044e-17
5052.0,2.2420801e-16,2.4253785e-17
5053.5,2.34054e-16,2.4383898e-17
5055.0,2.4717499e-16,2.4656656e-17
5056.5,2.4774501e-16,2.4818777e-17
5058.0,2.37935e-16,2.4705072e-17
5059.5,2.11026e-16,2.430497e-17
5061.0,2.05086e-16,2.4266257e-17
5062.5,2.4039901e-16,2.4886574e-17
5064.0,2.4223999e-16,2.4658514e-17
5065.5,2.6668999e-16,2.4940014e-17
5067.0,2.4617999e-16,2.4642812e-17
5068.5,2.19789e-16,2.419355e-17
5070.0,2.6438e-16,2.4775036e-17
5071.5,2.5893199e-16,2.4707653e-17
5073.0,2.39292e-16,2.4460458e-17
5074.5,2.2923001e-16,2.4392284e-17
5076.0,2.47656e-16,2.447833e-17
5077.5,2.7133102e-16,2.4690198e-17
5079.0,2.47784e-16,2.4477211e-17
5080.5,2.5457999e-16,2.4513636e-17
5082.0,2.7393098e-16,2.484537e-17
5083.5,2.426e-16,2.4621305e-17
5085.0,2.3993399e-16,2.4671814e-17
5086.5,2.57169e-16,2.4969253e-17
5088.0,2.3325501e-16,2.4520959e-17
5089.5,2.5463399e-16,2.4856087e-17
5091.0,2.8016001e-16,2.5078996e-17
5092.5,2.8066998e-16,2.5110534e-17
5094.0,2.95407e-16,2.5248584e-17
5095.5,2.6759801e-16,2.4692285e-17
5097.0,2.5765202e-16,2.462612e-17
5098.5,2.6051501e-16,2.4606283e-17
5100.0,2.6726801e-16,2.4695163e-17
5101.5,2.6929001e-16,2.4715565e-17
5103.0,2.4925501e-16,2.4461929e-17
5104.5,2.5930101e-16,2.4549184e-17
5106.0,2.8816e-16,2.4939017e-17
5107.5,2.6152399e-16,2.4501232e-17
5109.0,2.5623501e-16,2.4290022e-17
5110.5,2.7534402e-16,2.4650258e-17
5112.0,2.9730298e-16,2.4956975e-17
5113.5,2.8193799e-16,2.4810156e-17
5115.0,2.65353e-16,2.4593749e-17
5116.5,2.7541901e-16,2.4670035e-17
5118.0,2.8006898e-16,2.4731026e-17
5119.5,2.4897901e-16,2.425608e-17
5121.0,2.40156e-16,2.4079963e-17
5122.5,2.6464999e-16,2.4415738e-17
5124.0,2.7447301e-16,2.4474932e-17
5125.5,2.6997201e-16,2.4371245e-17
5127.0,2.3987401e-16,2.3825761e-17
5128.5,2.7180599e-16,2.4341986e-17
5130.0,2.847e-16,2.4771902e-17
5131.5,2.9007803e-16,2.4857141e-17
5133.0,2.6743202e-16,2.4595157e-17
5134.5,2.49168e-16,2.4299906e-17
5136.0,2.54134e-16,2.433607e-17
5137.5,2.9102999e-16,2.48383e-17
5139.0,3.3045198e-16,2.5376908e-17
5140.5,2.8571901e-16,2.4691363e-17
5142.0,2.4891601e-16,2.4276815e-17
5143.5,2.5469301e-16,2.4378114e-17
5145.0,2.41161e-16,2.4333527e-17
5146.5,2.21968e-16,2.412945e-17
5148.0,2.4210399e-16,2.4588904e-17
5149.5,2.50457e-16,2.4587389e-17
5151.0,2.4022201e-16,2.4418164e-17
5152.5,2.35076e-16,2.4295288e-17
5154.0,2.3359101e-16,2.4445809e-17
5155.5,2.2120901e-16,2.4198787e-17
5157.0,2.2524499e-16,2.4150832e-17
5158.5,2.0649e-16,2.3800061e-17
5160.0,2.3528302e-16,2.4328255e-17
5161.5,2.6494301e-16,2.4419903e-17
5163.0,2.5104201e-16,2.4008152e-17
5164.5,2.5337699e-16,2.3887915e-17
5166.0,2.39532e-16,2.3442928e-17
5167.5,2.6786901e-16,2.374324e-17
5169.0,2.47367e-16,2.3414802e-17
5170.5,2.59658e-16,2.3579178e-17
5172.0,2.66045e-16,2.3717373e-17
5173.5,2.7286899e-16,2.3832377e-17
5175.0,2.8381401e-16,2.4153581e-17
5176.5,2.9809202e-16,2.4500891e-17
5178.0,3.1138101e-16,2.4633375e-17
5179.5,2.8686801e-16,2.4247167e-17
5181.0,2.8663899e-16,2.4210664e-17
5182.5,2.6556301e-16,2.3750777e-17
5184.0,2.5504199e-16,2.3521758e-17
5185.5,2.6796499e-16,2.3737092e-17
5187.0,2.64231e-16,2.3890627e-17
5188.5,2.4974499e-16,2.3943119e-17
5190.0,2.57075e-16,2.3981171e-17
5191.5,2.5877402e-16,2.391476e-17
5193.0,2.5569601e-16,2.3928583e-17
5194.5,2.6348799e-16,2.4253173e-17
5196.0,2.9025201e-16,2.4826986e-17
5197.5,3.1666401e-16,2.5253351e-17
5199.0,2.9432301e-16,2.5113388e-17
5200.5,2.8667502e-16,2.5082934e-17
5202.0,2.9665802e-16,2.5082294e-17
5203.5,2.6108398e-16,2.4314585e-17
5205.0,2.5697802e-16,2.4001113e-17
5206.5,2.7734101e-16,2.3986351e-17
5208.0,2.7778199e-16,2.4023938e-17
5209.5,3.0292003e-16,2.4528125e-17
5211.0,3.0208702e-16,2.4688103e-17
5212.5,3.2366299e-16,2.4862383e-17
5214.0,3.0272298e-16,2.4535525e-17
5215.5,2.90906e-16,2.4477836e-17
5217.0,3.03847e-16,2.4706154e-17
5218.5,3.2511099e-16,2.5075304e-17
5220.0,2.91874e-16,2.4644009e-17
5221.5,2.7579401e-16,2.4337255e-17
5223.0,2.5542001e-16,2.4163328e-17
5224.5,2.65918e-16,2.4195611e-17
5226.0,3.0448299e-16,2.4405639e-17
5227.5,3.1494001e-16,2.4392172e-17
5229.0,3.41066e-16,2.4844769e-17
5230.5,3.2746601e-16,2.4659804e-17
5232.0,3.1182102e-16,2.4444393e-17
5233.5,3.2659399e-16,2.485662e-17
5235.0,3.314e-16,2.4990278e-17
5236.5,2.89033e-16,2.4490872e-17
5238.0,2.7672201e-16,2.435355e-17
5239.5,3.0568098e-16,2.4644092e-17
5241.0,3.00962e-16,2.4494822e-17
5242.5,2.82374e-16,2.427393e-17
5244.0,2.74916e-16,2.4210584e-17
5245.5,3.0563598e-16,2.4611224e-17
5247.0,3.00622e-16,2.4541507e-17
5248.5,3.0723598e-16,2.4491626e-17
5250.0,2.8939198e-16,2.4248774e-17
5251.5,2.79538e-16,2.4191017e-17
5253.0,3.0969102e-16,2.4552963e-17
5254.5,3.18055e-16,2.4638047e-17
5256.0,3.2031501e-16,2.4715656e-17
5257.5,3.13071e-16,2.4541419e-17
5259.0,3.1713798e-16,2.4447979e-17
5260.5,3.36308e-16,2.4626568e-17
5262.0,3.1954699e-16,2.4270339e-17
5263.5,3.1005098e-16,2.3975629e-17
5265.0,3.2815099e-16,2.4039681e-17
5266.5,3.4690499e-16,2.4250481e-17
5268.0,3.4699099e-16,2.428394e-17
5269.5,3.13044e-16,2.386322e-17
5271.0,3.0691201e-16,2.3906978e-17
5272.5,3.1318101e-16,2.3964011e-17
5274.0,3.2992701e-16,2.4311111e-17
5275.5,3.3138999e-16,2.4601634e-17
5277.0,3.2473703e-16,2.4739989e-17
5278.5,3.3363701e-16,2.4654701e-17
5280.0,3.4656001e-16,2.4698074e-17
5281.5,3.38637e-16,2.4633567e-17
5283.0,3.4047201e-16,2.4682975e-17
5284.5,3.2851601e-16,2.4490031e-17
5286.0,3.4632001e-16,2.4757793e-17
5287.5,3.54641e-16,2.4823126e-17
5289.0,3.4077999e-16,2.4648262e-17
5290.5,3.2976499e-16,2.4571648e-17
5292.0,3.6448299e-16,2.506674e-17
5293.5,3.7062001e-16,2.5190122e-17
5295.0,3.6190798e-16,2.5010271e-17
5296.5,3.6724601e-16,2.5003208e-17
5298.0,3.1642602e-16,2.4353709e-17
5299.5,3.18201e-16,2.438792e-17
5301.0,3.3719201e-16,2.46121e-17
5302.5,3.2447201e-16,2.4577957e-17
5304.0,3.2650103e-16,2.4746025e-17
5305.5,3.3375901e-16,2.4584848e-17
5307.0,2.9239501e-16,2.4028805e-17
5308.5,3.3073402e-16,2.463579e-17
5310.0,3.6565399e-16,2.511806e-17
5311.5,3.2280002e-16,2.4583054e-17
5313.0,3.10814e-16,2.4342354e-17
5314.5,3.0984198e-16,2.433788e-17
5316.0,3.0650499e-16,2.4187836e-17
5317.5,3.1509001e-16,2.4243372e-17
5319.0,3.31463e-16,2.4492861e-17
5320.5,3.28636e-16,2.4461166e-17
5322.0,3.1529798e-16,2.4396902e-17
5323.5,3.3143801e-16,2.4527714e-17
5325.0,3.4183899e-16,2.4478536e-17
5326.5,3.1705902e-16,2.4160319e-17
5328.0,3.3149701e-16,2.433472e-17
5329.5,3.3848299e-16,2.4440848e-17
5331.0,3.0596e-16,2.413841e-17
5332.5,3.1671102e-16,2.4359784e-17
5334.0,3.3993301e-16,2.4684678e-17
5335.5,3.49693e-16,2.4695813e-17
5337.0,3.6424402e-16,2.4773686e-17
5338.5,3.37955e-16,2.4386639e-17
5340.0,3.0392302e-16,2.3918865e-17
5341.5,3.1289601e-16,2.4156698e-17
5343.0,3.1751001e-16,2.4179638e-17
5344.5,3.07457e-16,2.3973644e-17
5346.0,2.87364e-16,2.3795471e-17
5347.5,2.8122899e-16,2.3729881e-17
5349.0,3.06955e-16,2.4072544e-17
5350.5,3.2508799e-16,2.4222328e-17
5352.0,3.3368799e-16,2.4381955e-17
5353.5,3.1704102e-16,2.4346064e-17
5355.0,3.1626299e-16,2.4376168e-17
5356.5,3.29057e-16,2.4474178e-17
5358.0,3.4927202e-16,2.469885e-17
5359.5,3.3820302e-16,2.4484893e-17
5361.0,3.0357399e-16,2.3854189e-17
5362.5,3.2144098e-16,2.4013581e-17
5364.0,3.1687e-16,2.3864601e-17
5365.5,3.1968998e-16,2.3926534e-17
5367.0,3.3364e-16,2.4002081e-17
5368.5,3.26633e-16,2.3834711e-17
5370.0,3.5204701e-16,2.4369689e-17
5371.5,3.6432801e-16,2.454741e-17
5373.0,3.4497601e-16,2.4307081e-17
5374.5,3.1951099e-16,2.4064152e-17
5376.0,3.40022e-16,2.4362479e-17
5377.5,3.4716101e-16,2.441751e-17
5379.0,3.13736e-16,2.3967576e-17
5380.5,3.1506899e-16,2.4017416e-17
5382.0,3.1245701e-16,2.3906895e-17
5383.5,3.2490101e-16,2.4000564e-17
5385.0,3.40732e-16,2.4098808e-17
5386.5,3.4892101e-16,2.414067e-17
5388.0,3.45487e-16,2.4198297e-17
5389.5,3.0132202e-16,2.3594727e-17
5391.0,3.1038e-16,2.3632024e-17
5392.5,3.40356e-16,2.4007228e-17
5394.0,3.3214502e-16,2.3852502e-17
5395.5,3.21372e-16,2.3645755e-17
5397.0,3.1315602e-16,2.3560641e-17
5398.5,3.2627002e-16,2.3779686e-17
5400.0,3.453e-16,2.395587e-17
5401.5,3.4780499e-16,2.3905029e-17
5403.0,3.3538698e-16,2.3663737e-17
5404.5,3.14039e-16,2.3393083e-17
5406.0,2.9780598e-16,2.3268027e-17
5407.5,3.08701e-16,2.3318711e-17
5409.0,3.1206798e-16,2.3317205e-17
5410.5,3.1383802e-16,2.3453912e-17
5412.0,3.2684201e-16,2.3754632e-17
5413.5,3.21164e-16,2.3733895e-17
5415.0,3.0851298e-16,2.3457988e-17
5416.5,3.1940498e-16,2.3533713e-17
5418.0,3.19426e-16,2.3593903e-17
5419.5,3.20562e-16,2.3732464e-17
5421.0,3.28821e-16,2.3850295e-17
5422.5,3.2268599e-16,2.3715922e-17
5424.0,3.0815101e-16,2.3369238e-17
5425.5,3.01758e-16,2.3214114e-17
5427.0,3.1139202e-16,2.3487882e-17
5428.5,2.9557101e-16,2.3221525e-17
5430.0,2.76507e-16,2.2929476e-17
5431.5,2.56686e-16,2.2752396e-17
5433.0,2.7317601e-16,2.2882118e-17
5434.5,2.6416901e-16,2.2663836e-17
5436.0,2.70414e-16,2.2906499e-17
5437.5,2.6899702e-16,2.2867568e-17
5439.0,2.5433001e-16,2.266461e-17
5440.5,2.5990002e-16,2.2896781e-17
5442.0,2.8956999e-16,2.3292685e-17
5443.5,2.6886401e-16,2.2812718e-17
5445.0,2.60151e-16,2.2579531e-17
5446.5,2.6275502e-16,2.2650475e-17
5448.0,2.8825598e-16,2.3013795e-17
5449.5,2.6265801e-16,2.2735778e-17
5451.0,2.5137002e-16,2.2580712e-17
5452.5,2.61286e-16,2.2752289e-17
5454.0,2.6476e-16,2.2869812e-17
5455.5,2.5200702e-16,2.3168426e-17
5457.0,2.4437999e-16,2.390096e-17
5458.5,2.37257e-16,2.475189e-17
5460.0,2.5163099e-16,2.5606095e-17
5461.5,2.7790902e-16,2.5813808e-17
5463.0,2.7282201e-16,2.5166275e-17
5464.5,2.2260402e-16,2.3642593e-17
5466.0,2.22637e-16,2.2955944e-17
5467.5,2.28481e-16,2.2595973e-17
5469.0,2.32838e-16,2.2439936e-17
5470.5,2.5074301e-16,2.2749872e-17
5472.0,2.65982e-16,2.2817957e-17
5473.5,2.7053401e-16,2.2732378e-17
5475.0,2.61154e-16,2.2563641e-17
5476.5,2.5737599e-16,2.2412522e-17
5478.0,2.6404e-16,2.2505625e-17
5479.5,2.5935702e-16,2.2452742e-17
5481.0,2.4688202e-16,2.2352399e-17
5482.5,2.5901698e-16,2.2594027e-17
5484.0,2.5799199e-16,2.2574936e-17
5485.5,2.54316e-16,2.2434953e-17
5487.0,2.78384e-16,2.2804849e-17
5488.5,2.6177299e-16,2.2568664e-17
5490.0,2.6347198e-16,2.2588747e-17
5491.5,2.68487e-16,2.2631667e-17
5493.0,2.57902e-16,2.2526692e-17
5494.5,2.87608e-16,2.2960215e-17
5496.0,3.0317803e-16,2.3112344e-17
5497.5,2.76371e-16,2.2614776e-17
5499.0,2.8505599e-16,2.2801778e-17
5500.5,2.9938099e-16,2.2932849e-17
5502.0,2.8288399e-16,2.2787846e-17
5503.5,2.78873e-16,2.2670285e-17
5505.0,2.8117799e-16,2.267675e-17
5506.5,2.8842398e-16,2.2827221e-17
5508.0,2.72404e-16,2.2634248e-17
5509.5,2.38867e-16,2.2169621e-17
5511.0,2.5454301e-16,2.234445e-17
5512.5,2.4017e-16,2.2105463e-17
5514.0,2.6420599e-16,2.2459414e-17
5515.5,2.52714e-16,2.2280979e-17
5517.0,2.7369898e-16,2.2777472e-17
5518.5,2.70052e-16,2.2729211e-17
5520.0,2.8604901e-16,2.2871755e-17
5521.5,2.71016e-16,2.2543841e-17
5523.0,2.6039201e-16,2.2460503e-17
5524.5,2.95791e-16,2.2892032e-17
5526.0,2.9517499e-16,2.2866672e-17
5527.5,2.8513699e-16,2.2626286e-17
5529.0,2.79439e-16,2.2643027e-17
5530.5,2.9335001e-16,2.2964583e-17
5532.0,2.9484902e-16,2.284341e-17
5533.5,2.7684798e-16,2.2540891e-17
5535.0,2.8544899e-16,2.270152e-17
5536.5,2.7707602e-16,2.2604611e-17
5538.0,2.93122e-16,2.2834201e-17
5539.5,3.21715e-16,2.3255679e-17
5541.0,2.9929398e-16,2.3066658e-17
5542.5,2.5621598e-16,2.258639e-17
5544.0,2.57997e-16,2.2652459e-17
5545.5,2.6196598e-16,2.2704142e-17
5547.0,2.75395e-16,2.2822133e-17
5548.5,2.9383901e-16,2.2963563e-17
5550.0,2.6874701e-16,2.261529e-17
5551.5,2.7393202e-16,2.2557944e-17
5553.0,2.79719e-16,2.2681412e-17
5554.5,2.75391e-16,2.2729263e-17
5556.0,3.1410801e-16,2.322267e-17
5557.5,3.33232e-16,2.3450721e-17
5559.0,3.1029999e-16,2.3124989e-17
5560.5,2.69718e-16,2.2737846e-17
5562.0,3.0368302e-16,2.3239142e-17
5563.5,2.98135e-16,2.3060805e-17
5565.0,3.1508699e-16,2.3412463e-17
5566.5,3.2413701e-16,2.3612008e-17
5568.0,2.77856e-16,2.3128391e-17
5569.5,2.63847e-16,2.4195587e-17
5571.0,2.66836e-16,2.9022088e-17
5572.5,2.9154101e-16,4.2431164e-17
5574.0,3.0349299e-16,6.1641458e-17
5575.5,2.8678302e-16,7.4354958e-17
5577.0,2.8218701e-16,7.8310201e-17
5578.5,3.1888001e-16,7.553474e-17
5580.0,2.78389e-16,6.2355592e-17
5581.5,3.4048101e-16,4.3553559e-17
5583.0,2.8030898e-16,2.9501587e-17
5584.5,2.8104699e-16,2.4813353e-17
5586.0,2.9514101e-16,2.3466452e-17
5587.5,2.4246e-16,2.2360329e-17
5589.0,2.6685e-16,2.2536671e-17
5590.5,2.9185799e-16,2.2828982e-17
5592.0,2.5243101e-16,2.2329662e-17
5593.5,2.53375e-16,2.2212066e-17
5595.0,2.5497698e-16,2.2271744e-17
5596.5,2.557e-16,2.2343771e-17
5598.0,2.8209601e-16,2.2748994e-17
5599.5,2.72906e-16,2.2515765e-17
5601.0,2.2988299e-16,2.1804363e-17
5602.5,2.3714e-16,2.2141886e-17
5604.0,2.6605202e-16,2.2543717e-17
5605.5,2.8377398e-16,2.2710309e-17
5607.0,2.80923e-16,2.2698897e-17
5608.5,2.8523498e-16,2.2623183e-17
5610.0,2.7771698e-16,2.2389258e-17
5611.5,2.53298e-16,2.2018733e-17
5613.0,2.37524e-16,2.1770392e-17
5614.5,2.6614101e-16,2.2175191e-17
5616.0,2.66687e-16,2.2175148e-17
5617.5,2.3347399e-16,2.18433e-17
5619.0,2.45943e-16,2.2024299e-17
5620.5,2.59961e-16,2.2180362e-17
5622.0,2.57057e-16,2.2274635e-17
5623.5,2.5451897e-16,2.221341e-17
5625.0,2.4311601e-16,2.1938134e-17
5626.5,2.3604e-16,2.1740382e-17
5628.0,2.28328e-16,2.1625691e-17
5629.5,2.13891e-16,2.1459003e-17
5631.0,2.3204399e-16,2.1615813e-17
5632.5,2.69455e-16,2.201821e-17
5634.0,2.7389102e-16,2.2090568e-17
5635.5,2.5402701e-16,2.1874578e-17
5637.0,2.31608e-16,2.1614334e-17
5638.5,2.1571299e-16,2.1463286e-17
5640.0,2.3561601e-16,2.1742135e-17
5641.5,2.5108299e-16,2.2024859e-17
5643.0,2.4459e-16,2.1945744e-17
5644.5,2.5780001e-16,2.2014399e-17
5646.0,2.7269e-16,2.2335049e-17
5647.5,2.5580702e-16,2.2201447e-17
5649.0,2.33507e-16,2.1750346e-17
5650.5,2.58364e-16,2.1885405e-17
5652.0,2.67226e-16,2.1953953e-17
5653.5,2.24289e-16,2.1397818e-17
5655.0,2.4559199e-16,2.174945e-17
5656.5,2.6343101e-16,2.2016567e-17
5658.0,2.2801801e-16,2.151126e-17
5659.5,2.2032399e-16,2.1440888e-17
5661.0,2.5819099e-16,2.1945611e-17
5662.5,2.94886e-16,2.2568436e-17
5664.0,2.8537699e-16,2.2548682e-17
5665.5,2.55609e-16,2.2079085e-17
5667.0,2.2550802e-16,2.1772676e-17
5668.5,2.4030701e-16,2.2206165e-17
5670.0,2.6192998e-16,2.2565597e-17
5671.5,2.4301801e-16,2.2411003e-17
5673.0,2.5716399e-16,2.259835e-17
5674.5,2.8001001e-16,2.2816005e-17
5676.0,2.55949e-16,2.2679845e-17
5677.5,2.5520502e-16,2.2769089e-17
5679.0,2.6597499e-16,2.2976609e-17
5680.5,2.5209e-16,2.3110582e-17
5682.0,2.5194902e-16,2.3519569e-17
5683.5,2.7676002e-16,2.4248192e-17
5685.0,2.8773e-16,2.4598397e-17
5686.5,2.95751e-16,2.4751619e-17
5688.0,2.98193e-16,2.4952173e-17
5689.5,2.7012802e-16,2.4537112e-17
5691.0,2.4684901e-16,2.3893379e-17
5692.5,2.68252e-16,2.3927696e-17
5694.0,2.89269e-16,2.3879955e-17
5695.5,2.6077198e-16,2.3135205e-17
5697.0,2.39203e-16,2.2653648e-17
5698.5,2.8127399e-16,2.3047467e-17
5700.0,2.92824e-16,2.3087e-17
5701.5,2.6656601e-16,2.26479e-17
5703.0,2.7944202e-16,2.2772926e-17
5704.5,3.0511501e-16,2.2951479e-17
5706.0,2.8747599e-16,2.253517e-17
5707.5,2.8457199e-16,2.2438417e-17
5709.0,3.1058602e-16,2.2774604e-17
5710.5,3.1207402e-16,2.277465e-17
5712.0,2.9844999e-16,2.2615051e-17
5713.5,3.02337e-16,2.2645756e-17
5715.0,3.0908799e-16,2.2704536e-17
5716.5,2.9157e-16,2.2396358e-17
5718.0,3.05128e-16,2.2669193e-17
5719.5,2.85826e-16,2.2493514e-17
5721.0,3.11678e-16,2.2784585e-17
5722.5,3.23221e-16,2.2752792e-17
5724.0,3.20213e-16,2.2839743e-17
5725.5,2.95216e-16,2.2563442e-17
5727.0,2.8474701e-16,2.2363186e-17
5728.5,2.91073e-16,2.2246886e-17
5730.0,3.3373e-16,2.2812344e-17
5731.5,3.0062499e-16,2.2444125e-17
5733.0,2.7173799e-16,2.2050719e-17
5734.5,2.8710801e-16,2.2209365e-17
5736.0,3.0248698e-16,2.2509552e-17
5737.5,2.8455799e-16,2.221411e-17
5739.0,3.08616e-16,2.2435436e-17
5740.5,3.4727999e-16,2.2850808e-17
5742.0,3.1103799e-16,2.2516408e-17
5743.5,3.2716502e-16,2.2770931e-17
5745.0,3.4362798e-16,2.2955796e-17
5746.5,3.3546801e-16,2.2698571e-17
5748.0,3.2324101e-16,2.2611858e-17
5749.5,3.21874e-16,2.2589143e-17
5751.0,3.24638e-16,2.2605012e-17
5752.5,3.0750501e-16,2.2543772e-17
5754.0,3.0492101e-16,2.2418573e-17
5755.5,3.1369701e-16,2.2469858e-17
5757.0,3.0759099e-16,2.2473379e-17
5758.5,2.99419e-16,2.2463204e-17
5760.0,3.09624e-16,2.2549307e-17
5761.5,3.1965602e-16,2.2730418e-17
5763.0,3.1399101e-16,2.282142e-17
5764.5,3.0426101e-16,2.2867728e-17
5766.0,3.0056199e-16,2.3154647e-17
5767.5,3.3218398e-16,2.3774404e-17
5769.0,3.23669e-16,2.378428e-17
5770.5,2.92222e-16,2.3343974e-17
5772.0,2.9811902e-16,2.3229222e-17
5773.5,3.2170401e-16,2.3234402e-17
5775.0,3.0643201e-16,2.281755e-17
5776.5,2.96709e-16,2.2536866e-17
5778.0,3.27084e-16,2.2781394e-17
5779.5,3.165e-16,2.2740309e-17
5781.0,2.9541799e-16,2.2414333e-17
5782.5,2.9833901e-16,2.2336771e-17
5784.0,3.15708e-16,2.2769128e-17
5785.5,3.1549799e-16,2.3018858e-17
5787.0,3.1867399e-16,2.331748e-17
5788.5,3.2885501e-16,2.3615476e-17
5790.0,3.42791e-16,2.3991847e-17
5791.5,3.04232e-16,2.3660758e-17
5793.0,3.3948001e-16,2.3688987e-17
5794.5,3.1868199e-16,2.3212065e-17
5796.0,2.6130302e-16,2.2357381e-17
5797.5,3.0296799e-16,2.285397e-17
5799.0,3.36543e-16,2.3219703e-17
5800.5,3.61328e-16,2.3426208e-17
5802.0,3.6796001e-16,2.332902e-17
5803.5,3.2934401e-16,2.2960695e-17
5805.0,3.0572799e-16,2.2730603e-17
5806.5,2.74191e-16,2.2086509e-17
5808.0,3.0054701e-16,2.2592541e-17
5809.5,3.3993499e-16,2.3129923e-17
5811.0,3.4743301e-16,2.317839e-17
5812.5,3.2126297e-16,2.2793194e-17
5814.0,3.20928e-16,2.2940154e-17
5815.5,3.3718698e-16,2.3032309e-17
5817.0,3.2899098e-16,2.2878228e-17
5818.5,3.12451e-16,2.2875857e-17
5820.0,3.09004e-16,2.2847689e-17
5821.5,3.4656999e-16,2.3248471e-17
5823.0,3.6173701e-16,2.3481739e-17
5824.5,3.11442e-16,2.296304e-17
5826.0,2.8653801e-16,2.2711487e-17
5827.5,3.1180098e-16,2.3072237e-17
5829.0,3.3219298e-16,2.3293963e-17
5830.5,3.38525e-16,2.3402506e-17
5832.0,3.33092e-16,2.3337486e-17
5833.5,3.17645e-16,2.3098722e-17
5835.0,3.1362001e-16,2.3090382e-17
5836.5,3.1520399e-16,2.3108969e-17
5838.0,3.49273e-16,2.356925e-17
5839.5,3.52805e-16,2.3610062e-17
5841.0,3.3163402e-16,2.3301523e-17
5842.5,3.3689902e-16,2.3507446e-17
5844.0,3.2281302e-16,2.3420106e-17
5845.5,3.0757601e-16,2.3184961e-17
5847.0,2.9111098e-16,2.2988535e-17
5848.5,2.92883e-16,2.298064e-17
5850.0,3.3243701e-16,2.3499489e-17
5851.5,3.4071699e-16,2.3577885e-17
5853.0,3.34806e-16,2.3551874e-17
5854.5,3.1230102e-16,2.3158041e-17
5856.0,3.4269e-16,2.3545726e-17
5857.5,3.5011101e-16,2.3721089e-17
5859.0,3.2992198e-16,2.3397286e-17
5860.5,3.0690701e-16,2.3218516e-17
5862.0,3.09783e-16,2.3586713e-17
5863.5,3.2045099e-16,2.4023606e-17
5865.0,3.4954802e-16,2.4531795e-17
5866.5,3.53492e-16,2.4555838e-17
5868.0,3.4632901e-16,2.4378618e-17
5869.5,3.5938502e-16,2.4399188e-17
5871.0,3.2732799e-16,2.3829372e-17
5872.5,3.05331e-16,2.3324893e-17
5874.0,3.2652501e-16,2.331132e-17
5875.5,3.4204599e-16,2.3275667e-17
5877.0,3.12329e-16,2.2816106e-17
5878.5,3.17133e-16,2.2769978e-17
5880.0,3.34178e-16,2.2949914e-17
5881.5,3.13464e-16,2.2624178e-17
5883.0,3.0417001e-16,2.2666728e-17
5884.5,2.90023e-16,2.2972374e-17
5886.0,3.11881e-16,2.4246848e-17
5887.5,3.1298302e-16,2.5377435e-17
5889.0,2.9686498e-16,2.5758155e-17
5890.5,3.0333902e-16,2.5980797e-17
5892.0,3.06055e-16,2.5869253e-17
5893.5,3.1708898e-16,2.5676411e-17
5895.0,3.1189799e-16,2.53598e-17
5896.5,2.88716e-16,2.4790854e-17
5898.0,2.9291601e-16,2.4060683e-17
5899.5,2.8754802e-16,2.3008106e-17
5901.0,2.81565e-16,2.2428762e-17
5902.5,2.9374099e-16,2.2510166e-17
5904.0,2.91394e-16,2.2437707e-17
5905.5,2.91946e-16,2.2445261e-17
5907.0,3.08593e-16,2.2663677e-17
5908.5,3.01228e-16,2.2614474e-17
5910.0,2.7233801e-16,2.2499167e-17
5911.5,2.68908e-16,2.2915525e-17
5913.0,2.8368899e-16,2.3319288e-17
5914.5,3.0981601e-16,2.3488562e-17
5916.0,3.14174e-16,2.3390465e-17
5917.5,2.9556799e-16,2.2994268e-17
5919.0,2.8616802e-16,2.2699439e-17
5920.5,2.70215e-16,2.2480571e-17
5922.0,2.8907498e-16,2.2893478e-17
5923.5,2.9278901e-16,2.3019297e-17
5925.0,3.05087e-16,2.3245276e-17
5926.5,3.0294401e-16,2.3312618e-17
5928.0,3.0561399e-16,2.3356576e-17
5929.5,3.06232e-16,2.3412819e-17
5931.0,2.7644101e-16,2.3312767e-17
5932.5,2.8199601e-16,2.3556552e-17
5934.0,2.6812899e-16,2.3451755e-17
5935.5,2.4911099e-16,2.297207e-17
5937.0,2.6199002e-16,2.2799969e-17
5938.5,2.9102599e-16,2.2882826e-17
5940.0,2.7941902e-16,2.263033e-17
5941.5,2.8127701e-16,2.2641171e-17
5943.0,3.0846399e-16,2.3005798e-17
5944.5,2.8186901e-16,2.2718437e-17
5946.0,2.7884502e-16,2.2629875e-17
5947.5,2.7763199e-16,2.2626075e-17
5949.0,2.9555801e-16,2.3048759e-17
5950.5,2.90629e-16,2.324407e-17
5952.0,2.5354801e-16,2.3066752e-17
5953.5,2.4213001e-16,2.2888721e-17
5955.0,2.59363e-16,2.3082082e-17
5956.5,2.55053e-16,2.2664717e-17
5958.0,2.4330399e-16,2.2225058e-17
5959.5,2.86677e-16,2.2633118e-17
5961.0,3.14749e-16,2.3081814e-17
5962.5,2.8340701e-16,2.2746299e-17
5964.0,2.6466201e-16,2.2630966e-17
5965.5,2.6555401e-16,2.2541636e-17
5967.0,2.8045401e-16,2.2787409e-17
5968.5,2.7056699e-16,2.2729004e-17
5970.0,2.7893099e-16,2.286021e-17
5971.5,2.8120199e-16,2.2852255e-17
5973.0,2.8464201e-16,2.2965114e-17
5974.5,2.8728398e-16,2.3128123e-17
5976.0,2.6206601e-16,2.2721628e-17
5977.5,2.7639799e-16,2.2821792e-17
5979.0,2.7802199e-16,2.2846275e-17
5980.5,2.4544601e-16,2.2249074e-17
5982.0,2.5982601e-16,2.2274324e-17
5983.5,2.7774901e-16,2.2481144e-17
5985.0,2.6543599e-16,2.2304676e-17
5986.5,2.4854001e-16,2.2026054e-17
5988.0,2.71622e-16,2.2273477e-17
5989.5,3.02057e-16,2.261584e-17
5991.0,2.68229e-16,2.2211493e-17
5992.5,2.7230701e-16,2.2205167e-17
5994.0,2.7803999e-16,2.2405801e-17
5995.5,2.8995902e-16,2.2619577e-17
5997.0,2.5705298e-16,2.2140127e-17
5998.5,2.8162901e-16,2.254505e-17
6000.0,2.9343302e-16,2.2748511e-17
6001.5,3.2036001e-16,2.3146238e-17
6003.0,3.1014101e-16,2.3084954e-17
6004.5,2.57698e-16,2.2403634e-17
6006.0,2.7640901e-16,2.2579866e-17
6007.5,2.6993799e-16,2.2266789e-17
6009.0,2.7339301e-16,2.2334082e-17
6010.5,2.9796202e-16,2.2612501e-17
6012.0,2.8600999e-16,2.2384365e-17
6013.5,3.1042601e-16,2.2731303e-17
6015.0,2.9954402e-16,2.2425739e-17
6016.5,2.875e-16,2.2358177e-17
6018.0,3.1859201e-16,2.2593217e-17
6019.5,2.9276699e-16,2.2445871e-17
6021.0,2.8318598e-16,2.2222193e-17
6022.5,2.70442e-16,2.2074837e-17
6024.0,2.63995e-16,2.1902165e-17
6025.5,2.9811798e-16,2.2457489e-17
6027.0,3.12808e-16,2.2693298e-17
6028.5,3.05788e-16,2.2604378e-17
6030.0,2.86201e-16,2.2442716e-17
6031.5,2.86627e-16,2.2511228e-17
6033.0,3.0787901e-16,2.2672489e-17
6034.5,3.2581898e-16,2.2802213e-17
6036.0,2.9908299e-16,2.2417373e-17
6037.5,3.0135399e-16,2.2432143e-17
6039.0,3.2448803e-16,2.266786e-17
6040.5,2.9364899e-16,2.236498e-17
6042.0,2.7394398e-16,2.2074769e-17
6043.5,2.8619502e-16,2.2239224e-17
6045.0,2.8926501e-16,2.2513796e-17
6046.5,2.92335e-16,2.1444561e-17
6048.0,2.9540499e-16,2.0419584e-17
6049.5,2.9847501e-16,2.1632724e-17
6051.0,3.01545e-16,2.2111517e-17
6052.5,3.01545e-16,2.2362379e-17
6054.0,3.09809e-16,2.2373154e-17
6055.5,2.9523302e-16,2.2175622e-17
6057.0,2.9267799e-16,2.2274217e-17
6058.5,2.9649001e-16,2.2283949e-17
6060.0,2.9727701e-16,2.2253263e-17
6061.5,2.8600901e-16,2.2147072e-17
6063.0,2.9733398e-16,2.2290844e-17
6064.5,3.0878499e-16,2.2345117e-17
6066.0,3.2407999e-16,2.2469454e-17
6067.5,3.17455e-16,2.2427254e-17
6069.0,3.26152e-16,2.2586993e-17
6070.5,3.1332498e-16,2.257741e-17
6072.0,3.0177799e-16,2.2472192e-17
6073.5,2.93638e-16,2.2177054e-17
6075.0,2.8354002e-16,2.207103e-17
6076.5,3.1215599e-16,2.2231536e-17
6078.0,3.1955199e-16,2.2340632e-17
6079.5,3.0027699e-16,2.2156847e-17
6081.0,3.0252901e-16,2.2088592e-17
6082.5,3.22466e-16,2.2350253e-17
6084.0,3.1750699e-16,2.2364549e-17
6085.5,3.17359e-16,2.2296906e-17
6087.0,3.1670602e-16,2.2244255e-17
6088.5,3.1103201e-16,2.2151521e-17
6090.0,2.4595701e-16,2.1142165e-17
6091.5,2.3950201e-16,2.1101134e-17
6093.0,2.53212e-16,2.1373638e-17
6094.5,2.4519402e-16,2.1266957e-17
6096.0,2.6070801e-16,2.1318478e-17
6097.5,2.3922201e-16,2.1030444e-17
6099.0,2.5171199e-16,2.1296814e-17
6100.5,2.6480902e-16,2.1441585e-17
6102.0,2.7511998e-16,2.1638424e-17
6103.5,2.8745201e-16,2.1926318e-17
6105.0,2.72526e-16,2.1824543e-17
6106.5,2.8310401e-16,2.1946564e-17
6108.0,3.0732899e-16,2.2194449e-17
6109.5,3.44365e-16,2.2757169e-17
6111.0,3.50258e-16,2.2891046e-17
6112.5,3.2174798e-16,2.249074e-17
6114.0,3.18368e-16,2.2471128e-17
6115.5,3.4323099e-16,2.268806e-17
6117.0,3.4063599e-16,2.2553873e-17
6118.5,3.3616702e-16,2.2541291e-17
6120.0,3.2252e-16,2.2318013e-17
6121.5,3.0407803e-16,2.2009517e-17
6123.0,3.02327e-16,2.193428e-17
6124.5,2.8607e-16,2.1669861e-17
6126.0,3.0188201e-16,2.1949138e-17
6127.5,3.19091e-16,2.2232504e-17
6129.0,3.1028101e-16,2.2202789e-17
6130.5,3.0665698e-16,2.2147216e-17
6132.0,3.1276398e-16,2.2146669e-17
6133.5,3.0670499e-16,2.2072015e-17
6135.0,3.0134298e-16,2.2044999e-17
6136.5,3.0815101e-16,2.2099871e-17
6138.0,3.0120399e-16,2.2141687e-17
6139.5,3.0422898e-16,2.2397064e-17
6141.0,3.0032302e-16,2.2495601e-17
6142.5,3.06395e-16,2.2511012e-17
6144.0,3.13329e-16,2.2506703e-17
6145.5,3.1575501e-16,2.2547163e-17
6147.0,3.2357601e-16,2.256266e-17
6148.5,2.9683798e-16,2.2169426e-17
6150.0,3.0059e-16,2.229282e-17
6151.5,2.9075399e-16,2.2312834e-17
6153.0,3.02422e-16,2.2629466e-17
6154.5,3.1643902e-16,2.2834395e-17
6156.0,3.3411199e-16,2.3110185e-17
6157.5,3.3319499e-16,2.3115869e-17
6159.0,3.33571e-16,2.3015167e-17
6160.5,3.1666898e-16,2.2857574e-17
6162.0,3.0728502e-16,2.2680146e-17
6163.5,2.9074999e-16,2.2265283e-17
6165.0,3.1365e-16,2.2367248e-17
6166.5,3.3190901e-16,2.2434605e-17
6168.0,3.3714601e-16,2.2676125e-17
6169.5,3.4095e-16,2.2806319e-17
6171.0,3.2350502e-16,2.2571011e-17
6172.5,2.9798399e-16,2.2206117e-17
6174.0,2.79999e-16,2.1944566e-17
6175.5,2.94168e-16,2.211429e-17
6177.0,3.1856798e-16,2.2301269e-17
6178.5,3.1411902e-16,2.2181352e-17
6180.0,3.0352801e-16,2.1956027e-17
6181.5,2.9931799e-16,2.1878247e-17
6183.0,3.2498801e-16,2.2205162e-17
6184.5,3.4864101e-16,2.2517369e-17
6186.0,3.4452401e-16,2.2525486e-17
6187.5,3.2734001e-16,2.2344343e-17
6189.0,3.21326e-16,2.2124035e-17
6190.5,3.11293e-16,2.2037562e-17
6192.0,3.06855e-16,2.2181343e-17
6193.5,3.0305499e-16,2.2177772e-17
6195.0,2.9927302e-16,2.2000786e-17
6196.5,3.1306999e-16,2.207469e-17
6198.0,3.2722302e-16,2.2305132e-17
6199.5,3.26157e-16,2.2396468e-17
6201.0,2.9962999e-16,2.2138811e-17
6202.5,2.9177498e-16,2.214187e-17
6204.0,3.23506e-16,2.2510494e-17
6205.5,3.03069e-16,2.2105142e-17
6207.0,2.9131202e-16,2.1825085e-17
6208.5,3.0015002e-16,2.1907361e-17
6210.0,2.92774e-16,2.181079e-17
6211.5,3.15359e-16,2.2063816e-17
6213.0,3.1732602e-16,2.2013783e-17
6214.5,3.21407e-16,2.2124695e-17
6216.0,3.07733e-16,2.1981388e-17
6217.5,2.7870399e-16,2.1717842e-17
6219.0,2.4377201e-16,2.1025028e-17
6220.5,2.6653901e-16,2.1555399e-17
6222.0,2.7052199e-16,2.1658527e-17
6223.5,2.8583302e-16,2.1787242e-17
6225.0,2.4967199e-16,2.1073326e-17
6226.5,2.2783302e-16,2.062927e-17
6228.0,2.53813e-16,2.0919409e-17
6229.5,2.5969202e-16,2.1215484e-17
6231.0,2.6923702e-16,2.1737224e-17
6232.5,2.9427402e-16,2.2615471e-17
6234.0,2.7524201e-16,2.2907917e-17
6235.5,2.51565e-16,2.2935362e-17
6237.0,2.6389499e-16,2.3125812e-17
6238.5,2.3170999e-16,2.2297966e-17
6240.0,2.5137299e-16,2.213548e-17
6241.5,2.1138001e-16,2.1286212e-17
6243.0,2.13588e-16,2.1046721e-17
6244.5,2.1377001e-16,2.0850418e-17
6246.0,2.2257199e-16,2.0631952e-17
6247.5,2.1098299e-16,2.0276436e-17
6249.0,2.0962501e-16,2.0259136e-17
6250.5,2.3586101e-16,2.0621233e-17
6252.0,2.46716e-16,2.084227e-17
6253.5,2.18283e-16,2.0727287e-17
6255.0,2.39058e-16,2.1716592e-17
6256.5,2.51041e-16,2.240428e-17
6258.0,2.23493e-16,2.2272563e-17
6259.5,2.0190101e-16,2.1819628e-17
6261.0,2.0092801e-16,2.1232263e-17
6262.5,1.95221e-16,2.0761792e-17
6264.0,1.9045e-16,2.066639e-17
6265.5,1.97954e-16,2.065013e-17
6267.0,1.9855601e-16,2.0609648e-17
6268.5,1.9753e-16,2.0643863e-17
6270.0,1.8179799e-16,2.0317188e-17
6271.5,1.7810699e-16,1.9960232e-17
6273.0,1.9615801e-16,2.0062429e-17
6274.5,2.1657901e-16,2.0603082e-17
6276.0,2.1165999e-16,2.1012303e-17
6277.5,2.04899e-16,2.1140145e-17
6279.0,1.96044e-16,2.0772396e-17
6280.5,1.79221e-16,2.0139343e-17
6282.0,2.0609801e-16,2.0525727e-17
6283.5,2.14583e-16,2.1090866e-17
6285.0,1.97185e-16,2.1453347e-17
6286.5,1.7142201e-16,2.1180742e-17
6288.0,1.66886e-16,2.0927672e-17
6289.5,1.6720299e-16,2.0649197e-17
6291.0,1.54037e-16,2.0116416e-17
6292.5,1.79442e-16,2.0406228e-17
6294.0,1.96121e-16,2.0940794e-17
6295.5,1.79203e-16,2.2287647e-17
6297.0,1.73277e-16,2.5344155e-17
6298.5,1.70259e-16,2.7354146e-17
6300.0,1.8836001e-16,2.7849701e-17
6301.5,1.6266701e-16,2.6981182e-17
6303.0,1.55645e-16,2.5212955e-17
6304.5,1.59541e-16,2.3304809e-17
6306.0,1.6472401e-16,2.2408647e-17
6307.5,1.91791e-16,2.2201646e-17
6309.0,1.96733e-16,2.1432808e-17
6310.5,1.83478e-16,2.037091e-17
6312.0,1.8051099e-16,1.9933327e-17
6313.5,1.7594001e-16,1.957746e-17
6315.0,1.7398601e-16,1.9496221e-17
6316.5,1.9045299e-16,1.9977233e-17
6318.0,1.82767e-16,2.0107254e-17
6319.5,1.7266101e-16,2.0234815e-17
6321.0,1.8576301e-16,2.0599101e-17
6322.5,1.9389399e-16,2.0532572e-17
6324.0,1.62128e-16,1.9811855e-17
6325.5,1.5703e-16,1.9868049e-17
6327.0,1.76466e-16,2.0669871e-17
6328.5,1.80243e-16,2.118402e-17
6330.0,1.7369901e-16,2.1066475e-17
6331.5,1.5960599e-16,2.0619228e-17
6333.0,1.65793e-16,2.0146249e-17
6334.5,1.76842e-16,1.9737181e-17
6336.0,1.83038e-16,1.9636069e-17
6337.5,1.98319e-16,1.9921454e-17
6339.0,2.02167e-16,2.0059337e-17
6340.5,1.8393099e-16,1.9812213e-17
6342.0,1.83224e-16,1.983278e-17
6343.5,1.7170399e-16,1.9651417e-17
6345.0,1.56753e-16,1.9406932e-17
6346.5,1.6494e-16,1.9499801e-17
6348.0,1.73417e-16,1.9672633e-17
6349.5,1.808e-16,1.991862e-17
6351.0,1.7996401e-16,2.0061905e-17
6352.5,1.81282e-16,2.0222456e-17
6354.0,2.0189201e-16,2.0660553e-17
6355.5,1.94089e-16,2.07748e-17
6357.0,1.7669301e-16,2.0687258e-17
6358.5,1.7848199e-16,2.0833336e-17
6360.0,1.8186601e-16,2.1374451e-17
6361.5,1.99665e-16,2.2099207e-17
6363.0,2.1082801e-16,2.255207e-17
6364.5,2.14145e-16,2.2663417e-17
6366.0,1.72746e-16,2.1451931e-17
6367.5,1.84077e-16,2.0503591e-17
6369.0,2.06525e-16,2.0242151e-17
6370.5,1.6312299e-16,1.9275703e-17
6372.0,1.7806201e-16,1.9520346e-17
6373.5,2.17612e-16,1.9937766e-17
6375.0,1.9543099e-16,1.96561e-17
6376.5,1.98056e-16,1.9854193e-17
6378.0,2.02902e-16,2.0047791e-17
6379.5,1.9548001e-16,1.9705762e-17
6381.0,1.9363401e-16,1.9965934e-17
6382.5,1.8847901e-16,1.9941433e-17
6384.0,2.1764199e-16,2.0434742e-17
6385.5,1.8555801e-16,2.0021372e-17
6387.0,1.70875e-16,1.9939245e-17
6388.5,1.7789001e-16,1.9920717e-17
6390.0,2.02978e-16,2.0164825e-17
6391.5,2.00192e-16,1.9960505e-17
6393.0,1.96394e-16,1.9918097e-17
6394.5,2.1460301e-16,1.9985183e-17
6396.0,1.8312999e-16,1.9542163e-17
6397.5,1.88067e-16,1.9613876e-17
6399.0,2.08341e-16,2.0093668e-17
6400.5,2.31513e-16,2.0404093e-17
6402.0,2.31748e-16,2.0381459e-17
6403.5,2.4101401e-16,2.0546039e-17
6405.0,2.29386e-16,2.0212205e-17
6406.5,2.25316e-16,2.0024392e-17
6408.0,2.3818302e-16,2.0215459e-17
6409.5,2.33946e-16,2.0207854e-17
6411.0,2.2490001e-16,2.0144732e-17
6412.5,2.23252e-16,2.0132946e-17
6414.0,2.3750301e-16,2.036132e-17
6415.5,2.21303e-16,2.015234e-17
6417.0,2.1543901e-16,2.0162768e-17
6418.5,2.28296e-16,2.0357048e-17
6420.0,2.4858e-16,2.0641848e-17
6421.5,2.5651101e-16,2.0731199e-17
6423.0,2.67696e-16,2.0743e-17
6424.5,2.5654103e-16,2.0598937e-17
6426.0,2.5679e-16,2.0525448e-17
6427.5,2.64774e-16,2.0619602e-17
6429.0,2.5473899e-16,2.0445771e-17
6430.5,2.4475102e-16,2.0388299e-17
6432.0,2.4256099e-16,2.0301977e-17
6433.5,2.30078e-16,2.0252775e-17
6435.0,2.3815901e-16,2.0358949e-17
6436.5,2.48779e-16,2.0411355e-17
6438.0,2.62959e-16,2.0649894e-17
6439.5,2.62702e-16,2.0645631e-17
6441.0,2.6620001e-16,2.0583908e-17
6442.5,2.84542e-16,2.106225e-17
6444.0,2.8320502e-16,2.0986965e-17
6445.5,2.13131e-16,1.9979879e-17
6447.0,2.5523498e-16,2.0691478e-17
6448.5,2.6534501e-16,2.1030973e-17
6450.0,2.6830899e-16,2.1035271e-17
6451.5,2.63449e-16,2.0984849e-17
6453.0,2.50579e-16,2.0891785e-17
6454.5,2.6604198e-16,2.0915814e-17
6456.0,2.7018601e-16,2.0871103e-17
6457.5,2.8713199e-16,2.1090755e-17
6459.0,2.72233e-16,2.1024834e-17
6460.5,2.5592301e-16,2.0993888e-17
6462.0,2.8962298e-16,2.1661364e-17
6463.5,3.1232601e-16,2.2184368e-17
6465.0,3.23832e-16,2.2450594e-17
6466.5,3.1443599e-16,2.2596228e-17
6468.0,2.98818e-16,2.2417992e-17
6469.5,2.9105201e-16,2.2155542e-17
6471.0,2.7232199e-16,2.1672717e-17
6472.5,2.5255902e-16,2.1245052e-17
6474.0,2.5739701e-16,2.1084951e-17
6475.5,2.5894401e-16,2.0972115e-17
6477.0,2.6298001e-16,2.0950558e-17
6478.5,2.9132801e-16,2.1159945e-17
6480.0,2.9635398e-16,2.1107215e-17
6481.5,2.9677501e-16,2.1228806e-17
6483.0,3.07919e-16,2.1303447e-17
6484.5,3.0056803e-16,2.1062259e-17
6486.0,3.0044698e-16,2.112502e-17
6487.5,3.10208e-16,2.131508e-17
6489.0,3.0128898e-16,2.1128703e-17
6490.5,2.94299e-16,2.0932268e-17
6492.0,3.0472299e-16,2.1113529e-17
6493.5,3.0029899e-16,2.1281359e-17
6495.0,2.8747401e-16,2.169892e-17
6496.5,3.0755099e-16,2.2610997e-17
6498.0,3.1512299e-16,2.3054094e-17
6499.5,2.90191e-16,2.2876085e-17
6501.0,2.80366e-16,2.246778e-17
6502.5,2.7287601e-16,2.1853358e-17
6504.0,2.9100002e-16,2.1872716e-17
6505.5,3.2419299e-16,2.2232753e-17
6507.0,3.1145502e-16,2.2002338e-17
6508.5,2.9157799e-16,2.1370644e-17
6510.0,3.0933101e-16,2.131942e-17
6511.5,3.0447502e-16,2.128897e-17
6513.0,2.9480699e-16,2.1223707e-17
6514.5,3.0218398e-16,2.1376918e-17
6516.0,3.00115e-16,2.1268274e-17
6517.5,2.90472e-16,2.1056444e-17
6519.0,3.1930802e-16,2.1507967e-17
6520.5,3.1581801e-16,2.1703187e-17
6522.0,3.06164e-16,2.174479e-17
6523.5,3.1019299e-16,2.2192771e-17
6525.0,3.1422299e-16,2.3827663e-17
6526.5,3.1825201e-16,2.7007081e-17
6528.0,3.2228198e-16,2.6757316e-17
6529.5,3.26311e-16,2.4770646e-17
6531.0,3.26311e-16,2.3973741e-17
6532.5,3.2619501e-16,2.275822e-17
6534.0,3.1195699e-16,2.2613806e-17
6535.5,3.3748201e-16,2.2731729e-17
6537.0,3.1365601e-16,2.2069081e-17
6538.5,2.9747599e-16,2.1530516e-17
6540.0,2.9595699e-16,2.1639239e-17
6541.5,3.00333e-16,2.2055861e-17
6543.0,3.1948998e-16,2.2232157e-17
6544.5,3.0407599e-16,2.1882498e-17
6546.0,2.8185702e-16,2.1588872e-17
6547.5,3.1677402e-16,2.2043902e-17
6549.0,3.33051e-16,2.2336181e-17
6550.5,3.3513298e-16,2.2688092e-17
6552.0,3.43067e-16,2.3158214e-17
6553.5,3.2174798e-16,2.3083951e-17
6555.0,2.95908e-16,2.2633024e-17
6556.5,2.79904e-16,2.1933488e-17
6558.0,2.9229302e-16,2.17548e-17
6559.5,3.1532601e-16,2.2236838e-17
6561.0,3.1693101e-16,2.2546988e-17
6562.5,3.33409e-16,2.2888712e-17
6564.0,3.4430301e-16,2.2904893e-17
6565.5,3.3146699e-16,2.2491217e-17
6567.0,3.2872901e-16,2.2199056e-17
6568.5,3.1708101e-16,2.1909302e-17
6570.0,3.10918e-16,2.1786418e-17
6571.5,3.42193e-16,2.2155772e-17
6573.0,3.3094599e-16,2.2140218e-17
6574.5,3.19204e-16,2.2415717e-17
6576.0,3.44152e-16,2.2948013e-17
6577.5,3.39474e-16,2.2890945e-17
6579.0,3.3003199e-16,2.2622108e-17
6580.5,3.4288299e-16,2.259377e-17
6582.0,3.3665999e-16,2.2218815e-17
6583.5,2.85234e-16,2.1541441e-17
6585.0,3.13496e-16,2.1957642e-17
6586.5,3.52747e-16,2.2206004e-17
6588.0,3.2217099e-16,2.1828468e-17
6589.5,3.0784301e-16,2.1449669e-17
6591.0,3.4521402e-16,2.1933538e-17
6592.5,3.3234701e-16,2.1861066e-17
6594.0,3.13957e-16,2.1717138e-17
6595.5,3.13509e-16,2.1786634e-17
6597.0,3.15653e-16,2.1720346e-17
6598.5,3.1837202e-16,2.1776888e-17
6600.0,3.09222e-16,2.1882444e-17
6601.5,3.3921901e-16,2.2275428e-17
6603.0,2.98578e-16,2.1990987e-17
6604.5,3.1790001e-16,2.2316437e-17
6606.0,3.1895499e-16,2.2102843e-17
6607.5,3.4719499e-16,2.2141892e-17
6609.0,3.2622299e-16,2.1693586e-17
6610.5,3.2616002e-16,2.1622166e-17
6612.0,3.0793899e-16,2.1321022e-17
6613.5,3.0644199e-16,2.1380107e-17
6615.0,3.0899799e-16,2.1532505e-17
6616.5,3.20643e-16,2.1643691e-17
6618.0,3.1202502e-16,2.1361398e-17
6619.5,3.3233401e-16,2.1685198e-17
6621.0,3.4435201e-16,2.1982645e-17
6622.5,3.36874e-16,2.184391e-17
6624.0,3.3755099e-16,2.1801465e-17
6625.5,3.164e-16,2.1515347e-17
6627.0,3.0904799e-16,2.1531026e-17
6628.5,3.1923301e-16,2.1748167e-17
6630.0,3.08896e-16,2.1567845e-17
6631.5,2.98645e-16,2.1443375e-17
6633.0,2.98197e-16,2.1533246e-17
6634.5,3.2242103e-16,2.187114e-17
6636.0,3.3000001e-16,2.1895333e-17
6637.5,3.23434e-16,2.1759358e-17
6639.0,3.26194e-16,2.1733431e-17
6640.5,3.1052699e-16,2.14085e-17
6642.0,2.9133399e-16,2.1129706e-17
6643.5,2.8694702e-16,2.0978494e-17
6645.0,3.0216598e-16,2.125453e-17
6646.5,3.3148102e-16,2.1688369e-17
6648.0,3.0530199e-16,2.1327548e-17
6649.5,2.9614601e-16,2.1226824e-17
6651.0,3.1071201e-16,2.141239e-17
6652.5,2.67262e-16,2.090945e-17
6654.0,2.9163199e-16,2.1242908e-17
6655.5,2.9359401e-16,2.1405148e-17
6657.0,2.98456e-16,2.1343564e-17
6658.5,2.94067e-16,2.1293691e-17
6660.0,2.8296501e-16,2.1061995e-17
6661.5,2.8413098e-16,2.1069305e-17
6663.0,3.05101e-16,2.1368647e-17
6664.5,2.9399802e-16,2.1318861e-17
6666.0,3.39764e-16,2.1954781e-17
6667.5,3.0390399e-16,2.1425942e-17
6669.0,3.2844298e-16,2.1767036e-17
6670.5,3.27184e-16,2.1697061e-17
6672.0,3.17097e-16,2.1464237e-17
6673.5,3.1462499e-16,2.1527597e-17
6675.0,2.6283499e-16,2.0812822e-17
6676.5,2.6510702e-16,2.0789875e-17
6678.0,2.75997e-16,2.0800516e-17
6679.5,2.8022799e-16,2.094252e-17
6681.0,2.9397401e-16,2.1196615e-17
6682.5,3.0364702e-16,2.119069e-17
6684.0,2.9426102e-16,2.1070883e-17
6685.5,2.5647501e-16,2.0676259e-17
6687.0,2.7160299e-16,2.0882558e-17
6688.5,2.8339202e-16,2.1086253e-17
6690.0,3.0574798e-16,2.1352546e-17
6691.5,3.1710801e-16,2.1422812e-17
6693.0,3.0352602e-16,2.1233902e-17
6694.5,2.8612701e-16,2.105249e-17
6696.0,2.9327801e-16,2.1140718e-17
6697.5,3.01247e-16,2.1306428e-17
6699.0,2.8745101e-16,2.1211788e-17
6700.5,2.6452198e-16,2.0926409e-17
6702.0,2.7008302e-16,2.0948667e-17
6703.5,2.9213499e-16,2.1257448e-17
6705.0,2.7490401e-16,2.1113457e-17
6706.5,2.6793301e-16,2.1109925e-17
6708.0,2.87318e-16,2.1315956e-17
6709.5,3.01065e-16,2.1294369e-17
6711.0,3.1401301e-16,2.1488624e-17
6712.5,3.07978e-16,2.1506914e-17
6714.0,3.0199199e-16,2.1457538e-17
6715.5,3.0858901e-16,2.148631e-17
6717.0,2.8991698e-16,2.1173213e-17
6718.5,2.6531301e-16,2.0819505e-17
6720.0,2.5428001e-16,2.0648885e-17
6721.5,2.6003001e-16,2.0735073e-17
6723.0,2.7243399e-16,2.0816972e-17
6724.5,2.79845e-16,2.0921455e-17
6726.0,2.8036801e-16,2.1028368e-17
6727.5,2.6959301e-16,2.0846687e-17
6729.0,2.6958798e-16,2.0886258e-17
6730.5,2.6970699e-16,2.0863421e-17
6732.0,2.72916e-16,2.0875305e-17
6733.5,2.7333099e-16,2.0852538e-17
6735.0,2.6843001e-16,2.0830089e-17
6736.5,2.9267299e-16,2.126832e-17
6738.0,2.81126e-16,2.0901546e-17
6739.5,2.6141801e-16,2.0551977e-17
6741.0,2.76005e-16,2.0804231e-17
6742.5,2.59694e-16,2.0706606e-17
6744.0,2.35815e-16,2.0479735e-17
6745.5,2.4655401e-16,2.0585837e-17
6747.0,2.56781e-16,2.0668333e-17
6748.5,2.5130501e-16,2.0478538e-17
6750.0,2.6065099e-16,2.0615791e-17
6751.5,2.7943199e-16,2.0858362e-17
6753.0,2.9757501e-16,2.0940743e-17
6754.5,2.87057e-16,2.0840542e-17
6756.0,2.6495701e-16,2.0627795e-17
6757.5,2.5461302e-16,2.045919e-17
6759.0,2.65538e-16,2.0671543e-17
6760.5,2.7473101e-16,2.0799351e-17
6762.0,2.5726e-16,2.0504308e-17
6763.5,2.7321e-16,2.0628508e-17
6765.0,2.9887899e-16,2.0916046e-17
6766.5,2.8433001e-16,2.0734538e-17
6768.0,2.68899e-16,2.0568522e-17
6769.5,2.7377701e-16,2.0739278e-17
6771.0,2.78353e-16,2.0769091e-17
6772.5,2.70631e-16,2.0612994e-17
6774.0,2.94832e-16,2.0917556e-17
6775.5,3.1471102e-16,2.116813e-17
6777.0,3.0210502e-16,2.1013232e-17
6778.5,2.9199698e-16,2.0919894e-17
6780.0,2.9706099e-16,2.1060983e-17
6781.5,2.9277101e-16,2.0881101e-17
6783.0,2.88757e-16,2.0690314e-17
6784.5,2.8648499e-16,2.1058275e-17
6786.0,2.8421399e-16,2.1646796e-17
6787.5,2.8194201e-16,2.2069186e-17
6789.0,2.7967101e-16,2.1870144e-17
6790.5,2.77399e-16,2.1108632e-17
6792.0,2.77399e-16,2.0593137e-17
6793.5,2.57898e-16,2.0415737e-17
6795.0,2.4236199e-16,2.0102621e-17
6796.5,2.71555e-16,2.0551933e-17
6798.0,2.7247398e-16,2.0583012e-17
6799.5,2.7179302e-16,2.0435795e-17
6801.0,2.5670599e-16,2.0378283e-17
6802.5,2.32575e-16,2.008674e-17
6804.0,2.80402e-16,2.0698869e-17
6805.5,2.8616802e-16,2.0690744e-17
6807.0,2.8708898e-16,2.0888905e-17
6808.5,3.1561199e-16,2.1210345e-17
6810.0,3.1430399e-16,2.1070026e-17
6811.5,2.9143701e-16,2.0782563e-17
6813.0,2.9217602e-16,2.0856344e-17
6814.5,3.0057599e-16,2.090023e-17
6816.0,2.5774601e-16,2.0451333e-17
6817.5,2.4937899e-16,2.0264439e-17
6819.0,2.5705798e-16,2.0371566e-17
6820.5,2.6953398e-16,2.0603684e-17
6822.0,2.6905401e-16,2.0613922e-17
6823.5,2.6485699e-16,2.0937459e-17
6825.0,2.50131e-16,2.1438888e-17
6826.5,2.38514e-16,2.2292778e-17
6828.0,2.50375e-16,2.293697e-17
6829.5,2.74974e-16,2.370241e-17
6831.0,2.8789898e-16,2.4175029e-17
6832.5,2.7849901e-16,2.3859441e-17
6834.0,2.65565e-16,2.3317986e-17
6835.5,2.4976701e-16,2.2517686e-17
6837.0,2.45055e-16,2.1822738e-17
6838.5,2.4036e-16,2.1237327e-17
6840.0,2.38081e-16,2.0903622e-17
6841.5,2.5781801e-16,2.1162489e-17
6843.0,2.7182298e-16,2.1282626e-17
6844.5,2.5812302e-16,2.0840065e-17
6846.0,2.57504e-16,2.05169e-17
6847.5,2.7285099e-16,2.056696e-17
6849.0,2.82529e-16,2.0810765e-17
6850.5,2.53424e-16,2.0479425e-17
6852.0,2.2807101e-16,2.0262141e-17
6853.5,2.3974799e-16,2.0391827e-17
6855.0,2.5248901e-16,2.034901e-17
6856.5,2.6842299e-16,2.0550622e-17
6858.0,2.7639699e-16,2.1061697e-17
6859.5,2.64316e-16,2.2111445e-17
6861.0,2.7171499e-16,2.3811731e-17
6862.5,2.5373798e-16,2.4553622e-17
6864.0,2.48584e-16,2.4796176e-17
6865.5,2.54478e-16,2.5283804e-17
6867.0,2.4352401e-16,2.5623566e-17
6868.5,2.1510801e-16,2.6246135e-17
6870.0,2.4321799e-16,2.6933649e-17
6871.5,2.3752098e-16,2.6092257e-17
6873.0,2.29685e-16,2.4875113e-17
6874.5,2.35235e-16,2.3830401e-17
6876.0,2.35068e-16,2.333737e-17
6877.5,2.4265702e-16,2.3203349e-17
6879.0,2.62431e-16,2.2880772e-17
6880.5,2.47294e-16,2.1981192e-17
6882.0,2.25714e-16,2.1168451e-17
6883.5,2.7378101e-16,2.1962414e-17
6885.0,2.53072e-16,2.1947186e-17
6886.5,2.5363099e-16,2.2611192e-17
6888.0,2.47882e-16,2.3347303e-17
6889.5,2.2778601e-16,2.3055497e-17
6891.0,2.3522502e-16,2.297904e-17
6892.5,2.32811e-16,2.2486785e-17
6894.0,2.28992e-16,2.1928042e-17
6895.5,2.30219e-16,2.1934153e-17
6897.0,2.52615e-16,2.2276363e-17
6898.5,2.5648298e-16,2.2625143e-17
6900.0,2.4866402e-16,2.2706546e-17
6901.5,2.68506e-16,2.2867351e-17
6903.0,2.51099e-16,2.2268911e-17
6904.5,2.52669e-16,2.180824e-17
6906.0,2.6679201e-16,2.1770522e-17
6907.5,2.5302499e-16,2.1832712e-17
6909.0,2.4095901e-16,2.1858471e-17
6910.5,2.3205e-16,2.1843429e-17
6912.0,2.35352e-16,2.1978458e-17
6913.5,2.42731e-16,2.205983e-17
6915.0,2.2740699e-16,2.1571617e-17
6916.5,2.4896e-16,2.1546247e-17
6918.0,2.77811e-16,2.2164112e-17
6919.5,2.5935201e-16,2.2597266e-17
6921.0,2.4865899e-16,2.283377e-17
6922.5,2.3586202e-16,2.2817845e-17
6924.0,2.3483102e-16,2.2802104e-17
6925.5,2.4228499e-16,2.2281038e-17
6927.0,2.22556e-16,2.1152465e-17
6928.5,2.27518e-16,2.070043e-17
6930.0,2.3151999e-16,2.0699768e-17
6931.5,2.4440098e-16,2.1020295e-17
6933.0,2.5396801e-16,2.1322663e-17
6934.5,2.6904101e-16,2.1764087e-17
6936.0,2.6200198e-16,2.1876672e-17
6937.5,2.3643599e-16,2.1839128e-17
6939.0,2.5829301e-16,2.2835622e-17
6940.5,2.5080002e-16,2.3144249e-17
6942.0,2.0969599e-16,2.1847722e-17
6943.5,2.2029801e-16,2.1206102e-17
6945.0,2.574e-16,2.2168301e-17
6946.5,2.2846001e-16,2.2692275e-17
6948.0,2.3928101e-16,2.3201526e-17
6949.5,2.58241e-16,2.3309126e-17
6951.0,2.21854e-16,2.2232154e-17
6952.5,2.3261801e-16,2.1749651e-17
6954.0,2.5893199e-16,2.1650367e-17
6955.5,2.5187901e-16,2.1421005e-17
6957.0,2.46888e-16,2.129245e-17
6958.5,2.47652e-16,2.1045379e-17
6960.0,2.6827601e-16,2.1221603e-17
6961.5,2.7052001e-16,2.121546e-17
6963.0,2.32887e-16,2.0770534e-17
6964.5,2.06346e-16,2.0328908e-17
6966.0,2.22475e-16,2.0333998e-17
6967.5,2.2443999e-16,2.0308774e-17
6969.0,2.18049e-16,2.0300576e-17
6970.5,2.2443001e-16,2.0441873e-17
6972.0,2.3260099e-16,2.0625321e-17
6973.5,2.3625501e-16,2.0572506e-17
6975.0,2.1724599e-16,2.0518856e-17
6976.5,2.1057799e-16,2.0860597e-17
6978.0,2.20416e-16,2.1337839e-17
6979.5,2.2361299e-16,2.1593362e-17
6981.0,2.27758e-16,2.1280485e-17
6982.5,2.2874e-16,2.0568926e-17
6984.0,2.32887e-16,2.0309934e-17
6985.5,2.34918e-16,2.0500967e-17
6987.0,2.2272199e-16,2.0329238e-17
6988.5,2.08818e-16,1.9988929e-17
6990.0,2.1509101e-16,2.0079154e-17
6991.5,2.5108299e-16,2.0626689e-17
6993.0,2.5269899e-16,2.0247027e-17
6994.5,2.50692e-16,2.1963099e-17
6996.0,2.6117102e-16,2.5466302e-17
6997.5,2.4814399e-16,2.4641743e-17
6999.0,2.1930001e-16,2.1870657e-17
7000.5,2.0854899e-16,2.0262948e-17
7002.0,2.10243e-16,2.0061299e-17
7003.5,2.19073e-16,2.0307801e-17
7005.0,2.12701e-16,2.0051454e-17
7006.5,2.0277e-16,1.9681324e-17
7008.0,2.0983901e-16,1.9739201e-17
7009.5,2.07628e-16,2.0068977e-17
7011.0,2.3409802e-16,2.0704584e-17
7012.5,2.27228e-16,2.0195737e-17
7014.0,2.09851e-16,1.9484979e-17
7015.5,2.1138201e-16,1.9241362e-17
7017.0,2.094e-16,1.9413101e-17
7018.5,2.2521799e-16,1.9558606e-17
7020.0,2.07483e-16,1.9328119e-17
7021.5,2.31662e-16,1.9817771e-17
7023.0,2.4613499e-16,1.9996954e-17
7024.5,2.1673401e-16,1.9480607e-17
7026.0,2.08563e-16,1.95025e-17
7027.5,2.23642e-16,1.9625399e-17
7029.0,2.4342599e-16,1.9825859e-17
7030.5,2.17159e-16,1.9426847e-17
7032.0,2.1573301e-16,1.9458084e-17
7033.5,2.16988e-16,1.9394685e-17
7035.0,2.45015e-16,1.9642347e-17
7036.5,2.2089001e-16,1.9268146e-17
7038.0,2.06258e-16,1.9363348e-17
7039.5,2.10905e-16,1.9573815e-17
7041.0,1.92692e-16,1.9285822e-17
7042.5,1.94101e-16,1.9315496e-17
7044.0,2.06167e-16,1.9669973e-17
7045.5,2.12733e-16,2.0099697e-17
7047.0,2.2399e-16,2.059527e-17
7048.5,2.23935e-16,2.040122e-17
7050.0,2.06757e-16,2.0080896e-17
7051.5,1.9637e-16,1.9766687e-17
7053.0,1.84145e-16,1.9266033e-17
7054.5,1.94325e-16,1.9296638e-17
7056.0,2.2992e-16,1.9792993e-17
7057.5,2.16452e-16,1.9451141e-17
7059.0,1.9105899e-16,1.8976998e-17
7060.5,2.03604e-16,1.9289008e-17
7062.0,2.08499e-16,1.9447047e-17
7063.5,2.0859801e-16,1.9376786e-17
7065.0,2.17091e-16,1.9663555e-17
7066.5,2.0278899e-16,1.9602807e-17
7068.0,1.99545e-16,1.9470014e-17
7069.5,2.17227e-16,1.96416e-17
7071.0,2.31132e-16,1.9777288e-17
7072.5,1.84554e-16,1.9186739e-17
7074.0,1.91196e-16,1.9274021e-17
7075.5,2.16252e-16,1.9531647e-17
7077.0,2.09182e-16,1.9398273e-17
7078.5,2.2345002e-16,1.9714073e-17
7080.0,2.2481599e-16,1.9809722e-17
7081.5,2.1602299e-16,1.9712526e-17
7083.0,2.15977e-16,1.9702519e-17
7084.5,2.2258901e-16,1.9966118e-17
7086.0,2.0626999e-16,1.9732999e-17
7087.5,2.16148e-16,1.9855393e-17
7089.0,2.4635699e-16,2.0220459e-17
7090.5,2.1523e-16,1.9656649e-17
7092.0,2.21385e-16,1.9607619e-17
7093.5,2.3946699e-16,1.9730636e-17
7095.0,2.2716698e-16,1.9405196e-17
7096.5,2.10614e-16,1.9177386e-17
7098.0,2.00508e-16,1.8856524e-17
7099.5,2.01902e-16,1.9116909e-17
7101.0,1.96189e-16,1.9041079e-17
7102.5,1.7931301e-16,1.8658916e-17
7104.0,1.87886e-16,1.8727023e-17
7105.5,2.0675401e-16,1.9015466e-17
7107.0,1.98512e-16,1.8987757e-17
7108.5,2.2804999e-16,1.9355712e-17
7110.0,2.2373899e-16,1.9178903e-17
7111.5,2.2746998e-16,1.9338869e-17
7113.0,2.33281e-16,1.9373416e-17
7114.5,2.2656001e-16,1.922948e-17
7116.0,2.2275601e-16,1.9229794e-17
7117.5,2.39537e-16,1.942315e-17
7119.0,2.18759e-16,1.9036269e-17
7120.5,1.94737e-16,1.9038649e-17
7122.0,2.0028e-16,1.9566308e-17
7123.5,2.08273e-16,1.9842569e-17
7125.0,2.2299101e-16,1.9812885e-17
7126.5,2.2394101e-16,1.9483996e-17
7128.0,2.03155e-16,1.9084099e-17
7129.5,1.9717801e-16,1.9071561e-17
7131.0,2.07525e-16,1.9189631e-17
7132.5,2.0908201e-16,1.910592e-17
7134.0,2.1649601e-16,1.92457e-17
7135.5,2.17024e-16,1.9173758e-17
7137.0,2.19476e-16,1.9163613e-17
7138.5,2.1743099e-16,1.9246681e-17
7140.0,2.1399901e-16,1.944656e-17
7141.5,2.15486e-16,1.9726385e-17
7143.0,2.00608e-16,1.9594493e-17
7144.5,2.0862301e-16,1.9679246e-17
7146.0,2.0723601e-16,1.961188e-17
7147.5,1.93095e-16,1.9237092e-17
7149.0,1.8936799e-16,1.9209164e-17
7150.5,2.02562e-16,1.9410457e-17
7152.0,2.19681e-16,1.933339e-17
7153.5,2.2402002e-16,1.9167403e-17
7155.0,2.0378201e-16,1.8896833e-17
7156.5,1.93949e-16,1.8960918e-17
7158.0,1.99258e-16,1.9316477e-17
7159.5,1.88831e-16,1.9121518e-17
7161.0,1.86465e-16,1.8864512e-17
7162.5,2.19767e-16,1.9413449e-17
7164.0,2.2300101e-16,1.9853251e-17
7165.5,2.3443101e-16,2.0332919e-17
7167.0,2.12322e-16,2.0486232e-17
7168.5,1.83751e-16,2.013717e-17
7170.0,2.0676801e-16,2.0472276e-17
7171.5,2.12272e-16,2.0989196e-17
7173.0,1.89385e-16,2.0563039e-17
7174.5,1.9618601e-16,2.2320955e-17
7176.0,1.9877399e-16,2.46576e-17
7177.5,1.9877399e-16,2.6659892e-17
7179.0,2.20898e-16,2.148068e-17
7180.5,1.9971401e-16,2.0379973e-17
7182.0,1.7821699e-16,2.0547481e-17
7183.5,1.85242e-16,2.0791256e-17
7185.0,2.1543699e-16,2.1927103e-17
7186.5,2.1015101e-16,2.2372723e-17
7188.0,1.95858e-16,2.1918531e-17
7189.5,2.14708e-16,2.1448727e-17
7191.0,2.0906299e-16,2.1362744e-17
7192.5,1.92856e-16,2.1443982e-17
7194.0,2.0232999e-16,2.1253283e-17
7195.5,1.99514e-16,2.0388695e-17
7197.0,1.90522e-16,2.0196485e-17
7198.5,2.11417e-16,2.0947564e-17
7200.0,2.18309e-16,2.1445704e-17
7201.5,1.80105e-16,2.0766559e-17
7203.0,1.7310999e-16,2.0288852e-17
7204.5,1.76577e-16,2.0263536e-17
7206.0,1.77782e-16,2.0009441e-17
7207.5,1.94958e-16,1.9716787e-17
7209.0,1.99285e-16,1.9479787e-17
7210.5,2.14321e-16,1.97192e-17
7212.0,2.1488499e-16,1.973104e-17
7213.5,1.85075e-16,1.8991326e-17
7215.0,1.7492699e-16,1.8893642e-17
7216.5,1.95732e-16,1.9800406e-17
7218.0,2.1590101e-16,2.0248341e-17
7219.5,2.0113599e-16,1.9604535e-17
7221.0,1.9273401e-16,1.9156084e-17
7222.5,2.11014e-16,1.9560674e-17
7224.0,2.0418499e-16,1.9586466e-17
7225.5,1.95705e-16,1.9419318e-17
7227.0,1.9253901e-16,1.9203493e-17
7228.5,2.17575e-16,1.9756299e-17
7230.0,2.2107301e-16,2.0282599e-17
7231.5,2.1624901e-16,2.0689429e-17
7233.0,1.9765e-16,2.1331365e-17
7234.5,1.9849101e-16,2.2685391e-17
7236.0,1.89888e-16,2.3924551e-17
7237.5,1.84833e-16,2.5350484e-17
7239.0,1.9798e-16,2.6759073e-17
7240.5,1.7928401e-16,2.8065122e-17
7242.0,1.65442e-16,2.9772878e-17
7243.5,2.4168201e-16,3.0472744e-17
7245.0,2.1464e-16,2.8276625e-17
7246.5,2.0378301e-16,2.6051183e-17
7248.0,1.8093001e-16,2.3415278e-17
7249.5,1.8275001e-16,2.1883717e-17
7251.0,1.56379e-16,2.1249994e-17
7252.5,1.69038e-16,2.1663995e-17
7254.0,1.7733499e-16,2.1576996e-17
7255.5,1.9833299e-16,2.1307407e-17
7257.0,2.0452e-16,2.0744127e-17
7258.5,2.00034e-16,2.0070126e-17
7260.0,1.97788e-16,1.9562053e-17
7261.5,1.85479e-16,1.9529534e-17
7263.0,1.8246501e-16,2.0124891e-17
7264.5,1.8292101e-16,2.0598487e-17
7266.0,2.03899e-16,2.0812699e-17
7267.5,1.9343901e-16,2.0156382e-17
7269.0,1.8410701e-16,1.9963545e-17
7270.5,1.9137301e-16,2.0919975e-17
7272.0,2.0501301e-16,2.359542e-17
7273.5,2.08401e-16,2.7229124e-17
7275.0,1.73874e-16,2.9362218e-17
7276.5,1.7619701e-16,2.9844267e-17
7278.0,1.9961201e-16,2.825853e-17
7279.5,1.8417501e-16,2.5136046e-17
7281.0,1.7338399e-16,2.3210994e-17
7282.5,1.90355e-16,2.2703733e-17
7284.0,1.9093799e-16,2.2387514e-17
7285.5,1.86641e-16,2.2444831e-17
7287.0,1.9923e-16,2.2390049e-17
7288.5,1.89428e-16,2.1401907e-17
7290.0,1.9010299e-16,2.0805533e-17
7291.5,1.9336701e-16,2.0751158e-17
7293.0,1.70318e-16,2.0620282e-17
7294.5,1.7114501e-16,2.0855208e-17
7296.0,1.8817399e-16,2.0745543e-17
7297.5,1.92389e-16,2.0086904e-17
7299.0,2.03958e-16,2.0417046e-17
7300.5,1.97202e-16,2.1591503e-17
7302.0,1.8696099e-16,2.2351937e-17
7303.5,1.8318201e-16,2.2383757e-17
7305.0,2.04521e-16,2.2317104e-17
7306.5,2.1222601e-16,2.1356231e-17
7308.0,1.86147e-16,1.9877612e-17
7309.5,1.8802001e-16,1.9871567e-17
7311.0,1.91507e-16,2.0793076e-17
7312.5,1.86637e-16,2.2791511e-17
7314.0,2.14057e-16,2.5331969e-17
7315.5,2.41994e-16,2.6824129e-17
7317.0,2.2570299e-16,2.7177256e-17
7318.5,2.00585e-16,2.545691e-17
7320.0,1.93245e-16,2.2239862e-17
7321.5,1.9293701e-16,1.9945052e-17
7323.0,1.7740201e-16,1.9091626e-17
7324.5,1.8722799e-16,1.9419148e-17
7326.0,1.96383e-16,2.0286585e-17
7327.5,1.7297701e-16,2.0925507e-17
7329.0,1.7139e-16,2.1231214e-17
7330.5,1.80698e-16,2.1322425e-17
7332.0,1.72547e-16,2.0822173e-17
7333.5,1.6582801e-16,1.9991016e-17
7335.0,1.8183901e-16,2.0140883e-17
7336.5,1.8804801e-16,2.1599294e-17
7338.0,1.98224e-16,2.40664e-17
7339.5,2.04125e-16,2.5626094e-17
7341.0,1.9350199e-16,2.5980842e-17
7342.5,2.05513e-16,2.5544914e-17
7344.0,2.2398e-16,2.3273696e-17
7345.5,2.14474e-16,2.0585357e-17
7347.0,1.7963099e-16,1.9273813e-17
7348.5,1.6290801e-16,1.8920356e-17
7350.0,1.7896e-16,1.9062914e-17
7351.5,1.9489799e-16,1.9232813e-17
7353.0,1.9386899e-16,1.915862e-17
7354.5,1.93257e-16,1.9522761e-17
7356.0,1.8431801e-16,2.0271633e-17
7357.5,1.8822401e-16,2.1018291e-17
7359.0,1.91508e-16,2.1534992e-17
7360.5,1.74091e-16,2.1006323e-17
7362.0,1.65291e-16,1.9876736e-17
7363.5,1.56072e-16,1.9226888e-17
7365.0,1.7237e-16,2.0338303e-17
7366.5,1.8165999e-16,2.2291734e-17
7368.0,1.7865001e-16,2.3059594e-17
7369.5,1.81704e-16,2.3099033e-17
7371.0,1.8098401e-16,2.2751505e-17
7372.5,1.63821e-16,2.1059333e-17
7374.0,1.56357e-16,1.9464907e-17
7375.5,1.4872899e-16,1.8555102e-17
7377.0,1.6502499e-16,1.8579881e-17
7378.5,1.7834599e-16,1.873955e-17
7380.0,1.76093e-16,1.8824534e-17
7381.5,1.6395199e-16,1.8610564e-17
7383.0,1.9397301e-16,1.8804669e-17
7384.5,1.9744701e-16,1.8456909e-17
7386.0,1.6979e-16,1.8122665e-17
7387.5,1.6362301e-16,1.859703e-17
7389.0,1.83825e-16,1.9853245e-17
7390.5,1.6720999e-16,2.0132351e-17
7392.0,1.6686299e-16,2.0064957e-17
7393.5,1.7963799e-16,1.9900928e-17
7395.0,1.6159e-16,1.9197461e-17
7396.5,1.8514e-16,1.9258887e-17
7398.0,1.90688e-16,2.0240681e-17
7399.5,1.7111801e-16,2.1165936e-17
7401.0,1.71867e-16,2.1963396e-17
7402.5,1.6200999e-16,2.1995259e-17
7404.0,1.6425e-16,2.1037306e-17
7405.5,1.9681901e-16,2.0016738e-17
7407.0,1.68516e-16,1.8604958e-17
7408.5,1.4746701e-16,1.7940003e-17
7410.0,1.6833401e-16,1.8344266e-17
7411.5,2.00699e-16,1.8646342e-17
7413.0,1.83346e-16,1.8203977e-17
7414.5,1.649e-16,1.7912755e-17
7416.0,1.7020201e-16,1.8039044e-17
7417.5,1.6697399e-16,1.7906736e-17
7419.0,1.78036e-16,1.8020361e-17
7420.5,1.70122e-16,1.7861741e-17
7422.0,1.6759001e-16,1.778527e-17
7423.5,1.8492601e-16,1.8055281e-17
7425.0,1.68183e-16,1.7916494e-17
7426.5,1.6596801e-16,1.8313493e-17
7428.0,1.90238e-16,1.9025016e-17
7429.5,2.19236e-16,1.9627098e-17
7431.0,2.2410898e-16,1.9582204e-17
7432.5,1.73539e-16,1.8632477e-17
7434.0,1.58256e-16,1.8498854e-17
7435.5,2.11477e-16,1.9759951e-17
7437.0,1.9764601e-16,2.0013281e-17
7438.5,1.89143e-16,2.0132644e-17
7440.0,1.87118e-16,1.9997163e-17
7441.5,1.84258e-16,1.9268383e-17
7443.0,2.03724e-16,1.8714584e-17
7444.5,1.9711899e-16,1.8283795e-17
7446.0,1.7824601e-16,1.7859688e-17
7447.5,1.50566e-16,1.7375143e-17
7449.0,1.9468301e-16,1.8022295e-17
7450.5,1.8723699e-16,1.8022983e-17
7452.0,1.8468399e-16,1.7971357e-17
7453.5,1.99835e-16,1.8225318e-17
7455.0,2.01591e-16,1.830329e-17
7456.5,1.8110099e-16,1.7969541e-17
7458.0,1.76936e-16,1.7954405e-17
7459.5,1.86832e-16,1.8254268e-17
7461.0,1.65245e-16,1.8126124e-17
7462.5,1.80729e-16,1.8444512e-17
7464.0,1.8343801e-16,1.8808448e-17
7465.5,1.97945e-16,1.9001503e-17
7467.0,1.7521199e-16,1.8663062e-17
7468.5,1.68384e-16,1.8959591e-17
7470.0,1.7395001e-16,1.9445791e-17
7471.5,1.8752501e-16,1.9835449e-17
7473.0,1.8287901e-16,1.9791111e-17
7474.5,1.8207399e-16,1.9772375e-17
7476.0,1.89814e-16,1.9824345e-17
7477.5,1.75911e-16,1.9592906e-17
7479.0,1.7169499e-16,1.9723735e-17
7480.5,1.8853401e-16,2.0406233e-17
7482.0,1.9854901e-16,2.0564289e-17
7483.5,1.8618401e-16,2.0080262e-17
7485.0,1.68789e-16,1.9363586e-17
7486.5,1.6302601e-16,1.8727689e-17
7488.0,1.5584899e-16,1.8052241e-17
7489.5,1.60744e-16,1.7915923e-17
7491.0,1.7498801e-16,1.8239102e-17
7492.5,1.79053e-16,1.835626e-17
7494.0,1.9480499e-16,1.8507576e-17
7495.5,1.94428e-16,1.8416057e-17
7497.0,1.7823e-16,1.7932004e-17
7498.5,1.8926799e-16,1.7975603e-17
7500.0,1.94621e-16,1.8133906e-17
7501.5,1.77104e-16,1.7789364e-17
7503.0,1.7009801e-16,1.7621281e-17
7504.5,1.47341e-16,1.7426518e-17
7506.0,1.55697e-16,1.7562414e-17
7507.5,1.87988e-16,1.7843538e-17
7509.0,1.6582499e-16,1.7474949e-17
7510.5,1.64285e-16,1.7505396e-17
7512.0,1.57096e-16,1.7388518e-17
7513.5,1.65168e-16,1.756896e-17
7515.0,1.6495001e-16,1.7829285e-17
7516.5,1.65677e-16,1.8068016e-17
7518.0,1.80611e-16,1.862742e-17
7519.5,2.18103e-16,1.9867546e-17
7521.0,1.92388e-16,2.0899393e-17
7522.5,1.85801e-16,2.1859704e-17
7524.0,1.4792e-16,2.1651761e-17
7525.5,1.5943401e-16,2.161373e-17
7527.0,1.5528e-16,2.0430231e-17
7528.5,1.5371e-16,1.9401638e-17
7530.0,1.58209e-16,1.9016016e-17
7531.5,1.5593501e-16,1.8581262e-17
7533.0,1.6125301e-16,1.8334163e-17
7534.5,1.87436e-16,1.8205874e-17
7536.0,1.86624e-16,1.8125263e-17
7537.5,1.7334e-16,1.7996419e-17
7539.0,1.53795e-16,1.7517174e-17
7540.5,1.7836501e-16,1.8831427e-17
