3720.0,8.9452206e-16,7.1163375e-17
3721.5,8.3804296e-16,6.9087421e-17
3723.0,8.0344198e-16,6.7381449e-17
3724.5,8.3673001e-16,6.7247448e-17
3726.0,7.60047e-16,6.5005102e-17
3727.5,6.94257e-16,6.2936331e-17
3729.0,7.79198e-16,6.3917607e-17
3730.5,7.8281202e-16,6.2979511e-17
3732.0,6.7915202e-16,6.0465554e-17
3733.5,6.4040397e-16,5.9792521e-17
3735.0,7.0122496e-16,6.0625551e-17
3736.5,7.6518204e-16,6.1046939e-17
3738.0,7.2948801e-16,5.9645717e-17
3739.5,6.9915402e-16,5.8748718e-17
3741.0,6.9527699e-16,5.8266831e-17
3742.5,6.5666997e-16,5.693737e-17
3744.0,6.0997299e-16,5.5578827e-17
3745.5,6.0760405e-16,5.4860122e-17
3747.0,6.4776898e-16,5.4869661e-17
3748.5,6.7112797e-16,5.4967013e-17
3750.0,6.8493202e-16,5.442259e-17
3751.5,6.54631e-16,5.3419408e-17
3753.0,6.3796801e-16,5.2902711e-17
3754.5,7.56092e-16,5.4885067e-17
3756.0,7.1188905e-16,5.4035038e-17
3757.5,7.1347899e-16,5.381029e-17
3759.0,7.01458e-16,5.3246914e-17
3760.5,6.0534898e-16,5.119793e-17
3762.0,6.66872e-16,5.2116102e-17
3763.5,6.3105098e-16,5.1228661e-17
3765.0,6.2610399e-16,5.0884775e-17
3766.5,6.1736706e-16,5.0623882e-17
3768.0,7.5403704e-16,5.3112747e-17
3769.5,7.7795799e-16,5.2839785e-17
3771.0,7.2609697e-16,5.2131287e-17
3772.5,7.09664e-16,5.1828752e-17
3774.0,7.6310299e-16,5.242287e-17
3775.5,7.5050804e-16,5.296838e-17
3777.0,8.2349803e-16,5.3952823e-17
3778.5,8.2887103e-16,5.4034957e-17
3780.0,8.0376603e-16,5.3536992e-17
3781.5,8.0427303e-16,5.3273161e-17
3783.0,8.0489099e-16,5.2579881e-17
3784.5,8.0152102e-16,5.2656022e-17
3786.0,7.4260803e-16,5.1787427e-17
3787.5,7.6382901e-16,5.2211441e-17
3789.0,7.3167701e-16,5.1313427e-17
3790.5,7.6163604e-16,5.1941525e-17
3792.0,7.9209603e-16,5.2845397e-17
3793.5,7.5646104e-16,5.229627e-17
3795.0,7.9650299e-16,5.2531856e-17
3796.5,8.6461402e-16,5.3375679e-17
3798.0,8.6718704e-16,5.372251e-17
3799.5,8.83357e-16,5.414492e-17
3801.0,9.0890002e-16,5.4328491e-17
3802.5,8.9624503e-16,5.3833343e-17
3804.0,8.5120199e-16,5.2777446e-17
3805.5,8.3647002e-16,5.2556801e-17
3807.0,8.0843403e-16,5.2324198e-17
3808.5,7.7572601e-16,5.1684412e-17
3810.0,7.7933003e-16,5.1476301e-17
3811.5,8.5034601e-16,5.2582643e-17
3813.0,9.2632804e-16,5.4097131e-17
3814.5,9.3110107e-16,5.4322923e-17
3816.0,9.5714903e-16,5.4519061e-17
3817.5,9.5226599e-16,5.4145938e-17
3819.0,8.0668596e-16,5.1440086e-17
3820.5,8.0852503e-16,5.1392036e-17
3822.0,8.30431e-16,5.1590379e-17
3823.5,8.3359202e-16,5.164149e-17
3825.0,8.70591e-16,5.2472838e-17
3826.5,8.7794203e-16,5.2506759e-17
3828.0,8.6760801e-16,5.2561484e-17
3829.5,8.3328401e-16,5.2242865e-17
3831.0,7.5938701e-16,5.1147168e-17
3832.5,7.9523498e-16,5.1597879e-17
3834.0,6.98618e-16,4.9843642e-17
3835.5,7.1706998e-16,5.0089855e-17
3837.0,7.1622501e-16,4.9726116e-17
3838.5,6.8446398e-16,4.893537e-17
3840.0,6.9899303e-16,4.9413688e-17
3841.5,6.8751001e-16,4.891934e-17
3843.0,6.4553302e-16,4.7405542e-17
3844.5,6.2523102e-16,4.7406294e-17
3846.0,6.9342797e-16,4.8831355e-17
3847.5,7.0470701e-16,4.8622333e-17
3849.0,6.2959403e-16,4.6855068e-17
3850.5,6.70019e-16,4.7826439e-17
3852.0,6.4973902e-16,4.7274277e-17
3853.5,7.1178799e-16,4.8265357e-17
3855.0,6.9067104e-16,4.7990242e-17
3856.5,6.21076e-16,4.6738066e-17
3858.0,6.18641e-16,4.6549274e-17
3859.5,6.2167602e-16,4.6152831e-17
3861.0,6.37496e-16,4.6247233e-17
3862.5,6.5363902e-16,4.6500862e-17
3864.0,6.1380502e-16,4.5875039e-17
3865.5,6.45719e-16,4.6367473e-17
3867.0,6.8627102e-16,4.6841148e-17
3868.5,6.92511e-16,4.6980725e-17
3870.0,6.2897999e-16,4.5751094e-17
3871.5,6.5308305e-16,4.6174716e-17
3873.0,7.1332096e-16,4.7340352e-17
3874.5,6.9082398e-16,4.6770051e-17
3876.0,6.8961902e-16,4.6518912e-17
3877.5,6.5522302e-16,4.5844872e-17
3879.0,6.7477202e-16,4.6310539e-17
3880.5,7.4934898e-16,4.7366824e-17
3882.0,7.7417901e-16,4.7579094e-17
3883.5,7.28336e-16,4.684412e-17
3885.0,7.0181502e-16,4.6217465e-17
3886.5,7.3396501e-16,4.6894564e-17
3888.0,7.6514297e-16,4.7411597e-17
3889.5,8.1687e-16,4.8144299e-17
3891.0,8.1601201e-16,4.8282467e-17
3892.5,7.9129304e-16,4.7787876e-17
3894.0,7.5199802e-16,4.7133402e-17
3895.5,7.0920597e-16,4.6508764e-17
3897.0,6.7348802e-16,4.5743026e-17
3898.5,6.9754704e-16,4.6166497e-17
3900.0,7.4569101e-16,4.7174174e-17
3901.5,7.3667504e-16,4.7079179e-17
3903.0,6.81889e-16,4.638327e-17
3904.5,6.5536797e-16,4.5757281e-17
3906.0,6.4657101e-16,4.551373e-17
3907.5,6.4315302e-16,4.5575546e-17
3909.0,6.2770997e-16,4.5752336e-17
3910.5,5.7957599e-16,4.4928628e-17
3912.0,5.3847801e-16,4.4018631e-17
3913.5,5.3154499e-16,4.3201059e-17
3915.0,5.7353501e-16,4.3922371e-17
3916.5,6.3502902e-16,4.4691859e-17
3918.0,5.9979398e-16,4.3783782e-17
3919.5,5.7453604e-16,4.3383575e-17
3921.0,5.4998998e-16,4.2571866e-17
3922.5,5.6646101e-16,4.2813506e-17
3924.0,6.0116501e-16,4.3178215e-17
3925.5,5.7849402e-16,4.2602659e-17
3927.0,5.1884299e-16,4.1295032e-17
3928.5,4.8746301e-16,4.0865742e-17
3930.0,5.5897599e-16,4.1985624e-17
3931.5,5.5645401e-16,4.1688727e-17
3933.0,5.1258601e-16,4.0726239e-17
3934.5,5.5977099e-16,4.1648782e-17
3936.0,5.1586901e-16,4.0792506e-17
3937.5,5.3197597e-16,4.1175043e-17
3939.0,5.3717797e-16,4.1319908e-17
3940.5,5.2574599e-16,4.114578e-17
3942.0,4.6392799e-16,4.0155411e-17
3943.5,4.8589103e-16,4.0625245e-17
3945.0,5.0892598e-16,4.1044357e-17
3946.5,5.0236497e-16,4.0851686e-17
3948.0,4.93449e-16,4.0605495e-17
3949.5,5.5184101e-16,4.1536315e-17
3951.0,5.3826805e-16,4.1148405e-17
3952.5,4.6365498e-16,3.9597946e-17
3954.0,4.5984598e-16,3.9371586e-17
3955.5,5.18763e-16,4.0615657e-17
3957.0,5.2906101e-16,4.0657672e-17
3958.5,4.9502998e-16,3.9535869e-17
3960.0,5.1928302e-16,4.0037487e-17
3961.5,5.3929301e-16,4.0576213e-17
3963.0,5.4539901e-16,4.0317743e-17
3964.5,5.1382702e-16,3.9276974e-17
3966.0,5.1368101e-16,3.9266672e-17
3967.5,5.1354702e-16,3.9070147e-17
3969.0,5.20672e-16,3.9036256e-17
3970.5,5.7544703e-16,4.0192083e-17
3972.0,6.11549e-16,4.0938775e-17
3973.5,5.7358901e-16,4.0133563e-17
3975.0,5.4545804e-16,3.9623017e-17
3976.5,5.5235601e-16,3.9916916e-17
3978.0,5.8971297e-16,4.0641005e-17
3979.5,6.1702502e-16,4.1149585e-17
3981.0,6.2040102e-16,4.1098666e-17
3982.5,5.9411595e-16,4.0604385e-17
3984.0,6.0480799e-16,4.0633456e-17
3985.5,6.5964597e-16,4.1607394e-17
3987.0,6.4523201e-16,4.1293188e-17
3988.5,6.3398304e-16,4.088946e-17
3990.0,6.8968202e-16,4.1899254e-17
3991.5,6.6878905e-16,4.1754017e-17
3993.0,6.9044901e-16,4.1856476e-17
3994.5,7.1815995e-16,4.2275035e-17
3996.0,7.6171201e-16,4.2770105e-17
3997.5,7.37773e-16,4.2499286e-17
3999.0,7.6577904e-16,4.2970174e-17
4000.5,8.1942497e-16,4.4032794e-17
4002.0,8.3192098e-16,4.4179141e-17
4003.5,8.2090198e-16,4.3930553e-17
4005.0,7.89096e-16,4.3100982e-17
4006.5,8.1449698e-16,4.3427968e-17
4008.0,8.5545304e-16,4.4253391e-17
4009.5,8.7014101e-16,4.468472e-17
4011.0,8.73124e-16,4.4695837e-17
4012.5,8.9840698e-16,4.4984884e-17
4014.0,9.3517901e-16,4.5480448e-17
4015.5,9.3751099e-16,4.5337132e-17
4017.0,9.3154005e-16,4.5105691e-17
4018.5,9.2151393e-16,4.513532e-17
4020.0,9.8277305e-16,4.5986964e-17
4021.5,1.0031101e-15,4.6103309e-17
4023.0,1.01591e-15,4.6285829e-17
4024.5,9.7893895e-16,4.5594931e-17
4026.0,9.2634403e-16,4.4546629e-17
4027.5,9.5497004e-16,4.5010456e-17
4029.0,9.6837296e-16,4.5068725e-17
4030.5,9.8562998e-16,4.5285129e-17
4032.0,9.7246699e-16,4.5150921e-17
4033.5,9.9396204e-16,4.5243092e-17
4035.0,9.9449101e-16,4.5176394e-17
4036.5,1.00981e-15,4.5388653e-17
4038.0,1.05131e-15,4.5930443e-17
4039.5,1.06516e-15,4.6202929e-17
4041.0,1.03413e-15,4.5862967e-17
4042.5,1.0061e-15,4.5655696e-17
4044.0,1.04771e-15,4.647443e-17
4045.5,1.03606e-15,4.6462125e-17
4047.0,1.0443199e-15,4.6501359e-17
4048.5,1.03604e-15,4.6715739e-17
4050.0,1.09807e-15,4.7142809e-17
4051.5,1.07386e-15,4.6046976e-17
4053.0,1.01463e-15,4.5187423e-17
4054.5,1.0899001e-15,4.5999851e-17
4056.0,1.11904e-15,4.6238564e-17
4057.5,1.01709e-15,4.484155e-17
4059.0,1.0628099e-15,4.528063e-17
4060.5,1.02097e-15,4.4724408e-17
4062.0,1.0860501e-15,4.5825661e-17
4063.5,1.1036499e-15,4.6013517e-17
4065.0,1.0353301e-15,4.5119021e-17
4066.5,1.0991301e-15,4.6020895e-17
4068.0,1.13771e-15,4.6302061e-17
4069.5,1.05399e-15,4.5033772e-17
4071.0,1.09458e-15,4.5525943e-17
4072.5,1.0911301e-15,4.5444359e-17
4074.0,1.0990699e-15,4.5350333e-17
4075.5,1.14148e-15,4.5952058e-17
4077.0,1.1749199e-15,4.6554436e-17
4078.5,1.19057e-15,4.6655354e-17
4080.0,1.1838599e-15,4.645902e-17
4081.5,1.10908e-15,4.534933e-17
4083.0,1.05783e-15,4.4507388e-17
4084.5,1.06931e-15,4.4653388e-17
4086.0,1.13376e-15,4.5837129e-17
4087.5,1.18127e-15,4.6994088e-17
4089.0,1.16902e-15,4.6821837e-17
4090.5,1.1538399e-15,4.5921364e-17
4092.0,1.18291e-15,4.5678204e-17
4093.5,1.21878e-15,4.5914531e-17
4095.0,1.21126e-15,4.5782028e-17
4096.5,1.1916699e-15,4.5367642e-17
4098.0,1.15766e-15,4.4692792e-17
4099.5,1.11934e-15,4.4295778e-17
4101.0,1.10541e-15,4.4105746e-17
4102.5,1.11808e-15,4.4080218e-17
4104.0,1.12925e-15,4.4142041e-17
4105.5,1.13267e-15,4.4113501e-17
4107.0,1.06562e-15,4.3152982e-17
4108.5,1.02711e-15,4.258632e-17
4110.0,1.06362e-15,4.2823304e-17
4111.5,1.05262e-15,4.2849381e-17
4113.0,1.0197299e-15,4.2434413e-17
4114.5,9.9560898e-16,4.1989168e-17
4116.0,1.00377e-15,4.2177953e-17
4117.5,9.4596798e-16,4.1070999e-17
4119.0,9.0138599e-16,4.0127877e-17
4120.5,9.3441096e-16,4.0570298e-17
4122.0,9.6047596e-16,4.120601e-17
4123.5,1.00722e-15,4.1928366e-17
4125.0,9.3953106e-16,4.1017107e-17
4126.5,9.2536602e-16,4.0563963e-17
4128.0,8.6860899e-16,3.990738e-17
4129.5,9.1636799e-16,4.0608751e-17
4131.0,9.3933699e-16,4.0688591e-17
4132.5,9.1212499e-16,4.0252826e-17
4134.0,9.0895698e-16,4.0202773e-17
4135.5,9.4018402e-16,4.0849167e-17
4137.0,9.5016006e-16,4.0824222e-17
4138.5,9.2659994e-16,4.0496362e-17
4140.0,8.81258e-16,3.9719594e-17
4141.5,8.5078504e-16,3.9174021e-17
4143.0,8.5518998e-16,3.9152247e-17
4144.5,9.0204795e-16,3.9497346e-17
4146.0,9.4918798e-16,4.0164582e-17
4147.5,9.4845201e-16,4.0167016e-17
4149.0,9.1819208e-16,3.993626e-17
4150.5,8.9643e-16,3.9525227e-17
4152.0,8.9548302e-16,3.9359643e-17
4153.5,8.9812894e-16,3.939679e-17
4155.0,9.0827502e-16,3.9524633e-17
4156.5,9.1954098e-16,3.9610362e-17
4158.0,9.3200105e-16,3.9923675e-17
4159.5,9.0098101e-16,3.9635901e-17
4161.0,9.2752998e-16,4.0031735e-17
4162.5,9.8885496e-16,4.0799269e-17
4164.0,9.9987898e-16,4.0897889e-17
4165.5,9.8641698e-16,4.0856483e-17
4167.0,9.5324601e-16,4.043043e-17
4168.5,9.1135801e-16,3.984104e-17
4170.0,9.2128407e-16,3.9939675e-17
4171.5,9.20829e-16,3.9779493e-17
4173.0,9.0588893e-16,3.9449959e-17
4174.5,9.6644204e-16,4.0121398e-17
4176.0,1.01492e-15,4.0639231e-17
4177.5,9.8987595e-16,4.0284796e-17
4179.0,1.00177e-15,4.046996e-17
4180.5,1.0362299e-15,4.0833481e-17
4182.0,1.04084e-15,4.0734614e-17
4183.5,9.9524995e-16,4.0058941e-17
4185.0,9.8522002e-16,3.9687245e-17
4186.5,1.04159e-15,4.0288948e-17
4188.0,1.0307501e-15,4.0130042e-17
4189.5,1.05426e-15,4.0420589e-17
4191.0,1.07344e-15,4.0596497e-17
4192.5,1.1017999e-15,4.1014364e-17
4194.0,1.0891499e-15,4.0823801e-17
4195.5,1.07512e-15,4.0431887e-17
4197.0,1.07056e-15,4.0112652e-17
4198.5,1.0539101e-15,3.9914656e-17
4200.0,1.0127701e-15,3.9363349e-17
4201.5,9.7950403e-16,3.8863931e-17
4203.0,1.06011e-15,3.978255e-17
4204.5,1.10484e-15,4.0466364e-17
4206.0,1.0498199e-15,3.9637948e-17
4207.5,1.0059399e-15,3.902731e-17
4209.0,1.01258e-15,3.9148088e-17
4210.5,1.05448e-15,3.9725092e-17
4212.0,1.0549399e-15,3.9591128e-17
4213.5,1.07297e-15,3.9679118e-17
4215.0,1.0996e-15,3.9956851e-17
4216.5,1.05721e-15,3.9361335e-17
4218.0,1.07134e-15,3.9443572e-17
4219.5,1.1131999e-15,3.9847054e-17
4221.0,1.0704301e-15,3.9277631e-17
4222.5,1.02772e-15,3.8669091e-17
4224.0,1.0805e-15,3.9269633e-17
4225.5,1.08276e-15,3.9092847e-17
4227.0,1.06495e-15,3.8825799e-17
4228.5,1.08332e-15,3.9125808e-17
4230.0,1.1012501e-15,3.9331253e-17
4231.5,1.05634e-15,3.8847164e-17
4233.0,1.06001e-15,3.8791359e-17
4234.5,1.1320401e-15,3.9550559e-17
4236.0,1.11108e-15,3.9203624e-17
4237.5,1.0628701e-15,3.8536104e-17
4239.0,1.04734e-15,3.8317967e-17
4240.5,1.04422e-15,3.8241446e-17
4242.0,1.07046e-15,3.8558236e-17
4243.5,1.0848201e-15,3.8812056e-17
4245.0,1.07216e-15,3.8560478e-17
4246.5,1.08682e-15,3.8579981e-17
4248.0,1.0866899e-15,3.8538752e-17
4249.5,1.0965801e-15,3.8695545e-17
4251.0,1.0462101e-15,3.8108824e-17
4252.5,1.03166e-15,3.7870775e-17
4254.0,1.08221e-15,3.830074e-17
4255.5,1.0708701e-15,3.8211681e-17
4257.0,1.07058e-15,3.8303918e-17
4258.5,1.059e-15,3.8089417e-17
4260.0,1.0383299e-15,3.7611575e-17
4261.5,1.05553e-15,3.78106e-17
4263.0,1.0611399e-15,3.7884569e-17
4264.5,1.0645501e-15,3.7884507e-17
4266.0,1.0772099e-15,3.8120605e-17
4267.5,1.11866e-15,3.8573723e-17
4269.0,1.07567e-15,3.7823321e-17
4270.5,1.05761e-15,3.7660326e-17
4272.0,1.0418801e-15,3.7346003e-17
4273.5,1.06651e-15,3.767304e-17
4275.0,1.0214601e-15,3.713447e-17
4276.5,1.0419499e-15,3.721976e-17
4278.0,1.0405e-15,3.7235074e-17
4279.5,9.9547505e-16,3.6737924e-17
4281.0,1.03234e-15,3.7122711e-17
4282.5,1.05148e-15,3.7323646e-17
4284.0,1.0376e-15,3.6872025e-17
4285.5,9.8900202e-16,3.6318594e-17
4287.0,1.02092e-15,3.6855748e-17
4288.5,9.7570096e-16,3.6198114e-17
4290.0,9.7092401e-16,3.6129193e-17
4291.5,1.0259201e-15,3.6774064e-17
4293.0,1.0301699e-15,3.687632e-17
4294.5,1.03485e-15,3.6831024e-17
4296.0,1.06478e-15,3.7020613e-17
4297.5,1.0465301e-15,3.6750413e-17
4299.0,1.01408e-15,3.6332857e-17
4300.5,9.8250602e-16,3.5980199e-17
4302.0,1.0266599e-15,3.6368957e-17
4303.5,1.07551e-15,3.7135959e-17
4305.0,1.07767e-15,4.5655866e-17
4306.5,1.0798301e-15,6.0781042e-17
4308.0,1.08199e-15,5.7706884e-17
4309.5,1.08415e-15,3.7685688e-17
4311.0,1.08415e-15,3.6962293e-17
4312.5,1.0759701e-15,3.7033445e-17
4314.0,1.05142e-15,3.665516e-17
4315.5,1.05743e-15,3.6789209e-17
4317.0,1.06688e-15,3.6956566e-17
4318.5,1.05918e-15,3.6778519e-17
4320.0,1.01171e-15,3.6004226e-17
4321.5,1.03425e-15,3.6165588e-17
4323.0,1.09641e-15,3.6878065e-17
4324.5,1.0629401e-15,3.6419707e-17
4326.0,1.05435e-15,3.6277929e-17
4327.5,1.0757999e-15,3.655779e-17
4329.0,1.0930099e-15,3.6667192e-17
4330.5,1.08806e-15,3.6518327e-17
4332.0,1.0331e-15,3.5919552e-17
4333.5,1.0429999e-15,3.6048995e-17
4335.0,1.03874e-15,3.5953904e-17
4336.5,1.04961e-15,3.5923578e-17
4338.0,1.02502e-15,3.5525023e-17
4339.5,1.03722e-15,3.5657284e-17
4341.0,1.0685001e-15,3.598802e-17
4342.5,1.0252499e-15,3.5453856e-17
4344.0,1.00702e-15,3.5259783e-17
4345.5,9.6091102e-16,3.4705367e-17
4347.0,9.9227199e-16,3.5082395e-17
4348.5,1.00415e-15,3.514624e-17
4350.0,9.4932901e-16,3.4466677e-17
4351.5,1.0184501e-15,3.5334044e-17
4353.0,1.03535e-15,3.5490649e-17
4354.5,9.6571698e-16,3.5291981e-17
4356.0,9.2842604e-16,3.5607278e-17
4357.5,9.6394499e-16,3.6511778e-17
4359.0,9.6547907e-16,3.6770447e-17
4360.5,9.1985004e-16,3.6027339e-17
4362.0,9.3977998e-16,3.5477263e-17
4363.5,9.3792604e-16,3.4716223e-17
4365.0,9.3036405e-16,3.4171738e-17
4366.5,9.1916797e-16,3.3822181e-17
4368.0,9.11484e-16,3.3638134e-17
4369.5,9.3475994e-16,3.3836603e-17
4371.0,9.1529396e-16,3.3473093e-17
4372.5,9.1334599e-16,3.3421712e-17
4374.0,9.3164e-16,3.3717654e-17
4375.5,9.3939702e-16,3.381766e-17
4377.0,9.3631795e-16,3.3676594e-17
4378.5,9.3035505e-16,3.355363e-17
4380.0,9.0395801e-16,3.3208988e-17
4381.5,8.9000505e-16,3.3005789e-17
4383.0,8.9631798e-16,3.2926623e-17
4384.5,8.8754097e-16,3.2670628e-17
4386.0,8.57121e-16,3.2266751e-17
4387.5,8.4776002e-16,3.2015029e-17
4389.0,8.5205696e-16,3.2030922e-17
4390.5,8.6062004e-16,3.2305244e-17
4392.0,8.7817798e-16,3.2510645e-17
4393.5,8.8120697e-16,3.2476566e-17
4395.0,8.5744102e-16,3.2195794e-17
4396.5,8.42627e-16,3.1903647e-17
4398.0,8.47106e-16,3.193846e-17
4399.5,8.3642799e-16,3.1810307e-17
4401.0,8.2545102e-16,3.1688773e-17
4402.5,8.2422801e-16,3.1831337e-17
4404.0,8.4721998e-16,3.2187398e-17
4405.5,8.45259e-16,3.2073752e-17
4407.0,8.0369302e-16,3.1545063e-17
4408.5,7.9143397e-16,3.1423293e-17
4410.0,8.1529499e-16,3.1714541e-17
4411.5,7.8488704e-16,3.1389074e-17
4413.0,7.9214696e-16,3.1513495e-17
4414.5,7.9633803e-16,3.1468619e-17
4416.0,8.17892e-16,3.1522847e-17
4417.5,8.2990404e-16,3.1662877e-17
4419.0,8.0699698e-16,3.138323e-17
4420.5,7.8168102e-16,3.102087e-17
4422.0,7.7305399e-16,3.0848027e-17
4423.5,7.5857698e-16,3.0625255e-17
4425.0,7.8658905e-16,3.0991463e-17
4426.5,7.7769298e-16,3.0717817e-17
4428.0,7.6142698e-16,3.0464808e-17
4429.5,7.1707199e-16,2.9843905e-17
4431.0,7.58707e-16,3.0402896e-17
4432.5,8.0846902e-16,3.1084087e-17
4434.0,7.9663904e-16,3.0757556e-17
4435.5,7.5568097e-16,3.0118878e-17
4437.0,7.3004298e-16,2.9863946e-17
4438.5,7.6070001e-16,3.0198283e-17
4440.0,6.9974101e-16,2.9303874e-17
4441.5,7.28816e-16,2.9735264e-17
4443.0,7.4413501e-16,2.9905848e-17
4444.5,7.1197e-16,2.9439204e-17
4446.0,7.0253299e-16,2.9279911e-17
4447.5,6.9807304e-16,2.9181485e-17
4449.0,7.2627098e-16,2.945707e-17
4450.5,7.5570098e-16,2.9750889e-17
4452.0,7.1814301e-16,2.9278707e-17
4453.5,6.9628697e-16,2.8951494e-17
4455.0,6.89824e-16,2.8762659e-17
4456.5,6.95089e-16,2.8794309e-17
4458.0,7.1718597e-16,2.9062818e-17
4459.5,7.2112298e-16,2.9062336e-17
4461.0,6.9897402e-16,2.876522e-17
4462.5,6.9981301e-16,2.8737325e-17
4464.0,7.1098696e-16,2.8830112e-17
4465.5,6.8868601e-16,2.8558101e-17
4467.0,6.5530201e-16,2.810033e-17
4468.5,6.29806e-16,2.768618e-17
4470.0,6.4483798e-16,2.7836432e-17
4471.5,6.5039997e-16,2.8007049e-17
4473.0,6.3167201e-16,2.7778023e-17
4474.5,6.1803801e-16,2.7585029e-17
4476.0,6.6350102e-16,2.8071859e-17
4477.5,6.7346901e-16,2.815287e-17
4479.0,6.5432697e-16,2.7875633e-17
4480.5,6.7305397e-16,2.822929e-17
4482.0,6.9837999e-16,2.8482356e-17
4483.5,6.9441598e-16,2.8365714e-17
4485.0,7.11419e-16,2.8597085e-17
4486.5,7.1945798e-16,2.8743249e-17
4488.0,6.91207e-16,2.8349482e-17
4489.5,6.5360498e-16,2.7702206e-17
4491.0,6.3268798e-16,2.7480772e-17
4492.5,6.8229002e-16,2.8169661e-17
4494.0,7.3032303e-16,2.8704015e-17
4495.5,7.2102303e-16,2.8624567e-17
4497.0,7.0353503e-16,2.8363708e-17
4498.5,7.4526204e-16,2.9008382e-17
4500.0,7.03512e-16,2.848059e-17
4501.5,6.73955e-16,2.7925275e-17
4503.0,6.6826802e-16,2.7849697e-17
4504.5,7.1375898e-16,2.8480979e-17
4506.0,7.19579e-16,2.847754e-17
4507.5,7.23741e-16,2.8442519e-17
4509.0,6.9001199e-16,2.7922688e-17
4510.5,6.7913598e-16,2.7819084e-17
4512.0,7.2388796e-16,2.8387709e-17
4513.5,7.2598998e-16,2.8455652e-17
4515.0,6.8174701e-16,2.7840007e-17
4516.5,6.6438596e-16,2.7476928e-17
4518.0,6.94239e-16,2.7824623e-17
4519.5,6.9268798e-16,2.7958356e-17
4521.0,7.0561704e-16,2.8029225e-17
4522.5,6.8505595e-16,2.7662557e-17
4524.0,6.9742501e-16,2.7850949e-17
4525.5,7.0941503e-16,2.8065902e-17
4527.0,6.84595e-16,2.7748747e-17
4528.5,6.7786501e-16,2.7599105e-17
4530.0,6.8390001e-16,2.7746025e-17
4531.5,7.07429e-16,2.8101524e-17
4533.0,7.25044e-16,2.8282612e-17
4534.5,7.0938999e-16,2.8078174e-17
4536.0,6.9988199e-16,2.7972063e-17
4537.5,6.9773402e-16,2.797158e-17
4539.0,7.0459197e-16,2.7990959e-17
4540.5,7.1431797e-16,2.7986165e-17
4542.0,7.0636899e-16,2.7981143e-17
4543.5,6.9045398e-16,2.7793844e-17
4545.0,6.8556502e-16,2.7660447e-17
4546.5,6.9834002e-16,2.7807817e-17
4548.0,6.75168e-16,2.7443712e-17
4549.5,6.70743e-16,2.7373206e-17
4551.0,7.1166596e-16,2.7910722e-17
4552.5,7.3891597e-16,2.8119018e-17
4554.0,6.9548398e-16,2.7568194e-17
4555.5,6.9361199e-16,2.7405858e-17
4557.0,6.9617802e-16,2.7397143e-17
4558.5,7.0431801e-16,2.7500518e-17
4560.0,6.8514198e-16,2.7327849e-17
4561.5,7.0704402e-16,2.7529136e-17
4563.0,6.9681001e-16,2.7332379e-17
4564.5,7.3744001e-16,2.7763131e-17
4566.0,7.5996204e-16,2.7975245e-17
4567.5,7.4465901e-16,2.7892285e-17
4569.0,7.3328399e-16,2.7798774e-17
4570.5,7.29096e-16,2.7516699e-17
4572.0,6.95795e-16,2.7094616e-17
4573.5,7.0630096e-16,2.7151603e-17
4575.0,6.91733e-16,2.7013273e-17
4576.5,7.0171603e-16,2.708942e-17
4578.0,6.8958e-16,2.6965093e-17
4579.5,6.8817504e-16,2.7141905e-17
4581.0,6.8948402e-16,2.7199508e-17
4582.5,7.1545898e-16,2.7441007e-17
4584.0,7.0759301e-16,2.7267829e-17
4585.5,7.36705e-16,2.7563959e-17
4587.0,7.3802203e-16,2.7478407e-17
4588.5,7.02742e-16,2.7027615e-17
4590.0,7.0321205e-16,2.702383e-17
4591.5,7.3535504e-16,2.7401139e-17
4593.0,7.5883104e-16,2.7662599e-17
4594.5,7.3518299e-16,2.7278755e-17
4596.0,7.2389601e-16,2.7105189e-17
4597.5,7.2805002e-16,2.7173552e-17
4599.0,7.2893204e-16,2.7224052e-17
4600.5,7.36687e-16,2.7296941e-17
4602.0,7.37094e-16,2.7220862e-17
4603.5,7.4793703e-16,2.7322775e-17
4605.0,7.50991e-16,2.7391778e-17
4606.5,7.6058296e-16,2.7568354e-17
4608.0,7.6744197e-16,2.767561e-17
4609.5,7.8428697e-16,2.7735933e-17
4611.0,7.9618302e-16,2.7805728e-17
4612.5,7.6878902e-16,2.7568874e-17
4614.0,7.7126802e-16,2.76246e-17
4615.5,8.0361097e-16,2.7939091e-17
4617.0,8.39181e-16,2.8284753e-17
4618.5,8.3100804e-16,2.8198345e-17
4620.0,7.9959201e-16,2.7824814e-17
4621.5,8.1494702e-16,2.8002392e-17
4623.0,8.4199702e-16,2.8326878e-17
4624.5,8.3004702e-16,2.8177729e-17
4626.0,8.3180795e-16,2.8077353e-17
4627.5,8.4158801e-16,2.8151974e-17
4629.0,8.4829005e-16,2.8253151e-17
4630.5,8.5468203e-16,2.8303249e-17
4632.0,8.6091296e-16,2.8367976e-17
4633.5,8.5507399e-16,2.8327707e-17
4635.0,8.4274797e-16,2.8190023e-17
4636.5,8.7735599e-16,2.8382875e-17
4638.0,9.0563503e-16,2.8673805e-17
4639.5,9.2434694e-16,2.8941505e-17
4641.0,9.3750697e-16,2.9097306e-17
4642.5,9.2970897e-16,2.8958143e-17
4644.0,9.0362502e-16,2.8576929e-17
4645.5,9.2297496e-16,2.8877403e-17
4647.0,9.6519902e-16,2.9371509e-17
4648.5,9.4098595e-16,2.9056158e-17
4650.0,9.3037697e-16,2.8909069e-17
4651.5,9.5241697e-16,2.9181684e-17
4653.0,9.27017e-16,2.8940718e-17
4654.5,9.1035194e-16,2.8719118e-17
4656.0,9.3134703e-16,2.8926814e-17
4657.5,9.4704202e-16,2.9131754e-17
4659.0,9.6617194e-16,2.940578e-17
4660.5,9.3660298e-16,2.9177703e-17
4662.0,9.2744602e-16,2.9033693e-17
4663.5,9.3631901e-16,2.9075359e-17
4665.0,9.4563796e-16,2.9209428e-17
4666.5,9.5788902e-16,2.9366857e-17
4668.0,9.5455002e-16,2.9288365e-17
4669.5,9.4500798e-16,2.9163612e-17
4671.0,9.4653497e-16,2.9197106e-17
4672.5,9.75527e-16,2.944777e-17
4674.0,9.87262e-16,2.9533604e-17
4675.5,9.9644003e-16,2.9607297e-17
4677.0,1.01358e-15,2.969409e-17
4678.5,1.01194e-15,2.9675874e-17
4680.0,9.9507705e-16,2.9536521e-17
4681.5,9.6792604e-16,2.92338e-17
4683.0,9.7412399e-16,2.9262473e-17
4684.5,1.01558e-15,2.9634747e-17
4686.0,1.02365e-15,2.9714378e-17
4687.5,1.0065301e-15,2.9522221e-17
4689.0,9.8674701e-16,2.9209142e-17
4690.5,9.7455005e-16,2.9033167e-17
4692.0,9.8516899e-16,2.9164991e-17
4693.5,9.9404695e-16,2.9308422e-17
4695.0,9.9366801e-16,2.9296156e-17
4696.5,9.9325201e-16,2.9236816e-17
4698.0,9.8394704e-16,2.9093453e-17
4699.5,9.9123099e-16,2.9172288e-17
4701.0,9.9159299e-16,2.9164364e-17
4702.5,9.5776599e-16,2.8775317e-17
4704.0,9.2323394e-16,2.8282546e-17
4705.5,9.7280103e-16,2.8910354e-17
4707.0,9.39503e-16,2.8507307e-17
4708.5,9.7883805e-16,2.8863352e-17
4710.0,9.8206302e-16,2.8835888e-17
4711.5,9.3743804e-16,2.8499103e-17
4713.0,9.6196399e-16,2.8829863e-17
4714.5,9.7287706e-16,2.8832483e-17
4716.0,9.7566602e-16,2.8775154e-17
4717.5,9.4367401e-16,2.8415841e-17
4719.0,9.6041402e-16,2.8547517e-17
4720.5,9.5875903e-16,2.8533069e-17
4722.0,9.4105202e-16,2.8312541e-17
4723.5,9.0020502e-16,2.7782914e-17
4725.0,9.1629398e-16,2.8032896e-17
4726.5,9.3457698e-16,2.8211341e-17
4728.0,9.5542299e-16,2.8416429e-17
4729.5,9.2689905e-16,2.8123418e-17
4731.0,9.3268502e-16,2.816299e-17
4732.5,9.7395596e-16,2.8545057e-17
4734.0,9.8121302e-16,2.8665214e-17
4735.5,9.5332097e-16,2.8413044e-17
4737.0,9.6445098e-16,2.8480264e-17
4738.5,9.5021204e-16,2.833858e-17
4740.0,9.2072598e-16,2.8031618e-17
4741.5,9.8012798e-16,2.8618127e-17
4743.0,9.9902496e-16,2.882305e-17
4744.5,9.7915897e-16,2.8580344e-17
4746.0,9.6251996e-16,2.8387053e-17
4747.5,9.6395706e-16,2.8472835e-17
4749.0,9.70398e-16,2.8517713e-17
4750.5,9.9280795e-16,2.8695489e-17
4752.0,1.00121e-15,2.8752624e-17
4753.5,1.00026e-15,2.871901e-17
4755.0,9.9823203e-16,2.8664637e-17
4756.5,9.8781999e-16,2.8504094e-17
4758.0,9.8142807e-16,2.8399487e-17
4759.5,9.6396098e-16,2.8153506e-17
4761.0,9.9470901e-16,2.8428079e-17
4762.5,1.00472e-15,2.8578686e-17
4764.0,1.01117e-15,2.8596629e-17
4765.5,1.0017901e-15,2.8438747e-17
4767.0,1.01286e-15,2.8565473e-17
4768.5,1.01388e-15,2.8520274e-17
4770.0,9.8971702e-16,2.8273893e-17
4771.5,9.4806704e-16,2.7941938e-17
4773.0,9.8994403e-16,2.837836e-17
4774.5,1.01356e-15,2.8558e-17
4776.0,1.0032001e-15,2.8407962e-17
4777.5,1.01292e-15,2.8518213e-17
4779.0,9.5229394e-16,2.7865607e-17
4780.5,9.7466599e-16,2.8075598e-17
4782.0,9.74931e-16,2.8090339e-17
4783.5,9.9622202e-16,2.8188249e-17
4785.0,9.35539e-16,2.7703843e-17
4786.5,9.7021303e-16,2.7989231e-17
4788.0,9.2142298e-16,2.7438359e-17
4789.5,9.2665701e-16,2.7571085e-17
4791.0,9.2861006e-16,2.7596555e-17
4792.5,9.5182405e-16,2.7895856e-17
4794.0,9.8315802e-16,2.8194481e-17
4795.5,9.9514799e-16,2.8209638e-17
4797.0,9.9302003e-16,2.808391e-17
4798.5,9.4181403e-16,2.7504226e-17
4800.0,9.3635702e-16,2.7473047e-17
4801.5,9.6520198e-16,2.7780093e-17
4803.0,9.5471106e-16,2.7674546e-17
4804.5,9.2747005e-16,2.7315288e-17
4806.0,8.9918106e-16,2.7006512e-17
4807.5,8.8173996e-16,2.6838259e-17
4809.0,8.4851303e-16,2.6550776e-17
4810.5,8.6683499e-16,2.6705098e-17
4812.0,8.6335098e-16,2.6673536e-17
4813.5,8.6002601e-16,2.6631523e-17
4815.0,8.61554e-16,2.6703918e-17
4816.5,8.5901396e-16,2.6732481e-17
4818.0,8.3075398e-16,2.6423987e-17
4819.5,7.9462702e-16,2.5998473e-17
4821.0,7.9795702e-16,2.6022242e-17
4822.5,8.2487298e-16,2.6300903e-17
4824.0,8.21684e-16,2.6251558e-17
4825.5,8.1547398e-16,2.6183884e-17
4827.0,7.9324503e-16,2.5955638e-17
4828.5,7.9495403e-16,2.5923163e-17
4830.0,8.0929297e-16,2.6034566e-17
4831.5,7.83722e-16,2.5807199e-17
4833.0,7.7067902e-16,2.5609955e-17
4834.5,7.8160002e-16,2.5657818e-17
4836.0,7.9683698e-16,2.5853705e-17
4837.5,7.8154301e-16,2.5682135e-17
4839.0,7.6881803e-16,2.5567609e-17
4840.5,7.69329e-16,2.5547512e-17
4842.0,7.7813296e-16,2.5583915e-17
4843.5,7.8164703e-16,2.5566049e-17
4845.0,7.61738e-16,2.5244974e-17
4846.5,7.7404899e-16,2.5451365e-17
4848.0,7.7631401e-16,2.5502929e-17
4849.5,8.0033999e-16,2.5651157e-17
4851.0,8.2587703e-16,2.5812142e-17
4852.5,7.71391e-16,2.522794e-17
4854.0,7.3480802e-16,2.4794999e-17
4855.5,7.7544898e-16,2.5223386e-17
4857.0,7.9935198e-16,2.5431493e-17
4858.5,8.1760697e-16,2.5571289e-17
4860.0,7.7249198e-16,2.5039116e-17
4861.5,7.8890801e-16,2.520045e-17
4863.0,8.4362602e-16,2.5793681e-17
4864.5,7.8330102e-16,2.5088749e-17
4866.0,7.9872205e-16,2.5327366e-17
4867.5,8.2886203e-16,2.5756787e-17
4869.0,7.9080097e-16,2.5246945e-17
4870.5,8.2260605e-16,2.5601157e-17
4872.0,7.9444898e-16,2.5217949e-17
4873.5,7.7030897e-16,2.4950837e-17
4875.0,7.7286902e-16,2.4985171e-17
4876.5,7.6667498e-16,2.49705e-17
4878.0,7.5444102e-16,2.4753064e-17
4879.5,7.5076802e-16,2.471973e-17
4881.0,7.5577304e-16,2.4821635e-17
4882.5,7.7313001e-16,2.4992273e-17
4884.0,7.61358e-16,2.4863181e-17
4885.5,7.6316202e-16,2.4888273e-17
4887.0,7.3538702e-16,2.4563702e-17
4888.5,7.2946499e-16,2.4424247e-17
4890.0,7.34154e-16,2.4413083e-17
4891.5,7.00454e-16,2.4020603e-17
4893.0,6.8365999e-16,2.3852104e-17
4894.5,7.0420101e-16,2.4112444e-17
4896.0,7.01774e-16,2.4058325e-17
4897.5,7.0250499e-16,2.4039475e-17
4899.0,6.9832303e-16,2.3962709e-17
4900.5,6.8312196e-16,2.3842056e-17
4902.0,6.79591e-16,2.3813838e-17
4903.5,6.6908599e-16,2.3658096e-17
4905.0,6.7882697e-16,2.3755955e-17
4906.5,6.7604701e-16,2.3737831e-17
4908.0,6.4467503e-16,2.3406494e-17
4909.5,6.3902903e-16,2.3271986e-17
4911.0,6.4161301e-16,2.3286103e-17
4912.5,6.6565799e-16,2.3466197e-17
4914.0,6.6046796e-16,2.341873e-17
4915.5,6.5046799e-16,2.3273949e-17
4917.0,6.5724097e-16,2.337096e-17
4918.5,6.4254501e-16,2.3206237e-17
4920.0,6.5632898e-16,2.3355803e-17
4921.5,6.2681105e-16,2.2954032e-17
4923.0,6.0089899e-16,2.2602676e-17
4924.5,6.2823401e-16,2.3015656e-17
4926.0,6.3433599e-16,2.3083437e-17
4927.5,6.0637802e-16,2.2681358e-17
4929.0,6.25182e-16,2.2957268e-17
4930.5,6.3229003e-16,2.2993072e-17
4932.0,6.4059196e-16,2.3078313e-17
4933.5,6.5522202e-16,2.3271086e-17
4935.0,6.74262e-16,2.3538461e-17
4936.5,6.4536203e-16,2.3137393e-17
4938.0,6.1877001e-16,2.2765969e-17
4939.5,6.3228204e-16,2.2867907e-17
4941.0,6.6230099e-16,2.3271881e-17
4942.5,6.45963e-16,2.3051533e-17
4944.0,6.3531902e-16,2.2927967e-17
4945.5,6.6273499e-16,2.3223146e-17
4947.0,6.2712599e-16,2.2839423e-17
4948.5,6.3451598e-16,2.2914292e-17
4950.0,6.5228101e-16,2.3227917e-17
4951.5,6.4865704e-16,2.3237941e-17
4953.0,6.67803e-16,2.3413245e-17
4954.5,6.8163198e-16,2.3496552e-17
4956.0,6.8979399e-16,2.3543063e-17
4957.5,7.2836697e-16,2.394235e-17
4959.0,7.1477998e-16,2.3846215e-17
4960.5,6.8560806e-16,2.3529538e-17
4962.0,7.0752196e-16,2.379183e-17
4963.5,7.4160498e-16,2.4179765e-17
4965.0,7.4852503e-16,2.4249163e-17
4966.5,6.9789898e-16,2.3718985e-17
4968.0,7.0181402e-16,2.3790093e-17
4969.5,7.2288301e-16,2.4013442e-17
4971.0,7.0138002e-16,2.3805777e-17
4972.5,6.8357004e-16,2.3658326e-17
4974.0,6.68509e-16,2.3511194e-17
4975.5,6.84812e-16,2.3801284e-17
4977.0,6.9535502e-16,2.4023824e-17
4978.5,6.6544502e-16,2.3703647e-17
4980.0,6.5885002e-16,2.3573447e-17
4981.5,6.2496198e-16,2.3188711e-17
4983.0,6.3132203e-16,2.3264563e-17
4984.5,6.0459999e-16,2.3031726e-17
4986.0,6.4211297e-16,2.3344388e-17
4987.5,6.2568598e-16,2.3056605e-17
4989.0,6.1705397e-16,2.2930174e-17
4990.5,6.0281699e-16,2.2758327e-17
4992.0,5.8815702e-16,2.2489116e-17
4993.5,6.11404e-16,2.273899e-17
4995.0,5.9397201e-16,2.2411307e-17
4996.5,5.6004601e-16,2.1977917e-17
4998.0,5.7582099e-16,2.2134288e-17
4999.5,5.8051001e-16,2.2244282e-17
5001.0,5.68269e-16,2.1920223e-17
5002.5,6.04647e-16,2.2426942e-17
5004.0,5.7814197e-16,2.2065965e-17
5005.5,5.5144899e-16,2.1806492e-17
5007.0,5.2916197e-16,2.1404133e-17
5008.5,5.6397598e-16,2.1734858e-17
5010.0,5.4727397e-16,2.1369833e-17
5011.5,5.4519805e-16,2.1349292e-17
5013.0,5.20292e-16,2.1117923e-17
5014.5,5.5088e-16,2.1461676e-17
5016.0,5.3447096e-16,2.1285107e-17
5017.5,5.44357e-16,2.1426018e-17
5019.0,5.3576602e-16,2.1318882e-17
5020.5,5.4998305e-16,2.1450337e-17
5022.0,5.3996598e-16,2.1333053e-17
5023.5,5.1312599e-16,2.0981116e-17
5025.0,4.9938299e-16,2.0804847e-17
5026.5,5.21685e-16,2.1051597e-17
5028.0,5.0372499e-16,2.0770792e-17
5029.5,4.95739e-16,2.0675459e-17
5031.0,5.1416303e-16,2.0967797e-17
5032.5,5.2475703e-16,2.1085608e-17
5034.0,5.1912897e-16,2.0968038e-17
5035.5,4.8449999e-16,2.0509474e-17
5037.0,4.88221e-16,2.0517745e-17
5038.5,4.9802197e-16,2.0640278e-17
5040.0,4.9520902e-16,2.0594316e-17
5041.5,5.12042e-16,2.0794336e-17
5043.0,5.23422e-16,2.0925806e-17
5044.5,5.09146e-16,2.0752761e-17
5046.0,4.9911602e-16,2.063544e-17
5047.5,5.1197398e-16,2.0786403e-17
5049.0,5.1981697e-16,2.0927519e-17
5050.5,5.3231002e-16,2.1014745e-17
5052.0,5.2791498e-16,2.0896115e-17
5053.5,5.2522999e-16,2.0954616e-17
5055.0,5.4752702e-16,2.1232976e-17
5056.5,5.5885397e-16,2.1261325e-17
5058.0,5.1394899e-16,2.0813568e-17
5059.5,5.1059199e-16,2.0803819e-17
5061.0,5.2474395e-16,2.0979104e-17
5062.5,5.4484701e-16,2.1312211e-17
5064.0,5.5573001e-16,2.1382647e-17
5065.5,5.61428e-16,2.1431074e-17
5067.0,5.7523204e-16,2.15988e-17
5068.5,5.8543598e-16,2.1725231e-17
5070.0,5.9232998e-16,2.1858249e-17
5071.5,5.86914e-16,2.1703917e-17
5073.0,5.8784198e-16,2.1755274e-17
5074.5,5.7301996e-16,2.1524432e-17
5076.0,5.6989298e-16,2.1443025e-17
5077.5,5.8631303e-16,2.1764502e-17
5079.0,5.97662e-16,2.1846984e-17
5080.5,5.9819701e-16,2.1723796e-17
5082.0,6.2260702e-16,2.2233798e-17
5083.5,6.2375099e-16,2.2341007e-17
5085.0,5.9687802e-16,2.2055709e-17
5086.5,6.2852598e-16,2.2372768e-17
5088.0,6.4784002e-16,2.2560683e-17
5089.5,6.3729901e-16,2.2438015e-17
5091.0,6.11061e-16,2.1942936e-17
5092.5,6.1364699e-16,2.1873432e-17
5094.0,6.4720798e-16,2.2219982e-17
5095.5,6.2492301e-16,2.2053255e-17
5097.0,6.14372e-16,2.19906e-17
5098.5,6.2714203e-16,2.2143055e-17
5100.0,6.37939e-16,2.2237908e-17
5101.5,6.40942e-16,2.2203281e-17
5103.0,6.26287e-16,2.2060093e-17
5104.5,6.35976e-16,2.2176275e-17
5106.0,6.4253495e-16,2.2202186e-17
5107.5,6.3739298e-16,2.2104418e-17
5109.0,6.28721e-16,2.2086655e-17
5110.5,6.3167101e-16,2.2135055e-17
5112.0,6.6531299e-16,2.2445315e-17
5113.5,6.7774304e-16,2.2591372e-17
5115.0,6.7052499e-16,2.2508442e-17
5116.5,6.4388104e-16,2.2172593e-17
5118.0,6.4531798e-16,2.2227858e-17
5119.5,6.6127402e-16,2.2420225e-17
5121.0,6.5953898e-16,2.2328492e-17
5122.5,6.5421701e-16,2.221516e-17
5124.0,6.0996801e-16,2.1696299e-17
5125.5,5.9836297e-16,2.1543433e-17
5127.0,6.0418897e-16,2.1577918e-17
5128.5,6.1634098e-16,2.1712614e-17
5130.0,6.1803399e-16,2.1823736e-17
5131.5,6.0246997e-16,2.1781755e-17
5133.0,6.1968899e-16,2.1889236e-17
5134.5,6.1741603e-16,2.187416e-17
5136.0,6.0525999e-16,2.183221e-17
5137.5,6.3062101e-16,2.2062656e-17
5139.0,6.1417798e-16,2.1837644e-17
5140.5,5.9686203e-16,2.1559005e-17
5142.0,5.8404102e-16,2.1478802e-17
5143.5,5.9959297e-16,2.166007e-17
5145.0,5.8484205e-16,2.1468628e-17
5146.5,5.9545098e-16,2.1606523e-17
5148.0,6.1287805e-16,2.1908129e-17
5149.5,5.8753599e-16,2.1615461e-17
5151.0,5.8341904e-16,2.159136e-17
5152.5,5.4480201e-16,2.1201117e-17
5154.0,5.4973502e-16,2.1183931e-17
5155.5,5.7374502e-16,2.1441504e-17
5157.0,5.5686895e-16,2.1234515e-17
5158.5,5.7583301e-16,2.1425854e-17
5160.0,5.8290102e-16,2.1428197e-17
5161.5,5.8414399e-16,2.1377822e-17
5163.0,6.0365201e-16,2.1561214e-17
5164.5,5.7242603e-16,2.1127663e-17
5166.0,5.7045001e-16,2.1086653e-17
5167.5,5.6293704e-16,2.0994379e-17
5169.0,5.6967503e-16,2.1003692e-17
5170.5,5.4574899e-16,2.0742353e-17
5172.0,5.62741e-16,2.0986162e-17
5173.5,5.6593601e-16,2.1033825e-17
5175.0,5.6570001e-16,2.1026124e-17
5176.5,5.6686198e-16,2.1109908e-17
5178.0,5.8230603e-16,2.1306959e-17
5179.5,5.8646295e-16,2.1294202e-17
5181.0,5.53241e-16,2.0863243e-17
5182.5,5.5504798e-16,2.0848916e-17
5184.0,5.7952703e-16,2.1116772e-17
5185.5,5.8265104e-16,2.1215263e-17
5187.0,5.79713e-16,2.1240484e-17
5188.5,5.7790501e-16,2.1224532e-17
5190.0,5.86914e-16,2.1281912e-17
5191.5,5.9004802e-16,2.1330307e-17
5193.0,6.0160102e-16,2.1493563e-17
5194.5,6.0540801e-16,2.1554234e-17
5196.0,6.0203804e-16,2.1607498e-17
5197.5,6.0274303e-16,2.1703416e-17
5199.0,5.7388902e-16,2.1404792e-17
5200.5,5.6662295e-16,2.1330178e-17
5202.0,5.9209101e-16,2.1649504e-17
5203.5,5.8398702e-16,2.1468566e-17
5205.0,5.7051597e-16,2.1174855e-17
5206.5,6.11405e-16,2.1576803e-17
5208.0,6.2558502e-16,2.1756432e-17
5209.5,5.9889697e-16,2.1448211e-17
5211.0,6.0232301e-16,2.1431885e-17
5212.5,6.2731498e-16,2.1750355e-17
5214.0,6.3318905e-16,2.1819153e-17
5215.5,6.4698796e-16,2.1927274e-17
5217.0,6.09369e-16,2.1557016e-17
5218.5,6.2961399e-16,2.1856789e-17
5220.0,6.3712198e-16,2.1966825e-17
5221.5,6.5182102e-16,2.2097216e-17
5223.0,6.608e-16,2.2245465e-17
5224.5,6.2266805e-16,2.180433e-17
5226.0,6.19401e-16,2.1757191e-17
5227.5,6.1215802e-16,2.1526552e-17
5229.0,6.0881001e-16,2.1520658e-17
5230.5,6.24594e-16,2.1691406e-17
5232.0,6.3777203e-16,2.1852399e-17
5233.5,6.5483302e-16,2.1978498e-17
5235.0,6.44398e-16,2.1964312e-17
5236.5,6.64121e-16,2.2256404e-17
5238.0,6.5164203e-16,2.2070287e-17
5239.5,6.4788597e-16,2.207153e-17
5241.0,6.9319398e-16,2.2569433e-17
5242.5,6.6698201e-16,2.2219574e-17
5244.0,6.4608005e-16,2.2003515e-17
5245.5,6.70147e-16,2.2261004e-17
5247.0,6.7376399e-16,2.2216538e-17
5248.5,6.7900803e-16,2.2272811e-17
5250.0,6.8354897e-16,2.2311179e-17
5251.5,6.7818704e-16,2.2253711e-17
5253.0,6.9606399e-16,2.2506684e-17
5254.5,7.1845901e-16,2.2786252e-17
5256.0,6.9627702e-16,2.2561823e-17
5257.5,6.6490901e-16,2.2240298e-17
5259.0,6.6397399e-16,2.2228946e-17
5260.5,6.8668098e-16,2.240892e-17
5262.0,7.1658701e-16,2.2697361e-17
5263.5,7.2932401e-16,2.2797628e-17
5265.0,7.1537602e-16,2.2579229e-17
5266.5,7.0341099e-16,2.2438369e-17
5268.0,7.0766199e-16,2.2480312e-17
5269.5,7.2996002e-16,2.2670915e-17
5271.0,7.2135004e-16,2.2608752e-17
5272.5,7.0257598e-16,2.2467187e-17
5274.0,6.7928601e-16,2.2310123e-17
5275.5,6.8997403e-16,2.2464886e-17
5277.0,7.1042104e-16,2.2686061e-17
5278.5,7.1594798e-16,2.2782096e-17
5280.0,7.4544299e-16,2.3025808e-17
5281.5,7.4425603e-16,2.2934905e-17
5283.0,7.3543101e-16,2.2784587e-17
5284.5,7.1927603e-16,2.2672554e-17
5286.0,7.1234502e-16,2.2617643e-17
5287.5,7.3142301e-16,2.279149e-17
5289.0,7.2351998e-16,2.2746111e-17
5290.5,7.2871102e-16,2.2885555e-17
5292.0,7.6095698e-16,2.3192053e-17
5293.5,7.4564099e-16,2.3063263e-17
5295.0,7.2787796e-16,2.297474e-17
5296.5,7.5561702e-16,2.3144427e-17
5298.0,7.3485302e-16,2.2927351e-17
5299.5,7.3903101e-16,2.2965232e-17
5301.0,7.5756599e-16,2.3100703e-17
5302.5,7.6607603e-16,2.3245248e-17
5304.0,7.9235501e-16,2.3501386e-17
5305.5,7.8769601e-16,2.3413957e-17
5307.0,7.8484702e-16,2.3391191e-17
5308.5,7.72767e-16,2.3342956e-17
5310.0,7.60064e-16,2.328149e-17
5311.5,7.6168697e-16,2.3277992e-17
5313.0,7.7366502e-16,2.3367197e-17
5314.5,7.5706e-16,2.3158949e-17
5316.0,7.3613002e-16,2.2946366e-17
5317.5,7.4917798e-16,2.3080507e-17
5319.0,7.4601199e-16,2.3025066e-17
5320.5,7.2932798e-16,2.2936076e-17
5322.0,7.2592698e-16,2.2944561e-17
5323.5,7.4081899e-16,2.3052735e-17
5325.0,7.3397501e-16,2.3009192e-17
5326.5,7.25161e-16,2.2954841e-17
5328.0,7.3832702e-16,2.3010024e-17
5329.5,7.5685798e-16,2.3052953e-17
5331.0,7.5826501e-16,2.3129581e-17
5332.5,7.5503199e-16,2.3223269e-17
5334.0,7.70279e-16,2.3370064e-17
5335.5,7.8165402e-16,2.3457463e-17
5337.0,7.7658601e-16,2.3397657e-17
5338.5,7.5941496e-16,2.3222759e-17
5340.0,7.5001501e-16,2.3075261e-17
5341.5,7.61005e-16,2.3161538e-17
5343.0,7.7084e-16,2.3299505e-17
5344.5,7.4362203e-16,2.299369e-17
5346.0,7.3240101e-16,2.2839641e-17
5347.5,7.5377901e-16,2.3085688e-17
5349.0,7.5039898e-16,2.3091519e-17
5350.5,7.3747098e-16,2.2988469e-17
5352.0,7.2851197e-16,2.2867942e-17
5353.5,7.3746299e-16,2.2983574e-17
5355.0,7.5746202e-16,2.3200204e-17
5356.5,7.82302e-16,2.3394572e-17
5358.0,7.6644401e-16,2.3151706e-17
5359.5,7.3178797e-16,2.285661e-17
5361.0,7.5175498e-16,2.303581e-17
5362.5,7.5447797e-16,2.2941419e-17
5364.0,7.4269998e-16,2.2766425e-17
5365.5,7.4209599e-16,2.2846059e-17
5367.0,7.3846e-16,2.2753535e-17
5368.5,7.1542499e-16,2.2530594e-17
5370.0,7.4825297e-16,2.2927508e-17
5371.5,7.2244001e-16,2.260588e-17
5373.0,7.35882e-16,2.2785072e-17
5374.5,7.8701103e-16,2.3388112e-17
5376.0,7.9324302e-16,2.3333811e-17
5377.5,7.6674905e-16,2.3087566e-17
5379.0,7.65845e-16,2.3111262e-17
5380.5,7.4216201e-16,2.2830927e-17
5382.0,7.53895e-16,2.2991651e-17
5383.5,7.6719395e-16,2.3114116e-17
5385.0,7.6028698e-16,2.3012221e-17
5386.5,7.6460997e-16,2.3011403e-17
5388.0,7.8131902e-16,2.319856e-17
5389.5,7.7355999e-16,2.3131294e-17
5391.0,7.89811e-16,2.3281999e-17
5392.5,8.0985302e-16,2.3539379e-17
5394.0,8.1619301e-16,2.4864721e-17
5395.5,8.3016699e-16,2.7104069e-17
5397.0,8.2794601e-16,2.6003566e-17
5398.5,7.8969099e-16,2.3138147e-17
5400.0,7.9219e-16,2.3271775e-17
5401.5,7.9329903e-16,2.3227316e-17
5403.0,7.7966201e-16,2.3062215e-17
5404.5,7.7031204e-16,2.2979617e-17
5406.0,7.5415997e-16,2.2828613e-17
5407.5,7.33168e-16,2.2618406e-17
5409.0,7.5000501e-16,2.2749347e-17
5410.5,7.6228e-16,2.2834747e-17
5412.0,7.6968905e-16,2.2948327e-17
5413.5,7.7464699e-16,2.3085435e-17
5415.0,7.4426403e-16,2.2799265e-17
5416.5,7.0632897e-16,2.2300589e-17
5418.0,7.39727e-16,2.2676042e-17
5419.5,7.5131399e-16,2.2834556e-17
5421.0,7.4157798e-16,2.2705857e-17
5422.5,7.1682699e-16,2.2445829e-17
5424.0,7.0470902e-16,2.2295338e-17
5425.5,6.7243304e-16,2.1903348e-17
5427.0,6.6613e-16,2.1896572e-17
5428.5,6.6435896e-16,2.184877e-17
5430.0,6.7393499e-16,2.1900935e-17
5431.5,6.8701101e-16,2.201542e-17
5433.0,6.5668702e-16,2.1783077e-17
5434.5,6.5535903e-16,2.1719226e-17
5436.0,6.6716704e-16,2.1880434e-17
5437.5,6.7803902e-16,2.1905542e-17
5439.0,6.99341e-16,2.2213991e-17
5440.5,6.8828897e-16,2.2152872e-17
5442.0,6.7598899e-16,2.1936061e-17
5443.5,6.58693e-16,2.1698264e-17
5445.0,6.4068799e-16,2.1593438e-17
5446.5,6.5968297e-16,2.1779299e-17
5448.0,6.31426e-16,2.1511286e-17
5449.5,6.1807899e-16,2.1323583e-17
5451.0,6.1509802e-16,2.1299637e-17
5452.5,6.06908e-16,2.1143984e-17
5454.0,5.9776799e-16,2.1244907e-17
5455.5,5.9267499e-16,2.1380974e-17
5457.0,6.0429697e-16,2.1835427e-17
5458.5,6.2510004e-16,2.24935e-17
5460.0,6.04656e-16,2.2848708e-17
5461.5,6.0286098e-16,2.2976628e-17
5463.0,5.7821296e-16,2.2430305e-17
5464.5,5.6875901e-16,2.1802628e-17
5466.0,5.9990198e-16,2.1510984e-17
5467.5,6.0120397e-16,2.1195257e-17
5469.0,5.56779e-16,2.0608297e-17
5470.5,5.5214695e-16,2.0530947e-17
5472.0,5.60977e-16,2.0617932e-17
5473.5,5.8722401e-16,2.0853739e-17
5475.0,5.8017702e-16,2.0740723e-17
5476.5,5.69798e-16,2.0674702e-17
5478.0,5.8658805e-16,2.0863052e-17
5479.5,6.01417e-16,2.1030623e-17
5481.0,6.0567101e-16,2.1059612e-17
5482.5,5.7634996e-16,2.0683942e-17
5484.0,5.5430196e-16,2.0467741e-17
5485.5,5.4299698e-16,2.0476762e-17
5487.0,5.63527e-16,2.0706603e-17
5488.5,5.86145e-16,2.0846936e-17
5490.0,5.9418398e-16,2.0964646e-17
5491.5,6.16299e-16,2.1242541e-17
5493.0,6.1257396e-16,2.1184018e-17
5494.5,5.7521097e-16,2.0650691e-17
5496.0,5.5566002e-16,2.0435036e-17
5497.5,5.7146401e-16,2.06596e-17
5499.0,5.6517098e-16,2.0596843e-17
5500.5,5.7721002e-16,2.0767794e-17
5502.0,6.0722797e-16,2.1026253e-17
5503.5,5.9647298e-16,2.0961974e-17
5505.0,5.7306401e-16,2.0588879e-17
5506.5,6.0873198e-16,2.1056912e-17
5508.0,6.1055098e-16,2.1098444e-17
5509.5,5.9536702e-16,2.0999071e-17
5511.0,5.7839899e-16,2.0721268e-17
5512.5,6.0107703e-16,2.100232e-17
5514.0,6.2480496e-16,2.1257505e-17
5515.5,5.7796197e-16,2.0811973e-17
5517.0,5.6602003e-16,2.055548e-17
5518.5,6.2588e-16,2.1295941e-17
5520.0,6.1299097e-16,2.1202826e-17
5521.5,6.0538202e-16,2.1086303e-17
5523.0,6.1163503e-16,2.115577e-17
5524.5,6.30665e-16,2.1403269e-17
5526.0,6.1902798e-16,2.1156169e-17
5527.5,6.0340398e-16,2.103597e-17
5529.0,6.0005699e-16,2.0950115e-17
5530.5,5.9368402e-16,2.0900534e-17
5532.0,6.04963e-16,2.1056691e-17
5533.5,6.1242097e-16,2.1101316e-17
5535.0,6.1705498e-16,2.1091255e-17
5536.5,6.1422001e-16,2.1125642e-17
5538.0,6.2614698e-16,2.1328906e-17
5539.5,6.4483305e-16,2.1542144e-17
5541.0,6.3208801e-16,2.143263e-17
5542.5,6.3424101e-16,2.1536989e-17
5544.0,6.2559201e-16,2.1473129e-17
5545.5,6.0799496e-16,2.1261353e-17
5547.0,6.21121e-16,2.1358208e-17
5548.5,6.4480801e-16,2.1663975e-17
5550.0,6.39359e-16,2.1604185e-17
5551.5,6.1807899e-16,2.1273576e-17
5553.0,6.2937703e-16,2.133603e-17
5554.5,6.3620899e-16,2.1419014e-17
5556.0,6.4401297e-16,2.1505077e-17
5557.5,6.3146402e-16,2.1383028e-17
5559.0,6.2560302e-16,2.1306016e-17
5560.5,6.1828799e-16,2.1266067e-17
5562.0,6.2137998e-16,2.1437339e-17
5563.5,6.4533e-16,2.1731252e-17
5565.0,6.38292e-16,2.1711792e-17
5566.5,6.5154097e-16,2.188114e-17
5568.0,6.5622596e-16,2.194608e-17
5569.5,6.4135498e-16,2.2084369e-17
5571.0,6.0585498e-16,2.3010558e-17
5572.5,6.2234803e-16,2.8008094e-17
5574.0,6.1099901e-16,3.8112084e-17
5575.5,5.9613104e-16,4.7387861e-17
5577.0,6.5837902e-16,5.187656e-17
5578.5,6.14082e-16,5.1579475e-17
5580.0,5.9772405e-16,4.5852951e-17
5581.5,6.5927602e-16,3.5682255e-17
5583.0,6.5804799e-16,2.6951896e-17
5584.5,6.1908299e-16,2.2876832e-17
5586.0,6.2016502e-16,2.1817909e-17
5587.5,6.5807403e-16,2.1928845e-17
5589.0,6.0415101e-16,2.1237141e-17
5590.5,6.0428601e-16,2.1260538e-17
5592.0,6.3103801e-16,2.1522201e-17
5593.5,6.1558802e-16,2.1268561e-17
5595.0,5.8880198e-16,2.0893143e-17
5596.5,5.9963103e-16,2.1034657e-17
5598.0,6.00964e-16,2.1123e-17
5599.5,5.9651205e-16,2.0952073e-17
5601.0,6.1449498e-16,2.120464e-17
5602.5,5.9479998e-16,2.1172681e-17
5604.0,5.7537503e-16,2.0990061e-17
5605.5,5.7518e-16,2.0925048e-17
5607.0,5.8318298e-16,2.1036403e-17
5608.5,5.92948e-16,2.1136721e-17
5610.0,6.0379897e-16,2.1158888e-17
5611.5,5.6963998e-16,2.0754824e-17
5613.0,5.52562e-16,2.0538931e-17
5614.5,5.6565501e-16,2.0634121e-17
5616.0,5.7599802e-16,2.0749523e-17
5617.5,5.7100201e-16,2.0705044e-17
5619.0,5.7146105e-16,2.0775442e-17
5620.5,5.9292603e-16,2.1070427e-17
5622.0,6.0084896e-16,2.1150726e-17
5623.5,5.9688903e-16,2.1135082e-17
5625.0,5.9256704e-16,2.1128572e-17
5626.5,5.82752e-16,2.0998699e-17
5628.0,5.6998197e-16,2.0757333e-17
5629.5,5.64713e-16,2.0610155e-17
5631.0,5.6304503e-16,2.0659449e-17
5632.5,5.4873198e-16,2.0578015e-17
5634.0,5.4180997e-16,2.0475879e-17
5635.5,5.6202198e-16,2.0652417e-17
5637.0,5.6377602e-16,2.0679215e-17
5638.5,5.4937297e-16,2.0521814e-17
5640.0,5.2563e-16,2.0201199e-17
5641.5,5.1863197e-16,2.0144085e-17
5643.0,5.5624802e-16,2.0592214e-17
5644.5,5.6341397e-16,2.072476e-17
5646.0,5.3472502e-16,2.0414143e-17
5647.5,5.03917e-16,2.0020436e-17
5649.0,4.9595203e-16,1.9981654e-17
5650.5,5.22636e-16,2.0247346e-17
5652.0,5.2487101e-16,2.0129953e-17
5653.5,4.8776699e-16,1.9996086e-17
5655.0,4.6518202e-16,1.9961648e-17
5656.5,4.9798899e-16,1.9880368e-17
5658.0,5.0523504e-16,1.989928e-17
5659.5,4.8997002e-16,1.9723621e-17
5661.0,5.0780001e-16,1.9942508e-17
5662.5,5.3673704e-16,2.0333565e-17
5664.0,5.28127e-16,2.0322564e-17
5665.5,5.3644301e-16,2.055748e-17
5667.0,5.3688702e-16,2.0723127e-17
5668.5,5.21052e-16,2.0643722e-17
5670.0,5.10078e-16,2.057643e-17
5671.5,5.1340599e-16,2.0603767e-17
5673.0,5.3624703e-16,2.0931892e-17
5674.5,5.4962496e-16,2.1029959e-17
5676.0,5.4457003e-16,2.0916195e-17
5677.5,5.3095403e-16,2.0871149e-17
5679.0,5.1511001e-16,2.0780326e-17
5680.5,5.0038397e-16,2.0782135e-17
5682.0,5.2231302e-16,2.1224403e-17
5683.5,5.36576e-16,2.1557976e-17
5685.0,5.1897105e-16,2.1611794e-17
5686.5,5.29402e-16,2.18823e-17
5688.0,5.6187899e-16,2.2289628e-17
5689.5,5.7047097e-16,2.2374122e-17
5691.0,5.5612202e-16,2.2127951e-17
5692.5,5.7744597e-16,2.2166597e-17
5694.0,5.6872301e-16,2.1799182e-17
5695.5,5.6285498e-16,2.1546684e-17
5697.0,5.8754202e-16,2.1702804e-17
5698.5,5.8296698e-16,2.1529273e-17
5700.0,5.86824e-16,2.1497433e-17
5701.5,6.1415601e-16,2.1786407e-17
5703.0,6.3252598e-16,2.1820504e-17
5704.5,6.1629302e-16,2.1579725e-17
5706.0,6.1825104e-16,2.16256e-17
5707.5,6.21229e-16,2.1645031e-17
5709.0,6.0807802e-16,2.1496712e-17
5710.5,5.9943802e-16,2.1376607e-17
5712.0,6.1458699e-16,2.1479847e-17
5713.5,6.4761699e-16,2.1798944e-17
5715.0,6.2400298e-16,2.155881e-17
5716.5,6.1938104e-16,2.1508727e-17
5718.0,6.3419903e-16,2.1623493e-17
5719.5,6.36456e-16,2.172682e-17
5721.0,6.2924198e-16,2.1611193e-17
5722.5,6.5557899e-16,2.1869492e-17
5724.0,6.7602499e-16,2.2061336e-17
5725.5,6.5008598e-16,2.1802792e-17
5727.0,6.5834699e-16,2.191021e-17
5728.5,6.5136701e-16,2.1718186e-17
5730.0,6.66609e-16,2.1884413e-17
5731.5,6.9085002e-16,2.2186518e-17
5733.0,6.65369e-16,2.1927451e-17
5734.5,6.4551904e-16,2.1773285e-17
5736.0,6.3894602e-16,2.175103e-17
5737.5,6.4690003e-16,2.1870996e-17
5739.0,6.5362197e-16,2.1893833e-17
5740.5,7.14114e-16,2.2398436e-17
5742.0,7.0936399e-16,2.2258432e-17
5743.5,6.7754801e-16,2.1992204e-17
5745.0,6.84676e-16,2.2046855e-17
5746.5,6.8355204e-16,2.2029366e-17
5748.0,6.9179399e-16,2.2181232e-17
5749.5,7.0866503e-16,2.2343215e-17
5751.0,7.0519204e-16,2.2205518e-17
5752.5,6.9666099e-16,2.2112209e-17
5754.0,6.75375e-16,2.19726e-17
5755.5,6.7245003e-16,2.2035105e-17
5757.0,6.8830803e-16,2.2185088e-17
5758.5,6.99214e-16,2.2275258e-17
5760.0,7.2282202e-16,2.2485873e-17
5761.5,7.0039704e-16,2.2273689e-17
5763.0,6.8225402e-16,2.2126636e-17
5764.5,6.9373602e-16,2.2319896e-17
5766.0,6.9304103e-16,2.2476711e-17
5767.5,6.8442999e-16,2.2563216e-17
5769.0,6.6994599e-16,2.2546011e-17
5770.5,6.7933901e-16,2.2642148e-17
5772.0,7.0359898e-16,2.2743434e-17
5773.5,7.2156402e-16,2.2769491e-17
5775.0,7.0140199e-16,2.2467045e-17
5776.5,6.8924199e-16,2.2280133e-17
5778.0,7.06307e-16,2.2423017e-17
5779.5,6.9249803e-16,2.2243378e-17
5781.0,7.01404e-16,2.2344633e-17
5782.5,7.0267598e-16,2.2324867e-17
5784.0,7.0953599e-16,2.2430838e-17
5785.5,7.1047001e-16,2.2557396e-17
5787.0,7.18829e-16,2.2782509e-17
5788.5,7.1170302e-16,2.282445e-17
5790.0,7.1317501e-16,2.2978503e-17
5791.5,6.9818697e-16,2.2807575e-17
5793.0,7.1923103e-16,2.2990689e-17
5794.5,6.7394102e-16,2.24097e-17
5796.0,6.91163e-16,2.2492796e-17
5797.5,7.0766199e-16,2.2482132e-17
5799.0,6.81717e-16,2.2125919e-17
5800.5,7.2232598e-16,2.2566837e-17
5802.0,7.2256098e-16,2.258167e-17
5803.5,7.1662905e-16,2.2459308e-17
5805.0,7.0295402e-16,2.2398278e-17
5806.5,7.2902903e-16,2.2595598e-17
5808.0,7.2426097e-16,2.2592389e-17
5809.5,7.18176e-16,2.266892e-17
5811.0,7.2044403e-16,2.2654499e-17
5812.5,7.1466203e-16,2.2530153e-17
5814.0,7.0158601e-16,2.2381211e-17
5815.5,7.0403896e-16,2.2472375e-17
5817.0,7.0212197e-16,2.2476247e-17
5818.5,7.0433299e-16,2.2494835e-17
5820.0,7.3259001e-16,2.2785384e-17
5821.5,7.3474401e-16,2.2888565e-17
5823.0,7.3386103e-16,2.2888363e-17
5824.5,7.1879798e-16,2.2693842e-17
5826.0,7.1460702e-16,2.2615336e-17
5827.5,7.2512299e-16,2.2676278e-17
5829.0,6.9033005e-16,2.2361029e-17
5830.5,6.8844403e-16,2.2373639e-17
5832.0,7.0500601e-16,2.252939e-17
5833.5,6.9198902e-16,2.2438119e-17
5835.0,6.9431e-16,2.2455173e-17
5836.5,6.95243e-16,2.2400892e-17
5838.0,6.9073303e-16,2.2354377e-17
5839.5,7.1094699e-16,2.2554496e-17
5841.0,7.18032e-16,2.2645428e-17
5842.5,6.8640702e-16,2.2404362e-17
5844.0,6.5813703e-16,2.2154845e-17
5845.5,6.8797302e-16,2.2434719e-17
5847.0,7.1444497e-16,2.2676024e-17
5848.5,6.9906005e-16,2.2574338e-17
5850.0,6.83699e-16,2.2479956e-17
5851.5,7.1229902e-16,2.2767393e-17
5853.0,7.1049102e-16,2.2748934e-17
5854.5,6.8218901e-16,2.245667e-17
5856.0,6.9028601e-16,2.2519967e-17
5857.5,6.8910402e-16,2.2494678e-17
5859.0,6.74896e-16,2.2313939e-17
5860.5,6.8156702e-16,2.2437265e-17
5862.0,6.96184e-16,2.2764808e-17
5863.5,7.1245005e-16,2.3090806e-17
5865.0,7.1420701e-16,2.3305379e-17
5866.5,7.0332004e-16,2.3304496e-17
5868.0,6.81284e-16,2.307662e-17
5869.5,6.7011201e-16,2.2881345e-17
5871.0,6.32973e-16,2.2245646e-17
5872.5,6.7079996e-16,2.2358468e-17
5874.0,7.0745801e-16,2.2653523e-17
5875.5,6.5284699e-16,2.2067553e-17
5877.0,6.76479e-16,2.2245359e-17
5878.5,6.85879e-16,2.2264681e-17
5880.0,6.7641298e-16,2.2049588e-17
5881.5,6.8160101e-16,2.2086934e-17
5883.0,6.8740699e-16,2.2276128e-17
5884.5,6.9802498e-16,2.2769382e-17
5886.0,6.6869402e-16,2.3611432e-17
5887.5,6.4804897e-16,2.5130925e-17
5889.0,6.2623205e-16,2.6112902e-17
5890.5,6.29761e-16,2.6522285e-17
5892.0,6.6935005e-16,2.6800752e-17
5893.5,6.5072999e-16,2.6130006e-17
5895.0,6.2656499e-16,2.5318835e-17
5896.5,6.1482601e-16,2.4749863e-17
5898.0,6.2477701e-16,2.4221558e-17
5899.5,6.4026998e-16,2.3336545e-17
5901.0,6.6461598e-16,2.2630455e-17
5902.5,6.97821e-16,2.2527537e-17
5904.0,6.72933e-16,2.216349e-17
5905.5,6.6653001e-16,2.208939e-17
5907.0,6.7221302e-16,2.2185873e-17
5908.5,6.6496703e-16,2.2182678e-17
5910.0,6.6160499e-16,2.2152004e-17
5911.5,6.8285605e-16,2.2371754e-17
5913.0,6.9994197e-16,2.2677619e-17
5914.5,6.5646102e-16,2.2430312e-17
5916.0,6.40599e-16,2.2331294e-17
5917.5,6.7543699e-16,2.2604169e-17
5919.0,6.5151e-16,2.2237231e-17
5920.5,6.2416603e-16,2.1891373e-17
5922.0,6.32819e-16,2.1999175e-17
5923.5,6.1857201e-16,2.1833001e-17
5925.0,6.23237e-16,2.1900405e-17
5926.5,6.4463199e-16,2.2181404e-17
5928.0,6.3691404e-16,2.2149954e-17
5929.5,6.5871799e-16,2.250683e-17
5931.0,6.6504702e-16,2.2687929e-17
5932.5,6.5554797e-16,2.2651551e-17
5934.0,6.6078501e-16,2.274327e-17
5935.5,6.7536303e-16,2.2778971e-17
5937.0,6.4178199e-16,2.224022e-17
5938.5,6.07197e-16,2.1764382e-17
5940.0,6.4631801e-16,2.1984711e-17
5941.5,6.2580404e-16,2.169187e-17
5943.0,6.4266804e-16,2.1956664e-17
5944.5,6.3239702e-16,2.1951952e-17
5946.0,6.18317e-16,2.1908025e-17
5947.5,6.1303401e-16,2.1831207e-17
5949.0,5.8032101e-16,2.1460525e-17
5950.5,6.1457402e-16,2.2017343e-17
5952.0,6.2377799e-16,2.2202079e-17
5953.5,6.47918e-16,2.2444419e-17
5955.0,6.1012699e-16,2.2040382e-17
5956.5,5.9254905e-16,2.1750106e-17
5958.0,6.0823498e-16,2.1704756e-17
5959.5,6.2520598e-16,2.1771613e-17
5961.0,6.1342301e-16,2.1591421e-17
5962.5,6.0235102e-16,2.151346e-17
5964.0,5.9970801e-16,2.1454773e-17
5965.5,6.1177098e-16,2.1564337e-17
5967.0,6.1238301e-16,2.1550566e-17
5968.5,6.1772196e-16,2.1663933e-17
5970.0,5.9169698e-16,2.1440163e-17
5971.5,5.6282597e-16,2.1198392e-17
5973.0,5.7086998e-16,2.1275031e-17
5974.5,6.0041999e-16,2.1595575e-17
5976.0,6.0769998e-16,2.1751374e-17
5977.5,5.87113e-16,2.1584247e-17
5979.0,5.8995601e-16,2.1482216e-17
5980.5,5.6881396e-16,2.1173922e-17
5982.0,5.69869e-16,2.1096375e-17
5983.5,5.8747601e-16,2.1215286e-17
5985.0,5.8766802e-16,2.1181839e-17
5986.5,5.73389e-16,2.1013139e-17
5988.0,5.8542799e-16,2.1144443e-17
5989.5,5.9263301e-16,2.1212052e-17
5991.0,6.0014804e-16,2.1240428e-17
5992.5,5.9375601e-16,2.1211589e-17
5994.0,5.9187502e-16,2.1206556e-17
5995.5,6.18044e-16,2.1427965e-17
5997.0,5.9924103e-16,2.1253718e-17
5998.5,5.8621001e-16,2.1206707e-17
6000.0,5.6436201e-16,2.099522e-17
6001.5,5.5806797e-16,2.094221e-17
6003.0,5.98893e-16,2.1482904e-17
6004.5,6.2421103e-16,2.1694219e-17
6006.0,5.9086504e-16,2.1291783e-17
6007.5,5.9875203e-16,2.1246236e-17
6009.0,5.8137297e-16,2.0987347e-17
6010.5,6.2000297e-16,2.1295284e-17
6012.0,6.4111696e-16,2.1505324e-17
6013.5,6.0901997e-16,2.1211449e-17
6015.0,5.9835101e-16,2.109979e-17
6016.5,6.0102499e-16,2.1059776e-17
6018.0,6.1002302e-16,2.120372e-17
6019.5,5.8722401e-16,2.1076878e-17
6021.0,5.9983602e-16,2.1200783e-17
6022.5,5.9253004e-16,2.1023514e-17
6024.0,6.34113e-16,2.1480596e-17
6025.5,6.5893102e-16,2.1695801e-17
6027.0,6.4146202e-16,2.1486732e-17
6028.5,6.3499397e-16,2.1526762e-17
6030.0,5.96277e-16,2.127835e-17
6031.5,5.6513001e-16,2.105303e-17
6033.0,6.1789698e-16,2.154378e-17
6034.5,6.2905902e-16,2.1654364e-17
6036.0,6.1399301e-16,2.1411988e-17
6037.5,6.0742496e-16,2.1271261e-17
6039.0,6.16398e-16,2.1330578e-17
6040.5,6.1773303e-16,2.1507411e-17
6042.0,6.19067e-16,2.0205582e-17
6043.5,6.2040198e-16,1.7466107e-17
6045.0,6.21736e-16,2.0190723e-17
6046.5,6.2307002e-16,2.1544796e-17
6048.0,6.2440505e-16,2.1108535e-17
6049.5,6.2440505e-16,2.1262759e-17
6051.0,6.4005102e-16,2.1411503e-17
6052.5,6.4336001e-16,2.1508397e-17
6054.0,6.3705602e-16,2.1441157e-17
6055.5,6.4565902e-16,2.1474453e-17
6057.0,6.6058395e-16,2.1611783e-17
6058.5,6.4965897e-16,2.1560653e-17
6060.0,6.5266504e-16,2.1635191e-17
6061.5,6.4282797e-16,2.1544274e-17
6063.0,6.3019802e-16,2.1426573e-17
6064.5,6.3654002e-16,2.1481451e-17
6066.0,6.4350999e-16,2.1506548e-17
6067.5,6.5435e-16,2.1576871e-17
6069.0,6.3261302e-16,2.1417087e-17
6070.5,6.2475403e-16,2.1330696e-17
6072.0,6.3360796e-16,2.1323049e-17
6073.5,6.4267201e-16,2.1428894e-17
6075.0,6.2977598e-16,2.12786e-17
6076.5,6.0990899e-16,2.0944936e-17
6078.0,6.3434398e-16,2.1210768e-17
6079.5,6.1310701e-16,2.1056385e-17
6081.0,6.1184604e-16,2.1020484e-17
6082.5,6.3993e-16,2.13216e-17
6084.0,6.37912e-16,2.1267516e-17
6085.5,6.0981703e-16,2.0978169e-17
6087.0,5.9881995e-16,2.0932886e-17
6088.5,6.1657101e-16,2.117481e-17
6090.0,6.2454e-16,2.117894e-17
6091.5,6.0306501e-16,2.0834568e-17
6093.0,5.8971201e-16,2.0730299e-17
6094.5,6.34338e-16,2.1280424e-17
6096.0,6.42272e-16,2.132711e-17
6097.5,6.4522703e-16,2.1358387e-17
6099.0,6.6353999e-16,2.1631638e-17
6100.5,6.2962399e-16,2.1272448e-17
6102.0,6.2684901e-16,2.1236142e-17
6103.5,6.5648802e-16,2.1584583e-17
6105.0,6.6406695e-16,2.1660496e-17
6106.5,6.64564e-16,2.1565772e-17
6108.0,6.3593201e-16,2.1273034e-17
6109.5,6.0622699e-16,2.1045988e-17
6111.0,6.1127403e-16,2.1081491e-17
6112.5,6.0422804e-16,2.0967743e-17
6114.0,5.8256401e-16,2.074704e-17
6115.5,5.9300501e-16,2.0882986e-17
6117.0,6.0523702e-16,2.1022129e-17
6118.5,6.0426198e-16,2.0954714e-17
6120.0,6.0960199e-16,2.090113e-17
6121.5,6.1171899e-16,2.0942648e-17
6123.0,6.09487e-16,2.0991818e-17
6124.5,6.26025e-16,2.1122147e-17
6126.0,6.2996699e-16,2.1151853e-17
6127.5,6.19962e-16,2.1086808e-17
6129.0,6.21518e-16,2.1053625e-17
6130.5,6.31271e-16,2.1079173e-17
6132.0,6.3847501e-16,2.1176225e-17
6133.5,6.3675998e-16,2.1181549e-17
6135.0,6.19411e-16,2.1123321e-17
6136.5,6.3828803e-16,2.1456902e-17
6138.0,6.4292903e-16,2.1558972e-17
6139.5,6.34384e-16,2.1444806e-17
6141.0,6.3906799e-16,2.143435e-17
6142.5,6.6187398e-16,2.1711012e-17
6144.0,6.68627e-16,2.1821627e-17
6145.5,6.2848098e-16,2.1383336e-17
6147.0,6.2066699e-16,2.1225474e-17
6148.5,6.1900998e-16,2.1191609e-17
6150.0,6.2328898e-16,2.1218733e-17
6151.5,6.5258505e-16,2.1584826e-17
6153.0,6.2095101e-16,2.1323375e-17
6154.5,6.2973199e-16,2.1426527e-17
6156.0,6.9122701e-16,2.2149688e-17
6157.5,7.2653002e-16,2.6467471e-17
6159.0,6.7209899e-16,3.3343247e-17
6160.5,6.5666097e-16,3.2758879e-17
6162.0,6.7130897e-16,3.3443372e-17
6163.5,6.4231498e-16,2.9424674e-17
6165.0,6.9316099e-16,2.2424573e-17
6166.5,6.3569198e-16,2.0668199e-17
6168.0,6.5166903e-16,2.4414912e-17
6169.5,6.5960298e-16,3.1438062e-17
6171.0,6.51039e-16,2.1946214e-17
6172.5,6.2901403e-16,2.1300214e-17
6174.0,6.3834801e-16,2.141453e-17
6175.5,6.4603605e-16,2.1345099e-17
6177.0,6.29562e-16,2.1114269e-17
6178.5,6.3470799e-16,2.1142079e-17
6180.0,6.3722998e-16,2.1095092e-17
6181.5,6.3799501e-16,2.1162288e-17
6183.0,6.2348099e-16,2.1013985e-17
6184.5,6.1224198e-16,2.0846724e-17
6186.0,6.6280598e-16,2.1340966e-17
6187.5,6.5111401e-16,2.1305819e-17
6189.0,6.41251e-16,2.1219736e-17
6190.5,6.1869505e-16,2.09737e-17
6192.0,6.1310701e-16,2.0907146e-17
6193.5,6.3848602e-16,2.1259861e-17
6195.0,6.4307805e-16,2.1302067e-17
6196.5,6.6486199e-16,2.1427827e-17
6198.0,6.67133e-16,2.1436761e-17
6199.5,6.5337702e-16,2.1376787e-17
6201.0,6.4056099e-16,2.1289784e-17
6202.5,6.4562397e-16,2.1375296e-17
6204.0,6.4606797e-16,2.1448368e-17
6205.5,6.3529403e-16,2.1246151e-17
6207.0,6.2143896e-16,2.1017686e-17
6208.5,6.2570398e-16,2.1018967e-17
6210.0,6.3839301e-16,2.110767e-17
6211.5,6.3854897e-16,2.1182963e-17
6213.0,6.4157896e-16,2.1301649e-17
6214.5,6.3231999e-16,2.1134935e-17
6216.0,6.1321903e-16,2.0866298e-17
6217.5,6.0685496e-16,2.080073e-17
6219.0,6.3371098e-16,2.1170867e-17
6220.5,6.42381e-16,2.1347483e-17
6222.0,6.2641798e-16,2.1268313e-17
6223.5,6.3860101e-16,2.1310506e-17
6225.0,6.5893801e-16,2.1494293e-17
6226.5,6.3368599e-16,2.1110351e-17
6228.0,6.2180196e-16,2.0853284e-17
6229.5,6.2138702e-16,2.0965728e-17
6231.0,6.1647397e-16,2.1066463e-17
6232.5,5.95645e-16,2.1260082e-17
6234.0,6.1503798e-16,2.1873841e-17
6235.5,6.3958595e-16,2.2431708e-17
6237.0,6.0330499e-16,2.220252e-17
6238.5,6.2162202e-16,2.2127256e-17
6240.0,6.3301001e-16,2.1982023e-17
6241.5,6.0484098e-16,2.1464736e-17
6243.0,6.2268002e-16,2.1538935e-17
6244.5,6.5164399e-16,2.1554846e-17
6246.0,6.2360699e-16,2.1203432e-17
6247.5,6.0896497e-16,2.0871219e-17
6249.0,6.4499198e-16,2.1093258e-17
6250.5,6.7749899e-16,2.1676315e-17
6252.0,6.44615e-16,2.1413182e-17
6253.5,6.0700705e-16,2.0936675e-17
6255.0,6.1276402e-16,2.1329437e-17
6256.5,6.20867e-16,2.2086926e-17
6258.0,6.0794096e-16,2.20996e-17
6259.5,6.0851699e-16,2.1924741e-17
6261.0,6.23148e-16,2.1820951e-17
6262.5,6.2046497e-16,2.1509146e-17
6264.0,6.2405401e-16,2.1543391e-17
6265.5,6.4432298e-16,2.1863924e-17
6267.0,6.3108597e-16,2.1756163e-17
6268.5,6.1059302e-16,2.1371736e-17
6270.0,5.9921403e-16,2.1075232e-17
6271.5,5.9365898e-16,2.0886944e-17
6273.0,5.9099696e-16,2.0943224e-17
6274.5,5.90814e-16,2.1165481e-17
6276.0,6.14697e-16,2.1717987e-17
6277.5,6.1271801e-16,2.1892741e-17
6279.0,5.8511601e-16,2.15198e-17
6280.5,5.81078e-16,2.1300712e-17
6282.0,5.7920097e-16,2.1265619e-17
6283.5,5.6319395e-16,2.1217373e-17
6285.0,5.5539299e-16,2.1354537e-17
6286.5,5.7344003e-16,2.1671453e-17
6288.0,5.6221002e-16,2.1482574e-17
6289.5,5.1779198e-16,2.0990563e-17
6291.0,4.9783504e-16,2.0612152e-17
6292.5,5.0733499e-16,2.0336788e-17
6294.0,4.9530199e-16,2.0173475e-17
6295.5,4.9217903e-16,2.0850749e-17
6297.0,5.0983104e-16,2.2876323e-17
6298.5,5.0537596e-16,2.4849599e-17
6300.0,5.11082e-16,2.5947266e-17
6301.5,5.0141698e-16,2.6104291e-17
6303.0,4.5921298e-16,2.4839969e-17
6304.5,4.50269e-16,2.285493e-17
6306.0,4.7558502e-16,2.1658835e-17
6307.5,4.5360102e-16,2.0907749e-17
6309.0,4.34734e-16,2.0360531e-17
6310.5,4.5230998e-16,2.0038446e-17
6312.0,4.4442601e-16,1.9285435e-17
6313.5,4.1287102e-16,1.8517145e-17
6315.0,3.8776099e-16,1.8294882e-17
6316.5,4.16378e-16,1.8837521e-17
6318.0,4.16998e-16,1.934079e-17
6319.5,4.1956999e-16,1.9551348e-17
6321.0,4.05033e-16,1.8914209e-17
6322.5,3.6476299e-16,1.8197781e-17
6324.0,3.68552e-16,1.8202305e-17
6325.5,3.5825301e-16,1.810733e-17
6327.0,3.6935401e-16,1.8407182e-17
6328.5,3.83601e-16,1.9032625e-17
6330.0,3.68932e-16,1.912828e-17
6331.5,3.7800801e-16,1.9110359e-17
6333.0,3.72206e-16,1.8748453e-17
6334.5,3.57835e-16,1.8428739e-17
6336.0,3.58623e-16,1.8259621e-17
6337.5,3.57229e-16,1.7821064e-17
6339.0,3.4717699e-16,1.7514726e-17
6340.5,3.48015e-16,1.7722215e-17
6342.0,3.4820699e-16,1.7965233e-17
6343.5,3.2361503e-16,1.755367e-17
6345.0,3.16391e-16,1.7262591e-17
6346.5,3.2255502e-16,1.7426491e-17
6348.0,3.1454103e-16,1.735384e-17
6349.5,3.0961201e-16,1.7256099e-17
6351.0,3.1473801e-16,1.7401669e-17
6352.5,3.2635798e-16,1.7686818e-17
6354.0,3.35783e-16,1.7962259e-17
6355.5,3.44365e-16,1.8227662e-17
6357.0,3.34273e-16,1.817446e-17
6358.5,3.2747702e-16,1.8233431e-17
6360.0,3.25623e-16,1.8457139e-17
6361.5,3.1474302e-16,1.8801418e-17
6363.0,3.25121e-16,1.9431258e-17
6364.5,3.3363198e-16,1.9656624e-17
6366.0,3.2692798e-16,1.921752e-17
6367.5,3.26248e-16,1.8402613e-17
6369.0,3.2435599e-16,1.764361e-17
6370.5,3.1428901e-16,1.7202458e-17
6372.0,3.2903601e-16,1.7272296e-17
6373.5,3.2688201e-16,1.7238311e-17
6375.0,3.2757602e-16,1.7346987e-17
6376.5,3.4744e-16,1.7659099e-17
6378.0,3.47209e-16,1.7642276e-17
6379.5,3.3801699e-16,1.7648799e-17
6381.0,3.14097e-16,1.73825e-17
6382.5,3.4080299e-16,1.7716575e-17
6384.0,3.6924898e-16,1.8224413e-17
6385.5,3.20498e-16,1.7629176e-17
6387.0,3.2245001e-16,1.7632209e-17
6388.5,3.47043e-16,1.7907591e-17
6390.0,3.2678603e-16,1.7616178e-17
6391.5,3.04359e-16,1.7636765e-17
6393.0,3.36891e-16,1.7434334e-17
6394.5,3.4207902e-16,1.7440712e-17
6396.0,3.5378901e-16,1.7600554e-17
6397.5,3.93806e-16,1.8080858e-17
6399.0,3.8068101e-16,1.7897999e-17
6400.5,3.6928498e-16,1.7867734e-17
6402.0,3.5791298e-16,1.7848174e-17
6403.5,3.7454301e-16,1.8018227e-17
6405.0,3.7677301e-16,1.7918541e-17
6406.5,3.5979302e-16,1.7702263e-17
6408.0,3.4745299e-16,1.7520194e-17
6409.5,3.68869e-16,1.7868577e-17
6411.0,3.9599698e-16,1.8307137e-17
6412.5,3.8408e-16,1.8233324e-17
6414.0,3.8462498e-16,1.8190511e-17
6415.5,4.02776e-16,1.8401874e-17
6417.0,4.12117e-16,1.8573098e-17
6418.5,3.9351801e-16,1.8399066e-17
6420.0,4.2366402e-16,1.8798003e-17
6421.5,4.4046102e-16,1.8943701e-17
6423.0,4.30835e-16,1.8798313e-17
6424.5,4.0792302e-16,1.8540414e-17
6426.0,4.2345501e-16,1.8633572e-17
6427.5,4.4290302e-16,1.8901445e-17
6429.0,4.2740801e-16,1.8680601e-17
6430.5,4.1751098e-16,1.8517637e-17
6432.0,4.2255602e-16,1.8592143e-17
6433.5,4.5525702e-16,1.8966214e-17
6435.0,4.8296299e-16,1.921313e-17
6436.5,4.74895e-16,1.9154531e-17
6438.0,4.6550601e-16,1.8977135e-17
6439.5,4.8023502e-16,1.9165726e-17
6441.0,4.7859802e-16,1.9301613e-17
6442.5,4.60907e-16,1.9038648e-17
6444.0,4.8841201e-16,1.9426151e-17
6445.5,5.0425295e-16,1.9693233e-17
6447.0,5.0161201e-16,1.9500483e-17
6448.5,4.7207603e-16,1.9281862e-17
6450.0,4.7661702e-16,1.9483735e-17
6451.5,4.9147001e-16,1.9625102e-17
6453.0,4.9021402e-16,1.9695058e-17
6454.5,5.2482998e-16,2.0084857e-17
6456.0,5.2414298e-16,2.0045293e-17
6457.5,4.99457e-16,1.9709297e-17
6459.0,4.9961301e-16,1.9882272e-17
6460.5,4.9387103e-16,1.9815023e-17
6462.0,5.0203802e-16,2.0086085e-17
6463.5,5.14792e-16,2.0457536e-17
6465.0,5.1431205e-16,2.0655499e-17
6466.5,5.0867404e-16,2.0681833e-17
6468.0,5.0199699e-16,2.0656296e-17
6469.5,5.2663998e-16,2.0923398e-17
6471.0,5.3066402e-16,2.083051e-17
6472.5,5.3764998e-16,2.0787568e-17
6474.0,5.5005901e-16,2.0752919e-17
6475.5,5.3188597e-16,2.033289e-17
6477.0,5.0898501e-16,1.9936811e-17
6478.5,5.2831801e-16,2.0203262e-17
6480.0,5.4871101e-16,2.0411895e-17
6481.5,5.3836001e-16,2.022601e-17
6483.0,5.30397e-16,2.0130969e-17
6484.5,5.45443e-16,2.0231728e-17
6486.0,5.3907501e-16,2.0090379e-17
6487.5,5.4471e-16,2.0151633e-17
6489.0,5.5405404e-16,2.030015e-17
6490.5,5.4669703e-16,2.0223816e-17
6492.0,5.51912e-16,2.0330007e-17
6493.5,5.5740305e-16,2.0534555e-17
6495.0,5.68278e-16,2.0902736e-17
6496.5,5.7458401e-16,2.1390071e-17
6498.0,5.5141501e-16,2.1500368e-17
6499.5,5.3561096e-16,2.1414502e-17
6501.0,5.6994999e-16,2.1654696e-17
6502.5,6.0294997e-16,2.1776344e-17
6504.0,5.9164701e-16,2.1382864e-17
6505.5,5.7657803e-16,2.110069e-17
6507.0,5.8707001e-16,2.1134562e-17
6508.5,5.8835602e-16,2.0966709e-17
6510.0,5.9129602e-16,2.0901441e-17
6511.5,5.8780799e-16,2.0806927e-17
6513.0,5.7909001e-16,2.0680635e-17
6514.5,5.9971897e-16,2.0941548e-17
6516.0,5.8342999e-16,2.0741746e-17
6517.5,5.57476e-16,2.0399249e-17
6519.0,5.70901e-16,2.0662596e-17
6520.5,6.0051205e-16,2.1079422e-17
6522.0,6.1060398e-16,2.123175e-17
6523.5,6.0961904e-16,2.1272616e-17
6525.0,6.0834801e-16,2.125128e-17
6526.5,6.1766601e-16,2.1256693e-17
6528.0,6.1040302e-16,2.1151393e-17
6529.5,6.0924999e-16,2.1267138e-17
6531.0,6.2009297e-16,2.1805347e-17
6532.5,5.9011605e-16,2.1706653e-17
6534.0,5.8710601e-16,2.1718851e-17
6535.5,6.2188503e-16,2.1937121e-17
6537.0,6.1933498e-16,2.1553365e-17
6538.5,5.9274603e-16,2.1055325e-17
6540.0,5.94703e-16,2.1024642e-17
6541.5,5.9320401e-16,2.1183163e-17
6543.0,6.0187101e-16,2.1488299e-17
6544.5,6.19682e-16,2.1627578e-17
6546.0,6.1849202e-16,2.1479681e-17
6547.5,5.9860803e-16,2.1138724e-17
6549.0,6.1027199e-16,2.1294702e-17
6550.5,6.0607399e-16,2.1549364e-17
6552.0,6.2031002e-16,2.2085898e-17
6553.5,6.1916203e-16,2.2166757e-17
6555.0,5.8522999e-16,2.1766519e-17
6556.5,5.9095599e-16,2.1601825e-17
6558.0,6.0713898e-16,2.1435696e-17
6559.5,5.9780901e-16,2.1241005e-17
6561.0,5.9912504e-16,2.1332785e-17
6562.5,6.14851e-16,2.1517431e-17
6564.0,6.2020398e-16,2.1524141e-17
6565.5,6.3136602e-16,2.1606947e-17
6567.0,6.27109e-16,2.1585931e-17
6568.5,6.0367297e-16,2.1365006e-17
6570.0,5.89103e-16,2.1222129e-17
6571.5,5.9471295e-16,2.1314092e-17
6573.0,6.0548403e-16,2.1450536e-17
6574.5,5.9986196e-16,2.1575447e-17
6576.0,6.0550097e-16,2.1898687e-17
6577.5,6.3142701e-16,2.226447e-17
6579.0,6.2543102e-16,2.2135895e-17
6580.5,5.9505801e-16,2.1575398e-17
6582.0,6.0965599e-16,2.1386773e-17
6583.5,6.21184e-16,2.1288536e-17
6585.0,6.20759e-16,2.1215081e-17
6586.5,6.08428e-16,2.1076629e-17
6588.0,6.0026096e-16,2.0986671e-17
6589.5,6.1946098e-16,2.1141854e-17
6591.0,5.8872999e-16,2.0897518e-17
6592.5,6.1224997e-16,2.1134994e-17
6594.0,5.9303805e-16,2.0939971e-17
6595.5,6.0191702e-16,2.1206072e-17
6597.0,6.0131197e-16,2.1209e-17
6598.5,6.0541897e-16,2.1294287e-17
6600.0,5.65446e-16,2.0804333e-17
6601.5,6.0574301e-16,2.1261013e-17
6603.0,6.1031699e-16,2.1430277e-17
6604.5,5.4925301e-16,2.0889354e-17
6606.0,5.95481e-16,2.1382217e-17
6607.5,5.8539199e-16,2.1028713e-17
6609.0,5.8587998e-16,2.0858555e-17
6610.5,6.2078102e-16,2.1140263e-17
6612.0,6.2521498e-16,2.1200064e-17
6613.5,6.2668701e-16,2.1164618e-17
6615.0,6.1666296e-16,2.1075049e-17
6616.5,6.3001003e-16,2.1194374e-17
6618.0,6.3085002e-16,2.1297436e-17
6619.5,6.2218398e-16,2.1143807e-17
6621.0,5.9639902e-16,2.0861154e-17
6622.5,6.0538297e-16,2.0943917e-17
6624.0,6.1367601e-16,2.1066273e-17
6625.5,6.1578702e-16,2.1157422e-17
6627.0,6.1538601e-16,2.1206297e-17
6628.5,6.2268298e-16,2.1348249e-17
6630.0,6.0992598e-16,2.1191347e-17
6631.5,5.98015e-16,2.1164322e-17
6633.0,6.1564795e-16,2.1420008e-17
6634.5,6.2459198e-16,2.1487342e-17
6636.0,5.9766798e-16,2.1139596e-17
6637.5,5.9343801e-16,2.1059521e-17
6639.0,6.02411e-16,2.1079902e-17
6640.5,5.8966702e-16,2.0870176e-17
6642.0,5.7843801e-16,2.0672786e-17
6643.5,5.94115e-16,2.0861494e-17
6645.0,6.0912103e-16,2.1067477e-17
6646.5,5.9688003e-16,2.0930683e-17
6648.0,5.7987304e-16,2.0742076e-17
6649.5,5.8360401e-16,2.0784015e-17
6651.0,5.87565e-16,2.0801451e-17
6652.5,5.8944795e-16,2.0797331e-17
6654.0,5.7683902e-16,2.0748164e-17
6655.5,5.5361703e-16,2.0475601e-17
6657.0,5.6733499e-16,2.0634457e-17
6658.5,5.9383701e-16,2.096056e-17
6660.0,6.0795403e-16,2.1137042e-17
6661.5,5.7147301e-16,2.0767195e-17
6663.0,5.6609303e-16,2.0747117e-17
6664.5,5.7384698e-16,2.0747113e-17
6666.0,5.84589e-16,2.0908481e-17
6667.5,5.9549201e-16,2.102344e-17
6669.0,5.8156901e-16,2.08655e-17
6670.5,5.7094298e-16,2.0751181e-17
6672.0,5.5308303e-16,2.0513862e-17
6673.5,5.6697601e-16,2.0671984e-17
6675.0,5.9583299e-16,2.0977292e-17
6676.5,5.9973803e-16,2.0963309e-17
6678.0,5.8821499e-16,2.0865002e-17
6679.5,5.73316e-16,2.0659679e-17
6681.0,5.8109097e-16,2.0829321e-17
6682.5,5.8215802e-16,2.0795968e-17
6684.0,5.6485499e-16,2.0626341e-17
6685.5,5.7066002e-16,2.0660818e-17
6687.0,5.9596905e-16,2.088577e-17
6688.5,5.9123302e-16,2.0855367e-17
6690.0,5.9491904e-16,2.0922653e-17
6691.5,5.9696002e-16,2.1012643e-17
6693.0,6.1016701e-16,2.1161528e-17
6694.5,5.89718e-16,2.0847854e-17
6696.0,5.6481703e-16,2.0642667e-17
6697.5,5.5339802e-16,2.0574271e-17
6699.0,5.33709e-16,2.0323319e-17
6700.5,5.6694001e-16,2.0747691e-17
6702.0,5.9936898e-16,2.1227884e-17
6703.5,6.0387599e-16,2.1303572e-17
6705.0,6.0240104e-16,2.1235225e-17
6706.5,5.8003202e-16,2.0952241e-17
6708.0,5.7546799e-16,2.0899443e-17
6709.5,5.8332502e-16,2.0986379e-17
6711.0,5.77604e-16,2.0876009e-17
6712.5,5.70467e-16,2.0774408e-17
6714.0,5.8987703e-16,2.1033422e-17
6715.5,5.8562201e-16,2.098087e-17
6717.0,5.6589101e-16,2.0759949e-17
6718.5,5.7665299e-16,2.0877121e-17
6720.0,5.7899001e-16,2.0871083e-17
6721.5,5.9488998e-16,2.1051455e-17
6723.0,6.0906396e-16,2.1146296e-17
6724.5,5.8662601e-16,2.0855891e-17
6726.0,5.6472703e-16,2.0667777e-17
6727.5,5.64088e-16,2.0717983e-17
6729.0,5.49025e-16,2.0576933e-17
6730.5,5.5593096e-16,2.0659135e-17
6732.0,5.6715103e-16,2.0748992e-17
6733.5,5.5360596e-16,2.0541184e-17
6735.0,5.6396004e-16,2.0643346e-17
6736.5,5.4514802e-16,2.0456935e-17
6738.0,5.3813395e-16,2.0502174e-17
6739.5,5.2664999e-16,2.0418715e-17
6741.0,5.23901e-16,2.0376498e-17
6742.5,5.2873199e-16,2.04729e-17
6744.0,5.2536001e-16,2.0452164e-17
6745.5,5.3531101e-16,2.0670078e-17
6747.0,5.6464e-16,2.0920708e-17
6748.5,5.5142803e-16,2.0633819e-17
6750.0,5.3060595e-16,2.0427817e-17
6751.5,5.1117999e-16,2.0237283e-17
6753.0,5.1708402e-16,2.0388115e-17
6754.5,5.47144e-16,2.0685108e-17
6756.0,5.60769e-16,2.0807687e-17
6757.5,5.5193599e-16,2.0692409e-17
6759.0,5.6762997e-16,2.0778899e-17
6760.5,5.8370798e-16,2.0947472e-17
6762.0,5.7345999e-16,2.0855157e-17
6763.5,5.617e-16,2.0703025e-17
6765.0,5.1729001e-16,2.0209133e-17
6766.5,5.2525095e-16,2.036271e-17
6768.0,5.6097605e-16,2.0843512e-17
6769.5,5.4991899e-16,2.0667917e-17
6771.0,5.5310701e-16,2.0665819e-17
6772.5,5.7351103e-16,2.0865448e-17
6774.0,5.59981e-16,2.0767789e-17
6775.5,5.5447401e-16,2.0677908e-17
6777.0,5.3572796e-16,2.0388742e-17
6778.5,4.8579002e-16,1.982485e-17
6780.0,5.1950399e-16,2.0246437e-17
6781.5,5.5563101e-16,2.0727365e-17
6783.0,5.4930298e-16,2.0575563e-17
6784.5,5.5335598e-16,2.0670522e-17
6786.0,5.66585e-16,2.0945733e-17
6787.5,5.6574204e-16,2.0968995e-17
6789.0,5.4756805e-16,2.0724587e-17
6790.5,5.4547503e-16,2.0587933e-17
6792.0,5.5655703e-16,2.0729357e-17
6793.5,5.6239097e-16,2.0871999e-17
6795.0,5.5648201e-16,2.0799252e-17
6796.5,5.4162802e-16,2.0662022e-17
6798.0,5.3009402e-16,2.0511491e-17
6799.5,5.3045502e-16,2.0472686e-17
6801.0,5.3353901e-16,2.0465726e-17
6802.5,5.22961e-16,2.0281487e-17
6804.0,5.1195105e-16,2.0267573e-17
6805.5,5.19939e-16,2.0444153e-17
6807.0,5.1743003e-16,2.0333866e-17
6808.5,5.8328801e-16,2.1332179e-17
6810.0,5.9905399e-16,2.2526727e-17
6811.5,5.9509496e-16,2.2010425e-17
6813.0,6.0948801e-16,2.2108282e-17
6814.5,5.77731e-16,2.1764728e-17
6816.0,5.7332701e-16,2.1541689e-17
6817.5,5.4878598e-16,2.0884887e-17
6819.0,5.3212203e-16,2.06386e-17
6820.5,4.92834e-16,2.022953e-17
6822.0,5.0681798e-16,2.0331148e-17
6823.5,5.12241e-16,2.0542948e-17
6825.0,5.0049901e-16,2.0924952e-17
6826.5,5.2336297e-16,2.1964183e-17
6828.0,5.4019897e-16,2.2892592e-17
6829.5,5.5224801e-16,2.343263e-17
6831.0,5.7822302e-16,2.394315e-17
6832.5,5.5196203e-16,2.3706768e-17
6834.0,5.7503299e-16,2.3665441e-17
6835.5,5.6051304e-16,2.3096402e-17
6837.0,5.4519e-16,2.2415281e-17
6838.5,5.2316598e-16,2.1543933e-17
6840.0,4.8503801e-16,2.0774638e-17
6841.5,4.79952e-16,2.0661235e-17
6843.0,4.8235302e-16,2.0697038e-17
6844.5,5.0827599e-16,2.0719347e-17
6846.0,5.0933499e-16,2.0481296e-17
6847.5,4.8125897e-16,2.0086146e-17
6849.0,4.6531601e-16,1.9967931e-17
6850.5,4.5954703e-16,1.9896854e-17
6852.0,4.8443598e-16,2.0170236e-17
6853.5,5.1358996e-16,2.0665011e-17
6855.0,5.0958201e-16,2.0672613e-17
6856.5,4.9289599e-16,2.0333453e-17
6858.0,5.0451702e-16,2.0525495e-17
6859.5,5.0069399e-16,2.0993503e-17
6861.0,4.88076e-16,2.203036e-17
6862.5,5.0136203e-16,2.3449705e-17
6864.0,5.2083897e-16,2.459881e-17
6865.5,5.0081702e-16,2.5579659e-17
6867.0,4.7286202e-16,2.639225e-17
6868.5,4.6966002e-16,2.684232e-17
6870.0,4.5053201e-16,2.6155849e-17
6871.5,4.7042002e-16,2.5446086e-17
6873.0,4.8107199e-16,2.5065582e-17
6874.5,4.6572402e-16,2.3857921e-17
6876.0,4.5382702e-16,2.2731912e-17
6877.5,4.6104999e-16,2.2099183e-17
6879.0,5.3108399e-16,2.2411543e-17
6880.5,5.1981099e-16,2.1877363e-17
6882.0,4.8858602e-16,2.1531954e-17
6883.5,4.8065298e-16,2.1262204e-17
6885.0,5.0330899e-16,2.1815091e-17
6886.5,4.4885398e-16,2.2083095e-17
6888.0,4.4334501e-16,2.2091503e-17
6889.5,4.6268899e-16,2.2247184e-17
6891.0,4.7214299e-16,2.2446731e-17
6892.5,4.9402598e-16,2.2532511e-17
6894.0,5.2739601e-16,2.2745283e-17
6895.5,4.6662299e-16,2.160647e-17
6897.0,4.7038101e-16,2.1456725e-17
6898.5,4.8975e-16,2.2158359e-17
6900.0,4.7210197e-16,2.2276788e-17
6901.5,4.7778402e-16,2.2185346e-17
6903.0,4.3604499e-16,2.1568091e-17
6904.5,4.60863e-16,2.1372855e-17
6906.0,4.8970199e-16,2.1192624e-17
6907.5,4.8901398e-16,2.1233839e-17
6909.0,4.9114401e-16,2.1507304e-17
6910.5,4.8873399e-16,2.1874068e-17
6912.0,4.6839201e-16,2.1992243e-17
6913.5,4.7652401e-16,2.1864894e-17
6915.0,4.4310999e-16,2.1353662e-17
6916.5,4.3849702e-16,2.0972767e-17
6918.0,4.6871802e-16,2.0733328e-17
6919.5,4.7875001e-16,2.118531e-17
6921.0,4.72623e-16,2.2139911e-17
6922.5,4.7295297e-16,2.2623194e-17
6924.0,4.5192098e-16,2.2412362e-17
6925.5,4.4092599e-16,2.1900477e-17
6927.0,4.7760403e-16,2.1704941e-17
6928.5,4.82222e-16,2.1324562e-17
6930.0,4.5701001e-16,2.0759273e-17
6931.5,4.5906798e-16,2.0681737e-17
6933.0,4.79933e-16,2.0920874e-17
6934.5,4.8179599e-16,2.0936723e-17
6936.0,4.57678e-16,2.0797345e-17
6937.5,4.54276e-16,2.1186747e-17
6939.0,4.8973502e-16,2.1928325e-17
6940.5,4.9206097e-16,2.1806289e-17
6942.0,4.6583202e-16,2.1140792e-17
6943.5,4.5900498e-16,2.0784867e-17
6945.0,4.5152701e-16,2.0874564e-17
6946.5,4.3231601e-16,2.1501168e-17
6948.0,4.4661602e-16,2.2552263e-17
6949.5,4.4548999e-16,2.2697619e-17
6951.0,4.56873e-16,2.2630883e-17
6952.5,4.8430501e-16,2.2313908e-17
6954.0,4.5495902e-16,2.1240751e-17
6955.5,4.5655997e-16,2.0954885e-17
6957.0,4.4445698e-16,2.0602308e-17
6958.5,4.2331499e-16,2.0124995e-17
6960.0,4.3527401e-16,2.0156025e-17
6961.5,4.53589e-16,2.0255143e-17
6963.0,4.7576798e-16,2.0474463e-17
6964.5,4.69258e-16,2.0476788e-17
6966.0,4.8846002e-16,2.0752379e-17
6967.5,4.8485103e-16,2.0952916e-17
6969.0,4.6109901e-16,2.0975328e-17
6970.5,4.6228401e-16,2.1032843e-17
6972.0,4.6885899e-16,2.1001616e-17
6973.5,4.5532002e-16,2.0755183e-17
6975.0,4.3542001e-16,2.057015e-17
6976.5,4.45066e-16,2.1123139e-17
6978.0,4.5558599e-16,2.193067e-17
6979.5,4.2552098e-16,2.1702848e-17
6981.0,4.0482598e-16,2.1127165e-17
6982.5,4.17364e-16,2.0504322e-17
6984.0,4.1990398e-16,1.9981255e-17
6985.5,4.38362e-16,2.0412564e-17
6987.0,4.5425403e-16,2.0628382e-17
6988.5,4.4696801e-16,2.0426271e-17
6990.0,4.3845999e-16,2.0462706e-17
6991.5,4.2078302e-16,2.0265678e-17
6993.0,4.0280501e-16,2.0014872e-17
6994.5,4.1274701e-16,2.0033744e-17
6996.0,4.1576901e-16,1.9792321e-17
6997.5,4.2835502e-16,1.9756651e-17
6999.0,4.4324699e-16,1.9977502e-17
7000.5,4.5227303e-16,2.0355642e-17
7002.0,4.5419701e-16,2.0654329e-17
7003.5,4.49553e-16,2.0787773e-17
7005.0,4.36177e-16,2.0764323e-17
7006.5,4.4438699e-16,2.0771034e-17
7008.0,4.3994298e-16,2.0573841e-17
7009.5,4.21015e-16,2.0273405e-17
7011.0,4.4280799e-16,2.0572049e-17
7012.5,4.7110898e-16,2.1059866e-17
7014.0,4.3347499e-16,2.06189e-17
7015.5,3.9674899e-16,1.9848528e-17
7017.0,4.2172301e-16,1.9918811e-17
7018.5,4.2992301e-16,2.0024376e-17
7020.0,4.15478e-16,1.9704157e-17
7021.5,4.3300901e-16,2.0110245e-17
7023.0,4.1999999e-16,2.0141004e-17
7024.5,4.1205998e-16,1.9879143e-17
7026.0,3.91251e-16,1.9709299e-17
7027.5,3.7528899e-16,1.9393506e-17
7029.0,3.8866099e-16,1.9464024e-17
7030.5,4.2501599e-16,1.9984836e-17
7032.0,4.3746502e-16,2.0148062e-17
7033.5,4.2713799e-16,1.9861066e-17
7035.0,4.23168e-16,1.9658855e-17
7036.5,4.3500798e-16,1.9927393e-17
7038.0,4.3908502e-16,2.0423284e-17
7039.5,4.08263e-16,2.0076843e-17
7041.0,3.9327999e-16,1.9704984e-17
7042.5,4.1911201e-16,2.0062506e-17
7044.0,4.32632e-16,2.0345241e-17
7045.5,4.24995e-16,2.0438496e-17
7047.0,4.2824001e-16,2.0890082e-17
7048.5,4.0444201e-16,2.0634437e-17
7050.0,4.11547e-16,2.0723276e-17
7051.5,4.2895e-16,2.0666982e-17
7053.0,4.1298301e-16,2.0302124e-17
7054.5,4.15275e-16,2.0142682e-17
7056.0,4.14841e-16,1.9833497e-17
7057.5,3.9362902e-16,1.9363258e-17
7059.0,3.9987001e-16,1.9583862e-17
7060.5,4.1053e-16,2.0279841e-17
7062.0,4.0782601e-16,2.0577553e-17
7063.5,4.0179802e-16,2.0738712e-17
7065.0,4.0958802e-16,2.0845507e-17
7066.5,3.9205899e-16,2.0255834e-17
7068.0,3.69959e-16,1.9544803e-17
7069.5,3.82443e-16,1.9536449e-17
7071.0,4.1065698e-16,1.9976714e-17
7072.5,3.93082e-16,1.99347e-17
7074.0,3.79168e-16,1.9796523e-17
7075.5,3.9179303e-16,1.9985286e-17
7077.0,3.8613799e-16,1.9956048e-17
7078.5,3.8320401e-16,1.9892785e-17
7080.0,3.7604401e-16,1.9806615e-17
7081.5,3.5350999e-16,1.9680393e-17
7083.0,3.68687e-16,1.993942e-17
7084.5,3.59776e-16,1.9806507e-17
7086.0,3.2622201e-16,1.9344428e-17
7087.5,3.3657701e-16,1.940601e-17
7089.0,3.79856e-16,2.0030837e-17
7090.5,4.0099601e-16,2.0318555e-17
7092.0,3.9049802e-16,2.0100848e-17
7093.5,3.7604801e-16,1.9781825e-17
7095.0,3.9807798e-16,2.0045439e-17
7096.5,4.0672698e-16,2.0082298e-17
7098.0,3.9435199e-16,1.9745819e-17
7099.5,3.9200801e-16,1.9697591e-17
7101.0,3.88229e-16,1.9753622e-17
7102.5,4.0093802e-16,1.9871357e-17
7104.0,4.0116701e-16,1.9878247e-17
7105.5,3.9251501e-16,1.9638791e-17
7107.0,3.6854899e-16,1.9493702e-17
7108.5,3.77875e-16,1.9638496e-17
7110.0,3.9444e-16,1.9878233e-17
7111.5,3.68353e-16,1.9702989e-17
7113.0,3.7768598e-16,1.965771e-17
7114.5,3.8925902e-16,1.9599636e-17
7116.0,3.5880901e-16,1.9439993e-17
7117.5,3.64869e-16,1.9388707e-17
7119.0,3.5924502e-16,1.9330436e-17
7120.5,3.71808e-16,1.9555465e-17
7122.0,4.1479399e-16,2.0146439e-17
7123.5,4.04879e-16,1.9893386e-17
7125.0,4.23141e-16,2.0158482e-17
7126.5,4.1449801e-16,2.0204112e-17
7128.0,4.1548401e-16,2.0407181e-17
7129.5,4.3876799e-16,2.089216e-17
7131.0,4.3225899e-16,2.0688417e-17
7132.5,3.9466399e-16,2.0106154e-17
7134.0,3.9554001e-16,2.0224244e-17
7135.5,3.9759697e-16,2.0312338e-17
7137.0,3.7202298e-16,1.9932395e-17
7138.5,3.70836e-16,1.9919062e-17
7140.0,3.8152302e-16,2.0248668e-17
7141.5,3.7332601e-16,2.0381584e-17
7143.0,3.56541e-16,2.0339902e-17
7144.5,3.6201701e-16,2.059507e-17
7146.0,3.95158e-16,2.1261424e-17
7147.5,4.13158e-16,2.1550729e-17
7149.0,3.86668e-16,2.1000983e-17
7150.5,3.6546901e-16,2.0489499e-17
7152.0,3.9349601e-16,2.0655474e-17
7153.5,3.9508899e-16,2.0722717e-17
7155.0,3.9028801e-16,2.0628939e-17
7156.5,3.7933799e-16,2.0485963e-17
7158.0,3.5421899e-16,2.0179779e-17
7159.5,3.5741699e-16,2.0322405e-17
7161.0,3.7462602e-16,2.0791095e-17
7162.5,4.01356e-16,2.1428773e-17
7164.0,3.8891899e-16,2.1268873e-17
7165.5,3.7019199e-16,2.1049027e-17
7167.0,3.87084e-16,2.1937556e-17
7168.5,3.85216e-16,2.205725e-17
7170.0,3.77278e-16,2.0618227e-17
7171.5,3.6934001e-16,2.5394377e-17
7173.0,3.6140201e-16,3.9093813e-17
7174.5,3.5346402e-16,2.8404485e-17
7176.0,3.5346402e-16,2.2087362e-17
7177.5,3.49635e-16,2.1405429e-17
7179.0,3.4195001e-16,2.1311701e-17
7180.5,3.59396e-16,2.1757311e-17
7182.0,3.39678e-16,2.1582833e-17
7183.5,3.30975e-16,2.1996428e-17
7185.0,3.324e-16,2.2410614e-17
7186.5,3.1883101e-16,2.2321452e-17
7188.0,3.3644101e-16,2.2252497e-17
7189.5,3.9318698e-16,2.2578066e-17
7191.0,3.9664502e-16,2.2689787e-17
7192.5,3.5671202e-16,2.2356765e-17
7194.0,3.32852e-16,2.1787685e-17
7195.5,3.5088398e-16,2.1578207e-17
7197.0,3.7580901e-16,2.1724904e-17
7198.5,3.8657401e-16,2.2007726e-17
7200.0,4.0871899e-16,2.4535238e-17
7201.5,4.8117702e-16,2.7967116e-17
7203.0,4.8178302e-16,2.7545461e-17
7204.5,4.4712201e-16,2.3829152e-17
7206.0,3.9489902e-16,2.2054291e-17
7207.5,3.8396401e-16,2.1814151e-17
7209.0,3.7580901e-16,2.1189403e-17
7210.5,3.6731801e-16,2.081796e-17
7212.0,3.98352e-16,2.121115e-17
7213.5,4.09276e-16,2.1437833e-17
7215.0,3.9500002e-16,2.1162065e-17
7216.5,3.8363401e-16,2.0969574e-17
7218.0,3.66774e-16,2.0661219e-17
7219.5,3.74387e-16,2.0509245e-17
7221.0,4.0073698e-16,2.0982166e-17
7222.5,3.9438399e-16,2.1352891e-17
7224.0,3.9825599e-16,2.1725122e-17
7225.5,3.93404e-16,2.1687355e-17
7227.0,3.6834202e-16,2.1158341e-17
7228.5,3.7592701e-16,2.13219e-17
7230.0,3.8016099e-16,2.1757641e-17
7231.5,3.5930402e-16,2.2036081e-17
7233.0,3.7482301e-16,2.3056614e-17
7234.5,3.93376e-16,2.4047068e-17
7236.0,3.8419699e-16,2.4628479e-17
7237.5,4.0341201e-16,2.6064537e-17
7239.0,3.8708201e-16,2.7352361e-17
7240.5,3.5736201e-16,2.8698592e-17
7242.0,3.5987899e-16,3.0302705e-17
7243.5,4.01224e-16,3.0657627e-17
7245.0,4.3829701e-16,2.9829011e-17
7246.5,4.1129199e-16,2.8588646e-17
7248.0,3.5779802e-16,2.6205213e-17
7249.5,3.4526e-16,2.4035061e-17
7251.0,3.5519599e-16,2.3686469e-17
7252.5,3.7553002e-16,2.4030107e-17
7254.0,3.6592999e-16,2.3705789e-17
7255.5,3.64353e-16,2.3215343e-17
7257.0,3.9199099e-16,2.289818e-17
7258.5,3.84424e-16,2.2506345e-17
7260.0,3.6771198e-16,2.2528302e-17
7261.5,3.7790002e-16,2.2522548e-17
7263.0,3.91965e-16,2.2640634e-17
7264.5,3.6990201e-16,2.25035e-17
7266.0,3.58473e-16,2.2072717e-17
7267.5,3.2481302e-16,2.1476197e-17
7269.0,3.1256e-16,2.1311109e-17
7270.5,3.5962901e-16,2.2335044e-17
7272.0,3.7155601e-16,2.3714469e-17
7273.5,3.44917e-16,2.5856873e-17
7275.0,3.5313002e-16,2.9307253e-17
7276.5,3.82747e-16,3.1965529e-17
7278.0,3.79783e-16,3.1275096e-17
7279.5,3.7382298e-16,2.7965818e-17
7281.0,3.7280101e-16,2.5280388e-17
7282.5,3.9107601e-16,2.4834064e-17
7284.0,3.9147899e-16,2.4821501e-17
7285.5,3.6988899e-16,2.4661892e-17
7287.0,3.84411e-16,2.4643343e-17
7288.5,3.9194001e-16,2.4022828e-17
7290.0,3.7511399e-16,2.3092615e-17
7291.5,3.8104799e-16,2.2558736e-17
7293.0,3.8192702e-16,2.2459106e-17
7294.5,3.72808e-16,2.2551249e-17
7296.0,3.8451701e-16,2.2614166e-17
7297.5,3.8586901e-16,2.227931e-17
7299.0,3.81719e-16,2.2172963e-17
7300.5,3.59834e-16,2.2691775e-17
7302.0,3.3072401e-16,2.2982392e-17
7303.5,3.3194199e-16,2.2962832e-17
7305.0,3.5832501e-16,2.3227583e-17
7306.5,3.8969201e-16,2.3171208e-17
7308.0,4.1673402e-16,2.2966481e-17
7309.5,4.12361e-16,2.276287e-17
7311.0,3.7291398e-16,2.2443123e-17
7312.5,3.82077e-16,2.3730795e-17
7314.0,4.2574001e-16,2.6316311e-17
7315.5,4.3484901e-16,2.7960327e-17
7317.0,4.29939e-16,2.853653e-17
7318.5,3.9595601e-16,2.6959418e-17
7320.0,3.54597e-16,2.3885988e-17
7321.5,3.7805201e-16,2.2104043e-17
7323.0,3.7927401e-16,2.1368273e-17
7324.5,3.4968299e-16,2.0701808e-17
7326.0,3.3386299e-16,2.1030529e-17
7327.5,3.3055699e-16,2.2276375e-17
7329.0,3.7509501e-16,2.3666614e-17
7330.5,4.15939e-16,2.4637583e-17
7332.0,4.0407299e-16,2.4396178e-17
7333.5,3.5604e-16,2.2645501e-17
7335.0,3.6292299e-16,2.1607451e-17
7336.5,3.7417098e-16,2.1914504e-17
7338.0,3.6068201e-16,2.421914e-17
7339.5,3.8520801e-16,2.7182273e-17
7341.0,3.66679e-16,2.7721567e-17
7342.5,3.81452e-16,2.7631592e-17
7344.0,3.7018299e-16,2.5794999e-17
7345.5,3.64077e-16,2.3382618e-17
7347.0,3.60735e-16,2.1953368e-17
7348.5,3.8022801e-16,2.1597172e-17
7350.0,3.8540801e-16,2.1348499e-17
7351.5,3.92798e-16,2.112557e-17
7353.0,3.8150001e-16,2.1074809e-17
7354.5,3.7309401e-16,2.1669423e-17
7356.0,3.78576e-16,2.302139e-17
7357.5,3.7660101e-16,2.3946357e-17
7359.0,3.7895899e-16,2.41078e-17
7360.5,4.0035798e-16,2.4045558e-17
7362.0,4.0256599e-16,2.3327645e-17
7363.5,3.9086198e-16,2.2578497e-17
7365.0,3.9896602e-16,2.28111e-17
7366.5,3.97823e-16,2.3982997e-17
7368.0,3.6991901e-16,2.5313479e-17
7369.5,3.6047801e-16,2.6201813e-17
7371.0,3.81023e-16,2.6398303e-17
7372.5,3.82913e-16,2.506646e-17
7374.0,3.94073e-16,2.2892269e-17
7375.5,4.0001499e-16,2.1647769e-17
7377.0,3.792e-16,2.1016189e-17
7378.5,3.7776301e-16,2.09716e-17
7380.0,3.8558599e-16,2.1108658e-17
7381.5,3.6633598e-16,2.1063142e-17
7383.0,3.58722e-16,2.1410444e-17
7384.5,3.74532e-16,2.1739217e-17
7386.0,3.91616e-16,2.16793e-17
7387.5,3.54338e-16,2.1076867e-17
7389.0,3.0464101e-16,2.1020342e-17
7390.5,3.0752399e-16,2.1780535e-17
7392.0,3.2914999e-16,2.2052949e-17
7393.5,3.5694702e-16,2.2172014e-17
7395.0,3.3325e-16,2.1717234e-17
7396.5,3.0076798e-16,2.1202735e-17
7398.0,3.2375899e-16,2.1910697e-17
7399.5,3.4008701e-16,2.3850631e-17
7401.0,3.4032601e-16,2.4961726e-17
7402.5,3.3611501e-16,2.471472e-17
7404.0,3.5188599e-16,2.4779901e-17
7405.5,3.3248002e-16,2.2932886e-17
7407.0,2.91724e-16,2.0529023e-17
7408.5,3.0258399e-16,2.0355577e-17
7410.0,3.5260002e-16,2.0711862e-17
7411.5,3.53272e-16,2.0464937e-17
7413.0,3.2071301e-16,1.989494e-17
7414.5,3.42135e-16,2.0316348e-17
7416.0,3.1973699e-16,2.0009813e-17
7417.5,2.9750299e-16,1.9682087e-17
7419.0,2.9549102e-16,1.9593919e-17
7420.5,3.09153e-16,1.9742093e-17
7422.0,3.3212302e-16,1.998859e-17
7423.5,3.31115e-16,1.9923512e-17
7425.0,3.3842e-16,2.0144376e-17
7426.5,3.44427e-16,2.0526803e-17
7428.0,3.5261e-16,2.0917598e-17
7429.5,3.37506e-16,2.1083119e-17
7431.0,3.2537299e-16,2.1121455e-17
7432.5,2.92353e-16,2.054706e-17
7434.0,2.8493402e-16,2.0149653e-17
7435.5,3.1165799e-16,2.0797408e-17
7437.0,3.23411e-16,2.1551575e-17
7438.5,3.1325502e-16,2.1804212e-17
7440.0,3.2419199e-16,2.1938576e-17
7441.5,3.1323e-16,2.1274013e-17
7443.0,2.9602798e-16,2.0290453e-17
7444.5,3.2043701e-16,2.0006948e-17
7446.0,3.44839e-16,2.0189311e-17
7447.5,3.50023e-16,2.0173876e-17
7449.0,3.3852601e-16,1.9982913e-17
7450.5,3.38308e-16,2.0018618e-17
7452.0,3.5958298e-16,2.0243002e-17
7453.5,3.73225e-16,2.0278342e-17
7455.0,3.4868402e-16,2.0002683e-17
7456.5,3.35141e-16,1.9974332e-17
7458.0,3.1489599e-16,1.974078e-17
7459.5,3.15454e-16,1.9905339e-17
7461.0,3.3117699e-16,2.0332542e-17
7462.5,3.6679899e-16,2.0786379e-17
7464.0,3.4620801e-16,2.0797994e-17
7465.5,3.5860299e-16,2.1060229e-17
7467.0,3.44211e-16,2.1072702e-17
7468.5,3.3444601e-16,2.0976775e-17
7470.0,3.21919e-16,2.1264988e-17
7471.5,3.3265099e-16,2.1695484e-17
7473.0,3.7862799e-16,2.2369367e-17
7474.5,3.5777899e-16,2.1961357e-17
7476.0,3.61621e-16,2.1927971e-17
7477.5,3.41903e-16,2.1677796e-17
7479.0,3.6249302e-16,2.2065019e-17
7480.5,3.3682e-16,2.2094014e-17
7482.0,3.22909e-16,2.224735e-17
7483.5,3.3752399e-16,2.1994232e-17
7485.0,3.46133e-16,2.1629313e-17
7486.5,3.6602898e-16,2.1428791e-17
7488.0,3.6532801e-16,2.0780717e-17
7489.5,3.4606399e-16,2.0304084e-17
7491.0,3.3866799e-16,2.0293143e-17
7492.5,3.4066e-16,2.0303153e-17
7494.0,3.4838799e-16,2.0491909e-17
7495.5,3.4852701e-16,2.0518189e-17
7497.0,3.47685e-16,2.0397769e-17
7498.5,3.6643101e-16,2.0420321e-17
7500.0,3.67063e-16,2.0327545e-17
7501.5,3.57293e-16,2.0245554e-17
7503.0,3.46803e-16,2.0064149e-17
7504.5,3.5124799e-16,1.9948163e-17
7506.0,3.4051399e-16,1.9739071e-17
7507.5,3.2667199e-16,1.9659419e-17
7509.0,3.20941e-16,1.9634949e-17
7510.5,3.4206798e-16,1.985755e-17
7512.0,3.6094702e-16,2.0019088e-17
7513.5,3.5803299e-16,1.9963541e-17
7515.0,3.54995e-16,2.0066962e-17
7516.5,3.35693e-16,2.0088936e-17
7518.0,3.3147202e-16,2.0223071e-17
7519.5,3.4946298e-16,2.0935056e-17
7521.0,3.27238e-16,2.1801164e-17
7522.5,3.1793601e-16,2.2773184e-17
7524.0,3.2159199e-16,2.3347683e-17
7525.5,3.2812802e-16,2.3396637e-17
7527.0,3.4687601e-16,2.2884574e-17
7528.5,3.2601602e-16,2.1584616e-17
7530.0,3.24352e-16,2.0865432e-17
7531.5,3.3608698e-16,2.0697731e-17
7533.0,3.36104e-16,2.0297928e-17
7534.5,3.36086e-16,1.9933096e-17
7536.0,3.32173e-16,1.9521229e-17
7537.5,3.5196599e-16,1.9679195e-17
7539.0,3.4046301e-16,1.9641478e-17
7540.5,3.4046301e-16,1.9641478e-17
