3699.5,1.46947e-15,0.0
3701.0,1.53285e-15,0.0
3702.5,1.15722e-15,0.0
3704.0,1.18514e-15,0.0
3705.5,1.37055e-15,0.0
3707.0,1.30493e-15,0.0
3708.5,1.35682e-15,0.0
3710.0,1.25787e-15,0.0
3711.5,1.3802901e-15,0.0
3713.0,1.30184e-15,0.0
3714.5,1.1947901e-15,0.0
3716.0,1.25892e-15,0.0
3717.5,1.29389e-15,0.0
3719.0,1.25659e-15,0.0
3720.5,1.1433901e-15,0.0
3722.0,1.1437599e-15,0.0
3723.5,1.16474e-15,0.0
3725.0,1.1317499e-15,0.0
3726.5,1.12497e-15,0.0
3728.0,1.14261e-15,0.0
3729.5,1.15485e-15,0.0
3731.0,1.06709e-15,0.0
3732.5,1.16285e-15,0.0
3734.0,1.04493e-15,0.0
3735.5,9.3649106e-16,0.0
3737.0,9.8665796e-16,0.0
3738.5,9.9500304e-16,0.0
3740.0,1.0673899e-15,0.0
3741.5,1.16029e-15,0.0
3743.0,1.12788e-15,0.0
3744.5,1.07355e-15,0.0
3746.0,1.0416301e-15,0.0
3747.5,9.9861595e-16,0.0
3749.0,1.0721901e-15,0.0
3750.5,1.0712301e-15,0.0
3752.0,1.0765099e-15,0.0
3753.5,1.0572199e-15,0.0
3755.0,1.0491701e-15,0.0
3756.5,1.16853e-15,0.0
3758.0,1.18521e-15,0.0
3759.5,1.2054301e-15,0.0
3761.0,1.07695e-15,0.0
3762.5,9.3611593e-16,0.0
3764.0,1.0574699e-15,0.0
3765.5,1.15814e-15,0.0
3767.0,9.9334105e-16,0.0
3768.5,1.10222e-15,0.0
3770.0,1.00296e-15,0.0
3771.5,1.07485e-15,0.0
3773.0,1.23777e-15,0.0
3774.5,1.0760401e-15,0.0
3776.0,1.13391e-15,0.0
3777.5,1.25106e-15,0.0
3779.0,1.15604e-15,0.0
3780.5,1.1049201e-15,0.0
3782.0,1.04228e-15,0.0
3783.5,1.10644e-15,0.0
3785.0,1.1711399e-15,0.0
3786.5,1.07089e-15,0.0
3788.0,1.1432399e-15,0.0
3789.5,1.1466599e-15,0.0
3791.0,9.7067498e-16,0.0
3792.5,1.01914e-15,0.0
3794.0,1.08168e-15,0.0
3795.5,9.8644102e-16,0.0
3797.0,9.9570396e-16,0.0
3798.5,1.1034699e-15,0.0
3800.0,1.08358e-15,0.0
3801.5,9.4037301e-16,0.0
3803.0,9.0705804e-16,0.0
3804.5,9.00383e-16,0.0
3806.0,7.865e-16,0.0
3807.5,9.5361404e-16,0.0
3809.0,9.23615e-16,0.0
3810.5,8.13351e-16,0.0
3812.0,8.2598603e-16,0.0
3813.5,7.8986595e-16,0.0
3815.0,7.27948e-16,0.0
3816.5,6.9082303e-16,0.0
3818.0,6.7887997e-16,0.0
3819.5,7.33195e-16,0.0
3821.0,7.8755498e-16,0.0
3822.5,7.9770704e-16,0.0
3824.0,7.4543796e-16,0.0
3825.5,7.1342499e-16,0.0
3827.0,6.5935099e-16,0.0
3828.5,6.12598e-16,0.0
3830.0,6.9487401e-16,0.0
3831.5,6.75955e-16,0.0
3833.0,6.69161e-16,0.0
3834.5,6.8536903e-16,0.0
3836.0,6.2645101e-16,0.0
3837.5,5.4761098e-16,0.0
3839.0,5.24309e-16,0.0
3840.5,6.2086901e-16,0.0
3842.0,5.54471e-16,0.0
3843.5,6.0057601e-16,0.0
3845.0,5.9043501e-16,0.0
3846.5,5.52925e-16,0.0
3848.0,5.6744998e-16,0.0
3849.5,5.41028e-16,0.0
3851.0,5.24002e-16,0.0
3852.5,5.4020204e-16,0.0
3854.0,4.72659e-16,0.0
3855.5,4.7754299e-16,0.0
3857.0,5.6222098e-16,0.0
3858.5,6.1656301e-16,0.0
3860.0,4.9653897e-16,0.0
3861.5,5.21767e-16,0.0
3863.0,5.4933205e-16,0.0
3864.5,5.1384597e-16,0.0
3866.0,4.0437001e-16,0.0
3867.5,5.41345e-16,0.0
3869.0,5.9912996e-16,0.0
3870.5,5.4240205e-16,0.0
3872.0,5.8785304e-16,0.0
3873.5,5.9873498e-16,0.0
3875.0,5.38613e-16,0.0
3876.5,5.15651e-16,0.0
3878.0,4.9279403e-16,0.0
3879.5,5.7190595e-16,0.0
3881.0,5.2950401e-16,0.0
3882.5,5.7882203e-16,0.0
3884.0,6.6134104e-16,0.0
3885.5,5.6271501e-16,0.0
3887.0,6.1072897e-16,0.0
3888.5,5.90533e-16,0.0
3890.0,4.9624802e-16,0.0
3891.5,5.3964601e-16,0.0
3893.0,6.2099098e-16,0.0
3894.5,6.1673803e-16,0.0
3896.0,6.0090704e-16,0.0
3897.5,6.1125301e-16,0.0
3899.0,5.5071801e-16,0.0
3900.5,4.8338e-16,0.0
3902.0,5.3230499e-16,0.0
3903.5,5.5175901e-16,0.0
3905.0,5.6543499e-16,0.0
3906.5,5.6295901e-16,0.0
3908.0,5.13271e-16,0.0
3909.5,5.4737995e-16,0.0
3911.0,6.2841501e-16,0.0
3912.5,5.6870697e-16,0.0
3914.0,5.0040102e-16,0.0
3915.5,5.7003602e-16,0.0
3917.0,5.7851397e-16,0.0
3918.5,5.1564301e-16,0.0
3920.0,5.7160801e-16,0.0
3921.5,6.35325e-16,0.0
3923.0,5.9198704e-16,0.0
3924.5,5.1453202e-16,0.0
3926.0,4.5192003e-16,0.0
3927.5,5.5733196e-16,0.0
3929.0,6.1135503e-16,0.0
3930.5,5.63591e-16,0.0
3932.0,4.9098397e-16,0.0
3933.5,6.1933101e-16,0.0
3935.0,6.35343e-16,0.0
3936.5,5.391e-16,0.0
3938.0,5.3248202e-16,0.0
3939.5,5.3681602e-16,0.0
3941.0,5.7915502e-16,0.0
3942.5,6.3899901e-16,0.0
3944.0,6.0365598e-16,0.0
3945.5,6.9558102e-16,0.0
3947.0,7.3157198e-16,0.0
3948.5,6.9059597e-16,0.0
3950.0,6.9635097e-16,0.0
3951.5,6.7295497e-16,0.0
3953.0,6.6113299e-16,0.0
3954.5,6.6460799e-16,0.0
3956.0,7.3226305e-16,0.0
3957.5,8.1205001e-16,0.0
3959.0,8.0538397e-16,0.0
3960.5,7.62823e-16,0.0
3962.0,7.7807997e-16,0.0
3963.5,7.5007801e-16,0.0
3965.0,7.7156199e-16,0.0
3966.5,8.0397599e-16,0.0
3968.0,8.08366e-16,0.0
3969.5,9.20114e-16,0.0
3971.0,9.2227203e-16,0.0
3972.5,9.2231501e-16,0.0
3974.0,9.8493203e-16,0.0
3975.5,9.6603398e-16,0.0
3977.0,9.5055806e-16,0.0
3978.5,9.5290296e-16,0.0
3980.0,1.10574e-15,0.0
3981.5,1.15763e-15,0.0
3983.0,1.08059e-15,0.0
3984.5,1.10434e-15,0.0
3986.0,1.2053699e-15,0.0
3987.5,1.23355e-15,0.0
3989.0,1.1770101e-15,0.0
3990.5,1.15544e-15,0.0
3992.0,1.23348e-15,0.0
3993.5,1.2022001e-15,0.0
3995.0,1.2527e-15,0.0
3996.5,1.1787601e-15,0.0
3998.0,1.1384701e-15,0.0
3999.5,1.31224e-15,0.0
4001.0,1.3678e-15,0.0
4002.5,1.40555e-15,0.0
4004.0,1.4645e-15,0.0
4005.5,1.43525e-15,0.0
4007.0,1.4880199e-15,0.0
4008.5,1.3357101e-15,0.0
4010.0,1.32452e-15,0.0
4011.5,1.42605e-15,0.0
4013.0,1.4280401e-15,0.0
4014.5,1.50427e-15,0.0
4016.0,1.57682e-15,0.0
4017.5,1.55867e-15,0.0
4019.0,1.4839799e-15,0.0
4020.5,1.48897e-15,0.0
4022.0,1.56233e-15,0.0
4023.5,1.58867e-15,0.0
4025.0,1.57689e-15,0.0
4026.5,1.54913e-15,0.0
4028.0,1.5622899e-15,0.0
4029.5,1.5906e-15,0.0
4031.0,1.5697201e-15,0.0
4032.5,1.5944001e-15,0.0
4034.0,1.59544e-15,0.0
4035.5,1.5636801e-15,0.0
4037.0,1.60964e-15,0.0
4038.5,1.62708e-15,0.0
4040.0,1.6445499e-15,0.0
4041.5,1.66245e-15,0.0
4043.0,1.59199e-15,0.0
4044.5,1.46116e-15,0.0
4046.0,1.52322e-15,0.0
4047.5,1.5902801e-15,0.0
4049.0,1.65519e-15,0.0
4050.5,1.65343e-15,0.0
4052.0,1.6022901e-15,0.0
4053.5,1.70577e-15,0.0
4055.0,1.6667699e-15,0.0
4056.5,1.5452e-15,0.0
4058.0,1.5677801e-15,0.0
4059.5,1.6781699e-15,0.0
4061.0,1.7121701e-15,0.0
4062.5,1.64103e-15,0.0
4064.0,1.7053501e-15,0.0
4065.5,1.71974e-15,0.0
4067.0,1.75254e-15,0.0
4068.5,1.7680399e-15,0.0
4070.0,1.68444e-15,0.0
4071.5,1.70227e-15,0.0
4073.0,1.76541e-15,0.0
4074.5,1.7610801e-15,0.0
4076.0,1.75674e-15,0.0
4077.5,1.7524e-15,0.0
4079.0,1.7524e-15,0.0
4080.5,1.64389e-15,0.0
4082.0,1.6903501e-15,0.0
4083.5,1.70592e-15,0.0
4085.0,1.7242201e-15,0.0
4086.5,1.67075e-15,0.0
4088.0,1.64476e-15,0.0
4089.5,1.68914e-15,0.0
4091.0,1.70365e-15,0.0
4092.5,1.58331e-15,0.0
4094.0,1.59158e-15,0.0
4095.5,1.68005e-15,0.0
4097.0,1.64019e-15,0.0
4098.5,1.6567301e-15,0.0
4100.0,1.57286e-15,0.0
4101.5,1.4798e-15,0.0
4103.0,1.4751801e-15,0.0
4104.5,1.47516e-15,0.0
4106.0,1.536e-15,0.0
4107.5,1.4830101e-15,0.0
4109.0,1.44923e-15,0.0
4110.5,1.42783e-15,0.0
4112.0,1.43452e-15,0.0
4113.5,1.4188e-15,0.0
4115.0,1.3309501e-15,0.0
4116.5,1.3136e-15,0.0
4118.0,1.3265999e-15,0.0
4119.5,1.2460701e-15,0.0
4121.0,1.3022799e-15,0.0
4122.5,1.3650201e-15,0.0
4124.0,1.37901e-15,0.0
4125.5,1.39391e-15,0.0
4127.0,1.41768e-15,0.0
4128.5,1.42443e-15,0.0
4130.0,1.30751e-15,0.0
4131.5,1.21294e-15,0.0
4133.0,1.2210799e-15,0.0
4134.5,1.2821099e-15,0.0
4136.0,1.31218e-15,0.0
4137.5,1.18045e-15,0.0
4139.0,1.26272e-15,0.0
4140.5,1.29725e-15,0.0
4142.0,1.2968e-15,0.0
4143.5,1.3694499e-15,0.0
4145.0,1.36631e-15,0.0
4146.5,1.2531e-15,0.0
4148.0,1.25898e-15,0.0
4149.5,1.36404e-15,0.0
4151.0,1.39219e-15,0.0
4152.5,1.27485e-15,0.0
4154.0,1.36545e-15,0.0
4155.5,1.36333e-15,0.0
4157.0,1.37463e-15,0.0
4158.5,1.39782e-15,0.0
4160.0,1.3006399e-15,0.0
4161.5,1.3335299e-15,0.0
4163.0,1.41337e-15,0.0
4164.5,1.48174e-15,0.0
4166.0,1.44896e-15,0.0
4167.5,1.40315e-15,0.0
4169.0,1.36704e-15,0.0
4170.5,1.3619e-15,0.0
4172.0,1.4370701e-15,0.0
4173.5,1.4770499e-15,0.0
4175.0,1.4891501e-15,0.0
4176.5,1.42264e-15,0.0
4178.0,1.4087e-15,0.0
4179.5,1.47496e-15,0.0
4181.0,1.5404e-15,0.0
4182.5,1.53984e-15,0.0
4184.0,1.45367e-15,0.0
4185.5,1.47381e-15,0.0
4187.0,1.61751e-15,0.0
4188.5,1.6264401e-15,0.0
4190.0,1.56323e-15,0.0
4191.5,1.5924601e-15,0.0
4193.0,1.56231e-15,0.0
4194.5,1.54995e-15,0.0
4196.0,1.5515099e-15,0.0
4197.5,1.51065e-15,0.0
4199.0,1.55538e-15,0.0
4200.5,1.6441601e-15,0.0
4202.0,1.65114e-15,0.0
4203.5,1.58858e-15,0.0
4205.0,1.6856801e-15,0.0
4206.5,1.64134e-15,0.0
4208.0,1.55304e-15,0.0
4209.5,1.62315e-15,0.0
4211.0,1.62093e-15,0.0
4212.5,1.65614e-15,0.0
4214.0,1.63407e-15,0.0
4215.5,1.6423599e-15,0.0
4217.0,1.66584e-15,0.0
4218.5,1.62307e-15,0.0
4220.0,1.6356501e-15,0.0
4221.5,1.6083999e-15,0.0
4223.0,1.6602499e-15,0.0
4224.5,1.6994e-15,0.0
4226.0,1.6808301e-15,0.0
4227.5,1.57712e-15,0.0
4229.0,1.57432e-15,0.0
4230.5,1.62901e-15,0.0
4232.0,1.62165e-15,0.0
4233.5,1.64174e-15,0.0
4235.0,1.61142e-15,0.0
4236.5,1.66123e-15,0.0
4238.0,1.5816801e-15,0.0
4239.5,1.58012e-15,0.0
4241.0,1.68443e-15,0.0
4242.5,1.60209e-15,0.0
4244.0,1.54872e-15,0.0
4245.5,1.5543e-15,0.0
4247.0,1.5949201e-15,0.0
4248.5,1.59885e-15,0.0
4250.0,1.5508e-15,0.0
4251.5,1.6009999e-15,0.0
4253.0,1.64773e-15,0.0
4254.5,1.60403e-15,0.0
4256.0,1.61281e-15,0.0
4257.5,1.56235e-15,0.0
4259.0,1.55496e-15,0.0
4260.5,1.51184e-15,0.0
4262.0,1.50062e-15,0.0
4263.5,1.51555e-15,0.0
4265.0,1.49141e-15,0.0
4266.5,1.4866e-15,0.0
4268.0,1.47692e-15,0.0
4269.5,1.4560501e-15,0.0
4271.0,1.4665199e-15,0.0
4272.5,1.4953001e-15,0.0
4274.0,1.45207e-15,0.0
4275.5,1.4097e-15,0.0
4277.0,1.43752e-15,0.0
4278.5,1.42358e-15,0.0
4280.0,1.45567e-15,0.0
4281.5,1.45012e-15,0.0
4283.0,1.40645e-15,0.0
4284.5,1.4630999e-15,0.0
4286.0,1.43297e-15,0.0
4287.5,1.39799e-15,0.0
4289.0,1.46343e-15,0.0
4290.5,1.4168e-15,0.0
4292.0,1.44905e-15,0.0
4293.5,1.47997e-15,0.0
4295.0,1.42092e-15,0.0
4296.5,1.37936e-15,0.0
4298.0,1.41714e-15,0.0
4299.5,1.4197701e-15,0.0
4301.0,1.42414e-15,0.0
4302.5,1.4313299e-15,0.0
4304.0,1.3442e-15,0.0
4305.5,1.40536e-15,0.0
4307.0,1.39773e-15,0.0
4308.5,1.34218e-15,0.0
4310.0,1.3321399e-15,0.0
4311.5,1.3999401e-15,0.0
4313.0,1.4774801e-15,0.0
4314.5,1.4569901e-15,0.0
4316.0,1.42343e-15,0.0
4317.5,1.38794e-15,0.0
4319.0,1.37824e-15,0.0
4320.5,1.38674e-15,0.0
4322.0,1.35321e-15,0.0
4323.5,1.3695399e-15,0.0
4325.0,1.41021e-15,0.0
4326.5,1.37563e-15,0.0
4328.0,1.35683e-15,0.0
4329.5,1.37762e-15,0.0
4331.0,1.35679e-15,0.0
4332.5,1.3599e-15,0.0
4334.0,1.3865499e-15,0.0
4335.5,1.39696e-15,0.0
4337.0,1.3624701e-15,0.0
4338.5,1.26869e-15,0.0
4340.0,1.2574901e-15,0.0
4341.5,1.31107e-15,0.0
4343.0,1.34583e-15,0.0
4344.5,1.26849e-15,0.0
4346.0,1.19886e-15,0.0
4347.5,1.2441601e-15,0.0
4349.0,1.24832e-15,0.0
4350.5,1.19681e-15,0.0
4352.0,1.21914e-15,0.0
4353.5,1.2454e-15,0.0
4355.0,1.19083e-15,0.0
4356.5,1.18548e-15,0.0
4358.0,1.2193101e-15,0.0
4359.5,1.19368e-15,0.0
4361.0,1.07268e-15,0.0
4362.5,1.1770801e-15,0.0
4364.0,1.21172e-15,0.0
4365.5,1.10988e-15,0.0
4367.0,1.1538301e-15,0.0
4368.5,1.1912399e-15,0.0
4370.0,1.09759e-15,0.0
4371.5,1.09568e-15,0.0
4373.0,1.1175701e-15,0.0
4374.5,1.10664e-15,0.0
4376.0,1.1579e-15,0.0
4377.5,1.16826e-15,0.0
4379.0,1.08301e-15,0.0
4380.5,1.04297e-15,0.0
4382.0,1.08853e-15,0.0
4383.5,1.1061701e-15,0.0
4385.0,1.13427e-15,0.0
4386.5,1.18794e-15,0.0
4388.0,1.16098e-15,0.0
4389.5,1.0607701e-15,0.0
4391.0,1.06286e-15,0.0
4392.5,1.08969e-15,0.0
4394.0,1.0695e-15,0.0
4395.5,1.0432901e-15,0.0
4397.0,1.0239e-15,0.0
4398.5,1.0457501e-15,0.0
4400.0,1.04614e-15,0.0
4401.5,1.0177899e-15,0.0
4403.0,1.0132001e-15,0.0
4404.5,1.0171799e-15,0.0
4406.0,9.9551698e-16,0.0
4407.5,1.0026e-15,0.0
4409.0,1.0340101e-15,0.0
4410.5,9.9038597e-16,0.0
4412.0,9.7343398e-16,0.0
4413.5,9.4425698e-16,0.0
4415.0,9.4296906e-16,0.0
4416.5,1.03604e-15,0.0
4418.0,1.02288e-15,0.0
4419.5,9.4843899e-16,0.0
4421.0,9.39719e-16,0.0
4422.5,1.00169e-15,0.0
4424.0,9.6569697e-16,0.0
4425.5,8.7837899e-16,0.0
4427.0,9.2599495e-16,0.0
4428.5,9.3548796e-16,0.0
4430.0,9.3212799e-16,0.0
4431.5,8.96185e-16,0.0
4433.0,8.6987398e-16,0.0
4434.5,8.8737204e-16,0.0
4436.0,9.3264299e-16,0.0
4437.5,8.5582801e-16,0.0
4439.0,8.7787003e-16,0.0
4440.5,8.8155399e-16,0.0
4442.0,8.5189402e-16,0.0
4443.5,8.5992098e-16,0.0
4445.0,7.6267397e-16,0.0
4446.5,7.5861298e-16,0.0
4448.0,7.6991203e-16,0.0
4449.5,8.5357797e-16,0.0
4451.0,8.1105602e-16,0.0
4452.5,8.3773501e-16,0.0
4454.0,8.5867801e-16,0.0
4455.5,7.7721102e-16,0.0
4457.0,7.54102e-16,0.0
4458.5,8.37877e-16,0.0
4460.0,8.2218598e-16,0.0
4461.5,7.8696603e-16,0.0
4463.0,7.8656697e-16,0.0
4464.5,7.9080997e-16,0.0
4466.0,8.2847101e-16,0.0
4467.5,8.2877303e-16,0.0
4469.0,8.0074101e-16,0.0
4470.5,7.8294299e-16,0.0
4472.0,8.5759005e-16,0.0
4473.5,8.9635493e-16,0.0
4475.0,8.3944099e-16,0.0
4476.5,8.5329003e-16,0.0
4478.0,9.2192898e-16,0.0
4479.5,9.1725897e-16,0.0
4481.0,8.85194e-16,0.0
4482.5,8.70537e-16,0.0
4484.0,8.6922002e-16,0.0
4485.5,9.16323e-16,0.0
4487.0,9.1945098e-16,0.0
4488.5,9.4751795e-16,0.0
4490.0,9.5759393e-16,0.0
4491.5,9.4641395e-16,0.0
4493.0,9.8151393e-16,0.0
4494.5,9.5000198e-16,0.0
4496.0,8.9431496e-16,0.0
4497.5,8.79873e-16,0.0
4499.0,8.9344802e-16,0.0
4500.5,1.00143e-15,0.0
4502.0,1.02356e-15,0.0
4503.5,9.3318001e-16,0.0
4505.0,9.1416296e-16,0.0
4506.5,9.8820899e-16,0.0
4508.0,9.8855405e-16,0.0
4509.5,1.0069899e-15,0.0
4511.0,1.0158301e-15,0.0
4512.5,9.9601196e-16,0.0
4514.0,9.6162306e-16,0.0
4515.5,9.8748202e-16,0.0
4517.0,1.00547e-15,0.0
4518.5,1.01532e-15,0.0
4520.0,1.01116e-15,0.0
4521.5,1.0138901e-15,0.0
4523.0,1.0334701e-15,0.0
4524.5,9.8326602e-16,0.0
4526.0,9.91667e-16,0.0
4527.5,1.04239e-15,0.0
4529.0,1.02981e-15,0.0
4530.5,1.05787e-15,0.0
4532.0,1.08658e-15,0.0
4533.5,1.0541199e-15,0.0
4535.0,1.0337699e-15,0.0
4536.5,1.05049e-15,0.0
4538.0,1.0530601e-15,0.0
4539.5,1.0525699e-15,0.0
4541.0,1.05379e-15,0.0
4542.5,1.00876e-15,0.0
4544.0,1.0106501e-15,0.0
4545.5,1.06018e-15,0.0
4547.0,1.06028e-15,0.0
4548.5,1.05173e-15,0.0
4550.0,1.06373e-15,0.0
4551.5,1.04486e-15,0.0
4553.0,9.92191e-16,0.0
4554.5,9.6294803e-16,0.0
4556.0,1.00385e-15,0.0
4557.5,1.0032701e-15,0.0
4559.0,9.5139005e-16,0.0
4560.5,9.3674898e-16,0.0
4562.0,9.5466998e-16,0.0
4563.5,9.7485795e-16,0.0
4565.0,8.9895596e-16,0.0
4566.5,8.77032e-16,0.0
4568.0,9.6678604e-16,0.0
4569.5,9.4575199e-16,0.0
4571.0,8.8774596e-16,0.0
4572.5,9.14189e-16,0.0
4574.0,9.7225004e-16,0.0
4575.5,1.0070301e-15,0.0
4577.0,9.3216399e-16,0.0
4578.5,8.8978101e-16,0.0
4580.0,8.8876001e-16,0.0
4581.5,8.8516198e-16,0.0
4583.0,8.6453005e-16,0.0
4584.5,8.4730797e-16,0.0
4586.0,9.1897495e-16,0.0
4587.5,9.31314e-16,0.0
4589.0,9.1326203e-16,0.0
4590.5,9.3416998e-16,0.0
4592.0,9.6294401e-16,0.0
4593.5,9.5773804e-16,0.0
4595.0,9.0739294e-16,0.0
4596.5,9.3230502e-16,0.0
4598.0,9.8446997e-16,0.0
4599.5,9.8809601e-16,0.0
4601.0,9.8833403e-16,0.0
4602.5,9.5492303e-16,0.0
4604.0,9.5396599e-16,0.0
4605.5,9.8433794e-16,0.0
4607.0,1.01253e-15,0.0
4608.5,1.02853e-15,0.0
4610.0,1.03634e-15,0.0
4611.5,1.04505e-15,0.0
4613.0,1.05388e-15,0.0
4614.5,1.07198e-15,0.0
4616.0,1.07054e-15,0.0
4617.5,1.0786e-15,0.0
4619.0,1.09174e-15,0.0
4620.5,1.08408e-15,0.0
4622.0,1.0937901e-15,0.0
4623.5,1.10303e-15,0.0
4625.0,1.1247701e-15,0.0
4626.5,1.11737e-15,0.0
4628.0,1.07846e-15,0.0
4629.5,1.04924e-15,0.0
4631.0,1.09467e-15,0.0
4632.5,1.12192e-15,0.0
4634.0,1.13594e-15,0.0
4635.5,1.1231801e-15,0.0
4637.0,1.10678e-15,0.0
4638.5,1.14418e-15,0.0
4640.0,1.14783e-15,0.0
4641.5,1.09145e-15,0.0
4643.0,1.14603e-15,0.0
4644.5,1.14495e-15,0.0
4646.0,1.14752e-15,0.0
4647.5,1.16108e-15,0.0
4649.0,1.2039e-15,0.0
4650.5,1.19668e-15,0.0
4652.0,1.21006e-15,0.0
4653.5,1.21117e-15,0.0
4655.0,1.18261e-15,0.0
4656.5,1.1899801e-15,0.0
4658.0,1.21237e-15,0.0
4659.5,1.18559e-15,0.0
4661.0,1.11075e-15,0.0
4662.5,1.16734e-15,0.0
4664.0,1.1735099e-15,0.0
4665.5,1.18355e-15,0.0
4667.0,1.22699e-15,0.0
4668.5,1.19449e-15,0.0
4670.0,1.2043e-15,0.0
4671.5,1.16724e-15,0.0
4673.0,1.16178e-15,0.0
4674.5,1.2132301e-15,0.0
4676.0,1.1611001e-15,0.0
4677.5,1.0971299e-15,0.0
4679.0,1.13018e-15,0.0
4680.5,1.15299e-15,0.0
4682.0,1.15594e-15,0.0
4683.5,1.1214e-15,0.0
4685.0,1.09327e-15,0.0
4686.5,1.1448099e-15,0.0
4688.0,1.1528799e-15,0.0
4689.5,1.1399501e-15,0.0
4691.0,1.1255799e-15,0.0
4692.5,1.1070699e-15,0.0
4694.0,1.09594e-15,0.0
4695.5,1.0864e-15,0.0
4697.0,1.13442e-15,0.0
4698.5,1.1073199e-15,0.0
4700.0,1.1312701e-15,0.0
4701.5,1.14135e-15,0.0
4703.0,1.09067e-15,0.0
4704.5,1.09594e-15,0.0
4706.0,1.0777101e-15,0.0
4707.5,1.11039e-15,0.0
4709.0,1.13208e-15,0.0
4710.5,1.15966e-15,0.0
4712.0,1.15284e-15,0.0
4713.5,1.0946601e-15,0.0
4715.0,1.1008199e-15,0.0
4716.5,1.1417e-15,0.0
4718.0,1.13026e-15,0.0
4719.5,1.0944199e-15,0.0
4721.0,1.15298e-15,0.0
4722.5,1.12429e-15,0.0
4724.0,1.13133e-15,0.0
4725.5,1.14441e-15,0.0
4727.0,1.11645e-15,0.0
4728.5,1.16862e-15,0.0
4730.0,1.1564099e-15,0.0
4731.5,1.0952801e-15,0.0
4733.0,1.1329e-15,0.0
4734.5,1.10337e-15,0.0
4736.0,1.12295e-15,0.0
4737.5,1.1206501e-15,0.0
4739.0,1.1808899e-15,0.0
4740.5,1.09753e-15,0.0
4742.0,1.08226e-15,0.0
4743.5,1.13711e-15,0.0
4745.0,1.1249e-15,0.0
4746.5,1.12159e-15,0.0
4748.0,1.09518e-15,0.0
4749.5,1.08112e-15,0.0
4751.0,1.03678e-15,0.0
4752.5,1.09615e-15,0.0
4754.0,1.07737e-15,0.0
4755.5,1.08392e-15,0.0
4757.0,1.11975e-15,0.0
4758.5,1.09254e-15,0.0
4760.0,1.0930901e-15,0.0
4761.5,1.1322e-15,0.0
4763.0,1.1473401e-15,0.0
4764.5,1.14275e-15,0.0
4766.0,1.10361e-15,0.0
4767.5,1.10603e-15,0.0
4769.0,1.11989e-15,0.0
4770.5,1.1034699e-15,0.0
4772.0,1.09695e-15,0.0
4773.5,1.0748599e-15,0.0
4775.0,1.08043e-15,0.0
4776.5,1.0987901e-15,0.0
4778.0,1.08207e-15,0.0
4779.5,1.04851e-15,0.0
4781.0,1.0797301e-15,0.0
4782.5,1.14667e-15,0.0
4784.0,1.1314501e-15,0.0
4785.5,1.08234e-15,0.0
4787.0,1.0477e-15,0.0
4788.5,1.03917e-15,0.0
4790.0,1.0197901e-15,0.0
4791.5,9.6156694e-16,0.0
4793.0,1.00639e-15,0.0
4794.5,1.01e-15,0.0
4796.0,1.00998e-15,0.0
4797.5,9.1156203e-16,0.0
4799.0,9.4713996e-16,0.0
4800.5,9.8498306e-16,0.0
4802.0,9.4602897e-16,0.0
4803.5,8.9847305e-16,0.0
4805.0,9.3669498e-16,0.0
4806.5,9.5473996e-16,0.0
4808.0,8.7455898e-16,0.0
4809.5,9.01062e-16,0.0
4811.0,9.0008304e-16,0.0
4812.5,8.9799701e-16,0.0
4814.0,8.6033899e-16,0.0
4815.5,8.5145404e-16,0.0
4817.0,8.5223103e-16,0.0
4818.5,8.9072005e-16,0.0
4820.0,8.7169998e-16,0.0
4821.5,8.4517e-16,0.0
4823.0,8.40718e-16,0.0
4824.5,8.46834e-16,0.0
4826.0,8.4595298e-16,0.0
4827.5,8.5330703e-16,0.0
4829.0,8.7428401e-16,0.0
4830.5,8.54859e-16,0.0
4832.0,8.3995e-16,0.0
4833.5,8.4455596e-16,0.0
4835.0,8.7311399e-16,0.0
4836.5,8.6880704e-16,0.0
4838.0,8.9292202e-16,0.0
4839.5,8.9412703e-16,0.0
4841.0,8.39587e-16,0.0
4842.5,8.2508304e-16,0.0
4844.0,8.9160001e-16,0.0
4845.5,8.8661898e-16,0.0
4847.0,8.6050702e-16,0.0
4848.5,8.47359e-16,0.0
4850.0,8.3549302e-16,0.0
4851.5,8.5729401e-16,0.0
4853.0,8.6860598e-16,0.0
4854.5,8.5928703e-16,0.0
4856.0,8.3760102e-16,0.0
4857.5,8.7330505e-16,0.0
4859.0,8.8828599e-16,0.0
4860.5,8.9518402e-16,0.0
4862.0,9.0666703e-16,0.0
4863.5,8.9432703e-16,0.0
4865.0,8.67759e-16,0.0
4866.5,8.6883499e-16,0.0
4868.0,8.4431201e-16,0.0
4869.5,8.9164501e-16,0.0
4871.0,8.4883501e-16,0.0
4872.5,8.3680497e-16,0.0
4874.0,8.6537703e-16,0.0
4875.5,8.7391698e-16,0.0
4877.0,9.0179405e-16,0.0
4878.5,8.4780105e-16,0.0
4880.0,8.5343699e-16,0.0
4881.5,8.7955303e-16,0.0
4883.0,9.3852002e-16,0.0
4884.5,8.4905397e-16,0.0
4886.0,8.1109705e-16,0.0
4887.5,8.7794203e-16,0.0
4889.0,8.8765802e-16,0.0
4890.5,8.5676202e-16,0.0
4892.0,8.2138802e-16,0.0
4893.5,8.6398398e-16,0.0
4895.0,8.3661698e-16,0.0
4896.5,8.6400002e-16,0.0
4898.0,8.3876299e-16,0.0
4899.5,8.1766499e-16,0.0
4901.0,8.40066e-16,0.0
4902.5,8.3110396e-16,0.0
4904.0,8.1627999e-16,0.0
4905.5,7.8076501e-16,0.0
4907.0,7.9041499e-16,0.0
4908.5,7.9159803e-16,0.0
4910.0,7.5736699e-16,0.0
4911.5,7.4336998e-16,0.0
4913.0,7.7578901e-16,0.0
4914.5,7.9305498e-16,0.0
4916.0,8.0045402e-16,0.0
4917.5,7.95193e-16,0.0
4919.0,7.89304e-16,0.0
4920.5,7.6136599e-16,0.0
4922.0,7.5355503e-16,0.0
4923.5,7.6520697e-16,0.0
4925.0,7.7344902e-16,0.0
4926.5,7.5485496e-16,0.0
4928.0,7.49588e-16,0.0
4929.5,7.7592998e-16,0.0
4931.0,8.09235e-16,0.0
4932.5,8.4238898e-16,0.0
4934.0,8.18273e-16,0.0
4935.5,7.7406e-16,0.0
4937.0,7.4101799e-16,0.0
4938.5,8.1641001e-16,0.0
4940.0,8.52688e-16,0.0
4941.5,7.97754e-16,0.0
4943.0,7.88553e-16,0.0
4944.5,8.27718e-16,0.0
4946.0,8.17567e-16,0.0
4947.5,8.4473002e-16,0.0
4949.0,7.7714505e-16,0.0
4950.5,7.6941503e-16,0.0
4952.0,7.9787396e-16,0.0
4953.5,8.0735501e-16,0.0
4955.0,8.2453199e-16,0.0
4956.5,7.8905804e-16,0.0
4958.0,7.7957302e-16,0.0
4959.5,8.0567905e-16,0.0
4961.0,8.1817697e-16,0.0
4962.5,7.8520298e-16,0.0
4964.0,8.13885e-16,0.0
4965.5,7.5268602e-16,0.0
4967.0,7.5278401e-16,0.0
4968.5,8.08204e-16,0.0
4970.0,7.6235803e-16,0.0
4971.5,7.69292e-16,0.0
4973.0,7.9612701e-16,0.0
4974.5,8.2592102e-16,0.0
4976.0,8.1267999e-16,0.0
4977.5,7.8066802e-16,0.0
4979.0,7.7286298e-16,0.0
4980.5,7.5874601e-16,0.0
4982.0,7.5136698e-16,0.0
4983.5,7.7955502e-16,0.0
4985.0,7.77262e-16,0.0
4986.5,7.5708901e-16,0.0
4988.0,7.6847302e-16,0.0
4989.5,7.38949e-16,0.0
4991.0,7.2460095e-16,0.0
4992.5,7.1280597e-16,0.0
4994.0,6.8741499e-16,0.0
4995.5,6.6447702e-16,0.0
4997.0,6.2924198e-16,0.0
4998.5,6.4158701e-16,0.0
5000.0,6.7223801e-16,0.0
5001.5,6.3954402e-16,0.0
5003.0,6.4742302e-16,0.0
5004.5,6.45185e-16,0.0
5006.0,6.3413799e-16,0.0
5007.5,6.2638902e-16,0.0
5009.0,6.3237796e-16,0.0
5010.5,6.0163496e-16,0.0
5012.0,5.6190302e-16,0.0
5013.5,5.88389e-16,0.0
5015.0,6.2789202e-16,0.0
5016.5,6.1544e-16,0.0
5018.0,5.9215803e-16,0.0
5019.5,5.7529599e-16,0.0
5021.0,5.2684999e-16,0.0
5022.5,5.6345897e-16,0.0
5024.0,5.6037699e-16,0.0
5025.5,5.2605098e-16,0.0
5027.0,5.4710398e-16,0.0
5028.5,5.6678897e-16,0.0
5030.0,5.6856499e-16,0.0
5031.5,5.6777195e-16,0.0
5033.0,5.4817897e-16,0.0
5034.5,5.4065102e-16,0.0
5036.0,5.2208104e-16,0.0
5037.5,5.45606e-16,0.0
5039.0,5.7717402e-16,0.0
5040.5,5.8895302e-16,0.0
5042.0,5.1698201e-16,0.0
5043.5,5.5435299e-16,0.0
5045.0,5.9881598e-16,0.0
5046.5,6.3010696e-16,0.0
5048.0,5.8150601e-16,0.0
5049.5,5.5720697e-16,0.0
5051.0,5.6186999e-16,0.0
5052.5,5.7329202e-16,0.0
5054.0,5.8793801e-16,0.0
5055.5,6.1651897e-16,0.0
5057.0,6.03615e-16,0.0
5058.5,5.8694703e-16,0.0
5060.0,6.1129203e-16,0.0
5061.5,6.3893199e-16,0.0
5063.0,6.6286099e-16,0.0
5064.5,6.7096603e-16,0.0
5066.0,6.56241e-16,0.0
5067.5,6.4473702e-16,0.0
5069.0,6.5418599e-16,0.0
5070.5,6.95912e-16,0.0
5072.0,6.97351e-16,0.0
5073.5,6.7834501e-16,0.0
5075.0,6.5513996e-16,0.0
5076.5,6.4559602e-16,0.0
5078.0,6.9967701e-16,0.0
5079.5,6.93063e-16,0.0
5081.0,6.6528705e-16,0.0
5082.5,6.84767e-16,0.0
5084.0,6.9789199e-16,0.0
5085.5,7.3065501e-16,0.0
5087.0,6.81673e-16,0.0
5088.5,6.8735702e-16,0.0
5090.0,6.9272398e-16,0.0
5091.5,7.3638202e-16,0.0
5093.0,7.8921596e-16,0.0
5094.5,7.9275603e-16,0.0
5096.0,7.3498203e-16,0.0
5097.5,6.7745102e-16,0.0
5099.0,6.9588002e-16,0.0
5100.5,7.0890406e-16,0.0
5102.0,6.6655802e-16,0.0
5103.5,6.9079401e-16,0.0
5105.0,7.0937098e-16,0.0
5106.5,6.98292e-16,0.0
5108.0,7.0842601e-16,0.0
5109.5,6.9962105e-16,0.0
5111.0,7.0691104e-16,0.0
5112.5,6.7014404e-16,0.0
5114.0,7.0388104e-16,0.0
5115.5,7.1805201e-16,0.0
5117.0,7.3463602e-16,0.0
5118.5,7.0513804e-16,0.0
5120.0,7.1418801e-16,0.0
5121.5,7.5470604e-16,0.0
5123.0,7.2265204e-16,0.0
5124.5,7.27794e-16,0.0
5126.0,7.00924e-16,0.0
5127.5,7.06578e-16,0.0
5129.0,6.9472599e-16,0.0
5130.5,6.7227899e-16,0.0
5132.0,6.9133802e-16,0.0
5133.5,7.0579396e-16,0.0
5135.0,6.9423699e-16,0.0
5136.5,6.7811197e-16,0.0
5138.0,7.0010698e-16,0.0
5139.5,7.0833601e-16,0.0
5141.0,6.9221904e-16,0.0
5142.5,7.2643298e-16,0.0
5144.0,7.3926399e-16,0.0
5145.5,7.1462703e-16,0.0
5147.0,6.8156998e-16,0.0
5148.5,6.6347699e-16,0.0
5150.0,7.1569504e-16,0.0
5151.5,7.3408597e-16,0.0
5153.0,7.2957404e-16,0.0
5154.5,7.2691801e-16,0.0
5156.0,7.0338103e-16,0.0
5157.5,7.0399301e-16,0.0
5159.0,6.8986598e-16,0.0
5160.5,7.04742e-16,0.0
5162.0,7.2292203e-16,0.0
5163.5,7.1854403e-16,0.0
5165.0,7.3447196e-16,0.0
5166.5,7.1058499e-16,0.0
5168.0,7.0917204e-16,0.0
5169.5,7.20384e-16,0.0
5171.0,7.1336501e-16,0.0
5172.5,6.7515101e-16,0.0
5174.0,6.76778e-16,0.0
5175.5,7.09836e-16,0.0
5177.0,7.1087304e-16,0.0
5178.5,6.8135299e-16,0.0
5180.0,7.5374402e-16,0.0
5181.5,7.0138801e-16,0.0
5183.0,7.0829806e-16,0.0
5184.5,6.7055199e-16,0.0
5186.0,7.1691799e-16,0.0
5187.5,7.4582098e-16,0.0
5189.0,7.2295305e-16,0.0
5190.5,7.4383495e-16,0.0
5192.0,7.5182401e-16,0.0
5193.5,7.1058203e-16,0.0
5195.0,7.0953102e-16,0.0
5196.5,7.2309397e-16,0.0
5198.0,7.2763201e-16,0.0
5199.5,7.2929103e-16,0.0
5201.0,7.5753497e-16,0.0
5202.5,7.4604799e-16,0.0
5204.0,7.3992002e-16,0.0
5205.5,7.4303403e-16,0.0
5207.0,7.7331101e-16,0.0
5208.5,7.8086697e-16,0.0
5210.0,7.3365303e-16,0.0
5211.5,7.3784797e-16,0.0
5213.0,7.52356e-16,0.0
5214.5,7.7147401e-16,0.0
5216.0,7.8092001e-16,0.0
5217.5,7.5687e-16,0.0
5219.0,7.4904299e-16,0.0
5220.5,7.6693396e-16,0.0
5222.0,7.6851998e-16,0.0
5223.5,7.5405504e-16,0.0
5225.0,7.3551704e-16,0.0
5226.5,7.80166e-16,0.0
5228.0,8.1287301e-16,0.0
5229.5,7.9364404e-16,0.0
5231.0,7.7049103e-16,0.0
5232.5,7.8875099e-16,0.0
5234.0,7.61431e-16,0.0
5235.5,7.5311499e-16,0.0
5237.0,7.9588904e-16,0.0
5238.5,7.7734204e-16,0.0
5240.0,7.8750098e-16,0.0
5241.5,7.8606897e-16,0.0
5243.0,7.5509101e-16,0.0
5244.5,7.7179599e-16,0.0
5246.0,7.7107797e-16,0.0
5247.5,7.8909701e-16,0.0
5249.0,7.63901e-16,0.0
5250.5,7.8129001e-16,0.0
5252.0,8.11668e-16,0.0
5253.5,7.8562099e-16,0.0
5255.0,7.83786e-16,0.0
5256.5,8.0058198e-16,0.0
5258.0,8.1777902e-16,0.0
5259.5,8.4399099e-16,0.0
5261.0,8.6150202e-16,0.0
5262.5,8.5143201e-16,0.0
5264.0,8.37968e-16,0.0
5265.5,8.0612899e-16,0.0
5267.0,8.4457602e-16,0.0
5268.5,8.5322899e-16,0.0
5270.0,8.13967e-16,0.0
5271.5,7.9343895e-16,0.0
5273.0,7.9354202e-16,0.0
5274.5,8.2894202e-16,0.0
5276.0,8.3541203e-16,0.0
5277.5,8.0388699e-16,0.0
5279.0,8.3717301e-16,0.0
5280.5,8.5011705e-16,0.0
5282.0,8.83157e-16,0.0
5283.5,8.9811496e-16,0.0
5285.0,8.6497999e-16,0.0
5286.5,8.3626001e-16,0.0
5288.0,8.1742899e-16,0.0
5289.5,8.0046398e-16,0.0
5291.0,8.3101397e-16,0.0
5292.5,8.47169e-16,0.0
5294.0,8.59799e-16,0.0
5295.5,8.48662e-16,0.0
5297.0,8.4954604e-16,0.0
5298.5,8.2873799e-16,0.0
5300.0,8.25619e-16,0.0
5301.5,8.3467696e-16,0.0
5303.0,8.1403297e-16,0.0
5304.5,7.8302002e-16,0.0
5306.0,8.1329801e-16,0.0
5307.5,7.9219503e-16,0.0
5309.0,7.65212e-16,0.0
5310.5,7.8923301e-16,0.0
5312.0,7.8665104e-16,0.0
5313.5,7.7472302e-16,0.0
5315.0,7.6712899e-16,0.0
5316.5,8.1315703e-16,0.0
5318.0,8.21114e-16,0.0
5319.5,8.3116696e-16,0.0
5321.0,8.0533203e-16,0.0
5322.5,7.50067e-16,0.0
5324.0,7.0398401e-16,0.0
5325.5,7.81125e-16,0.0
5327.0,7.69736e-16,0.0
5328.5,7.3548903e-16,0.0
5330.0,7.4029398e-16,0.0
5331.5,7.53921e-16,0.0
5333.0,7.7962797e-16,0.0
5334.5,7.7360901e-16,0.0
5336.0,7.5177901e-16,0.0
5337.5,7.7106897e-16,0.0
5339.0,7.5204201e-16,0.0
5340.5,7.5361003e-16,0.0
5342.0,7.7065302e-16,0.0
5343.5,7.6442998e-16,0.0
5345.0,7.9570402e-16,0.0
5346.5,7.8592402e-16,0.0
5348.0,7.7959001e-16,0.0
5349.5,7.8940702e-16,0.0
5351.0,7.8235399e-16,0.0
5352.5,7.6641002e-16,0.0
5354.0,7.6799297e-16,0.0
5355.5,7.7083598e-16,0.0
5357.0,7.7446996e-16,0.0
5358.5,7.8372904e-16,0.0
5360.0,8.0365803e-16,0.0
5361.5,7.9998598e-16,0.0
5363.0,7.7615799e-16,0.0
5364.5,7.5974398e-16,0.0
5366.0,7.8285803e-16,0.0
5367.5,8.2410504e-16,0.0
5369.0,8.1927102e-16,0.0
5370.5,8.1202799e-16,0.0
5372.0,7.8684903e-16,0.0
5373.5,7.8019702e-16,0.0
5375.0,8.2359999e-16,0.0
5376.5,7.9229699e-16,0.0
5378.0,7.47027e-16,0.0
5379.5,7.9842697e-16,0.0
5381.0,8.25429e-16,0.0
5382.5,8.0293699e-16,0.0
5384.0,7.6262405e-16,0.0
5385.5,7.6552e-16,0.0
5387.0,8.0187397e-16,0.0
5388.5,8.3116696e-16,0.0
5390.0,8.14074e-16,0.0
5391.5,7.9192901e-16,0.0
5393.0,8.1889801e-16,0.0
5394.5,7.8434303e-16,0.0
5396.0,8.0622899e-16,0.0
5397.5,7.4922505e-16,0.0
5399.0,7.2123405e-16,0.0
5400.5,7.2014397e-16,0.0
5402.0,7.3369099e-16,0.0
5403.5,7.3410101e-16,0.0
5405.0,7.0286296e-16,0.0
5406.5,7.1890497e-16,0.0
5408.0,7.28716e-16,0.0
5409.5,7.17318e-16,0.0
5411.0,7.1827801e-16,0.0
5412.5,7.1389001e-16,0.0
5414.0,6.6412005e-16,0.0
5415.5,6.42661e-16,0.0
5417.0,6.6401501e-16,0.0
5418.5,6.5607498e-16,0.0
5420.0,6.3181696e-16,0.0
5421.5,6.15122e-16,0.0
5423.0,6.0777303e-16,0.0
5424.5,6.0938197e-16,0.0
5426.0,6.2041002e-16,0.0
5427.5,6.1592101e-16,0.0
5429.0,5.8482098e-16,0.0
5430.5,5.56136e-16,0.0
5432.0,5.7578499e-16,0.0
5433.5,5.9290199e-16,0.0
5435.0,5.9173203e-16,0.0
5436.5,5.7955905e-16,0.0
5438.0,5.4307004e-16,0.0
5439.5,5.5442102e-16,0.0
5441.0,5.5104205e-16,0.0
5442.5,5.17461e-16,0.0
5444.0,5.3547401e-16,0.0
5445.5,5.3449399e-16,0.0
5447.0,5.16692e-16,0.0
5448.5,5.1776101e-16,0.0
5450.0,5.0820399e-16,0.0
5451.5,4.98181e-16,0.0
5453.0,5.0292497e-16,0.0
5454.5,5.0799901e-16,0.0
5456.0,5.0935003e-16,0.0
5457.5,5.1208197e-16,0.0
5459.0,5.3225502e-16,0.0
5460.5,5.2623097e-16,0.0
5462.0,5.1923797e-16,0.0
5463.5,5.3206401e-16,0.0
5465.0,5.2637703e-16,0.0
5466.5,5.4715798e-16,0.0
5468.0,5.4305702e-16,0.0
5469.5,5.1377599e-16,0.0
5471.0,5.2454003e-16,0.0
5472.5,5.3267996e-16,0.0
5474.0,5.1470402e-16,0.0
5475.5,5.1512902e-16,0.0
5477.0,5.1455997e-16,0.0
5478.5,4.9487101e-16,0.0
5480.0,5.0589699e-16,0.0
5481.5,5.4218002e-16,0.0
5483.0,5.40439e-16,0.0
5484.5,5.3809796e-16,0.0
5486.0,5.4104902e-16,0.0
5487.5,5.15072e-16,0.0
5489.0,5.1003496e-16,0.0
5490.5,5.0874196e-16,0.0
5492.0,5.17551e-16,0.0
5493.5,5.5668901e-16,0.0
5495.0,5.64776e-16,0.0
5496.5,5.47777e-16,0.0
5498.0,5.34405e-16,0.0
5499.5,5.5609899e-16,0.0
5501.0,5.9057202e-16,0.0
5502.5,5.8277603e-16,0.0
5504.0,5.3552599e-16,0.0
5505.5,5.2425897e-16,0.0
5507.0,5.4260401e-16,0.0
5508.5,5.5104099e-16,0.0
5510.0,5.6339698e-16,0.0
5511.5,5.7488698e-16,0.0
5513.0,5.6734701e-16,0.0
5514.5,5.525e-16,0.0
5516.0,5.7649502e-16,0.0
5517.5,5.83468e-16,0.0
5519.0,5.6212505e-16,0.0
5520.5,5.63554e-16,0.0
5522.0,6.2351101e-16,0.0
5523.5,6.4061303e-16,0.0
5525.0,6.2016798e-16,0.0
5526.5,5.9775798e-16,0.0
5528.0,6.2513498e-16,0.0
5529.5,6.2870301e-16,0.0
5531.0,6.0317703e-16,0.0
5532.5,5.92315e-16,0.0
5534.0,6.1462198e-16,0.0
5535.5,5.9212103e-16,0.0
5537.0,6.0350102e-16,0.0
5538.5,6.17981e-16,0.0
5540.0,6.1085703e-16,0.0
5541.5,6.5678104e-16,0.0
5543.0,6.2853498e-16,0.0
5544.5,5.8940703e-16,0.0
5546.0,5.9376501e-16,0.0
5547.5,6.25319e-16,0.0
5549.0,6.2857902e-16,0.0
5550.5,6.2768402e-16,0.0
5552.0,6.3244499e-16,0.0
5553.5,6.1848901e-16,0.0
5555.0,6.0180002e-16,0.0
5556.5,6.2444402e-16,0.0
5558.0,6.49808e-16,0.0
5559.5,6.2482899e-16,0.0
5561.0,6.11594e-16,0.0
5562.5,6.3448602e-16,0.0
5564.0,6.10473e-16,0.0
5565.5,6.2662502e-16,0.0
5567.0,6.3947202e-16,0.0
5568.5,6.4924403e-16,0.0
5570.0,6.1637598e-16,0.0
5571.5,5.9028101e-16,0.0
5573.0,6.3086998e-16,0.0
5574.5,6.3915402e-16,0.0
5576.0,5.7027801e-16,0.0
5577.5,5.55386e-16,0.0
5579.0,6.2736602e-16,0.0
5580.5,6.5729497e-16,0.0
5582.0,5.9243602e-16,0.0
5583.5,5.6648399e-16,0.0
5585.0,5.8654199e-16,0.0
5586.5,6.1062505e-16,0.0
5588.0,5.8691903e-16,0.0
5589.5,5.5547203e-16,0.0
5591.0,5.5192201e-16,0.0
5592.5,5.5913598e-16,0.0
5594.0,5.6441802e-16,0.0
5595.5,5.7657803e-16,0.0
5597.0,5.5104602e-16,0.0
5598.5,5.42547e-16,0.0
5600.0,5.4449803e-16,0.0
5601.5,5.7730801e-16,0.0
5603.0,5.7725999e-16,0.0
5604.5,5.6737798e-16,0.0
5606.0,5.6229901e-16,0.0
5607.5,5.5448598e-16,0.0
5609.0,5.9547104e-16,0.0
5610.5,5.6209398e-16,0.0
5612.0,5.3819102e-16,0.0
5613.5,5.1181601e-16,0.0
5615.0,5.1941299e-16,0.0
5616.5,5.2402699e-16,0.0
5618.0,5.6073099e-16,0.0
5619.5,5.3888702e-16,0.0
5621.0,5.2490505e-16,0.0
5622.5,4.9615897e-16,0.0
5624.0,4.76451e-16,0.0
5625.5,4.79318e-16,0.0
5627.0,5.2571497e-16,0.0
5628.5,5.4750103e-16,0.0
5630.0,5.0240399e-16,0.0
5631.5,5.0162604e-16,0.0
5633.0,4.9496402e-16,0.0
5634.5,5.2257301e-16,0.0
5636.0,4.8454599e-16,0.0
5637.5,4.65214e-16,0.0
5639.0,4.7405898e-16,0.0
5640.5,4.9422001e-16,0.0
5642.0,4.7671501e-16,0.0
5643.5,4.83417e-16,0.0
5645.0,4.6769803e-16,0.0
5646.5,4.44262e-16,0.0
5648.0,4.6358097e-16,0.0
5649.5,4.7078404e-16,0.0
5651.0,4.6472097e-16,0.0
5652.5,4.7717199e-16,0.0
5654.0,4.6666899e-16,0.0
5655.5,4.3639201e-16,0.0
5657.0,4.3150201e-16,0.0
5658.5,4.3999402e-16,0.0
5660.0,4.56031e-16,0.0
5661.5,5.0660702e-16,0.0
5663.0,5.1773798e-16,0.0
5664.5,4.9340003e-16,0.0
5666.0,5.2102601e-16,0.0
5667.5,5.0012796e-16,0.0
5669.0,4.9606199e-16,0.0
5670.5,4.9310203e-16,0.0
5672.0,5.0235497e-16,0.0
5673.5,5.2362603e-16,0.0
5675.0,5.3704102e-16,0.0
5676.5,5.1281799e-16,0.0
5678.0,5.4019097e-16,0.0
5679.5,5.67707e-16,0.0
5681.0,5.8207998e-16,0.0
5682.5,5.6815301e-16,0.0
5684.0,5.4640899e-16,0.0
5685.5,5.3932499e-16,0.0
5687.0,5.7446002e-16,0.0
5688.5,5.6168099e-16,0.0
5690.0,5.6951896e-16,0.0
5691.5,5.7256399e-16,0.0
5693.0,6.1022001e-16,0.0
5694.5,6.2369101e-16,0.0
5696.0,5.9362202e-16,0.0
5697.5,6.0506099e-16,0.0
5699.0,5.90316e-16,0.0
5700.5,6.0767298e-16,0.0
5702.0,6.37958e-16,0.0
5703.5,6.2329602e-16,0.0
5705.0,6.0676496e-16,0.0
5706.5,6.2192796e-16,0.0
5708.0,6.1894296e-16,0.0
5709.5,6.0432397e-16,0.0
5711.0,6.2684901e-16,0.0
5712.5,6.6476099e-16,0.0
5714.0,6.5844e-16,0.0
5715.5,6.4302898e-16,0.0
5717.0,6.39703e-16,0.0
5718.5,6.4312401e-16,0.0
5720.0,6.6343406e-16,0.0
5721.5,6.8413104e-16,0.0
5723.0,6.9879101e-16,0.0
5724.5,6.6305702e-16,0.0
5726.0,6.3001697e-16,0.0
5727.5,6.69839e-16,0.0
5729.0,6.96337e-16,0.0
5730.5,6.8119004e-16,0.0
5732.0,6.8650697e-16,0.0
5733.5,6.7511898e-16,0.0
5735.0,6.7345901e-16,0.0
5736.5,7.1236996e-16,0.0
5738.0,7.1154897e-16,0.0
5739.5,6.8740699e-16,0.0
5741.0,6.75619e-16,0.0
5742.5,6.6666797e-16,0.0
5744.0,6.89208e-16,0.0
5745.5,6.99594e-16,0.0
5747.0,6.8530397e-16,0.0
5748.5,6.92953e-16,0.0
5750.0,7.0195701e-16,0.0
5751.5,6.6984599e-16,0.0
5753.0,6.4586199e-16,0.0
5754.5,6.3546402e-16,0.0
5756.0,6.4570804e-16,0.0
5757.5,6.5157501e-16,0.0
5759.0,6.5350598e-16,0.0
5760.5,6.6047399e-16,0.0
5762.0,6.6919002e-16,0.0
5763.5,6.7356997e-16,0.0
5765.0,6.5636498e-16,0.0
5766.5,6.3874299e-16,0.0
5768.0,6.3544999e-16,0.0
5769.5,6.9474696e-16,0.0
5771.0,6.9665802e-16,0.0
5772.5,6.4556801e-16,0.0
5774.0,6.3613201e-16,0.0
5775.5,6.6028897e-16,0.0
5777.0,6.9046002e-16,0.0
5778.5,6.8379202e-16,0.0
5780.0,6.6522299e-16,0.0
5781.5,6.6352501e-16,0.0
5783.0,6.5509301e-16,0.0
5784.5,6.5386899e-16,0.0
5786.0,6.8568699e-16,0.0
5787.5,6.6601804e-16,0.0
5789.0,6.5619097e-16,0.0
5790.5,6.7749099e-16,0.0
5792.0,6.5702699e-16,0.0
5793.5,6.5774099e-16,0.0
5795.0,6.67468e-16,0.0
5796.5,6.7496699e-16,0.0
5798.0,6.6814599e-16,0.0
5799.5,6.4224399e-16,0.0
5801.0,6.5355903e-16,0.0
5802.5,6.6582798e-16,0.0
5804.0,6.5724304e-16,0.0
5805.5,6.5357099e-16,0.0
5807.0,6.6613101e-16,0.0
5808.5,6.8008e-16,0.0
5810.0,6.5213199e-16,0.0
5811.5,6.3549499e-16,0.0
5813.0,6.1649101e-16,0.0
5814.5,6.4321099e-16,0.0
5816.0,6.7483597e-16,0.0
5817.5,6.8569302e-16,0.0
5819.0,6.6933698e-16,0.0
5820.5,6.7002e-16,0.0
5822.0,6.8557402e-16,0.0
5823.5,6.8182097e-16,0.0
5825.0,7.0057603e-16,0.0
5826.5,6.7027904e-16,0.0
5828.0,6.5712498e-16,0.0
5829.5,6.7927098e-16,0.0
5831.0,6.4844697e-16,0.0
5832.5,6.7024203e-16,0.0
5834.0,6.6977103e-16,0.0
5835.5,6.53962e-16,0.0
5837.0,6.3675098e-16,0.0
5838.5,7.1854297e-16,0.0
5840.0,6.7414601e-16,0.0
5841.5,6.5980298e-16,0.0
5843.0,6.3878397e-16,0.0
5844.5,6.4176298e-16,0.0
5846.0,6.1646804e-16,0.0
5847.5,6.3086098e-16,0.0
5849.0,6.4997296e-16,0.0
5850.5,6.9101202e-16,0.0
5852.0,6.7301299e-16,0.0
5853.5,6.7796602e-16,0.0
5855.0,7.1294202e-16,0.0
5856.5,6.5225899e-16,0.0
5858.0,6.49202e-16,0.0
5859.5,6.7636105e-16,0.0
5861.0,6.5206804e-16,0.0
5862.5,6.5035703e-16,0.0
5864.0,6.6327799e-16,0.0
5865.5,6.6027997e-16,0.0
5867.0,6.3659698e-16,0.0
5868.5,6.49909e-16,0.0
5870.0,6.6608299e-16,0.0
5871.5,6.9431799e-16,0.0
5873.0,7.16756e-16,0.0
5874.5,7.1067298e-16,0.0
5876.0,6.9797405e-16,0.0
5877.5,6.9329101e-16,0.0
5879.0,6.7241102e-16,0.0
5880.5,6.5830305e-16,0.0
5882.0,6.3809004e-16,0.0
5883.5,6.5486902e-16,0.0
5885.0,6.4283104e-16,0.0
5886.5,6.34411e-16,0.0
5888.0,6.5607e-16,0.0
5889.5,6.2217e-16,0.0
5891.0,6.3966202e-16,0.0
5892.5,5.9119395e-16,0.0
5894.0,6.4930703e-16,0.0
5895.5,6.3388198e-16,0.0
5897.0,6.04537e-16,0.0
5898.5,6.5962204e-16,0.0
5900.0,6.5323001e-16,0.0
5901.5,6.1241101e-16,0.0
5903.0,6.2781902e-16,0.0
5904.5,6.2899703e-16,0.0
5906.0,6.1495e-16,0.0
5907.5,6.5803899e-16,0.0
5909.0,6.4309701e-16,0.0
5910.5,6.2815498e-16,0.0
5912.0,6.13213e-16,0.0
5913.5,6.13213e-16,0.0
5915.0,6.4583896e-16,0.0
5916.5,6.5752796e-16,0.0
5918.0,6.2025396e-16,0.0
5919.5,5.9689999e-16,0.0
5921.0,5.9941102e-16,0.0
5922.5,5.7930399e-16,0.0
5924.0,5.6620399e-16,0.0
5925.5,5.9799203e-16,0.0
5927.0,6.2124599e-16,0.0
5928.5,6.2627705e-16,0.0
5930.0,5.9444497e-16,0.0
5931.5,5.7034e-16,0.0
5933.0,5.8072701e-16,0.0
5934.5,5.5826597e-16,0.0
5936.0,5.6255503e-16,0.0
5937.5,5.7080899e-16,0.0
5939.0,5.8588501e-16,0.0
5940.5,5.8652299e-16,0.0
5942.0,5.78908e-16,0.0
5943.5,5.71018e-16,0.0
5945.0,5.6873397e-16,0.0
5946.5,5.7529599e-16,0.0
5948.0,5.6464397e-16,0.0
5949.5,5.4373697e-16,0.0
5951.0,5.3268896e-16,0.0
5952.5,5.5185001e-16,0.0
5954.0,5.7012395e-16,0.0
5955.5,5.5762799e-16,0.0
5957.0,5.29059e-16,0.0
5958.5,5.2471399e-16,0.0
5960.0,5.2452304e-16,0.0
5961.5,5.3281099e-16,0.0
5963.0,5.34161e-16,0.0
5964.5,5.2578199e-16,0.0
5966.0,5.5045903e-16,0.0
5967.5,5.8112003e-16,0.0
5969.0,5.5967601e-16,0.0
5970.5,5.13824e-16,0.0
5972.0,5.1396101e-16,0.0
5973.5,5.6288897e-16,0.0
5975.0,5.90306e-16,0.0
5976.5,5.5455099e-16,0.0
5978.0,5.5401402e-16,0.0
5979.5,5.3470405e-16,0.0
5981.0,5.19858e-16,0.0
5982.5,5.4920002e-16,0.0
5984.0,5.3039001e-16,0.0
5985.5,5.2915901e-16,0.0
5987.0,5.3956999e-16,0.0
5988.5,5.5550099e-16,0.0
5990.0,5.4086299e-16,0.0
5991.5,5.2825199e-16,0.0
5993.0,5.5276195e-16,0.0
5994.5,5.4940405e-16,0.0
5996.0,5.1246902e-16,0.0
5997.5,5.1806404e-16,0.0
5999.0,5.3234703e-16,0.0
6000.5,5.6497299e-16,0.0
6002.0,5.8366499e-16,0.0
6003.5,5.86091e-16,0.0
6005.0,6.0888799e-16,0.0
6006.5,5.9846001e-16,0.0
6008.0,5.6684599e-16,0.0
6009.5,5.6400102e-16,0.0
6011.0,5.5751301e-16,0.0
6012.5,5.4758901e-16,0.0
6014.0,5.6835699e-16,0.0
6015.5,5.7598103e-16,0.0
6017.0,5.8315497e-16,0.0
6018.5,6.1252303e-16,0.0
6020.0,5.9430304e-16,0.0
6021.5,5.7769002e-16,0.0
6023.0,5.8927203e-16,0.0
6024.5,5.8000396e-16,0.0
6026.0,5.8076099e-16,0.0
6027.5,5.8592101e-16,0.0
6029.0,6.0163999e-16,0.0
6030.5,6.0069602e-16,0.0
6032.0,6.18154e-16,0.0
6033.5,5.8919501e-16,0.0
6035.0,5.7924401e-16,0.0
6036.5,6.2059801e-16,0.0
6038.0,5.8919903e-16,0.0
6039.5,5.61383e-16,0.0
6041.0,5.8243198e-16,0.0
6042.5,5.7913601e-16,0.0
6044.0,5.8533502e-16,0.0
6045.5,5.9226e-16,0.0
6047.0,5.9918396e-16,0.0
6048.5,6.0610904e-16,0.0
6050.0,6.1303401e-16,0.0
6051.5,6.1303401e-16,0.0
6053.0,5.3122799e-16,0.0
6054.5,5.5473104e-16,0.0
6056.0,6.1604796e-16,0.0
6057.5,6.0326999e-16,0.0
6059.0,5.7203602e-16,0.0
6060.5,6.0584699e-16,0.0
6062.0,5.7792698e-16,0.0
6063.5,5.8599698e-16,0.0
6065.0,5.7466103e-16,0.0
6066.5,5.94848e-16,0.0
6068.0,6.1741301e-16,0.0
6069.5,5.8099001e-16,0.0
6071.0,5.7158202e-16,0.0
6072.5,5.7605001e-16,0.0
6074.0,6.1117398e-16,0.0
6075.5,6.05289e-16,0.0
6077.0,6.1388999e-16,0.0
6078.5,6.2354997e-16,0.0
6080.0,5.62687e-16,0.0
6081.5,5.7783598e-16,0.0
6083.0,5.94839e-16,0.0
6084.5,5.9075805e-16,0.0
6086.0,5.9072602e-16,0.0
6087.5,5.7321901e-16,0.0
6089.0,5.9881e-16,0.0
6090.5,6.2073396e-16,0.0
6092.0,5.8657302e-16,0.0
6093.5,5.8892798e-16,0.0
6095.0,6.0695199e-16,0.0
6096.5,6.1420503e-16,0.0
6098.0,5.9677701e-16,0.0
6099.5,5.6629404e-16,0.0
6101.0,5.55223e-16,0.0
6102.5,5.81821e-16,0.0
6104.0,6.1601599e-16,0.0
6105.5,6.3117401e-16,0.0
6107.0,6.02547e-16,0.0
6108.5,5.91438e-16,0.0
6110.0,6.2561001e-16,0.0
6111.5,6.0428299e-16,0.0
6113.0,6.0819898e-16,0.0
6114.5,6.4247798e-16,0.0
6116.0,6.1853602e-16,0.0
6117.5,6.0045896e-16,0.0
6119.0,6.34429e-16,0.0
6120.5,5.7921098e-16,0.0
6122.0,5.82336e-16,0.0
6123.5,6.2207301e-16,0.0
6125.0,5.9991998e-16,0.0
6126.5,5.9822999e-16,0.0
6128.0,6.18796e-16,0.0
6129.5,6.0593e-16,0.0
6131.0,5.6058504e-16,0.0
6132.5,6.0255896e-16,0.0
6134.0,5.9680803e-16,0.0
6135.5,5.8961598e-16,0.0
6137.0,5.8187002e-16,0.0
6138.5,6.1498202e-16,0.0
6140.0,5.9173298e-16,0.0
6141.5,5.52137e-16,0.0
6143.0,5.6687701e-16,0.0
6144.5,6.0616796e-16,0.0
6146.0,6.0730102e-16,0.0
6147.5,5.9819801e-16,0.0
6149.0,5.9410002e-16,0.0
6150.5,6.2214602e-16,0.0
6152.0,6.5313101e-16,0.0
6153.5,6.0120705e-16,0.0
6155.0,5.7436102e-16,0.0
6156.5,5.7893701e-16,0.0
6158.0,5.82626e-16,0.0
6159.5,5.7670805e-16,0.0
6161.0,6.0636098e-16,0.0
6162.5,6.5188799e-16,0.0
6164.0,6.1693698e-16,0.0
6165.5,5.7711902e-16,0.0
6167.0,5.8543699e-16,0.0
6168.5,6.0873198e-16,0.0
6170.0,6.1043203e-16,0.0
6171.5,5.9456096e-16,0.0
6173.0,5.9768598e-16,0.0
6174.5,6.0215403e-16,0.0
6176.0,6.0146396e-16,0.0
6177.5,5.89493e-16,0.0
6179.0,5.7750203e-16,0.0
6180.5,5.8732598e-16,0.0
6182.0,5.6690798e-16,0.0
6183.5,5.6584501e-16,0.0
6185.0,5.6057101e-16,0.0
6186.5,5.2681796e-16,0.0
6188.0,5.3802003e-16,0.0
6189.5,5.5378998e-16,0.0
6191.0,5.2896398e-16,0.0
6192.5,5.2308705e-16,0.0
6194.0,5.5159802e-16,0.0
6195.5,5.7502902e-16,0.0
6197.0,5.8679097e-16,0.0
6198.5,5.7403603e-16,0.0
6200.0,5.5128303e-16,0.0
6201.5,5.4699302e-16,0.0
6203.0,5.5458498e-16,0.0
6204.5,5.3759498e-16,0.0
6206.0,5.2701299e-16,0.0
6207.5,5.5368103e-16,0.0
6209.0,5.4633101e-16,0.0
6210.5,5.4382199e-16,0.0
6212.0,5.7288099e-16,0.0
6213.5,5.6218302e-16,0.0
6215.0,5.5234701e-16,0.0
6216.5,5.2615204e-16,0.0
6218.0,5.2971101e-16,0.0
6219.5,5.2895201e-16,0.0
6221.0,5.1931696e-16,0.0
6222.5,5.0582499e-16,0.0
6224.0,5.1822402e-16,0.0
6225.5,5.11472e-16,0.0
6227.0,4.8956201e-16,0.0
6228.5,5.06152e-16,0.0
6230.0,5.0394998e-16,0.0
6231.5,5.2351395e-16,0.0
6233.0,5.3566999e-16,0.0
6234.5,5.0451098e-16,0.0
6236.0,4.8694399e-16,0.0
6237.5,4.9286502e-16,0.0
6239.0,5.1209801e-16,0.0
6240.5,5.0809097e-16,0.0
6242.0,4.9042297e-16,0.0
6243.5,4.91079e-16,0.0
6245.0,5.03103e-16,0.0
6246.5,4.9828402e-16,0.0
6248.0,4.80241e-16,0.0
6249.5,4.6155799e-16,0.0
6251.0,4.6502797e-16,0.0
6252.5,4.6872802e-16,0.0
6254.0,4.3713401e-16,0.0
6255.5,4.4354901e-16,0.0
6257.0,4.6143004e-16,0.0
6258.5,4.5576799e-16,0.0
6260.0,4.35743e-16,0.0
6261.5,4.2910702e-16,0.0
6263.0,4.1910401e-16,0.0
6264.5,3.93341e-16,0.0
6266.0,3.7724701e-16,0.0
6267.5,3.77571e-16,0.0
6269.0,3.9957601e-16,0.0
6270.5,3.8162699e-16,0.0
6272.0,3.7133901e-16,0.0
6273.5,3.76242e-16,0.0
6275.0,3.6268101e-16,0.0
6276.5,3.3231601e-16,0.0
6278.0,3.3752098e-16,0.0
6279.5,3.4148602e-16,0.0
6281.0,3.1862301e-16,0.0
6282.5,3.2268803e-16,0.0
6284.0,3.0310899e-16,0.0
6285.5,3.14419e-16,0.0
6287.0,3.12835e-16,0.0
6288.5,2.7381799e-16,0.0
6290.0,3.0193601e-16,0.0
6291.5,2.9101299e-16,0.0
6293.0,2.7432501e-16,0.0
6294.5,2.7058801e-16,0.0
6296.0,2.6483602e-16,0.0
6297.5,2.72636e-16,0.0
6299.0,3.08122e-16,0.0
6300.5,2.7342099e-16,0.0
6302.0,2.44743e-16,0.0
6303.5,2.4154201e-16,0.0
6305.0,2.06524e-16,0.0
6306.5,2.07504e-16,0.0
6308.0,2.03116e-16,0.0
6309.5,2.1551e-16,0.0
6311.0,2.17675e-16,0.0
6312.5,2.0603301e-16,0.0
6314.0,2.2559701e-16,0.0
6315.5,2.19566e-16,0.0
6317.0,2.17664e-16,0.0
6318.5,2.16729e-16,0.0
6320.0,2.02136e-16,0.0
6321.5,1.9134399e-16,0.0
6323.0,1.8026001e-16,0.0
6324.5,1.9118201e-16,0.0
6326.0,1.8052901e-16,0.0
6327.5,2.0584301e-16,0.0
6329.0,1.95584e-16,0.0
6330.5,1.99654e-16,0.0
6332.0,2.1228001e-16,0.0
6333.5,2.03717e-16,0.0
6335.0,2.23397e-16,0.0
6336.5,1.92571e-16,0.0
6338.0,1.94325e-16,0.0
6339.5,2.0562799e-16,0.0
6341.0,2.08151e-16,0.0
6342.5,2.10791e-16,0.0
6344.0,2.00547e-16,0.0
6345.5,1.92065e-16,0.0
6347.0,1.90335e-16,0.0
6348.5,1.8375901e-16,0.0
6350.0,2.17643e-16,0.0
6351.5,2.12966e-16,0.0
6353.0,1.8637101e-16,0.0
6354.5,2.15983e-16,0.0
6356.0,2.0202499e-16,0.0
6357.5,2.3435901e-16,0.0
6359.0,1.8778499e-16,0.0
6360.5,1.8186e-16,0.0
6362.0,2.02806e-16,0.0
6363.5,2.0632001e-16,0.0
6365.0,2.22546e-16,0.0
6366.5,2.1663999e-16,0.0
6368.0,2.2136501e-16,0.0
6369.5,2.5920299e-16,0.0
6371.0,2.3889e-16,0.0
6372.5,2.42478e-16,0.0
6374.0,2.5373798e-16,0.0
6375.5,2.2667401e-16,0.0
6377.0,2.2698e-16,0.0
6378.5,2.5519499e-16,0.0
6380.0,2.6584899e-16,0.0
6381.5,2.66664e-16,0.0
6383.0,2.7380999e-16,0.0
6384.5,2.79159e-16,0.0
6386.0,2.6607798e-16,0.0
6387.5,2.76507e-16,0.0
6389.0,3.0579901e-16,0.0
6390.5,3.1601103e-16,0.0
6392.0,2.97754e-16,0.0
6393.5,3.0157798e-16,0.0
6395.0,3.2674301e-16,0.0
6396.5,3.1274799e-16,0.0
6398.0,2.8323e-16,0.0
6399.5,3.1133601e-16,0.0
6401.0,3.4553502e-16,0.0
6402.5,3.3724701e-16,0.0
6404.0,3.38936e-16,0.0
6405.5,3.1669302e-16,0.0
6407.0,3.1808099e-16,0.0
6408.5,3.32779e-16,0.0
6410.0,3.55474e-16,0.0
6411.5,3.5513299e-16,0.0
6413.0,3.5596001e-16,0.0
6414.5,3.7328101e-16,0.0
6416.0,3.6568702e-16,0.0
6417.5,3.7220001e-16,0.0
6419.0,3.7541101e-16,0.0
6420.5,3.78119e-16,0.0
6422.0,4.13478e-16,0.0
6423.5,4.29863e-16,0.0
6425.0,4.1336899e-16,0.0
6426.5,4.04852e-16,0.0
6428.0,4.0680099e-16,0.0
6429.5,4.2137001e-16,0.0
6431.0,4.1896799e-16,0.0
6432.5,4.2246499e-16,0.0
6434.0,4.2455102e-16,0.0
6435.5,4.3955901e-16,0.0
6437.0,4.6368299e-16,0.0
6438.5,4.5164003e-16,0.0
6440.0,4.5982999e-16,0.0
6441.5,4.7012499e-16,0.0
6443.0,4.6817099e-16,0.0
6444.5,4.7321502e-16,0.0
6446.0,4.6915e-16,0.0
6447.5,4.6343502e-16,0.0
6449.0,4.6485099e-16,0.0
6450.5,4.6126201e-16,0.0
6452.0,4.5701102e-16,0.0
6453.5,4.67413e-16,0.0
6455.0,4.8643302e-16,0.0
6456.5,4.9136699e-16,0.0
6458.0,4.92074e-16,0.0
6459.5,4.9463002e-16,0.0
6461.0,4.80938e-16,0.0
6462.5,4.7222304e-16,0.0
6464.0,4.8417298e-16,0.0
6465.5,5.0130899e-16,0.0
6467.0,5.0911201e-16,0.0
6468.5,5.0142302e-16,0.0
6470.0,5.1274298e-16,0.0
6471.5,5.2278799e-16,0.0
6473.0,5.1171701e-16,0.0
6474.5,4.9828603e-16,0.0
6476.0,5.0137802e-16,0.0
6477.5,5.02569e-16,0.0
6479.0,5.2318197e-16,0.0
6480.5,5.51179e-16,0.0
6482.0,5.0607598e-16,0.0
6483.5,5.0354801e-16,0.0
6485.0,5.0362202e-16,0.0
6486.5,4.8561002e-16,0.0
6488.0,5.00216e-16,0.0
6489.5,5.0199095e-16,0.0
6491.0,5.1450698e-16,0.0
6492.5,5.30596e-16,0.0
6494.0,5.3985899e-16,0.0
6495.5,5.17478e-16,0.0
6497.0,5.6923404e-16,0.0
6498.5,5.5428301e-16,0.0
6500.0,5.37246e-16,0.0
6501.5,5.1183702e-16,0.0
6503.0,5.19206e-16,0.0
6504.5,5.6032399e-16,0.0
6506.0,5.47651e-16,0.0
6507.5,5.2890198e-16,0.0
6509.0,5.6173404e-16,0.0
6510.5,5.6838102e-16,0.0
6512.0,5.5035595e-16,0.0
6513.5,5.2823299e-16,0.0
6515.0,5.3734399e-16,0.0
6516.5,5.4586901e-16,0.0
6518.0,5.6382399e-16,0.0
6519.5,5.56897e-16,0.0
6521.0,5.5883803e-16,0.0
6522.5,5.4733099e-16,0.0
6524.0,5.6390398e-16,0.0
6525.5,5.4507502e-16,0.0
6527.0,5.34432e-16,0.0
6528.5,5.5058904e-16,0.0
6530.0,5.3590102e-16,0.0
6531.5,5.6265799e-16,0.0
6533.0,5.7893701e-16,0.0
6534.5,5.5243404e-16,0.0
6536.0,5.3361397e-16,0.0
6537.5,5.4282699e-16,0.0
6539.0,5.3287002e-16,0.0
6540.5,5.3618599e-16,0.0
6542.0,5.5937601e-16,0.0
6543.5,5.3135097e-16,0.0
6545.0,4.9575801e-16,0.0
6546.5,5.08404e-16,0.0
6548.0,5.2891898e-16,0.0
6549.5,5.3629399e-16,0.0
6551.0,5.2078598e-16,0.0
6552.5,5.0752997e-16,0.0
6554.0,4.9005901e-16,0.0
6555.5,5.0545595e-16,0.0
6557.0,5.2128398e-16,0.0
6558.5,5.2370205e-16,0.0
6560.0,5.1044201e-16,0.0
6561.5,5.32823e-16,0.0
6563.0,5.4776197e-16,0.0
6564.5,5.3110496e-16,0.0
6566.0,4.9285999e-16,0.0
6567.5,5.1394598e-16,0.0
6569.0,5.2254198e-16,0.0
6570.5,5.08052e-16,0.0
6572.0,5.45334e-16,0.0
6573.5,5.2063902e-16,0.0
6575.0,4.9897303e-16,0.0
6576.5,5.10168e-16,0.0
6578.0,5.3774501e-16,0.0
6579.5,5.2835205e-16,0.0
6581.0,5.5296397e-16,0.0
6582.5,5.4008901e-16,0.0
6584.0,5.4538e-16,0.0
6585.5,5.2674798e-16,0.0
6587.0,5.0299103e-16,0.0
6588.5,5.2093897e-16,0.0
6590.0,5.27819e-16,0.0
6591.5,5.0357501e-16,0.0
6593.0,4.9143099e-16,0.0
6594.5,4.9226098e-16,0.0
6596.0,5.2653701e-16,0.0
6597.5,5.1061703e-16,0.0
6599.0,4.9521702e-16,0.0
6600.5,5.0247598e-16,0.0
6602.0,5.2541697e-16,0.0
6603.5,5.48238e-16,0.0
6605.0,5.63582e-16,0.0
6606.5,5.4889498e-16,0.0
6608.0,5.3648605e-16,0.0
6609.5,5.29231e-16,0.0
6611.0,5.1488301e-16,0.0
6612.5,5.0638001e-16,0.0
6614.0,5.1635097e-16,0.0
6615.5,5.1046901e-16,0.0
6617.0,5.1141102e-16,0.0
6618.5,5.1952305e-16,0.0
6620.0,5.1171103e-16,0.0
6621.5,5.0426402e-16,0.0
6623.0,5.13298e-16,0.0
6624.5,5.2413202e-16,0.0
6626.0,5.1193602e-16,0.0
6627.5,5.0576501e-16,0.0
6629.0,5.113e-16,0.0
6630.5,5.2020502e-16,0.0
6632.0,5.0612299e-16,0.0
6633.5,5.3287203e-16,0.0
6635.0,5.4987801e-16,0.0
6636.5,5.1489105e-16,0.0
6638.0,5.2095004e-16,0.0
6639.5,5.3303402e-16,0.0
6641.0,5.4048299e-16,0.0
6642.5,5.01538e-16,0.0
6644.0,4.85325e-16,0.0
6645.5,5.0975899e-16,0.0
6647.0,4.9172603e-16,0.0
6648.5,4.7953299e-16,0.0
6650.0,4.81543e-16,0.0
6651.5,4.9708901e-16,0.0
6653.0,5.2379697e-16,0.0
6654.5,5.0817001e-16,0.0
6656.0,4.7260299e-16,0.0
6657.5,4.8706004e-16,0.0
6659.0,4.9591603e-16,0.0
6660.5,5.0449997e-16,0.0
6662.0,5.0858997e-16,0.0
6663.5,4.8657601e-16,0.0
6665.0,4.6683199e-16,0.0
6666.5,4.6238602e-16,0.0
6668.0,4.89325e-16,0.0
6669.5,5.07762e-16,0.0
6671.0,5.0812204e-16,0.0
6672.5,5.0766803e-16,0.0
6674.0,4.8181902e-16,0.0
6675.5,4.71275e-16,0.0
6677.0,4.7535103e-16,0.0
6678.5,4.7729798e-16,0.0
6680.0,4.9776802e-16,0.0
6681.5,4.8259602e-16,0.0
6683.0,4.7504498e-16,0.0
6684.5,4.9578601e-16,0.0
6686.0,4.82186e-16,0.0
6687.5,4.5783497e-16,0.0
6689.0,4.6300001e-16,0.0
6690.5,4.6751502e-16,0.0
6692.0,4.92029e-16,0.0
6693.5,4.9484099e-16,0.0
6695.0,4.64626e-16,0.0
6696.5,4.7419001e-16,0.0
6698.0,4.6393297e-16,0.0
6699.5,4.59704e-16,0.0
6701.0,4.7503296e-16,0.0
6702.5,4.5492101e-16,0.0
6704.0,4.5742897e-16,0.0
6705.5,4.5459999e-16,0.0
6707.0,4.3802898e-16,0.0
6708.5,4.3863101e-16,0.0
6710.0,4.30781e-16,0.0
6711.5,4.3802199e-16,0.0
6713.0,4.8026101e-16,0.0
6714.5,4.8424201e-16,0.0
6716.0,4.4282599e-16,0.0
6717.5,4.6104199e-16,0.0
6719.0,4.7421399e-16,0.0
6720.5,4.8032501e-16,0.0
6722.0,4.6782196e-16,0.0
6723.5,4.6863998e-16,0.0
6725.0,4.5460502e-16,0.0
6726.5,4.6438301e-16,0.0
6728.0,4.4359899e-16,0.0
6729.5,4.6464802e-16,0.0
6731.0,4.6212699e-16,0.0
6732.5,4.6413001e-16,0.0
6734.0,4.5054402e-16,0.0
6735.5,4.4388899e-16,0.0
6737.0,4.5875601e-16,0.0
6738.5,4.4164099e-16,0.0
6740.0,4.4986899e-16,0.0
6741.5,4.5731298e-16,0.0
6743.0,4.5680699e-16,0.0
6744.5,4.4496599e-16,0.0
6746.0,4.49137e-16,0.0
6747.5,4.71393e-16,0.0
6749.0,4.6189903e-16,0.0
6750.5,4.5401003e-16,0.0
6752.0,4.3851399e-16,0.0
6753.5,4.33662e-16,0.0
6755.0,4.7611399e-16,0.0
6756.5,4.6270101e-16,0.0
6758.0,4.31844e-16,0.0
6759.5,4.2875498e-16,0.0
6761.0,4.4524499e-16,0.0
6762.5,4.5756598e-16,0.0
6764.0,4.3739799e-16,0.0
6765.5,4.2085298e-16,0.0
6767.0,4.1907299e-16,0.0
6768.5,4.0589202e-16,0.0
6770.0,4.22042e-16,0.0
6771.5,4.37395e-16,0.0
6773.0,4.3494901e-16,0.0
6774.5,4.4374902e-16,0.0
6776.0,4.62219e-16,0.0
6777.5,4.4704901e-16,0.0
6779.0,4.40503e-16,0.0
6780.5,4.4196599e-16,0.0
6782.0,4.27053e-16,0.0
6783.5,4.4246701e-16,0.0
6785.0,4.15845e-16,0.0
6786.5,4.36661e-16,0.0
6788.0,4.32789e-16,0.0
6789.5,4.3002301e-16,0.0
6791.0,4.4120101e-16,0.0
6792.5,4.49726e-16,0.0
6794.0,4.40964e-16,0.0
6795.5,4.42121e-16,0.0
6797.0,4.30035e-16,0.0
6798.5,4.2507801e-16,0.0
6800.0,4.3485099e-16,0.0
6801.5,4.1173102e-16,0.0
6803.0,4.2666799e-16,0.0
6804.5,4.38964e-16,0.0
6806.0,4.0092002e-16,0.0
6807.5,4.2567199e-16,0.0
6809.0,4.5271502e-16,0.0
6810.5,4.4109201e-16,0.0
6812.0,4.2877401e-16,0.0
6813.5,4.1392203e-16,0.0
6815.0,4.09529e-16,0.0
6816.5,4.3498501e-16,0.0
6818.0,4.38322e-16,0.0
6819.5,4.2653599e-16,0.0
6821.0,4.06404e-16,0.0
6822.5,3.93408e-16,0.0
6824.0,4.1631299e-16,0.0
6825.5,4.29244e-16,0.0
6827.0,3.93888e-16,0.0
6828.5,3.9595601e-16,0.0
6830.0,4.2878401e-16,0.0
6831.5,4.0950501e-16,0.0
6833.0,3.94299e-16,0.0
6834.5,4.0947899e-16,0.0
6836.0,4.0653198e-16,0.0
6837.5,3.9087799e-16,0.0
6839.0,3.7786701e-16,0.0
6840.5,3.77219e-16,0.0
6842.0,3.9241499e-16,0.0
6843.5,4.0723301e-16,0.0
6845.0,4.05984e-16,0.0
6846.5,3.7343499e-16,0.0
6848.0,3.7788901e-16,0.0
6849.5,3.96561e-16,0.0
6851.0,3.92806e-16,0.0
6852.5,4.0489199e-16,0.0
6854.0,4.1459899e-16,0.0
6855.5,3.6616501e-16,0.0
6857.0,3.95498e-16,0.0
6858.5,4.0668699e-16,0.0
6860.0,4.1242601e-16,0.0
6861.5,3.8972701e-16,0.0
6863.0,3.93033e-16,0.0
6864.5,4.1444001e-16,0.0
6866.0,3.9746298e-16,0.0
6867.5,3.8668902e-16,0.0
6869.0,4.0643902e-16,0.0
6870.5,3.8197602e-16,0.0
6872.0,3.66778e-16,0.0
6873.5,3.7411799e-16,0.0
6875.0,3.6344299e-16,0.0
6876.5,3.9270202e-16,0.0
6878.0,3.77536e-16,0.0
6879.5,3.8633901e-16,0.0
6881.0,3.9726401e-16,0.0
6882.5,4.2092299e-16,0.0
6884.0,3.7974501e-16,0.0
6885.5,3.59929e-16,0.0
6887.0,4.0499401e-16,0.0
6888.5,3.9802901e-16,0.0
6890.0,3.8175899e-16,0.0
6891.5,4.1486599e-16,0.0
6893.0,4.1383801e-16,0.0
6894.5,4.01663e-16,0.0
6896.0,3.9599698e-16,0.0
6897.5,3.7281999e-16,0.0
6899.0,3.7247602e-16,0.0
6900.5,3.838e-16,0.0
6902.0,3.5924502e-16,0.0
6903.5,3.5170701e-16,0.0
6905.0,3.5069401e-16,0.0
6906.5,3.7456001e-16,0.0
6908.0,3.8664299e-16,0.0
6909.5,3.82516e-16,0.0
6911.0,4.0425301e-16,0.0
6912.5,3.9297e-16,0.0
6914.0,3.6861302e-16,0.0
6915.5,3.6673001e-16,0.0
6917.0,3.5888799e-16,0.0
6918.5,3.3950499e-16,0.0
6920.0,3.6540202e-16,0.0
6921.5,3.8979699e-16,0.0
6923.0,3.7905601e-16,0.0
6924.5,3.8591401e-16,0.0
6926.0,3.7267502e-16,0.0
6927.5,3.5584301e-16,0.0
6929.0,3.4814899e-16,0.0
6930.5,3.37349e-16,0.0
6932.0,3.43342e-16,0.0
6933.5,3.6856402e-16,0.0
6935.0,3.6911099e-16,0.0
6936.5,3.5172702e-16,0.0
6938.0,3.66521e-16,0.0
6939.5,3.6150802e-16,0.0
6941.0,3.3943702e-16,0.0
6942.5,3.66548e-16,0.0
6944.0,3.80431e-16,0.0
6945.5,3.4774001e-16,0.0
6947.0,3.4428599e-16,0.0
6948.5,3.80661e-16,0.0
6950.0,3.81068e-16,0.0
6951.5,3.61455e-16,0.0
6953.0,3.31907e-16,0.0
6954.5,3.02757e-16,0.0
6956.0,3.2763698e-16,0.0
6957.5,3.4255002e-16,0.0
6959.0,3.2746101e-16,0.0
6960.5,3.28926e-16,0.0
6962.0,3.2213399e-16,0.0
6963.5,3.2140602e-16,0.0
6965.0,3.3713799e-16,0.0
6966.5,3.5100299e-16,0.0
6968.0,3.4561102e-16,0.0
6969.5,3.2460701e-16,0.0
6971.0,3.3836499e-16,0.0
6972.5,3.2564499e-16,0.0
6974.0,3.52493e-16,0.0
6975.5,3.80005e-16,0.0
6977.0,3.60315e-16,0.0
6978.5,3.6607099e-16,0.0
6980.0,3.4430201e-16,0.0
6981.5,3.38557e-16,0.0
6983.0,3.5208698e-16,0.0
6984.5,3.4134401e-16,0.0
6986.0,3.34765e-16,0.0
6987.5,3.35932e-16,0.0
6989.0,3.30021e-16,0.0
6990.5,3.4581102e-16,0.0
6992.0,3.5114399e-16,0.0
6993.5,3.5533601e-16,0.0
6995.0,3.52108e-16,0.0
6996.5,3.2820801e-16,0.0
6998.0,3.3785301e-16,0.0
6999.5,3.2217899e-16,0.0
7001.0,3.0801098e-16,0.0
7002.5,3.2374401e-16,0.0
7004.0,3.6266801e-16,0.0
7005.5,3.60686e-16,0.0
7007.0,3.5487102e-16,0.0
7008.5,3.2528498e-16,0.0
7010.0,3.1905201e-16,0.0
7011.5,3.53082e-16,0.0
7013.0,2.9446899e-16,0.0
7014.5,3.0751899e-16,0.0
7016.0,3.2489e-16,0.0
7017.5,3.04056e-16,0.0
7019.0,3.2886401e-16,0.0
7020.5,3.24995e-16,0.0
7022.0,3.2866099e-16,0.0
7023.5,3.1690999e-16,0.0
7025.0,2.7748098e-16,0.0
7026.5,2.93159e-16,0.0
7028.0,3.14148e-16,0.0
7029.5,3.3040699e-16,0.0
7031.0,3.1567999e-16,0.0
7032.5,3.2334302e-16,0.0
7034.0,3.3572799e-16,0.0
7035.5,2.9407502e-16,0.0
7037.0,3.05639e-16,0.0
7038.5,2.9404701e-16,0.0
7040.0,2.80524e-16,0.0
7041.5,2.9571e-16,0.0
7043.0,3.05598e-16,0.0
7044.5,3.08634e-16,0.0
7046.0,3.29346e-16,0.0
7047.5,3.1917901e-16,0.0
7049.0,3.2044e-16,0.0
7050.5,3.0988899e-16,0.0
7052.0,3.1287899e-16,0.0
7053.5,3.2316602e-16,0.0
7055.0,3.1375101e-16,0.0
7056.5,3.1292002e-16,0.0
7058.0,3.29799e-16,0.0
7059.5,3.4107399e-16,0.0
7061.0,3.4723899e-16,0.0
7062.5,3.1192999e-16,0.0
7064.0,3.1056299e-16,0.0
7065.5,3.0480002e-16,0.0
7067.0,3.2177101e-16,0.0
7068.5,3.1036002e-16,0.0
7070.0,2.8075201e-16,0.0
7071.5,2.92276e-16,0.0
7073.0,2.84057e-16,0.0
7074.5,2.8802003e-16,0.0
7076.0,2.8615701e-16,0.0
7077.5,3.1494199e-16,0.0
7079.0,2.8848698e-16,0.0
7080.5,2.9756799e-16,0.0
7082.0,3.1005e-16,0.0
7083.5,3.17658e-16,0.0
7085.0,2.9182403e-16,0.0
7086.5,2.8800801e-16,0.0
7088.0,3.42424e-16,0.0
7089.5,3.2579698e-16,0.0
7091.0,3.24868e-16,0.0
7092.5,3.0931499e-16,0.0
7094.0,3.0662799e-16,0.0
7095.5,3.02545e-16,0.0
7097.0,3.0142001e-16,0.0
7098.5,2.90716e-16,0.0
7100.0,2.84437e-16,0.0
7101.5,3.2184401e-16,0.0
7103.0,3.1696902e-16,0.0
7104.5,2.89105e-16,0.0
7106.0,2.7679102e-16,0.0
7107.5,2.8573301e-16,0.0
7109.0,2.9521798e-16,0.0
7110.5,2.9599601e-16,0.0
7112.0,3.0991101e-16,0.0
7113.5,3.0462201e-16,0.0
7115.0,3.1127701e-16,0.0
7116.5,3.2883399e-16,0.0
7118.0,3.3511601e-16,0.0
7119.5,3.2656802e-16,0.0
7121.0,2.9983198e-16,0.0
7122.5,2.92077e-16,0.0
7124.0,2.85288e-16,0.0
7125.5,2.8409498e-16,0.0
7127.0,2.81158e-16,0.0
7128.5,2.9590601e-16,0.0
7130.0,3.18643e-16,0.0
7131.5,3.1309199e-16,0.0
7133.0,3.13808e-16,0.0
7134.5,2.89581e-16,0.0
7136.0,2.7045802e-16,0.0
7137.5,2.8113601e-16,0.0
7139.0,3.1009e-16,0.0
7140.5,3.04512e-16,0.0
7142.0,2.8495898e-16,0.0
7143.5,3.08696e-16,0.0
7145.0,3.1229901e-16,0.0
7146.5,2.78267e-16,0.0
7148.0,2.8586502e-16,0.0
7149.5,2.99609e-16,0.0
7151.0,2.91621e-16,0.0
7152.5,2.6779301e-16,0.0
7154.0,2.7777201e-16,0.0
7155.5,2.76698e-16,0.0
7157.0,2.987e-16,0.0
7158.5,2.99672e-16,0.0
7160.0,2.9767099e-16,0.0
7161.5,3.00342e-16,0.0
7163.0,2.79362e-16,0.0
7164.5,2.84663e-16,0.0
7166.0,3.15514e-16,0.0
7167.5,2.93325e-16,0.0
7169.0,2.6757199e-16,0.0
7170.5,2.8537901e-16,0.0
7172.0,3.1146299e-16,0.0
7173.5,2.9534901e-16,0.0
7175.0,2.39451e-16,0.0
7176.5,2.5949299e-16,0.0
7178.0,2.7953601e-16,0.0
7179.5,2.99578e-16,0.0
7181.0,2.99578e-16,0.0
7182.5,2.90635e-16,0.0
7184.0,2.70641e-16,0.0
7185.5,2.65954e-16,0.0
7187.0,2.7207299e-16,0.0
7188.5,2.98496e-16,0.0
7190.0,2.69536e-16,0.0
7191.5,2.82339e-16,0.0
7193.0,3.12316e-16,0.0
7194.5,3.08312e-16,0.0
7196.0,3.0137101e-16,0.0
7197.5,3.02409e-16,0.0
7199.0,3.0939702e-16,0.0
7200.5,2.903e-16,0.0
7202.0,2.8633202e-16,0.0
7203.5,3.0621099e-16,0.0
7205.0,3.1978199e-16,0.0
7206.5,3.2374999e-16,0.0
7208.0,2.9450301e-16,0.0
7209.5,2.6828e-16,0.0
7211.0,2.938e-16,0.0
7212.5,2.8900799e-16,0.0
7214.0,2.7609801e-16,0.0
7215.5,2.8099302e-16,0.0
7217.0,2.78692e-16,0.0
7218.5,2.61635e-16,0.0
7220.0,2.7364501e-16,0.0
7221.5,2.8715801e-16,0.0
7223.0,2.8714901e-16,0.0
7224.5,2.8855601e-16,0.0
7226.0,2.94344e-16,0.0
7227.5,3.02585e-16,0.0
7229.0,2.9370701e-16,0.0
7230.5,3.03278e-16,0.0
7232.0,2.7812401e-16,0.0
7233.5,2.8390101e-16,0.0
7235.0,2.89168e-16,0.0
7236.5,2.8016599e-16,0.0
7238.0,2.7910702e-16,0.0
7239.5,2.63186e-16,0.0
7241.0,2.7864099e-16,0.0
7242.5,2.9379298e-16,0.0
7244.0,2.6107498e-16,0.0
7245.5,2.64529e-16,0.0
7247.0,2.9296699e-16,0.0
7248.5,2.7338801e-16,0.0
7250.0,2.9487102e-16,0.0
7251.5,3.1358298e-16,0.0
7253.0,3.07304e-16,0.0
7254.5,3.0762101e-16,0.0
7256.0,2.84162e-16,0.0
7257.5,2.75489e-16,0.0
7259.0,3.08738e-16,0.0
7260.5,2.9581202e-16,0.0
7262.0,2.6300002e-16,0.0
7263.5,2.84948e-16,0.0
7265.0,2.89807e-16,0.0
7266.5,2.78538e-16,0.0
7268.0,2.7660798e-16,0.0
7269.5,2.6414601e-16,0.0
7271.0,2.6873902e-16,0.0
7272.5,2.8955599e-16,0.0
7274.0,2.98944e-16,0.0
7275.5,2.99288e-16,0.0
7277.0,2.8560201e-16,0.0
7278.5,2.64384e-16,0.0
7280.0,2.8750601e-16,0.0
7281.5,3.10162e-16,0.0
7283.0,3.0311701e-16,0.0
7284.5,2.9449999e-16,0.0
7286.0,3.1248099e-16,0.0
7287.5,3.1194601e-16,0.0
7289.0,2.9238098e-16,0.0
7290.5,2.9472398e-16,0.0
7292.0,2.9201299e-16,0.0
7293.5,3.0893298e-16,0.0
7295.0,3.05168e-16,0.0
7296.5,2.6758099e-16,0.0
7298.0,2.6880501e-16,0.0
7299.5,2.8646601e-16,0.0
7301.0,2.8115602e-16,0.0
7302.5,2.8747202e-16,0.0
7304.0,2.8760998e-16,0.0
7305.5,2.97153e-16,0.0
7307.0,2.9694799e-16,0.0
7308.5,2.88699e-16,0.0
7310.0,3.1501002e-16,0.0
7311.5,3.1722001e-16,0.0
7313.0,2.8196401e-16,0.0
7314.5,2.8376999e-16,0.0
7316.0,2.67149e-16,0.0
7317.5,2.37538e-16,0.0
7319.0,2.6422798e-16,0.0
7320.5,3.0144799e-16,0.0
7322.0,2.8116102e-16,0.0
7323.5,2.8167702e-16,0.0
7325.0,2.89192e-16,0.0
7326.5,2.6868798e-16,0.0
7328.0,2.7654998e-16,0.0
7329.5,3.0338002e-16,0.0
7331.0,3.2734099e-16,0.0
7332.5,2.7001899e-16,0.0
7334.0,2.6779698e-16,0.0
7335.5,3.2077802e-16,0.0
7337.0,3.0934302e-16,0.0
7338.5,3.0069e-16,0.0
7340.0,2.9341902e-16,0.0
7341.5,2.7546303e-16,0.0
7343.0,3.0102598e-16,0.0
7344.5,3.1525298e-16,0.0
7346.0,2.94438e-16,0.0
7347.5,2.6400799e-16,0.0
7349.0,2.5415599e-16,0.0
7350.5,2.7448299e-16,0.0
7352.0,2.8992e-16,0.0
7353.5,2.92561e-16,0.0
7355.0,3.0244201e-16,0.0
7356.5,2.9635001e-16,0.0
7358.0,2.8439301e-16,0.0
7359.5,2.9326099e-16,0.0
7361.0,3.2677501e-16,0.0
7362.5,3.0520701e-16,0.0
7364.0,2.8700502e-16,0.0
7365.5,3.2479102e-16,0.0
7367.0,3.2201601e-16,0.0
7368.5,2.88576e-16,0.0
7370.0,3.0564202e-16,0.0
7371.5,2.8874998e-16,0.0
7373.0,2.7239902e-16,0.0
7374.5,2.77684e-16,0.0
7376.0,2.7065e-16,0.0
7377.5,2.8108201e-16,0.0
7379.0,2.89232e-16,0.0
7380.5,2.95013e-16,0.0
7382.0,2.7805998e-16,0.0
7383.5,3.0575401e-16,0.0
7385.0,2.7933299e-16,0.0
7386.5,2.6325101e-16,0.0
7388.0,3.11297e-16,0.0
7389.5,3.1037598e-16,0.0
7391.0,3.0029801e-16,0.0
7392.5,3.0092902e-16,0.0
7394.0,2.8594501e-16,0.0
7395.5,2.6648797e-16,0.0
7397.0,2.75648e-16,0.0
7398.5,2.7798901e-16,0.0
7400.0,2.72704e-16,0.0
7401.5,2.8699401e-16,0.0
7403.0,2.9985898e-16,0.0
7404.5,2.8215001e-16,0.0
7406.0,2.7119602e-16,0.0
7407.5,2.6757699e-16,0.0
7409.0,2.76168e-16,0.0
7410.5,2.6804302e-16,0.0
7412.0,2.6541002e-16,0.0
7413.5,2.6497599e-16,0.0
7415.0,2.8154298e-16,0.0
7416.5,2.7207e-16,0.0
7418.0,2.47453e-16,0.0
7419.5,2.6420599e-16,0.0
7421.0,2.7705e-16,0.0
7422.5,2.68072e-16,0.0
7424.0,2.8466901e-16,0.0
7425.5,3.0021301e-16,0.0
7427.0,2.9706697e-16,0.0
7428.5,2.8015001e-16,0.0
7430.0,2.6886499e-16,0.0
7431.5,2.81605e-16,0.0
7433.0,2.6317798e-16,0.0
7434.5,2.4832801e-16,0.0
7436.0,2.9088101e-16,0.0
7437.5,2.7728899e-16,0.0
7439.0,2.6215e-16,0.0
7440.5,2.9100799e-16,0.0
7442.0,2.6120101e-16,0.0
7443.5,2.8002398e-16,0.0
7445.0,2.7682302e-16,0.0
7446.5,2.687e-16,0.0
7448.0,2.70115e-16,0.0
7449.5,2.74671e-16,0.0
7451.0,2.79633e-16,0.0
7452.5,3.0943098e-16,0.0
7454.0,2.7619299e-16,0.0
7455.5,2.6410699e-16,0.0
7457.0,2.8104601e-16,0.0
7458.5,2.7785899e-16,0.0
7460.0,2.93272e-16,0.0
7461.5,2.7940602e-16,0.0
7463.0,2.6491202e-16,0.0
7464.5,2.8633999e-16,0.0
7466.0,2.5197398e-16,0.0
7467.5,2.43147e-16,0.0
7469.0,2.7809e-16,0.0
7470.5,2.6572901e-16,0.0
7472.0,2.66439e-16,0.0
7473.5,2.5777301e-16,0.0
7475.0,2.6802502e-16,0.0
7476.5,2.4507202e-16,0.0
7478.0,2.6247502e-16,0.0
7479.5,2.7458998e-16,0.0
7481.0,2.6248601e-16,0.0
7482.5,2.5687301e-16,0.0
7484.0,2.49384e-16,0.0
7485.5,2.67307e-16,0.0
7487.0,2.6841198e-16,0.0
7488.5,2.6362699e-16,0.0
7490.0,2.5475e-16,0.0
7491.5,2.77751e-16,0.0
7493.0,2.69889e-16,0.0
7494.5,2.8010601e-16,0.0
7496.0,2.8474201e-16,0.0
7497.5,2.7920601e-16,0.0
7499.0,2.92856e-16,0.0
7500.5,2.9795599e-16,0.0
7502.0,2.7411299e-16,0.0
7503.5,2.3774701e-16,0.0
7505.0,2.73961e-16,0.0
7506.5,2.76032e-16,0.0
7508.0,2.7324301e-16,0.0
7509.5,2.92737e-16,0.0
7511.0,2.6548498e-16,0.0
7512.5,2.6959701e-16,0.0
7514.0,2.82805e-16,0.0
7515.5,2.6167399e-16,0.0
7517.0,2.20826e-16,0.0
7518.5,2.4080501e-16,0.0
7520.0,2.7927801e-16,0.0
7521.5,2.53193e-16,0.0
