3720.0,3.45319e-16,0.0
3721.5,1.97816e-16,0.0
3723.0,4.78214e-16,0.0
3724.5,6.3544295e-16,0.0
3726.0,5.93654e-16,0.0
3727.5,6.8672799e-16,0.0
3729.0,7.1630299e-16,0.0
3730.5,5.6008704e-16,0.0
3732.0,3.0373e-16,0.0
3733.5,2.65552e-16,0.0
3735.0,3.48752e-16,0.0
3736.5,4.0400901e-16,0.0
3738.0,6.45267e-16,0.0
3739.5,4.89062e-16,0.0
3741.0,3.3625098e-16,0.0
3742.5,4.45898e-16,0.0
3744.0,2.9208698e-16,0.0
3745.5,3.2819102e-16,0.0
3747.0,5.0914002e-16,0.0
3748.5,6.0289105e-16,0.0
3750.0,4.6195001e-16,0.0
3751.5,2.7981e-16,0.0
3753.0,2.6484399e-16,0.0
3754.5,3.6591199e-16,0.0
3756.0,2.92105e-16,0.0
3757.5,1.6274101e-16,0.0
3759.0,2.03971e-16,0.0
3760.5,3.8586001e-16,0.0
3762.0,4.4115901e-16,0.0
3763.5,3.7185202e-16,0.0
3765.0,1.8445299e-16,0.0
3766.5,2.5388301e-16,0.0
3768.0,4.0423398e-16,0.0
3769.5,2.32734e-16,0.0
3771.0,2.2902199e-16,0.0
3772.5,1.8410801e-16,0.0
3774.0,2.1890099e-16,0.0
3775.5,2.9863502e-16,0.0
3777.0,3.17906e-16,0.0
3778.5,2.60037e-16,0.0
3780.0,3.0664901e-16,0.0
3781.5,2.5880001e-16,0.0
3783.0,2.3997899e-16,0.0
3784.5,3.3896901e-16,0.0
3786.0,2.1951e-16,0.0
3787.5,1.8865601e-16,0.0
3789.0,3.2576e-16,0.0
3790.5,2.3683801e-16,0.0
3792.0,3.9759001e-16,0.0
3793.5,4.7303e-16,0.0
3795.0,3.8804501e-16,0.0
3796.5,2.9657702e-16,0.0
3798.0,3.1280501e-16,0.0
3799.5,4.40063e-16,0.0
3801.0,3.18752e-16,0.0
3802.5,2.4049301e-16,0.0
3804.0,3.6560099e-16,0.0
3805.5,2.8372801e-16,0.0
3807.0,2.0427101e-16,0.0
3808.5,4.0801201e-16,0.0
3810.0,4.8628701e-16,0.0
3811.5,4.0861698e-16,0.0
3813.0,3.2301001e-16,0.0
3814.5,3.7263798e-16,0.0
3816.0,3.1355701e-16,0.0
3817.5,2.9339202e-16,0.0
3819.0,5.3374204e-16,0.0
3820.5,3.8658499e-16,0.0
3822.0,1.9390499e-16,0.0
3823.5,3.1031002e-16,0.0
3825.0,2.58183e-16,0.0
3826.5,2.5356799e-16,0.0
3828.0,2.9624302e-16,0.0
3829.5,3.2239699e-16,0.0
3831.0,3.4675898e-16,0.0
3832.5,2.8266e-16,0.0
3834.0,2.9190399e-16,0.0
3835.5,3.7989801e-16,0.0
3837.0,3.64222e-16,0.0
3838.5,4.4031901e-16,0.0
3840.0,4.6828698e-16,0.0
3841.5,4.5541997e-16,0.0
3843.0,5.7235001e-16,0.0
3844.5,5.4886104e-16,0.0
3846.0,5.4532897e-16,0.0
3847.5,4.8432402e-16,0.0
3849.0,4.9967601e-16,0.0
3850.5,3.94431e-16,0.0
3852.0,4.71076e-16,0.0
3853.5,3.91078e-16,0.0
3855.0,4.5807499e-16,0.0
3856.5,4.8233799e-16,0.0
3858.0,4.8126602e-16,0.0
3859.5,4.26574e-16,0.0
3861.0,4.5163601e-16,0.0
3862.5,5.9750302e-16,0.0
3864.0,6.3561098e-16,0.0
3865.5,6.0005497e-16,0.0
3867.0,4.8630697e-16,0.0
3868.5,4.5419701e-16,0.0
3870.0,5.8786702e-16,0.0
3871.5,5.1770198e-16,0.0
3873.0,5.0225502e-16,0.0
3874.5,5.9055698e-16,0.0
3876.0,6.0455801e-16,0.0
3877.5,5.8358299e-16,0.0
3879.0,5.7387202e-16,0.0
3880.5,5.9726204e-16,0.0
3882.0,6.4626401e-16,0.0
3883.5,6.5981103e-16,0.0
3885.0,6.4795702e-16,0.0
3886.5,6.4107604e-16,0.0
3888.0,6.85879e-16,0.0
3889.5,6.2772299e-16,0.0
3891.0,5.2922497e-16,0.0
3892.5,5.6903303e-16,0.0
3894.0,5.5757897e-16,0.0
3895.5,5.3732197e-16,0.0
3897.0,5.6505197e-16,0.0
3898.5,5.2501098e-16,0.0
3900.0,5.4477501e-16,0.0
3901.5,5.9247498e-16,0.0
3903.0,6.68826e-16,0.0
3904.5,7.2167699e-16,0.0
3906.0,7.7240702e-16,0.0
3907.5,8.10764e-16,0.0
3909.0,6.94022e-16,0.0
3910.5,6.5158999e-16,0.0
3912.0,6.86593e-16,0.0
3913.5,6.3811201e-16,0.0
3915.0,5.9853397e-16,0.0
3916.5,7.5060703e-16,0.0
3918.0,6.2676198e-16,0.0
3919.5,5.8151602e-16,0.0
3921.0,7.28354e-16,0.0
3922.5,7.21135e-16,0.0
3924.0,6.87454e-16,0.0
3925.5,6.6251598e-16,0.0
3927.0,6.6847803e-16,0.0
3928.5,6.7068498e-16,0.0
3930.0,7.57016e-16,0.0
3931.5,7.5812398e-16,0.0
3933.0,7.50013e-16,0.0
3934.5,7.9473798e-16,0.0
3936.0,8.3536999e-16,0.0
3937.5,7.7194501e-16,0.0
3939.0,8.64023e-16,0.0
3940.5,8.5707405e-16,0.0
3942.0,8.4619804e-16,0.0
3943.5,8.8572298e-16,0.0
3945.0,8.1978204e-16,0.0
3946.5,8.7734995e-16,0.0
3948.0,8.88567e-16,0.0
3949.5,7.5410401e-16,0.0
3951.0,8.2428201e-16,0.0
3952.5,9.2281402e-16,0.0
3954.0,8.33263e-16,0.0
3955.5,8.4841398e-16,0.0
3957.0,9.5667999e-16,0.0
3958.5,1.01336e-15,0.0
3960.0,9.8231004e-16,0.0
3961.5,9.15084e-16,0.0
3963.0,8.7715699e-16,0.0
3964.5,9.53986e-16,0.0
3966.0,9.34716e-16,0.0
3967.5,8.5900703e-16,0.0
3969.0,9.7439102e-16,0.0
3970.5,1.01406e-15,0.0
3972.0,9.2942797e-16,0.0
3973.5,9.7822596e-16,0.0
3975.0,9.5054906e-16,0.0
3976.5,7.5593e-16,0.0
3978.0,8.7347901e-16,0.0
3979.5,1.04524e-15,0.0
3981.0,1.0158e-15,0.0
3982.5,8.5377596e-16,0.0
3984.0,9.7922197e-16,0.0
3985.5,9.3690198e-16,0.0
3987.0,9.1199e-16,0.0
3988.5,9.3890299e-16,0.0
3990.0,9.8176e-16,0.0
3991.5,1.01723e-15,0.0
3993.0,9.30284e-16,0.0
3994.5,9.9115094e-16,0.0
3996.0,8.5764002e-16,0.0
3997.5,7.5985499e-16,0.0
3999.0,8.6313499e-16,0.0
4000.5,9.0714508e-16,0.0
4002.0,8.50109e-16,0.0
4003.5,8.5723101e-16,0.0
4005.0,7.7378e-16,0.0
4006.5,8.0050098e-16,0.0
4008.0,9.5462403e-16,0.0
4009.5,6.7873899e-16,0.0
4011.0,6.6354105e-16,0.0
4012.5,6.25816e-16,0.0
4014.0,7.14405e-16,0.0
4015.5,8.4123199e-16,0.0
4017.0,8.4177901e-16,0.0
4018.5,6.8774401e-16,0.0
4020.0,7.8484898e-16,0.0
4021.5,9.3513697e-16,0.0
4023.0,7.5473304e-16,0.0
4024.5,7.2820502e-16,0.0
4026.0,7.84926e-16,0.0
4027.5,7.40216e-16,0.0
4029.0,8.17558e-16,0.0
4030.5,7.66487e-16,0.0
4032.0,7.36849e-16,0.0
4033.5,8.1711696e-16,0.0
4035.0,9.2831995e-16,0.0
4036.5,9.2798802e-16,0.0
4038.0,8.1426802e-16,0.0
4039.5,7.2844399e-16,0.0
4041.0,7.8149499e-16,0.0
4042.5,8.8878204e-16,0.0
4044.0,7.8524899e-16,0.0
4045.5,6.7567199e-16,0.0
4047.0,7.7785201e-16,0.0
4048.5,7.5837602e-16,0.0
4050.0,6.5323197e-16,0.0
4051.5,6.6359801e-16,0.0
4053.0,7.0421901e-16,0.0
4054.5,7.0341703e-16,0.0
4056.0,6.87769e-16,0.0
4057.5,6.54559e-16,0.0
4059.0,7.7702599e-16,0.0
4060.5,8.8790901e-16,0.0
4062.0,7.43129e-16,0.0
4063.5,7.4498199e-16,0.0
4065.0,7.4743405e-16,0.0
4066.5,7.1614804e-16,0.0
4068.0,7.78376e-16,0.0
4069.5,7.6070398e-16,0.0
4071.0,7.6844798e-16,0.0
4072.5,7.8973e-16,0.0
4074.0,6.9961401e-16,0.0
4075.5,7.4555099e-16,0.0
4077.0,7.5879303e-16,0.0
4078.5,7.9505302e-16,0.0
4080.0,8.7074002e-16,0.0
4081.5,7.84899e-16,0.0
4083.0,6.9392597e-16,0.0
4084.5,6.8563998e-16,0.0
4086.0,7.8479e-16,0.0
4087.5,8.1816898e-16,0.0
4089.0,8.2720999e-16,0.0
4090.5,7.6938602e-16,0.0
4092.0,8.3334204e-16,0.0
4093.5,9.9459604e-16,0.0
4095.0,9.0302998e-16,0.0
4096.5,8.2296504e-16,0.0
4098.0,8.74237e-16,0.0
4099.5,9.7010599e-16,0.0
4101.0,9.5512399e-16,0.0
4102.5,8.6517401e-16,0.0
4104.0,7.7407202e-16,0.0
4105.5,7.7069701e-16,0.0
4107.0,8.9620099e-16,0.0
4108.5,1.0486701e-15,0.0
4110.0,9.9250599e-16,0.0
4111.5,9.4367803e-16,0.0
4113.0,9.5880096e-16,0.0
4114.5,9.0634103e-16,0.0
4116.0,8.5232002e-16,0.0
4117.5,8.2954103e-16,0.0
4119.0,7.6841802e-16,0.0
4120.5,8.6160901e-16,0.0
4122.0,9.0834098e-16,0.0
4123.5,8.7638597e-16,0.0
4125.0,8.7103601e-16,0.0
4126.5,9.4324996e-16,0.0
4128.0,9.5151107e-16,0.0
4129.5,9.2343299e-16,0.0
4131.0,9.0645305e-16,0.0
4132.5,9.8469401e-16,0.0
4134.0,1.0358699e-15,0.0
4135.5,9.55216e-16,0.0
4137.0,1.0515601e-15,0.0
4138.5,1.0310301e-15,0.0
4140.0,9.7829902e-16,0.0
4141.5,1.01204e-15,0.0
4143.0,1.0565799e-15,0.0
4144.5,1.04025e-15,0.0
4146.0,9.3790603e-16,0.0
4147.5,9.7950604e-16,0.0
4149.0,1.1038701e-15,0.0
4150.5,1.03847e-15,0.0
4152.0,9.8709302e-16,0.0
4153.5,9.7528199e-16,0.0
4155.0,1.12408e-15,0.0
4156.5,1.0457501e-15,0.0
4158.0,9.8538106e-16,0.0
4159.5,1.12262e-15,0.0
4161.0,1.0871001e-15,0.0
4162.5,1.05746e-15,0.0
4164.0,1.1289001e-15,0.0
4165.5,1.13818e-15,0.0
4167.0,1.10056e-15,0.0
4168.5,1.0797e-15,0.0
4170.0,1.1252e-15,0.0
4171.5,1.19149e-15,0.0
4173.0,1.2479e-15,0.0
4174.5,1.1794099e-15,0.0
4176.0,1.16561e-15,0.0
4177.5,1.24275e-15,0.0
4179.0,1.2394201e-15,0.0
4180.5,1.12537e-15,0.0
4182.0,1.12691e-15,0.0
4183.5,1.2281601e-15,0.0
4185.0,1.24481e-15,0.0
4186.5,1.19749e-15,0.0
4188.0,1.10724e-15,0.0
4189.5,1.1122399e-15,0.0
4191.0,1.16756e-15,0.0
4192.5,1.12772e-15,0.0
4194.0,1.15813e-15,0.0
4195.5,1.18507e-15,0.0
4197.0,1.1621099e-15,0.0
4198.5,1.2056101e-15,0.0
4200.0,1.25904e-15,0.0
4201.5,1.29099e-15,0.0
4203.0,1.2333e-15,0.0
4204.5,1.11564e-15,0.0
4206.0,1.09204e-15,0.0
4207.5,1.01818e-15,0.0
4209.0,1.06611e-15,0.0
4210.5,1.03418e-15,0.0
4212.0,9.3215097e-16,0.0
4213.5,1.11606e-15,0.0
4215.0,1.15244e-15,0.0
4216.5,1.05309e-15,0.0
4218.0,1.16497e-15,0.0
4219.5,1.10625e-15,0.0
4221.0,1.10118e-15,0.0
4222.5,1.15419e-15,0.0
4224.0,1.13762e-15,0.0
4225.5,1.2266099e-15,0.0
4227.0,1.17785e-15,0.0
4228.5,1.07366e-15,0.0
4230.0,1.05197e-15,0.0
4231.5,1.13903e-15,0.0
4233.0,1.11378e-15,0.0
4234.5,1.0114e-15,0.0
4236.0,9.7719301e-16,0.0
4237.5,1.03317e-15,0.0
4239.0,1.0186599e-15,0.0
4240.5,1.02457e-15,0.0
4242.0,1.11175e-15,0.0
4243.5,1.16962e-15,0.0
4245.0,1.20807e-15,0.0
4246.5,1.16948e-15,0.0
4248.0,1.11848e-15,0.0
4249.5,1.18484e-15,0.0
4251.0,1.17539e-15,0.0
4252.5,1.0915e-15,0.0
4254.0,1.07444e-15,0.0
4255.5,1.10814e-15,0.0
4257.0,1.07542e-15,0.0
4258.5,1.0364799e-15,0.0
4260.0,1.02152e-15,0.0
4261.5,1.04732e-15,0.0
4263.0,1.04442e-15,0.0
4264.5,1.08784e-15,0.0
4266.0,1.0020601e-15,0.0
4267.5,1.0119701e-15,0.0
4269.0,1.10007e-15,0.0
4270.5,1.08829e-15,0.0
4272.0,1.05329e-15,0.0
4273.5,1.06901e-15,0.0
4275.0,1.00885e-15,0.0
4276.5,9.7299903e-16,0.0
4278.0,1.04127e-15,0.0
4279.5,1.04798e-15,0.0
4281.0,1.0255801e-15,0.0
4282.5,9.9779602e-16,0.0
4284.0,1.12406e-15,0.0
4285.5,1.10749e-15,0.0
4287.0,9.8805303e-16,0.0
4288.5,1.05247e-15,0.0
4290.0,1.0036599e-15,0.0
4291.5,1.0122e-15,0.0
4293.0,9.7123402e-16,0.0
4294.5,9.7796497e-16,0.0
4296.0,1.0787899e-15,0.0
4297.5,1.0753699e-15,0.0
4299.0,9.8513902e-16,0.0
4300.5,9.9966701e-16,0.0
4302.0,9.9763699e-16,0.0
4303.5,9.2981199e-16,0.0
4305.0,9.7089203e-16,0.0
4306.5,9.6745403e-16,0.0
4308.0,9.9369194e-16,0.0
4309.5,1.04053e-15,0.0
4311.0,1.01333e-15,0.0
4312.5,9.8962893e-16,0.0
4314.0,9.3504401e-16,0.0
4315.5,8.4653701e-16,0.0
4317.0,7.6941302e-16,0.0
4318.5,8.2317002e-16,0.0
4320.0,8.3237398e-16,0.0
4321.5,7.9479404e-16,0.0
4323.0,8.5863301e-16,0.0
4324.5,9.1391996e-16,0.0
4326.0,9.1794305e-16,0.0
4327.5,8.7341998e-16,0.0
4329.0,8.53239e-16,0.0
4330.5,8.4242699e-16,0.0
4332.0,8.3231903e-16,0.0
4333.5,8.5847001e-16,0.0
4335.0,9.2423894e-16,0.0
4336.5,9.2927805e-16,0.0
4338.0,8.0599701e-16,0.0
4339.5,7.6630801e-16,0.0
4341.0,7.5640397e-16,0.0
4342.5,7.7035397e-16,0.0
4344.0,7.2420105e-16,0.0
4345.5,7.9971303e-16,0.0
4347.0,8.6315696e-16,0.0
4348.5,7.8137201e-16,0.0
4350.0,7.92199e-16,0.0
4351.5,7.67039e-16,0.0
4353.0,8.20235e-16,0.0
4354.5,7.4562002e-16,0.0
4356.0,6.5191901e-16,0.0
4357.5,7.1192002e-16,0.0
4359.0,8.1440402e-16,0.0
4360.5,7.6841098e-16,0.0
4362.0,6.91959e-16,0.0
4363.5,5.88e-16,0.0
4365.0,6.6117502e-16,0.0
4366.5,7.1693202e-16,0.0
4368.0,7.0699198e-16,0.0
4369.5,7.1861799e-16,0.0
4371.0,6.93071e-16,0.0
4372.5,6.8486701e-16,0.0
4374.0,7.1314901e-16,0.0
4375.5,7.6098599e-16,0.0
4377.0,7.2476602e-16,0.0
4378.5,6.7486201e-16,0.0
4380.0,6.7374599e-16,0.0
4381.5,6.2937301e-16,0.0
4383.0,6.2006703e-16,0.0
4384.5,6.3999401e-16,0.0
4386.0,6.4535303e-16,0.0
4387.5,6.1807401e-16,0.0
4389.0,6.0864902e-16,0.0
4390.5,6.2435699e-16,0.0
4392.0,5.8339902e-16,0.0
4393.5,5.7231401e-16,0.0
4395.0,5.9953802e-16,0.0
4396.5,6.0284102e-16,0.0
4398.0,5.5679001e-16,0.0
4399.5,5.0838102e-16,0.0
4401.0,5.3796397e-16,0.0
4402.5,5.7578097e-16,0.0
4404.0,6.45095e-16,0.0
4405.5,6.52332e-16,0.0
4407.0,7.2000802e-16,0.0
4408.5,7.35421e-16,0.0
4410.0,6.7392202e-16,0.0
4411.5,6.9788998e-16,0.0
4413.0,7.1667701e-16,0.0
4414.5,6.5324901e-16,0.0
4416.0,6.0224403e-16,0.0
4417.5,6.5781097e-16,0.0
4419.0,6.9956102e-16,0.0
4420.5,5.6928004e-16,0.0
4422.0,5.8817502e-16,0.0
4423.5,6.9725502e-16,0.0
4425.0,7.1773305e-16,0.0
4426.5,7.7278003e-16,0.0
4428.0,7.2744603e-16,0.0
4429.5,6.8975105e-16,0.0
4431.0,5.8946399e-16,0.0
4432.5,6.8574797e-16,0.0
4434.0,7.0887499e-16,0.0
4435.5,7.3732799e-16,0.0
4437.0,7.3424299e-16,0.0
4438.5,6.6992799e-16,0.0
4440.0,5.9571102e-16,0.0
4441.5,6.7434003e-16,0.0
4443.0,6.9581099e-16,0.0
4444.5,7.2141997e-16,0.0
4446.0,7.4644498e-16,0.0
4447.5,7.9736399e-16,0.0
4449.0,8.21873e-16,0.0
4450.5,8.4828698e-16,0.0
4452.0,7.70414e-16,0.0
4453.5,7.5425499e-16,0.0
4455.0,7.7920001e-16,0.0
4456.5,7.7777705e-16,0.0
4458.0,8.3268897e-16,0.0
4459.5,7.9986899e-16,0.0
4461.0,7.5725e-16,0.0
4462.5,7.60101e-16,0.0
4464.0,7.6728802e-16,0.0
4465.5,7.5633504e-16,0.0
4467.0,7.4175104e-16,0.0
4468.5,7.02398e-16,0.0
4470.0,7.5011703e-16,0.0
4471.5,8.3929599e-16,0.0
4473.0,7.5924402e-16,0.0
4474.5,7.8602302e-16,0.0
4476.0,7.9792102e-16,0.0
4477.5,8.0351197e-16,0.0
4479.0,8.3232999e-16,0.0
4480.5,8.2797905e-16,0.0
4482.0,8.79846e-16,0.0
4483.5,8.5967497e-16,0.0
4485.0,8.2836699e-16,0.0
4486.5,8.6946201e-16,0.0
4488.0,9.1396306e-16,0.0
4489.5,9.2307798e-16,0.0
4491.0,9.1728501e-16,0.0
4492.5,9.5278903e-16,0.0
4494.0,8.8792002e-16,0.0
4495.5,8.6271502e-16,0.0
4497.0,8.7666999e-16,0.0
4498.5,8.82243e-16,0.0
4500.0,9.5163103e-16,0.0
4501.5,9.8056504e-16,0.0
4503.0,9.4919899e-16,0.0
4504.5,9.6054902e-16,0.0
4506.0,9.6042906e-16,0.0
4507.5,1.0086401e-15,0.0
4509.0,1.0023599e-15,0.0
4510.5,9.22621e-16,0.0
4512.0,9.7644899e-16,0.0
4513.5,9.8520795e-16,0.0
4515.0,9.4585702e-16,0.0
4516.5,9.6880103e-16,0.0
4518.0,1.01737e-15,0.0
4519.5,9.5959696e-16,0.0
4521.0,9.7522704e-16,0.0
4522.5,9.9148605e-16,0.0
4524.0,9.9937807e-16,0.0
4525.5,1.03706e-15,0.0
4527.0,9.9950798e-16,0.0
4528.5,9.73004e-16,0.0
4530.0,9.8592105e-16,0.0
4531.5,9.8849899e-16,0.0
4533.0,1.08542e-15,0.0
4534.5,1.1271699e-15,0.0
4536.0,1.06662e-15,0.0
4537.5,1.00323e-15,0.0
4539.0,1.04948e-15,0.0
4540.5,1.12707e-15,0.0
4542.0,1.0765701e-15,0.0
4543.5,1.02177e-15,0.0
4545.0,1.0398299e-15,0.0
4546.5,1.08607e-15,0.0
4548.0,1.1291e-15,0.0
4549.5,1.13201e-15,0.0
4551.0,1.10607e-15,0.0
4552.5,1.1120501e-15,0.0
4554.0,1.12638e-15,0.0
4555.5,1.09105e-15,0.0
4557.0,1.12771e-15,0.0
4558.5,1.1654101e-15,0.0
4560.0,1.1550899e-15,0.0
4561.5,1.19458e-15,0.0
4563.0,1.23864e-15,0.0
4564.5,1.29312e-15,0.0
4566.0,1.1898001e-15,0.0
4567.5,1.14486e-15,0.0
4569.0,1.25667e-15,0.0
4570.5,1.2762299e-15,0.0
4572.0,1.25568e-15,0.0
4573.5,1.24941e-15,0.0
4575.0,1.26429e-15,0.0
4576.5,1.2685601e-15,0.0
4578.0,1.2252601e-15,0.0
4579.5,1.30483e-15,0.0
4581.0,1.2270699e-15,0.0
4582.5,1.2991199e-15,0.0
4584.0,1.39244e-15,0.0
4585.5,1.33038e-15,0.0
4587.0,1.32198e-15,0.0
4588.5,1.32549e-15,0.0
4590.0,1.3083301e-15,0.0
4591.5,1.28773e-15,0.0
4593.0,1.26963e-15,0.0
4594.5,1.2948999e-15,0.0
4596.0,1.28034e-15,0.0
4597.5,1.30826e-15,0.0
4599.0,1.36686e-15,0.0
4600.5,1.3973699e-15,0.0
4602.0,1.38797e-15,0.0
4603.5,1.3823901e-15,0.0
4605.0,1.42525e-15,0.0
4606.5,1.41466e-15,0.0
4608.0,1.3869999e-15,0.0
4609.5,1.33849e-15,0.0
4611.0,1.3388899e-15,0.0
4612.5,1.3481899e-15,0.0
4614.0,1.3221999e-15,0.0
4615.5,1.3006601e-15,0.0
4617.0,1.34071e-15,0.0
4618.5,1.38909e-15,0.0
4620.0,1.31136e-15,0.0
4621.5,1.1721801e-15,0.0
4623.0,1.21465e-15,0.0
4624.5,1.25442e-15,0.0
4626.0,1.2736501e-15,0.0
4627.5,1.2687301e-15,0.0
4629.0,1.25641e-15,0.0
4630.5,1.2604099e-15,0.0
4632.0,1.23565e-15,0.0
4633.5,1.20023e-15,0.0
4635.0,1.32574e-15,0.0
4636.5,1.36084e-15,0.0
4638.0,1.25134e-15,0.0
4639.5,1.2360801e-15,0.0
4641.0,1.13766e-15,0.0
4642.5,1.13573e-15,0.0
4644.0,1.2441601e-15,0.0
4645.5,1.21443e-15,0.0
4647.0,1.17783e-15,0.0
4648.5,1.18304e-15,0.0
4650.0,1.2420699e-15,0.0
4651.5,1.2461899e-15,0.0
4653.0,1.19081e-15,0.0
4654.5,1.1959301e-15,0.0
4656.0,1.2110199e-15,0.0
4657.5,1.1896401e-15,0.0
4659.0,1.1590001e-15,0.0
4660.5,1.23569e-15,0.0
4662.0,1.1481101e-15,0.0
4663.5,1.1154e-15,0.0
4665.0,1.11903e-15,0.0
4666.5,1.1652301e-15,0.0
4668.0,1.22428e-15,0.0
4669.5,1.2401701e-15,0.0
4671.0,1.13561e-15,0.0
4672.5,1.1332001e-15,0.0
4674.0,1.14634e-15,0.0
4675.5,1.06447e-15,0.0
4677.0,1.09729e-15,0.0
4678.5,1.16072e-15,0.0
4680.0,1.13652e-15,0.0
4681.5,1.08691e-15,0.0
4683.0,1.05549e-15,0.0
4684.5,1.06448e-15,0.0
4686.0,1.0898599e-15,0.0
4687.5,1.07624e-15,0.0
4689.0,1.07278e-15,0.0
4690.5,1.17604e-15,0.0
4692.0,1.11412e-15,0.0
4693.5,1.10416e-15,0.0
4695.0,1.10142e-15,0.0
4696.5,1.12965e-15,0.0
4698.0,1.07424e-15,0.0
4699.5,1.08262e-15,0.0
4701.0,1.08634e-15,0.0
4702.5,9.5589796e-16,0.0
4704.0,1.02526e-15,0.0
4705.5,1.05026e-15,0.0
4707.0,1.02723e-15,0.0
4708.5,1.08366e-15,0.0
4710.0,1.0518399e-15,0.0
4711.5,9.9729003e-16,0.0
4713.0,1.01762e-15,0.0
4714.5,1.07412e-15,0.0
4716.0,1.02797e-15,0.0
4717.5,9.2562204e-16,0.0
4719.0,9.52675e-16,0.0
4720.5,1.0232199e-15,0.0
4722.0,1.00127e-15,0.0
4723.5,1.03049e-15,0.0
4725.0,1.0253399e-15,0.0
4726.5,9.81299e-16,0.0
4728.0,9.8510599e-16,0.0
4729.5,9.66353e-16,0.0
4731.0,9.79435e-16,0.0
4732.5,1.06439e-15,0.0
4734.0,9.5027398e-16,0.0
4735.5,9.3885704e-16,0.0
4737.0,9.3624405e-16,0.0
4738.5,8.6514701e-16,0.0
4740.0,8.8496001e-16,0.0
4741.5,9.2343098e-16,0.0
4743.0,9.5760802e-16,0.0
4744.5,9.2152399e-16,0.0
4746.0,8.3422999e-16,0.0
4747.5,8.9989606e-16,0.0
4749.0,9.91622e-16,0.0
4750.5,9.8443906e-16,0.0
4752.0,9.2568504e-16,0.0
4753.5,8.6875601e-16,0.0
4755.0,9.4454296e-16,0.0
4756.5,1.0008399e-15,0.0
4758.0,9.9775103e-16,0.0
4759.5,9.2217504e-16,0.0
4761.0,8.7204403e-16,0.0
4762.5,9.0373799e-16,0.0
4764.0,9.0449397e-16,0.0
4765.5,8.74319e-16,0.0
4767.0,8.6749901e-16,0.0
4768.5,8.5195797e-16,0.0
4770.0,8.4762598e-16,0.0
4771.5,8.3405296e-16,0.0
4773.0,8.3306098e-16,0.0
4774.5,8.8489098e-16,0.0
4776.0,8.1627501e-16,0.0
4777.5,8.3856304e-16,0.0
4779.0,8.58341e-16,0.0
4780.5,9.1382404e-16,0.0
4782.0,8.4094103e-16,0.0
4783.5,8.2937199e-16,0.0
4785.0,8.7601799e-16,0.0
4786.5,8.8073099e-16,0.0
4788.0,8.5052198e-16,0.0
4789.5,8.5756998e-16,0.0
4791.0,8.43794e-16,0.0
4792.5,8.7681701e-16,0.0
4794.0,7.9158998e-16,0.0
4795.5,8.1955599e-16,0.0
4797.0,8.03753e-16,0.0
4798.5,8.0470698e-16,0.0
4800.0,7.6010503e-16,0.0
4801.5,8.0251099e-16,0.0
4803.0,8.2364499e-16,0.0
4804.5,7.7886898e-16,0.0
4806.0,7.3694201e-16,0.0
4807.5,7.4242501e-16,0.0
4809.0,8.0916798e-16,0.0
4810.5,8.4852997e-16,0.0
4812.0,8.6147602e-16,0.0
4813.5,8.6414804e-16,0.0
4815.0,8.4380697e-16,0.0
4816.5,8.1812202e-16,0.0
4818.0,8.0860402e-16,0.0
4819.5,8.4625299e-16,0.0
4821.0,8.4386896e-16,0.0
4822.5,8.7082303e-16,0.0
4824.0,8.5695001e-16,0.0
4825.5,8.2365696e-16,0.0
4827.0,8.5680003e-16,0.0
4828.5,8.7894301e-16,0.0
4830.0,8.1728901e-16,0.0
4831.5,8.1265098e-16,0.0
4833.0,8.45051e-16,0.0
4834.5,8.81177e-16,0.0
4836.0,8.8385199e-16,0.0
4837.5,8.4733597e-16,0.0
4839.0,8.6010304e-16,0.0
4840.5,8.73939e-16,0.0
4842.0,8.1214901e-16,0.0
4843.5,8.0550303e-16,0.0
4845.0,8.4341299e-16,0.0
4846.5,8.5797698e-16,0.0
4848.0,8.1487402e-16,0.0
4849.5,7.8094204e-16,0.0
4851.0,8.1604599e-16,0.0
4852.5,8.2946003e-16,0.0
4854.0,8.9463196e-16,0.0
4855.5,7.7789097e-16,0.0
4857.0,8.52009e-16,0.0
4858.5,7.8472499e-16,0.0
4860.0,8.1298603e-16,0.0
4861.5,8.0127501e-16,0.0
4863.0,8.64873e-16,0.0
4864.5,8.4906e-16,0.0
4866.0,8.1355799e-16,0.0
4867.5,7.4722398e-16,0.0
4869.0,7.2628401e-16,0.0
4870.5,7.8062805e-16,0.0
4872.0,8.7794499e-16,0.0
4873.5,9.2022697e-16,0.0
4875.0,8.2035898e-16,0.0
4876.5,7.5926604e-16,0.0
4878.0,7.6765003e-16,0.0
4879.5,8.4341903e-16,0.0
4881.0,8.6072201e-16,0.0
4882.5,8.1257099e-16,0.0
4884.0,7.8344603e-16,0.0
4885.5,8.1730903e-16,0.0
4887.0,7.82727e-16,0.0
4888.5,7.99546e-16,0.0
4890.0,8.1636697e-16,0.0
4891.5,8.1510505e-16,0.0
4893.0,8.49196e-16,0.0
4894.5,8.4501399e-16,0.0
4896.0,8.4073902e-16,0.0
4897.5,8.2886901e-16,0.0
4899.0,7.9996597e-16,0.0
4900.5,8.2556897e-16,0.0
4902.0,7.8688699e-16,0.0
4903.5,7.81044e-16,0.0
4905.0,8.2424601e-16,0.0
4906.5,7.6306599e-16,0.0
4908.0,7.5083399e-16,0.0
4909.5,8.04837e-16,0.0
4911.0,7.51841e-16,0.0
4912.5,7.88544e-16,0.0
4914.0,7.8873702e-16,0.0
4915.5,7.4089702e-16,0.0
4917.0,7.71627e-16,0.0
4918.5,8.0384803e-16,0.0
4920.0,8.0146099e-16,0.0
4921.5,8.1781402e-16,0.0
4923.0,8.68647e-16,0.0
4924.5,8.3370901e-16,0.0
4926.0,8.0186402e-16,0.0
4927.5,7.1075398e-16,0.0
4929.0,7.2202497e-16,0.0
4930.5,8.12238e-16,0.0
4932.0,7.60996e-16,0.0
4933.5,8.2239196e-16,0.0
4935.0,7.8272303e-16,0.0
4936.5,7.9241298e-16,0.0
4938.0,7.1648998e-16,0.0
4939.5,7.4916898e-16,0.0
4941.0,6.9146598e-16,0.0
4942.5,7.2360897e-16,0.0
4944.0,6.7861098e-16,0.0
4945.5,6.9709202e-16,0.0
4947.0,7.6692401e-16,0.0
4948.5,7.3548596e-16,0.0
4950.0,7.6414199e-16,0.0
4951.5,8.0974301e-16,0.0
4953.0,7.7310905e-16,0.0
4954.5,7.20474e-16,0.0
4956.0,7.3948999e-16,0.0
4957.5,7.03348e-16,0.0
4959.0,7.0107599e-16,0.0
4960.5,7.3329998e-16,0.0
4962.0,7.5107597e-16,0.0
4963.5,7.2313204e-16,0.0
4965.0,6.6966801e-16,0.0
4966.5,6.9102197e-16,0.0
4968.0,7.0241102e-16,0.0
4969.5,6.8875499e-16,0.0
4971.0,7.3159601e-16,0.0
4972.5,7.5210401e-16,0.0
4974.0,7.0427603e-16,0.0
4975.5,6.5943405e-16,0.0
4977.0,6.5248197e-16,0.0
4978.5,6.8153695e-16,0.0
4980.0,7.4417001e-16,0.0
4981.5,6.96084e-16,0.0
4983.0,6.9382401e-16,0.0
4984.5,7.8694602e-16,0.0
4986.0,7.6043897e-16,0.0
4987.5,7.67547e-16,0.0
4989.0,7.9243204e-16,0.0
4990.5,7.3445703e-16,0.0
4992.0,6.8831703e-16,0.0
4993.5,6.3650201e-16,0.0
4995.0,6.8448801e-16,0.0
4996.5,6.81917e-16,0.0
4998.0,7.7591802e-16,0.0
4999.5,7.6266301e-16,0.0
5001.0,7.41256e-16,0.0
5002.5,7.0155102e-16,0.0
5004.0,7.0830001e-16,0.0
5005.5,6.9613498e-16,0.0
5007.0,7.09428e-16,0.0
5008.5,7.4250501e-16,0.0
5010.0,7.1354299e-16,0.0
5011.5,7.80384e-16,0.0
5013.0,7.83949e-16,0.0
5014.5,8.0552103e-16,0.0
5016.0,7.5878297e-16,0.0
5017.5,7.8009802e-16,0.0
5019.0,7.8377404e-16,0.0
5020.5,7.0503497e-16,0.0
5022.0,7.4386402e-16,0.0
5023.5,7.2859799e-16,0.0
5025.0,7.3341099e-16,0.0
5026.5,7.5503998e-16,0.0
5028.0,7.10595e-16,0.0
5029.5,6.9372702e-16,0.0
5031.0,7.6984601e-16,0.0
5032.5,8.0923405e-16,0.0
5034.0,7.8203201e-16,0.0
5035.5,7.6886801e-16,0.0
5037.0,7.4786799e-16,0.0
5038.5,7.5872399e-16,0.0
5040.0,7.9300098e-16,0.0
5041.5,7.4183797e-16,0.0
5043.0,7.2445299e-16,0.0
5044.5,7.46005e-16,0.0
5046.0,7.5436802e-16,0.0
5047.5,8.1214302e-16,0.0
5049.0,8.0651401e-16,0.0
5050.5,7.8875798e-16,0.0
5052.0,8.1264399e-16,0.0
5053.5,8.1556101e-16,0.0
5055.0,8.0047599e-16,0.0
5056.5,8.01237e-16,0.0
5058.0,7.7845901e-16,0.0
5059.5,7.2874898e-16,0.0
5061.0,7.7011299e-16,0.0
5062.5,7.86698e-16,0.0
5064.0,7.7906798e-16,0.0
5065.5,7.7937301e-16,0.0
5067.0,7.79678e-16,0.0
5068.5,7.7998298e-16,0.0
5070.0,7.8028797e-16,0.0
5071.5,7.8028797e-16,0.0
5073.0,7.3697399e-16,0.0
5074.5,7.9021699e-16,0.0
5076.0,8.4665602e-16,0.0
5077.5,8.39606e-16,0.0
5079.0,7.9076497e-16,0.0
5080.5,8.1200406e-16,0.0
5082.0,8.5585601e-16,0.0
5083.5,8.1233197e-16,0.0
5085.0,7.9071801e-16,0.0
5086.5,7.5041598e-16,0.0
5088.0,7.9849701e-16,0.0
5089.5,8.2156701e-16,0.0
5091.0,8.1935604e-16,0.0
5092.5,8.2581403e-16,0.0
5094.0,7.7971204e-16,0.0
5095.5,8.0521398e-16,0.0
5097.0,8.4206801e-16,0.0
5098.5,8.4542697e-16,0.0
5100.0,8.1355603e-16,0.0
5101.5,8.5344398e-16,0.0
5103.0,8.3556597e-16,0.0
5104.5,8.1107005e-16,0.0
5106.0,7.6053204e-16,0.0
5107.5,8.1106698e-16,0.0
5109.0,8.49665e-16,0.0
5110.5,8.1260699e-16,0.0
5112.0,7.6321501e-16,0.0
5113.5,8.3177e-16,0.0
5115.0,9.2707301e-16,0.0
5116.5,8.62521e-16,0.0
5118.0,8.5406798e-16,0.0
5119.5,8.26289e-16,0.0
5121.0,8.13459e-16,0.0
5122.5,8.3402702e-16,0.0
5124.0,9.0339505e-16,0.0
5125.5,8.8008502e-16,0.0
5127.0,8.2903e-16,0.0
5128.5,8.6098602e-16,0.0
5130.0,8.8181196e-16,0.0
5131.5,8.7827999e-16,0.0
5133.0,8.6130704e-16,0.0
5134.5,8.4371401e-16,0.0
5136.0,8.5281495e-16,0.0
5137.5,8.6538704e-16,0.0
5139.0,9.1837006e-16,0.0
5140.5,9.0146604e-16,0.0
5142.0,8.9921198e-16,0.0
5143.5,8.49358e-16,0.0
5145.0,8.4872103e-16,0.0
5146.5,8.6421501e-16,0.0
5148.0,8.8902397e-16,0.0
5149.5,9.0297905e-16,0.0
5151.0,8.8497902e-16,0.0
5152.5,8.5523302e-16,0.0
5154.0,8.8511004e-16,0.0
5155.5,8.7686201e-16,0.0
5157.0,8.9569499e-16,0.0
5158.5,9.2339699e-16,0.0
5160.0,9.3014202e-16,0.0
5161.5,9.7210403e-16,0.0
5163.0,9.3681802e-16,0.0
5164.5,1.0291899e-15,0.0
5166.0,9.7778e-16,0.0
5167.5,9.1736506e-16,0.0
5169.0,9.3140601e-16,0.0
5170.5,9.4968603e-16,0.0
5172.0,9.3688504e-16,0.0
5173.5,9.3583599e-16,0.0
5175.0,9.3358394e-16,0.0
5176.5,8.8894393e-16,0.0
5178.0,9.5078305e-16,0.0
5179.5,9.7568497e-16,0.0
5181.0,9.9439805e-16,0.0
5182.5,1.00921e-15,0.0
5184.0,9.6605696e-16,0.0
5185.5,9.9690304e-16,0.0
5187.0,9.8063895e-16,0.0
5188.5,9.1234999e-16,0.0
5190.0,9.9993002e-16,0.0
5191.5,1.0792101e-15,0.0
5193.0,1.03503e-15,0.0
5194.5,9.7226603e-16,0.0
5196.0,9.6607104e-16,0.0
5197.5,9.9859605e-16,0.0
5199.0,1.0735801e-15,0.0
5200.5,1.07455e-15,0.0
5202.0,1.02563e-15,0.0
5203.5,1.06094e-15,0.0
5205.0,1.05811e-15,0.0
5206.5,1.10441e-15,0.0
5208.0,1.06177e-15,0.0
5209.5,1.0548001e-15,0.0
5211.0,1.0462101e-15,0.0
5212.5,9.8256097e-16,0.0
5214.0,9.7060605e-16,0.0
5215.5,1.02014e-15,0.0
5217.0,1.00248e-15,0.0
5218.5,1.03425e-15,0.0
5220.0,9.86891e-16,0.0
5221.5,1.0869499e-15,0.0
5223.0,1.18438e-15,0.0
5224.5,1.12879e-15,0.0
5226.0,1.10256e-15,0.0
5227.5,1.0905499e-15,0.0
5229.0,1.07876e-15,0.0
5230.5,1.09425e-15,0.0
5232.0,1.1137201e-15,0.0
5233.5,1.07501e-15,0.0
5235.0,9.9050095e-16,0.0
5236.5,1.0218001e-15,0.0
5238.0,1.06121e-15,0.0
5239.5,1.10643e-15,0.0
5241.0,1.08271e-15,0.0
5242.5,1.05792e-15,0.0
5244.0,1.03622e-15,0.0
5245.5,1.07745e-15,0.0
5247.0,1.10152e-15,0.0
5248.5,1.0712599e-15,0.0
5250.0,1.0861899e-15,0.0
5251.5,1.05916e-15,0.0
5253.0,1.05803e-15,0.0
5254.5,1.05964e-15,0.0
5256.0,1.01449e-15,0.0
5257.5,1.01593e-15,0.0
5259.0,1.0724899e-15,0.0
5260.5,1.0726499e-15,0.0
5262.0,1.05667e-15,0.0
5263.5,1.06297e-15,0.0
5265.0,1.10253e-15,0.0
5266.5,1.07752e-15,0.0
5268.0,1.0789401e-15,0.0
5269.5,1.06758e-15,0.0
5271.0,1.02514e-15,0.0
5272.5,1.05395e-15,0.0
5274.0,1.0001001e-15,0.0
5275.5,9.40009e-16,0.0
5277.0,9.5300905e-16,0.0
5278.5,9.7371001e-16,0.0
5280.0,1.0175399e-15,0.0
5281.5,1.0073499e-15,0.0
5283.0,1.00272e-15,0.0
5284.5,1.07686e-15,0.0
5286.0,1.0642601e-15,0.0
5287.5,1.01818e-15,0.0
5289.0,1.07839e-15,0.0
5290.5,9.8494198e-16,0.0
5292.0,9.8083197e-16,0.0
5293.5,9.7744796e-16,0.0
5295.0,9.47517e-16,0.0
5296.5,1.00387e-15,0.0
5298.0,1.0268601e-15,0.0
5299.5,9.9663898e-16,0.0
5301.0,9.8720398e-16,0.0
5302.5,9.9075506e-16,0.0
5304.0,1.03865e-15,0.0
5305.5,1.03133e-15,0.0
5307.0,9.9312601e-16,0.0
5308.5,1.0700901e-15,0.0
5310.0,1.09843e-15,0.0
5311.5,1.04044e-15,0.0
5313.0,1.01089e-15,0.0
5314.5,9.7617604e-16,0.0
5316.0,9.6686503e-16,0.0
5317.5,9.83977e-16,0.0
5319.0,9.8161505e-16,0.0
5320.5,9.91622e-16,0.0
5322.0,1.0189299e-15,0.0
5323.5,1.01694e-15,0.0
5325.0,9.89569e-16,0.0
5326.5,9.6227305e-16,0.0
5328.0,1.0056699e-15,0.0
5329.5,1.02745e-15,0.0
5331.0,9.9980201e-16,0.0
5332.5,9.89477e-16,0.0
5334.0,9.9409502e-16,0.0
5335.5,9.7893599e-16,0.0
5337.0,9.48938e-16,0.0
5338.5,9.6014795e-16,0.0
5340.0,9.6276698e-16,0.0
5341.5,9.3476502e-16,0.0
5343.0,9.1641903e-16,0.0
5344.5,9.6271594e-16,0.0
5346.0,9.5390204e-16,0.0
5347.5,9.2039299e-16,0.0
5349.0,9.4565395e-16,0.0
5350.5,9.5984397e-16,0.0
5352.0,9.0311002e-16,0.0
5353.5,8.96673e-16,0.0
5355.0,9.27307e-16,0.0
5356.5,9.4513302e-16,0.0
5358.0,9.55099e-16,0.0
5359.5,9.2536602e-16,0.0
5361.0,8.7376499e-16,0.0
5362.5,8.8064703e-16,0.0
5364.0,9.0759601e-16,0.0
5365.5,9.1722201e-16,0.0
5367.0,9.0094797e-16,0.0
5368.5,9.6669403e-16,0.0
5370.0,9.6078704e-16,0.0
5371.5,8.6051999e-16,0.0
5373.0,8.7505899e-16,0.0
5374.5,8.7594001e-16,0.0
5376.0,8.2512703e-16,0.0
5377.5,8.3555004e-16,0.0
5379.0,7.9918496e-16,0.0
5380.5,7.6552302e-16,0.0
5382.0,8.7555202e-16,0.0
5383.5,9.1691804e-16,0.0
5385.0,8.9365099e-16,0.0
5386.5,9.2663403e-16,0.0
5388.0,9.5158e-16,0.0
5389.5,9.2789505e-16,0.0
5391.0,8.70148e-16,0.0
5392.5,8.5679103e-16,0.0
5394.0,8.94303e-16,0.0
5395.5,9.23235e-16,0.0
5397.0,9.6714698e-16,0.0
5398.5,9.6793504e-16,0.0
5400.0,9.2864298e-16,0.0
5401.5,8.9413793e-16,0.0
5403.0,9.1602399e-16,0.0
5404.5,9.3436596e-16,0.0
5406.0,9.0399401e-16,0.0
5407.5,8.8147198e-16,0.0
5409.0,8.8885001e-16,0.0
5410.5,8.9622904e-16,0.0
5412.0,9.0360808e-16,0.0
5413.5,9.0360808e-16,0.0
5415.0,9.1639997e-16,0.0
5416.5,9.7365199e-16,0.0
5418.0,9.6168997e-16,0.0
5419.5,9.6626798e-16,0.0
5421.0,1.00233e-15,0.0
5422.5,1.01574e-15,0.0
5424.0,9.8358705e-16,0.0
5425.5,9.4513397e-16,0.0
5427.0,9.2522499e-16,0.0
5428.5,9.6150394e-16,0.0
5430.0,9.2769801e-16,0.0
5431.5,9.0965801e-16,0.0
5433.0,9.2637399e-16,0.0
5434.5,9.1411298e-16,0.0
5436.0,9.3022799e-16,0.0
5437.5,9.0257703e-16,0.0
5439.0,8.5128405e-16,0.0
5440.5,8.9636902e-16,0.0
5442.0,9.4940503e-16,0.0
5443.5,9.15518e-16,0.0
5445.0,9.2336904e-16,0.0
5446.5,9.3083203e-16,0.0
5448.0,9.0191105e-16,0.0
5449.5,9.4037301e-16,0.0
5451.0,9.6088402e-16,0.0
5452.5,9.21697e-16,0.0
5454.0,9.5984598e-16,0.0
5455.5,9.5088702e-16,0.0
5457.0,9.7237498e-16,0.0
5458.5,9.9537902e-16,0.0
5460.0,9.4748904e-16,0.0
5461.5,9.6356001e-16,0.0
5463.0,9.4774802e-16,0.0
5464.5,9.6654803e-16,0.0
5466.0,9.7717003e-16,0.0
5467.5,9.3791397e-16,0.0
5469.0,9.0938897e-16,0.0
5470.5,9.4303301e-16,0.0
5472.0,9.9088106e-16,0.0
5473.5,9.6528002e-16,0.0
5475.0,9.5551299e-16,0.0
5476.5,9.4001302e-16,0.0
5478.0,9.6777199e-16,0.0
5479.5,9.9426601e-16,0.0
5481.0,9.1730799e-16,0.0
5482.5,8.9678004e-16,0.0
5484.0,8.8786099e-16,0.0
5485.5,9.28618e-16,0.0
5487.0,8.9560806e-16,0.0
5488.5,9.0247104e-16,0.0
5490.0,9.6078799e-16,0.0
5491.5,9.4662306e-16,0.0
5493.0,9.6594896e-16,0.0
5494.5,9.4876298e-16,0.0
5496.0,9.3377801e-16,0.0
5497.5,9.71113e-16,0.0
5499.0,9.66074e-16,0.0
5500.5,9.4259499e-16,0.0
5502.0,8.8876298e-16,0.0
5503.5,9.0612398e-16,0.0
5505.0,9.1383304e-16,0.0
5506.5,9.0310801e-16,0.0
5508.0,9.0741803e-16,0.0
5509.5,9.3070403e-16,0.0
5511.0,8.6076499e-16,0.0
5512.5,8.6336099e-16,0.0
5514.0,8.9730298e-16,0.0
5515.5,8.3612602e-16,0.0
5517.0,8.4828799e-16,0.0
5518.5,8.8313201e-16,0.0
5520.0,8.8080802e-16,0.0
5521.5,8.3350096e-16,0.0
5523.0,8.3061501e-16,0.0
5524.5,8.7979401e-16,0.0
5526.0,8.5645402e-16,0.0
5527.5,8.57374e-16,0.0
5529.0,8.2270701e-16,0.0
5530.5,9.0706005e-16,0.0
5532.0,9.0728102e-16,0.0
5533.5,8.5653105e-16,0.0
5535.0,8.3587403e-16,0.0
5536.5,8.1664098e-16,0.0
5538.0,8.3066901e-16,0.0
5539.5,8.4071101e-16,0.0
5541.0,8.09009e-16,0.0
5542.5,8.5040403e-16,0.0
5544.0,8.71207e-16,0.0
5545.5,8.4620301e-16,0.0
5547.0,8.63028e-16,0.0
5548.5,8.5712704e-16,0.0
5550.0,8.3884198e-16,0.0
5551.5,8.65425e-16,0.0
5553.0,8.54099e-16,0.0
5554.5,8.7280604e-16,0.0
5556.0,8.8840902e-16,0.0
5557.5,8.3726698e-16,0.0
5559.0,8.3597001e-16,0.0
5560.5,8.3569996e-16,0.0
5562.0,8.29437e-16,0.0
5563.5,8.49086e-16,0.0
5565.0,8.4705105e-16,0.0
5566.5,8.1493299e-16,0.0
5568.0,8.5395299e-16,0.0
5569.5,7.8716e-16,0.0
5571.0,7.7666299e-16,0.0
5572.5,8.1475596e-16,0.0
5574.0,8.9055901e-16,0.0
5575.5,8.6063e-16,0.0
5577.0,8.8759e-16,0.0
5578.5,8.6938001e-16,0.0
5580.0,8.4832605e-16,0.0
5581.5,8.6322202e-16,0.0
5583.0,8.1101605e-16,0.0
5584.5,8.4394001e-16,0.0
5586.0,8.2895599e-16,0.0
5587.5,8.20199e-16,0.0
5589.0,8.35046e-16,0.0
5590.5,9.0782397e-16,0.0
5592.0,8.5767698e-16,0.0
5593.5,8.3035598e-16,0.0
5595.0,8.1610402e-16,0.0
5596.5,8.7969501e-16,0.0
5598.0,9.2783798e-16,0.0
5599.5,8.77449e-16,0.0
5601.0,8.9155501e-16,0.0
5602.5,8.6281598e-16,0.0
5604.0,8.3858697e-16,0.0
5605.5,9.2286008e-16,0.0
5607.0,9.54557e-16,0.0
5608.5,9.0135402e-16,0.0
5610.0,8.5122401e-16,0.0
5611.5,8.6834504e-16,0.0
5613.0,8.7513898e-16,0.0
5614.5,8.29283e-16,0.0
5616.0,8.9390002e-16,0.0
5617.5,9.0474501e-16,0.0
5619.0,9.1558205e-16,0.0
5620.5,1.00132e-15,0.0
5622.0,9.8510705e-16,0.0
5623.5,9.1719999e-16,0.0
5625.0,9.1563097e-16,0.0
5626.5,8.9661e-16,0.0
5628.0,9.41909e-16,0.0
5629.5,1.00362e-15,0.0
5631.0,9.0850298e-16,0.0
5632.5,9.2033401e-16,0.0
5634.0,9.8886099e-16,0.0
5635.5,9.7746003e-16,0.0
5637.0,1.00743e-15,0.0
5638.5,1.01534e-15,0.0
5640.0,9.6765404e-16,0.0
5641.5,9.8525295e-16,0.0
5643.0,9.9546404e-16,0.0
5644.5,9.9749395e-16,0.0
5646.0,9.9122898e-16,0.0
5647.5,9.5085102e-16,0.0
5649.0,9.9511696e-16,0.0
5650.5,1.03613e-15,0.0
5652.0,9.6611096e-16,0.0
5653.5,9.7490199e-16,0.0
5655.0,1.03573e-15,0.0
5656.5,1.04487e-15,0.0
5658.0,1.03922e-15,0.0
5659.5,1.04053e-15,0.0
5661.0,1.06201e-15,0.0
5662.5,1.05179e-15,0.0
5664.0,1.01498e-15,0.0
5665.5,1.02886e-15,0.0
5667.0,1.09668e-15,0.0
5668.5,1.1153601e-15,0.0
5670.0,1.11408e-15,0.0
5671.5,1.0969699e-15,0.0
5673.0,1.0693901e-15,0.0
5674.5,1.06125e-15,0.0
5676.0,1.0780999e-15,0.0
5677.5,1.06495e-15,0.0
5679.0,1.0210901e-15,0.0
5680.5,1.0374399e-15,0.0
5682.0,1.07867e-15,0.0
5683.5,1.11177e-15,0.0
5685.0,1.06595e-15,0.0
5686.5,1.0640599e-15,0.0
5688.0,1.09858e-15,0.0
5689.5,1.09876e-15,0.0
5691.0,1.1408e-15,0.0
5692.5,1.0856399e-15,0.0
5694.0,1.04779e-15,0.0
5695.5,1.09498e-15,0.0
5697.0,1.08971e-15,0.0
5698.5,1.0541101e-15,0.0
5700.0,1.10024e-15,0.0
5701.5,1.1119699e-15,0.0
5703.0,1.0732401e-15,0.0
5704.5,1.0638501e-15,0.0
5706.0,1.03778e-15,0.0
5707.5,9.9720098e-16,0.0
5709.0,9.9817804e-16,0.0
5710.5,9.98208e-16,0.0
5712.0,1.02486e-15,0.0
5713.5,1.06943e-15,0.0
5715.0,9.9550596e-16,0.0
5716.5,1.03979e-15,0.0
5718.0,1.05195e-15,0.0
5719.5,9.9502305e-16,0.0
5721.0,1.04243e-15,0.0
5722.5,1.03469e-15,0.0
5724.0,1.05988e-15,0.0
5725.5,1.0641701e-15,0.0
5727.0,1.1364699e-15,0.0
5728.5,1.0768899e-15,0.0
5730.0,1.05842e-15,0.0
5731.5,1.03448e-15,0.0
5733.0,1.07989e-15,0.0
5734.5,1.10029e-15,0.0
5736.0,1.08716e-15,0.0
5737.5,1.01915e-15,0.0
5739.0,9.8573099e-16,0.0
5740.5,1.06758e-15,0.0
5742.0,1.09803e-15,0.0
5743.5,1.0570199e-15,0.0
5745.0,1.0388499e-15,0.0
5746.5,1.0045299e-15,0.0
5748.0,9.8993598e-16,0.0
5749.5,9.9548299e-16,0.0
5751.0,1.04292e-15,0.0
5752.5,1.0244901e-15,0.0
5754.0,9.8609797e-16,0.0
5755.5,1.0184701e-15,0.0
5757.0,1.0210901e-15,0.0
5758.5,9.8657506e-16,0.0
5760.0,9.7763103e-16,0.0
5761.5,9.9606903e-16,0.0
5763.0,1.03564e-15,0.0
5764.5,1.0651501e-15,0.0
5766.0,1.04674e-15,0.0
5767.5,9.61831e-16,0.0
5769.0,9.5597801e-16,0.0
5770.5,9.8465198e-16,0.0
5772.0,9.98723e-16,0.0
5773.5,9.8633895e-16,0.0
5775.0,9.6100705e-16,0.0
5776.5,9.3527303e-16,0.0
5778.0,1.0127799e-15,0.0
5779.5,1.08624e-15,0.0
5781.0,1.0157501e-15,0.0
5782.5,9.5249501e-16,0.0
5784.0,1.0220799e-15,0.0
5785.5,9.5195195e-16,0.0
5787.0,1.0142301e-15,0.0
5788.5,9.6521903e-16,0.0
5790.0,9.9735398e-16,0.0
5791.5,1.01016e-15,0.0
5793.0,9.9640604e-16,0.0
5794.5,9.5640798e-16,0.0
5796.0,9.6431207e-16,0.0
5797.5,9.9226003e-16,0.0
5799.0,1.01431e-15,0.0
5800.5,9.8860106e-16,0.0
5802.0,9.6431207e-16,0.0
5803.5,9.3445405e-16,0.0
5805.0,9.5617907e-16,0.0
5806.5,9.89034e-16,0.0
5808.0,9.7237297e-16,0.0
5809.5,1.00976e-15,0.0
5811.0,9.9612493e-16,0.0
5812.5,1.03223e-15,0.0
5814.0,1.0246901e-15,0.0
5815.5,1.0459599e-15,0.0
5817.0,1.04567e-15,0.0
5818.5,9.9608893e-16,0.0
5820.0,9.1969503e-16,0.0
5821.5,9.5248897e-16,0.0
5823.0,1.02799e-15,0.0
5824.5,1.0025199e-15,0.0
5826.0,9.8215905e-16,0.0
5827.5,9.5089496e-16,0.0
5829.0,9.13112e-16,0.0
5830.5,9.2188694e-16,0.0
5832.0,9.7501994e-16,0.0
5833.5,9.6189898e-16,0.0
5835.0,9.3139605e-16,0.0
5836.5,9.66861e-16,0.0
5838.0,1.01624e-15,0.0
5839.5,1.0312801e-15,0.0
5841.0,9.5591501e-16,0.0
5842.5,9.7040203e-16,0.0
5844.0,9.8219198e-16,0.0
5845.5,1.0115699e-15,0.0
5847.0,1.0212999e-15,0.0
5848.5,1.04831e-15,0.0
5850.0,1.0066201e-15,0.0
5851.5,9.7353298e-16,0.0
5853.0,1.0053901e-15,0.0
5854.5,9.5613598e-16,0.0
5856.0,9.4196596e-16,0.0
5857.5,9.3501701e-16,0.0
5859.0,9.9608099e-16,0.0
5860.5,9.5449898e-16,0.0
5862.0,9.7772304e-16,0.0
5863.5,9.4408598e-16,0.0
5865.0,1.01254e-15,0.0
5866.5,9.9195203e-16,0.0
5868.0,9.7178502e-16,0.0
5869.5,1.0031e-15,0.0
5871.0,1.01543e-15,0.0
5872.5,9.4507701e-16,0.0
5874.0,8.6192103e-16,0.0
5875.5,9.4749995e-16,0.0
5877.0,9.7049096e-16,0.0
5878.5,9.8090502e-16,0.0
5880.0,1.0039001e-15,0.0
5881.5,1.0176001e-15,0.0
5883.0,9.8051602e-16,0.0
5884.5,1.02703e-15,0.0
5886.0,1.04475e-15,0.0
5887.5,9.7745802e-16,0.0
5889.0,9.7948698e-16,0.0
5890.5,9.6706895e-16,0.0
5892.0,9.1504006e-16,0.0
5893.5,9.2119905e-16,0.0
5895.0,9.1248604e-16,0.0
5896.5,9.0377304e-16,0.0
5898.0,8.9506099e-16,0.0
5899.5,8.8634803e-16,0.0
5901.0,8.7763503e-16,0.0
5902.5,8.6892197e-16,0.0
5904.0,8.6892197e-16,0.0
5905.5,9.5089401e-16,0.0
5907.0,9.2784794e-16,0.0
5908.5,8.9064699e-16,0.0
5910.0,9.40542e-16,0.0
5911.5,9.6740003e-16,0.0
5913.0,8.9620903e-16,0.0
5914.5,9.1661903e-16,0.0
5916.0,9.9574599e-16,0.0
5917.5,9.8558096e-16,0.0
5919.0,1.00042e-15,0.0
5920.5,1.03342e-15,0.0
5922.0,1.04107e-15,0.0
5923.5,1.01587e-15,0.0
5925.0,9.3237395e-16,0.0
5926.5,9.1168401e-16,0.0
5928.0,9.6248301e-16,0.0
5929.5,9.2860593e-16,0.0
5931.0,9.7762499e-16,0.0
5932.5,1.05313e-15,0.0
5934.0,1.06872e-15,0.0
5935.5,1.07882e-15,0.0
5937.0,1.06006e-15,0.0
5938.5,1.01426e-15,0.0
5940.0,1.01149e-15,0.0
5941.5,9.8293695e-16,0.0
5943.0,9.9014996e-16,0.0
5944.5,9.8822201e-16,0.0
5946.0,9.4943902e-16,0.0
5947.5,9.5226303e-16,0.0
5949.0,1.06252e-15,0.0
5950.5,1.0760699e-15,0.0
5952.0,1.0198401e-15,0.0
5953.5,1.0214501e-15,0.0
5955.0,1.03789e-15,0.0
5956.5,1.00872e-15,0.0
5958.0,9.3779899e-16,0.0
5959.5,1.00758e-15,0.0
5961.0,1.02639e-15,0.0
5962.5,1.05205e-15,0.0
5964.0,1.06564e-15,0.0
5965.5,1.0616699e-15,0.0
5967.0,1.0522999e-15,0.0
5968.5,1.0233299e-15,0.0
5970.0,1.06031e-15,0.0
5971.5,1.0081001e-15,0.0
5973.0,9.3563704e-16,0.0
5974.5,1.0313701e-15,0.0
5976.0,1.0838899e-15,0.0
5977.5,9.9539394e-16,0.0
5979.0,9.4479802e-16,0.0
5980.5,1.03492e-15,0.0
5982.0,1.09645e-15,0.0
5983.5,1.04648e-15,0.0
5985.0,1.02054e-15,0.0
5986.5,9.7240303e-16,0.0
5988.0,1.01134e-15,0.0
5989.5,9.8849603e-16,0.0
5991.0,1.01769e-15,0.0
5992.5,9.67421e-16,0.0
5994.0,9.6418004e-16,0.0
5995.5,9.9590502e-16,0.0
5997.0,9.9582498e-16,0.0
5998.5,9.9591106e-16,0.0
6000.0,1.0047299e-15,0.0
6001.5,1.04683e-15,0.0
6003.0,1.0482e-15,0.0
6004.5,9.3956103e-16,0.0
6006.0,9.0206002e-16,0.0
6007.5,9.7196099e-16,0.0
6009.0,9.4765697e-16,0.0
6010.5,9.1022404e-16,0.0
6012.0,9.0431397e-16,0.0
6013.5,9.5283499e-16,0.0
6015.0,8.9116802e-16,0.0
6016.5,8.7565498e-16,0.0
6018.0,8.6529498e-16,0.0
6019.5,8.2824099e-16,0.0
6021.0,8.8344996e-16,0.0
6022.5,8.67325e-16,0.0
6024.0,9.0263103e-16,0.0
6025.5,9.9146901e-16,0.0
6027.0,9.9241006e-16,0.0
6028.5,8.9788595e-16,0.0
6030.0,8.82316e-16,0.0
6031.5,9.18315e-16,0.0
6033.0,9.1335997e-16,0.0
6034.5,9.2256605e-16,0.0
6036.0,9.1670607e-16,0.0
6037.5,9.2437002e-16,0.0
6039.0,9.3994198e-16,0.0
6040.5,9.1185299e-16,0.0
6042.0,8.9121302e-16,0.0
6043.5,8.84198e-16,0.0
6045.0,9.0384906e-16,0.0
6046.5,8.8112904e-16,0.0
6048.0,8.5840897e-16,0.0
6049.5,8.5840897e-16,0.0
6051.0,8.9067399e-16,0.0
6052.5,8.8962399e-16,0.0
6054.0,9.0161099e-16,0.0
6055.5,8.6846299e-16,0.0
6057.0,8.0060797e-16,0.0
6058.5,8.5395998e-16,0.0
6060.0,8.8024098e-16,0.0
6061.5,8.5381e-16,0.0
6063.0,8.4517302e-16,0.0
6064.5,7.9084999e-16,0.0
6066.0,7.4578297e-16,0.0
6067.5,7.27269e-16,0.0
6069.0,8.0850295e-16,0.0
6070.5,8.2327002e-16,0.0
6072.0,8.09913e-16,0.0
6073.5,8.0948297e-16,0.0
6075.0,7.6122496e-16,0.0
6076.5,8.0756301e-16,0.0
6078.0,8.1192603e-16,0.0
6079.5,7.28273e-16,0.0
6081.0,7.7742304e-16,0.0
6082.5,7.6912e-16,0.0
6084.0,7.5771301e-16,0.0
6085.5,7.37908e-16,0.0
6087.0,6.8746798e-16,0.0
6088.5,6.96473e-16,0.0
6090.0,7.5594096e-16,0.0
6091.5,7.4279797e-16,0.0
6093.0,6.9308799e-16,0.0
6094.5,7.0149998e-16,0.0
6096.0,6.7222202e-16,0.0
6097.5,6.9725603e-16,0.0
6099.0,7.45119e-16,0.0
6100.5,6.6877402e-16,0.0
6102.0,6.47041e-16,0.0
6103.5,6.6087104e-16,0.0
6105.0,6.5061098e-16,0.0
6106.5,6.8780796e-16,0.0
6108.0,7.1125701e-16,0.0
6109.5,6.43448e-16,0.0
6111.0,6.3094997e-16,0.0
6112.5,6.5490698e-16,0.0
6114.0,6.1117001e-16,0.0
6115.5,5.6508199e-16,0.0
6117.0,6.06094e-16,0.0
6118.5,6.59507e-16,0.0
6120.0,6.10147e-16,0.0
6121.5,5.9302502e-16,0.0
6123.0,6.9611598e-16,0.0
6124.5,6.9751797e-16,0.0
6126.0,6.3775202e-16,0.0
6127.5,5.8085104e-16,0.0
6129.0,5.5917002e-16,0.0
6130.5,6.0969299e-16,0.0
6132.0,6.0102599e-16,0.0
6133.5,6.1699701e-16,0.0
6135.0,5.7255499e-16,0.0
6136.5,5.5564101e-16,0.0
6138.0,6.0735703e-16,0.0
6139.5,5.6480596e-16,0.0
6141.0,6.0638898e-16,0.0
6142.5,5.8245098e-16,0.0
6144.0,5.5353804e-16,0.0
6145.5,6.1633198e-16,0.0
6147.0,6.2230902e-16,0.0
6148.5,6.0110402e-16,0.0
6150.0,5.4492303e-16,0.0
6151.5,5.5883904e-16,0.0
6153.0,5.9708401e-16,0.0
6154.5,6.7259196e-16,0.0
6156.0,6.36428e-16,0.0
6157.5,5.3184802e-16,0.0
6159.0,5.4972602e-16,0.0
6160.5,5.9686399e-16,0.0
6162.0,5.9109702e-16,0.0
6163.5,5.6094799e-16,0.0
6165.0,5.8945102e-16,0.0
6166.5,6.0040496e-16,0.0
6168.0,5.7337201e-16,0.0
6169.5,5.9385099e-16,0.0
6171.0,6.4621102e-16,0.0
6172.5,6.2336601e-16,0.0
6174.0,5.88588e-16,0.0
6175.5,5.7340504e-16,0.0
6177.0,5.9975301e-16,0.0
6178.5,5.8525599e-16,0.0
6180.0,5.5135799e-16,0.0
6181.5,6.0889101e-16,0.0
6183.0,6.51012e-16,0.0
6184.5,6.3465204e-16,0.0
6186.0,5.75796e-16,0.0
6187.5,5.5722804e-16,0.0
6189.0,5.6103598e-16,0.0
6190.5,5.6744098e-16,0.0
6192.0,5.75315e-16,0.0
6193.5,5.9327199e-16,0.0
6195.0,5.7310101e-16,0.0
6196.5,5.5604304e-16,0.0
6198.0,5.56498e-16,0.0
6199.5,6.2870004e-16,0.0
6201.0,6.0544803e-16,0.0
6202.5,5.5683501e-16,0.0
6204.0,6.1599899e-16,0.0
6205.5,5.7201098e-16,0.0
6207.0,5.5397898e-16,0.0
6208.5,5.5028898e-16,0.0
6210.0,5.7448501e-16,0.0
6211.5,5.3676801e-16,0.0
6213.0,5.7638199e-16,0.0
6214.5,5.8663098e-16,0.0
6216.0,5.7564004e-16,0.0
6217.5,5.7738297e-16,0.0
6219.0,5.9586195e-16,0.0
6220.5,6.4736304e-16,0.0
6222.0,6.3369902e-16,0.0
6223.5,6.1064601e-16,0.0
6225.0,5.8151199e-16,0.0
6226.5,5.5166102e-16,0.0
6228.0,5.4956403e-16,0.0
6229.5,6.8006904e-16,0.0
6231.0,6.1892099e-16,0.0
6232.5,6.6384503e-16,0.0
6234.0,6.39306e-16,0.0
6235.5,6.0675103e-16,0.0
6237.0,6.6965599e-16,0.0
6238.5,7.0653602e-16,0.0
6240.0,6.2224501e-16,0.0
6241.5,6.1932497e-16,0.0
6243.0,5.7233201e-16,0.0
6244.5,6.4169596e-16,0.0
6246.0,6.8779102e-16,0.0
6247.5,6.4210201e-16,0.0
6249.0,6.2799801e-16,0.0
6250.5,6.4817603e-16,0.0
6252.0,6.1591704e-16,0.0
6253.5,5.69453e-16,0.0
6255.0,5.8442902e-16,0.0
6256.5,6.1635099e-16,0.0
6258.0,6.3949601e-16,0.0
6259.5,6.7514799e-16,0.0
6261.0,6.6542898e-16,0.0
6262.5,6.67459e-16,0.0
6264.0,5.9074799e-16,0.0
6265.5,5.6917602e-16,0.0
6267.0,6.4291802e-16,0.0
6268.5,6.6923602e-16,0.0
6270.0,6.35723e-16,0.0
6271.5,6.3572501e-16,0.0
6273.0,6.9008701e-16,0.0
6274.5,6.8738799e-16,0.0
6276.0,7.0384801e-16,0.0
6277.5,6.7423701e-16,0.0
6279.0,6.54803e-16,0.0
6280.5,6.9118503e-16,0.0
6282.0,7.0203605e-16,0.0
6283.5,7.1188498e-16,0.0
6285.0,7.0095905e-16,0.0
6286.5,7.0340903e-16,0.0
6288.0,6.8162801e-16,0.0
6289.5,7.1827399e-16,0.0
6291.0,6.6437903e-16,0.0
6292.5,6.8235804e-16,0.0
6294.0,6.7220699e-16,0.0
6295.5,6.4726298e-16,0.0
6297.0,6.6237002e-16,0.0
6298.5,6.92158e-16,0.0
6300.0,7.0764499e-16,0.0
6301.5,7.0672898e-16,0.0
6303.0,6.9440301e-16,0.0
6304.5,7.1739297e-16,0.0
6306.0,6.5839998e-16,0.0
6307.5,6.9518699e-16,0.0
6309.0,7.5166704e-16,0.0
6310.5,7.5004503e-16,0.0
6312.0,7.43436e-16,0.0
6313.5,7.7308099e-16,0.0
6315.0,7.6845201e-16,0.0
6316.5,7.4585004e-16,0.0
6318.0,7.3044802e-16,0.0
6319.5,6.9193603e-16,0.0
6321.0,6.70888e-16,0.0
6322.5,7.30263e-16,0.0
6324.0,7.75661e-16,0.0
6325.5,7.6252399e-16,0.0
6327.0,7.8187398e-16,0.0
6328.5,7.9913403e-16,0.0
6330.0,8.0746698e-16,0.0
6331.5,7.7004099e-16,0.0
6333.0,7.2108799e-16,0.0
6334.5,8.0535697e-16,0.0
6336.0,8.65434e-16,0.0
6337.5,8.0345601e-16,0.0
6339.0,7.7702102e-16,0.0
6340.5,7.8709298e-16,0.0
6342.0,8.0435e-16,0.0
6343.5,7.9962896e-16,0.0
6345.0,7.9573001e-16,0.0
6346.5,8.3687104e-16,0.0
6348.0,8.27627e-16,0.0
6349.5,7.76195e-16,0.0
6351.0,8.0145802e-16,0.0
6352.5,8.0870201e-16,0.0
6354.0,7.8864501e-16,0.0
6355.5,8.3934496e-16,0.0
6357.0,8.3078998e-16,0.0
6358.5,8.2842099e-16,0.0
6360.0,8.57085e-16,0.0
6361.5,8.34548e-16,0.0
6363.0,8.4381004e-16,0.0
6364.5,8.8036602e-16,0.0
6366.0,8.5993601e-16,0.0
6367.5,8.2497102e-16,0.0
6369.0,8.9664398e-16,0.0
6370.5,8.30242e-16,0.0
6372.0,8.47503e-16,0.0
6373.5,8.6597403e-16,0.0
6375.0,8.5972203e-16,0.0
6376.5,9.4034803e-16,0.0
6378.0,9.0978803e-16,0.0
6379.5,8.6683901e-16,0.0
6381.0,8.3730504e-16,0.0
6382.5,8.6263e-16,0.0
6384.0,8.6414301e-16,0.0
6385.5,8.4542798e-16,0.0
6387.0,8.5040996e-16,0.0
6388.5,8.55392e-16,0.0
6390.0,8.6037398e-16,0.0
6391.5,8.6535501e-16,0.0
6393.0,8.6535501e-16,0.0
6394.5,9.5232401e-16,0.0
6396.0,9.4686901e-16,0.0
6397.5,9.0235405e-16,0.0
6399.0,9.1980705e-16,0.0
6400.5,9.9454808e-16,0.0
6402.0,9.9424897e-16,0.0
6403.5,8.8360402e-16,0.0
6405.0,9.0866201e-16,0.0
6406.5,1.00367e-15,0.0
6408.0,9.2920901e-16,0.0
6409.5,9.4034898e-16,0.0
6411.0,9.9132194e-16,0.0
6412.5,9.7070495e-16,0.0
6414.0,9.3372793e-16,0.0
6415.5,9.4049499e-16,0.0
6417.0,9.8447601e-16,0.0
6418.5,1.0211801e-15,0.0
6420.0,9.5858803e-16,0.0
6421.5,9.6955902e-16,0.0
6423.0,9.5077204e-16,0.0
6424.5,9.4841898e-16,0.0
6426.0,9.6078195e-16,0.0
6427.5,1.0245301e-15,0.0
6429.0,9.8670699e-16,0.0
6430.5,9.9389904e-16,0.0
6432.0,9.1963204e-16,0.0
6433.5,9.8593597e-16,0.0
6435.0,1.0107e-15,0.0
6436.5,1.03546e-15,0.0
6438.0,9.4467298e-16,0.0
6439.5,9.6085702e-16,0.0
6441.0,9.4724796e-16,0.0
6442.5,9.3126603e-16,0.0
6444.0,1.03519e-15,0.0
6445.5,1.02028e-15,0.0
6447.0,9.6194101e-16,0.0
6448.5,9.4492698e-16,0.0
6450.0,9.3563101e-16,0.0
6451.5,9.5507295e-16,0.0
6453.0,9.5795795e-16,0.0
6454.5,9.78414e-16,0.0
6456.0,1.03206e-15,0.0
6457.5,1.0224101e-15,0.0
6459.0,9.4916702e-16,0.0
6460.5,9.6164106e-16,0.0
6462.0,9.8823599e-16,0.0
6463.5,1.05502e-15,0.0
6465.0,1.0357e-15,0.0
6466.5,1.0246299e-15,0.0
6468.0,9.6882803e-16,0.0
6469.5,9.6456502e-16,0.0
6471.0,1.0212099e-15,0.0
6472.5,9.7746501e-16,0.0
6474.0,9.5644398e-16,0.0
6475.5,9.8183295e-16,0.0
6477.0,9.8572697e-16,0.0
6478.5,9.9127398e-16,0.0
6480.0,9.7897802e-16,0.0
6481.5,9.4163499e-16,0.0
6483.0,1.0015e-15,0.0
6484.5,1.05703e-15,0.0
6486.0,1.04069e-15,0.0
6487.5,1.0064501e-15,0.0
6489.0,9.4370598e-16,0.0
6490.5,9.6496598e-16,0.0
6492.0,9.8030003e-16,0.0
6493.5,9.6789703e-16,0.0
6495.0,9.2564004e-16,0.0
6496.5,9.6327795e-16,0.0
6498.0,9.8401204e-16,0.0
6499.5,9.8479703e-16,0.0
6501.0,9.8003099e-16,0.0
6502.5,9.6215203e-16,0.0
6504.0,9.63693e-16,0.0
6505.5,1.03729e-15,0.0
6507.0,1.0157e-15,0.0
6508.5,9.3405701e-16,0.0
6510.0,9.47627e-16,0.0
6511.5,1.03714e-15,0.0
6513.0,9.74803e-16,0.0
6514.5,9.6463299e-16,0.0
6516.0,9.7308098e-16,0.0
6517.5,9.6885005e-16,0.0
6519.0,9.7097102e-16,0.0
6520.5,9.7990997e-16,0.0
6522.0,9.6180496e-16,0.0
6523.5,9.7269399e-16,0.0
6525.0,9.8648602e-16,0.0
6526.5,9.5690794e-16,0.0
6528.0,9.6955499e-16,0.0
6529.5,1.0192699e-15,0.0
6531.0,9.9775304e-16,0.0
6532.5,9.7303799e-16,0.0
6534.0,9.6821605e-16,0.0
6535.5,9.3213604e-16,0.0
6537.0,9.5231798e-16,0.0
6538.5,9.90392e-16,0.0
6540.0,9.8581898e-16,0.0
6541.5,9.6182201e-16,0.0
6543.0,9.2549297e-16,0.0
6544.5,9.1611198e-16,0.0
6546.0,9.2526502e-16,0.0
6547.5,9.5072704e-16,0.0
6549.0,9.8631703e-16,0.0
6550.5,9.6451599e-16,0.0
6552.0,9.2136803e-16,0.0
6553.5,9.5056494e-16,0.0
6555.0,9.6964203e-16,0.0
6556.5,9.3199798e-16,0.0
6558.0,9.0779401e-16,0.0
6559.5,8.9686601e-16,0.0
6561.0,9.1735902e-16,0.0
6562.5,9.2686104e-16,0.0
6564.0,9.1985301e-16,0.0
6565.5,9.6436099e-16,0.0
6567.0,9.8961803e-16,0.0
6568.5,9.4330396e-16,0.0
6570.0,9.1870496e-16,0.0
6571.5,9.3689795e-16,0.0
6573.0,9.5607108e-16,0.0
6574.5,9.83878e-16,0.0
6576.0,9.5229701e-16,0.0
6577.5,9.2339996e-16,0.0
6579.0,9.2894601e-16,0.0
6580.5,9.5059596e-16,0.0
6582.0,9.2088596e-16,0.0
6583.5,9.2160001e-16,0.0
6585.0,1.0022201e-15,0.0
6586.5,9.7487701e-16,0.0
6588.0,9.6532999e-16,0.0
6589.5,9.5207795e-16,0.0
6591.0,9.4947502e-16,0.0
6592.5,9.1441897e-16,0.0
6594.0,9.3348801e-16,0.0
6595.5,9.4630997e-16,0.0
6597.0,8.8348697e-16,0.0
6598.5,9.1032494e-16,0.0
6600.0,9.3400904e-16,0.0
6601.5,9.2474399e-16,0.0
6603.0,9.4940101e-16,0.0
6604.5,9.3329002e-16,0.0
6606.0,9.1746003e-16,0.0
6607.5,8.9200203e-16,0.0
6609.0,8.8213098e-16,0.0
6610.5,9.1449393e-16,0.0
6612.0,9.4427106e-16,0.0
6613.5,9.15329e-16,0.0
6615.0,8.93399e-16,0.0
6616.5,8.6310704e-16,0.0
6618.0,8.3947302e-16,0.0
6619.5,8.6295902e-16,0.0
6621.0,9.2220596e-16,0.0
6622.5,9.3192301e-16,0.0
6624.0,8.8697097e-16,0.0
6625.5,8.5552699e-16,0.0
6627.0,8.46897e-16,0.0
6628.5,8.3625604e-16,0.0
6630.0,8.0576698e-16,0.0
6631.5,8.2983299e-16,0.0
6633.0,8.5698299e-16,0.0
6634.5,8.04748e-16,0.0
6636.0,8.5522503e-16,0.0
6637.5,8.1827496e-16,0.0
6639.0,8.5562001e-16,0.0
6640.5,8.7053001e-16,0.0
6642.0,8.8127796e-16,0.0
6643.5,7.8471901e-16,0.0
6645.0,8.7794695e-16,0.0
6646.5,9.0253404e-16,0.0
6648.0,8.4962497e-16,0.0
6649.5,8.4684004e-16,0.0
6651.0,9.0483808e-16,0.0
6652.5,8.7875597e-16,0.0
6654.0,8.6542399e-16,0.0
6655.5,8.9250496e-16,0.0
6657.0,8.8634698e-16,0.0
6658.5,8.1500695e-16,0.0
6660.0,8.5763505e-16,0.0
6661.5,9.1731604e-16,0.0
6663.0,9.1322698e-16,0.0
6664.5,8.72672e-16,0.0
6666.0,9.0825098e-16,0.0
6667.5,8.41885e-16,0.0
6669.0,8.2663301e-16,0.0
6670.5,8.30893e-16,0.0
6672.0,7.9959201e-16,0.0
6673.5,8.3737497e-16,0.0
6675.0,8.9592104e-16,0.0
6676.5,8.82398e-16,0.0
6678.0,8.5139903e-16,0.0
6679.5,8.2984903e-16,0.0
6681.0,8.6719403e-16,0.0
6682.5,8.8464497e-16,0.0
6684.0,8.6290502e-16,0.0
6685.5,8.5331703e-16,0.0
6687.0,8.4945297e-16,0.0
6688.5,8.23041e-16,0.0
6690.0,8.1200999e-16,0.0
6691.5,8.4624897e-16,0.0
6693.0,8.4038697e-16,0.0
6694.5,7.7987599e-16,0.0
6696.0,8.0279702e-16,0.0
6697.5,8.1732798e-16,0.0
6699.0,7.9183197e-16,0.0
6700.5,8.0067801e-16,0.0
6702.0,7.8691801e-16,0.0
6703.5,7.8341198e-16,0.0
6705.0,7.5642297e-16,0.0
6706.5,7.4959801e-16,0.0
6708.0,7.6046999e-16,0.0
6709.5,7.7969097e-16,0.0
6711.0,7.9699898e-16,0.0
6712.5,8.2646101e-16,0.0
6714.0,8.3939398e-16,0.0
6715.5,8.4271197e-16,0.0
6717.0,7.6659102e-16,0.0
6718.5,8.1797998e-16,0.0
6720.0,8.3398001e-16,0.0
6721.5,8.6982099e-16,0.0
6723.0,8.8523503e-16,0.0
6724.5,8.8547702e-16,0.0
6726.0,8.0778096e-16,0.0
6727.5,8.0210002e-16,0.0
6729.0,8.0930298e-16,0.0
6730.5,8.14889e-16,0.0
6732.0,7.9822897e-16,0.0
6733.5,7.8867402e-16,0.0
6735.0,8.3915401e-16,0.0
6736.5,8.4703798e-16,0.0
6738.0,8.4093796e-16,0.0
6739.5,7.84346e-16,0.0
6741.0,7.7570303e-16,0.0
6742.5,8.0278898e-16,0.0
6744.0,8.0889899e-16,0.0
6745.5,8.0223205e-16,0.0
6747.0,7.8400898e-16,0.0
6748.5,7.7789304e-16,0.0
6750.0,7.8744296e-16,0.0
6751.5,8.0450999e-16,0.0
6753.0,7.8187298e-16,0.0
6754.5,7.9880999e-16,0.0
6756.0,8.0421797e-16,0.0
6757.5,7.6899998e-16,0.0
6759.0,8.2031605e-16,0.0
6760.5,8.6332801e-16,0.0
6762.0,8.5727204e-16,0.0
6763.5,8.387e-16,0.0
6765.0,7.7862297e-16,0.0
6766.5,7.7690201e-16,0.0
6768.0,7.8117301e-16,0.0
6769.5,7.6478499e-16,0.0
6771.0,8.1162898e-16,0.0
6772.5,8.4832605e-16,0.0
6774.0,8.2445502e-16,0.0
6775.5,7.9141597e-16,0.0
6777.0,8.0220198e-16,0.0
6778.5,7.9296101e-16,0.0
6780.0,7.7543802e-16,0.0
6781.5,7.5741099e-16,0.0
6783.0,7.4993497e-16,0.0
6784.5,7.9003102e-16,0.0
6786.0,7.5879101e-16,0.0
6787.5,7.67384e-16,0.0
6789.0,8.1619899e-16,0.0
6790.5,7.9848404e-16,0.0
6792.0,7.6410302e-16,0.0
6793.5,7.9477604e-16,0.0
6795.0,8.3544601e-16,0.0
6796.5,8.1707101e-16,0.0
6798.0,7.4019096e-16,0.0
6799.5,7.1982596e-16,0.0
6801.0,7.8395499e-16,0.0
6802.5,8.0068203e-16,0.0
6804.0,8.0245397e-16,0.0
6805.5,7.9136901e-16,0.0
6807.0,7.7099004e-16,0.0
6808.5,7.4913399e-16,0.0
6810.0,7.4885399e-16,0.0
6811.5,7.4539101e-16,0.0
6813.0,7.6469303e-16,0.0
6814.5,7.8634902e-16,0.0
6816.0,7.6260399e-16,0.0
6817.5,8.0713203e-16,0.0
6819.0,7.9639801e-16,0.0
6820.5,7.87838e-16,0.0
6822.0,8.3603502e-16,0.0
6823.5,7.9105799e-16,0.0
6825.0,7.3758401e-16,0.0
6826.5,7.8910897e-16,0.0
6828.0,8.3882599e-16,0.0
6829.5,8.0717099e-16,0.0
6831.0,7.6881999e-16,0.0
6832.5,7.6762403e-16,0.0
6834.0,7.61295e-16,0.0
6835.5,7.4053301e-16,0.0
6837.0,7.0318902e-16,0.0
6838.5,7.63122e-16,0.0
6840.0,7.4275001e-16,0.0
6841.5,7.6331502e-16,0.0
6843.0,8.1439401e-16,0.0
6844.5,7.8431704e-16,0.0
6846.0,7.8896598e-16,0.0
6847.5,8.0592797e-16,0.0
6849.0,7.6179999e-16,0.0
6850.5,7.2620497e-16,0.0
6852.0,7.72305e-16,0.0
6853.5,7.95574e-16,0.0
6855.0,7.5225001e-16,0.0
6856.5,7.9810801e-16,0.0
6858.0,8.1793699e-16,0.0
6859.5,7.8136201e-16,0.0
6861.0,7.5298704e-16,0.0
6862.5,7.3781504e-16,0.0
6864.0,7.2258803e-16,0.0
6865.5,7.0736097e-16,0.0
6867.0,6.9213301e-16,0.0
6868.5,6.9213301e-16,0.0
6870.0,7.8037696e-16,0.0
6871.5,6.9843499e-16,0.0
6873.0,7.44639e-16,0.0
6874.5,6.7744499e-16,0.0
6876.0,7.2390501e-16,0.0
6877.5,6.9631201e-16,0.0
6879.0,6.85028e-16,0.0
6880.5,7.5574101e-16,0.0
6882.0,7.1426101e-16,0.0
6883.5,6.87499e-16,0.0
6885.0,7.0394097e-16,0.0
6886.5,7.1787699e-16,0.0
6888.0,7.13336e-16,0.0
6889.5,7.4797901e-16,0.0
6891.0,7.6414199e-16,0.0
6892.5,7.1926899e-16,0.0
6894.0,7.6657699e-16,0.0
6895.5,7.6188702e-16,0.0
6897.0,6.8299903e-16,0.0
6898.5,7.1839098e-16,0.0
6900.0,7.8291499e-16,0.0
6901.5,7.28137e-16,0.0
6903.0,6.7681998e-16,0.0
6904.5,7.2047198e-16,0.0
6906.0,7.6419e-16,0.0
6907.5,6.9155698e-16,0.0
6909.0,6.8789399e-16,0.0
6910.5,7.29015e-16,0.0
6912.0,7.5598596e-16,0.0
6913.5,7.6159602e-16,0.0
6915.0,7.4479999e-16,0.0
6916.5,7.1504097e-16,0.0
6918.0,7.34832e-16,0.0
6919.5,7.53135e-16,0.0
6921.0,7.9227698e-16,0.0
6922.5,7.54726e-16,0.0
6924.0,7.1117802e-16,0.0
6925.5,6.7236501e-16,0.0
6927.0,6.7542603e-16,0.0
6928.5,7.4301397e-16,0.0
6930.0,6.7661399e-16,0.0
6931.5,7.1701095e-16,0.0
6933.0,6.7730899e-16,0.0
6934.5,7.1276203e-16,0.0
6936.0,7.0343397e-16,0.0
6937.5,6.7766702e-16,0.0
6939.0,6.8554299e-16,0.0
6940.5,7.0182402e-16,0.0
6942.0,6.9614001e-16,0.0
6943.5,7.1726898e-16,0.0
6945.0,7.1086197e-16,0.0
6946.5,6.96681e-16,0.0
6948.0,7.4624598e-16,0.0
6949.5,7.4378402e-16,0.0
6951.0,7.39012e-16,0.0
6952.5,7.2447596e-16,0.0
6954.0,6.7502803e-16,0.0
6955.5,6.5907501e-16,0.0
6957.0,6.9631799e-16,0.0
6958.5,6.7667e-16,0.0
6960.0,7.0347701e-16,0.0
6961.5,7.4175602e-16,0.0
6963.0,7.0350898e-16,0.0
6964.5,7.0140998e-16,0.0
6966.0,7.2346799e-16,0.0
6967.5,7.3469801e-16,0.0
6969.0,7.5676099e-16,0.0
6970.5,7.1871e-16,0.0
6972.0,6.8903399e-16,0.0
6973.5,6.9396197e-16,0.0
6975.0,6.90068e-16,0.0
6976.5,7.0063299e-16,0.0
6978.0,7.2746096e-16,0.0
6979.5,7.3341099e-16,0.0
6981.0,7.23108e-16,0.0
6982.5,6.6870599e-16,0.0
6984.0,6.8048499e-16,0.0
6985.5,7.2605801e-16,0.0
6987.0,7.3500802e-16,0.0
6988.5,7.1543097e-16,0.0
6990.0,7.1895897e-16,0.0
6991.5,7.3911899e-16,0.0
6993.0,7.4156199e-16,0.0
6994.5,6.8076303e-16,0.0
6996.0,6.7298398e-16,0.0
6997.5,7.4119999e-16,0.0
6999.0,7.2053599e-16,0.0
7000.5,6.8235301e-16,0.0
7002.0,6.9941199e-16,0.0
7003.5,7.0956998e-16,0.0
7005.0,7.2090699e-16,0.0
7006.5,6.54523e-16,0.0
7008.0,6.0987097e-16,0.0
7009.5,7.2835098e-16,0.0
7011.0,7.7631803e-16,0.0
7012.5,6.9261201e-16,0.0
7014.0,6.6931405e-16,0.0
7015.5,7.1606302e-16,0.0
7017.0,7.1294101e-16,0.0
7018.5,6.8851401e-16,0.0
7020.0,7.0592202e-16,0.0
7021.5,6.8274498e-16,0.0
7023.0,6.4414299e-16,0.0
7024.5,6.9588204e-16,0.0
7026.0,7.12505e-16,0.0
7027.5,6.9166498e-16,0.0
7029.0,7.19724e-16,0.0
7030.5,7.5128699e-16,0.0
7032.0,7.28481e-16,0.0
7033.5,6.7296302e-16,0.0
7035.0,6.8430601e-16,0.0
7036.5,6.9007404e-16,0.0
7038.0,6.6367101e-16,0.0
7039.5,6.9467597e-16,0.0
7041.0,6.9737297e-16,0.0
7042.5,6.5935999e-16,0.0
7044.0,6.4807804e-16,0.0
7045.5,6.5427705e-16,0.0
7047.0,7.1892297e-16,0.0
7048.5,7.3811605e-16,0.0
7050.0,6.9761803e-16,0.0
7051.5,7.0294502e-16,0.0
7053.0,7.1053396e-16,0.0
7054.5,6.99495e-16,0.0
7056.0,6.6169695e-16,0.0
7057.5,6.7027999e-16,0.0
7059.0,6.6101699e-16,0.0
7060.5,7.0817502e-16,0.0
7062.0,7.3334096e-16,0.0
7063.5,6.8107802e-16,0.0
7065.0,7.1266403e-16,0.0
7066.5,7.0149702e-16,0.0
7068.0,7.5380601e-16,0.0
7069.5,7.5246696e-16,0.0
7071.0,6.93514e-16,0.0
7072.5,6.8523197e-16,0.0
7074.0,6.6694898e-16,0.0
7075.5,6.41684e-16,0.0
7077.0,7.20855e-16,0.0
7078.5,6.7914302e-16,0.0
7080.0,6.60991e-16,0.0
7081.5,6.6432498e-16,0.0
7083.0,7.0734604e-16,0.0
7084.5,6.4830298e-16,0.0
7086.0,7.1763601e-16,0.0
7087.5,7.4250199e-16,0.0
7089.0,6.8599203e-16,0.0
7090.5,6.9987797e-16,0.0
7092.0,6.6796102e-16,0.0
7093.5,6.5835398e-16,0.0
7095.0,7.0382398e-16,0.0
7096.5,6.9708302e-16,0.0
7098.0,7.4503499e-16,0.0
7099.5,7.2022497e-16,0.0
7101.0,6.95415e-16,0.0
7102.5,6.7060398e-16,0.0
7104.0,6.7060398e-16,0.0
7105.5,7.0556198e-16,0.0
7107.0,7.4450601e-16,0.0
7108.5,6.8183601e-16,0.0
7110.0,6.3957398e-16,0.0
7111.5,6.4402303e-16,0.0
7113.0,6.86548e-16,0.0
7114.5,7.1667601e-16,0.0
7116.0,6.5279003e-16,0.0
7117.5,6.3745301e-16,0.0
7119.0,6.6113299e-16,0.0
7120.5,6.9071302e-16,0.0
7122.0,6.7943604e-16,0.0
7123.5,6.7525202e-16,0.0
7125.0,6.5394803e-16,0.0
7126.5,6.9819703e-16,0.0
7128.0,7.1580796e-16,0.0
7129.5,6.9904798e-16,0.0
7131.0,6.4465804e-16,0.0
7132.5,6.8718396e-16,0.0
7134.0,7.1285202e-16,0.0
7135.5,7.0642003e-16,0.0
7137.0,6.6932999e-16,0.0
7138.5,6.9610899e-16,0.0
7140.0,7.3688198e-16,0.0
7141.5,7.07917e-16,0.0
7143.0,7.2940501e-16,0.0
7144.5,7.1665102e-16,0.0
7146.0,6.28865e-16,0.0
7147.5,6.5799303e-16,0.0
7149.0,6.92745e-16,0.0
7150.5,6.1626602e-16,0.0
7152.0,6.9037097e-16,0.0
7153.5,6.8736798e-16,0.0
7155.0,6.79709e-16,0.0
7156.5,6.7780101e-16,0.0
7158.0,7.3066301e-16,0.0
7159.5,7.2526598e-16,0.0
7161.0,6.9728499e-16,0.0
7162.5,6.9432498e-16,0.0
7164.0,6.8838103e-16,0.0
7165.5,6.5378201e-16,0.0
7167.0,5.80554e-16,0.0
7168.5,6.0768701e-16,0.0
7170.0,6.35515e-16,0.0
7171.5,6.2216598e-16,0.0
7173.0,6.3674902e-16,0.0
7174.5,6.4170597e-16,0.0
7176.0,6.4666302e-16,0.0
7177.5,6.5161996e-16,0.0
7179.0,6.5161996e-16,0.0
7180.5,6.4972901e-16,0.0
7182.0,6.4539501e-16,0.0
7183.5,6.3431402e-16,0.0
7185.0,6.3461297e-16,0.0
7186.5,6.4861204e-16,0.0
7188.0,6.4483798e-16,0.0
7189.5,5.9618996e-16,0.0
7191.0,5.97996e-16,0.0
7192.5,5.9980298e-16,0.0
7194.0,5.9980298e-16,0.0
7195.5,6.3779998e-16,0.0
7197.0,6.2649696e-16,0.0
7198.5,6.71603e-16,0.0
7200.0,6.2736305e-16,0.0
7201.5,6.2833396e-16,0.0
7203.0,6.6246002e-16,0.0
7204.5,6.3892802e-16,0.0
7206.0,5.97671e-16,0.0
7207.5,6.4132798e-16,0.0
7209.0,6.86359e-16,0.0
7210.5,6.30158e-16,0.0
7212.0,6.2057001e-16,0.0
7213.5,6.5172102e-16,0.0
7215.0,6.7539199e-16,0.0
7216.5,6.6750098e-16,0.0
7218.0,6.7488599e-16,0.0
7219.5,6.5490502e-16,0.0
7221.0,6.5537205e-16,0.0
7222.5,6.2908698e-16,0.0
7224.0,6.9536402e-16,0.0
7225.5,6.4269901e-16,0.0
7227.0,5.8982901e-16,0.0
7228.5,6.6249697e-16,0.0
7230.0,6.1662199e-16,0.0
7231.5,6.3763301e-16,0.0
7233.0,6.3645299e-16,0.0
7234.5,6.7816105e-16,0.0
7236.0,7.2601497e-16,0.0
7237.5,6.61153e-16,0.0
7239.0,6.2798297e-16,0.0
7240.5,6.79573e-16,0.0
7242.0,6.7922402e-16,0.0
7243.5,5.3807e-16,0.0
7245.0,5.5605002e-16,0.0
7246.5,6.5651798e-16,0.0
7248.0,6.2808001e-16,0.0
7249.5,6.19184e-16,0.0
7251.0,6.3337497e-16,0.0
7252.5,6.1148203e-16,0.0
7254.0,6.0789903e-16,0.0
7255.5,6.4316498e-16,0.0
7257.0,6.3656802e-16,0.0
7258.5,6.3169801e-16,0.0
7260.0,6.6582698e-16,0.0
7261.5,6.1859001e-16,0.0
7263.0,6.2542202e-16,0.0
7264.5,6.28341e-16,0.0
7266.0,6.6026096e-16,0.0
7267.5,6.8851698e-16,0.0
7269.0,6.0131901e-16,0.0
7270.5,6.1099795e-16,0.0
7272.0,6.4573599e-16,0.0
7273.5,6.1224997e-16,0.0
7275.0,5.91112e-16,0.0
7276.5,6.52387e-16,0.0
7278.0,6.7535901e-16,0.0
7279.5,6.25345e-16,0.0
7281.0,6.17086e-16,0.0
7282.5,6.4528399e-16,0.0
7284.0,6.7845502e-16,0.0
7285.5,6.5180498e-16,0.0
7287.0,5.2765203e-16,0.0
7288.5,5.04551e-16,0.0
7290.0,5.5020301e-16,0.0
7291.5,6.2647303e-16,0.0
7293.0,6.4244098e-16,0.0
7294.5,5.2872003e-16,0.0
7296.0,6.1159998e-16,0.0
7297.5,6.4376701e-16,0.0
7299.0,5.62921e-16,0.0
7300.5,5.6821199e-16,0.0
7302.0,5.8143502e-16,0.0
7303.5,5.8707001e-16,0.0
7305.0,6.1643601e-16,0.0
7306.5,6.0781697e-16,0.0
7308.0,5.6653899e-16,0.0
7309.5,6.1090203e-16,0.0
7311.0,6.15937e-16,0.0
7312.5,5.8294999e-16,0.0
7314.0,5.9675001e-16,0.0
7315.5,6.2271999e-16,0.0
7317.0,6.7985702e-16,0.0
7318.5,7.4709804e-16,0.0
7320.0,7.0569999e-16,0.0
7321.5,6.0438596e-16,0.0
7323.0,5.6618001e-16,0.0
7324.5,5.9504096e-16,0.0
7326.0,6.4228703e-16,0.0
7327.5,6.32403e-16,0.0
7329.0,6.4993103e-16,0.0
7330.5,6.7002704e-16,0.0
7332.0,6.2085302e-16,0.0
7333.5,6.1870902e-16,0.0
7335.0,6.4218301e-16,0.0
7336.5,5.9992803e-16,0.0
7338.0,6.2393305e-16,0.0
7339.5,6.0985398e-16,0.0
7341.0,5.78961e-16,0.0
7342.5,5.6676399e-16,0.0
7344.0,5.4831704e-16,0.0
7345.5,6.0036499e-16,0.0
7347.0,6.1322803e-16,0.0
7348.5,6.2307902e-16,0.0
7350.0,6.3302896e-16,0.0
7351.5,6.0082101e-16,0.0
7353.0,6.1079001e-16,0.0
7354.5,6.0280301e-16,0.0
7356.0,5.7172601e-16,0.0
7357.5,6.4266004e-16,0.0
7359.0,6.1030296e-16,0.0
7360.5,5.8970603e-16,0.0
7362.0,6.3261699e-16,0.0
7363.5,5.3046603e-16,0.0
7365.0,6.2001001e-16,0.0
7366.5,6.1010703e-16,0.0
7368.0,6.06853e-16,0.0
7369.5,6.3541002e-16,0.0
7371.0,5.9818203e-16,0.0
7372.5,5.6709602e-16,0.0
7374.0,5.7067696e-16,0.0
7375.5,6.0804202e-16,0.0
7377.0,5.7407399e-16,0.0
7378.5,6.1637905e-16,0.0
7380.0,6.1640298e-16,0.0
7381.5,5.6682905e-16,0.0
7383.0,5.9324001e-16,0.0
7384.5,6.3378001e-16,0.0
7386.0,6.3835595e-16,0.0
7387.5,6.41096e-16,0.0
7389.0,6.3132298e-16,0.0
7390.5,6.11793e-16,0.0
7392.0,6.4462204e-16,0.0
7393.5,6.5616604e-16,0.0
7395.0,6.7245903e-16,0.0
7396.5,6.2573198e-16,0.0
7398.0,5.5890003e-16,0.0
7399.5,5.5869001e-16,0.0
7401.0,6.20487e-16,0.0
7402.5,6.7553403e-16,0.0
7404.0,6.1027496e-16,0.0
7405.5,5.7651402e-16,0.0
7407.0,5.8306101e-16,0.0
7408.5,5.60804e-16,0.0
7410.0,5.5531104e-16,0.0
7411.5,5.9303302e-16,0.0
7413.0,6.2256699e-16,0.0
7414.5,6.5219303e-16,0.0
7416.0,6.3448104e-16,0.0
7417.5,6.0642699e-16,0.0
7419.0,5.5145302e-16,0.0
7420.5,5.9274397e-16,0.0
7422.0,5.3884499e-16,0.0
7423.5,5.87919e-16,0.0
7425.0,6.5297299e-16,0.0
7426.5,5.7512198e-16,0.0
7428.0,5.46609e-16,0.0
7429.5,5.7443e-16,0.0
7431.0,6.5460199e-16,0.0
7432.5,6.6461101e-16,0.0
7434.0,5.5611599e-16,0.0
7435.5,6.24622e-16,0.0
7437.0,5.7132902e-16,0.0
7438.5,5.16926e-16,0.0
7440.0,5.9219202e-16,0.0
7441.5,5.8687001e-16,0.0
7443.0,6.0087104e-16,0.0
7444.5,5.8782705e-16,0.0
7446.0,4.9788904e-16,0.0
7447.5,5.5332798e-16,0.0
7449.0,6.1647704e-16,0.0
7450.5,6.0297602e-16,0.0
7452.0,5.8312099e-16,0.0
7453.5,5.66938e-16,0.0
7455.0,5.8345699e-16,0.0
7456.5,5.7664103e-16,0.0
7458.0,5.7229103e-16,0.0
7459.5,6.0754301e-16,0.0
7461.0,6.2193902e-16,0.0
7462.5,5.7465304e-16,0.0
7464.0,5.5846899e-16,0.0
7465.5,5.9918497e-16,0.0
7467.0,6.00267e-16,0.0
7468.5,5.8591302e-16,0.0
7470.0,6.2203596e-16,0.0
7471.5,6.26079e-16,0.0
7473.0,5.7782999e-16,0.0
7474.5,5.6658796e-16,0.0
7476.0,5.1408304e-16,0.0
7477.5,4.6234102e-16,0.0
7479.0,4.8024201e-16,0.0
7480.5,5.51205e-16,0.0
7482.0,5.5413097e-16,0.0
7483.5,5.4401602e-16,0.0
7485.0,5.9381197e-16,0.0
7486.5,5.6319501e-16,0.0
7488.0,5.2903497e-16,0.0
7489.5,5.6566401e-16,0.0
7491.0,5.7080301e-16,0.0
7492.5,4.96435e-16,0.0
7494.0,4.9051e-16,0.0
7495.5,5.1779002e-16,0.0
7497.0,4.8508301e-16,0.0
7498.5,5.2331104e-16,0.0
7500.0,5.37066e-16,0.0
7501.5,5.6660998e-16,0.0
7503.0,5.6645604e-16,0.0
7504.5,5.2519002e-16,0.0
7506.0,5.8279996e-16,0.0
7507.5,6.1226898e-16,0.0
7509.0,5.2868001e-16,0.0
7510.5,5.1659698e-16,0.0
7512.0,5.5173201e-16,0.0
7513.5,5.8150299e-16,0.0
7515.0,5.4969802e-16,0.0
7516.5,5.9082401e-16,0.0
7518.0,6.2154399e-16,0.0
7519.5,6.1446099e-16,0.0
7521.0,5.9158496e-16,0.0
7522.5,5.8735297e-16,0.0
7524.0,5.0672195e-16,0.0
7525.5,5.7051004e-16,0.0
7527.0,5.3072797e-16,0.0
7528.5,5.4509799e-16,0.0
7530.0,6.0578399e-16,0.0
7531.5,5.7377101e-16,0.0
7533.0,5.6237503e-16,0.0
7534.5,5.9372002e-16,0.0
7536.0,5.5850399e-16,0.0
7537.5,5.6354304e-16,0.0
7539.0,5.8859303e-16,0.0
7540.5,5.6812501e-16,0.0
