3720.0,7.40683e-17,1.4790072e-16
3721.5,2.6160602e-16,1.4659515e-16
3723.0,3.2738599e-16,1.4780264e-16
3724.5,1.53552e-16,1.4704152e-16
3726.0,1.6571499e-16,1.4559419e-16
3727.5,1.64719e-16,1.4292499e-16
3729.0,2.8194003e-16,1.4425324e-16
3730.5,2.2160899e-16,1.4649719e-16
3732.0,1.72695e-16,1.4473658e-16
3733.5,2.43707e-16,1.422611e-16
3735.0,1.71212e-16,1.4077611e-16
3736.5,1.1774301e-16,1.3759633e-16
3738.0,5.4527101e-17,1.3569129e-16
3739.5,2.13853e-16,1.3841594e-16
3741.0,2.88111e-16,1.366141e-16
3742.5,3.1904399e-16,1.3736116e-16
3744.0,1.59052e-16,1.3421438e-16
3745.5,-7.24827e-17,1.3432466e-16
3747.0,9.1362297e-18,1.2985206e-16
3748.5,2.4462799e-16,1.3307249e-16
3750.0,1.7505599e-16,1.2762685e-16
3751.5,2.6123603e-16,1.2951056e-16
3753.0,2.41206e-16,1.3127591e-16
3754.5,2.23805e-16,1.3458453e-16
3756.0,2.3933599e-16,1.2901055e-16
3757.5,1.4678e-16,1.2231829e-16
3759.0,1.4416499e-16,1.2502939e-16
3760.5,7.3941298e-17,1.2355116e-16
3762.0,7.2765199e-17,1.227289e-16
3763.5,3.7261098e-16,1.2666066e-16
3765.0,2.7031201e-16,1.2520548e-16
3766.5,2.9080399e-16,1.2128316e-16
3768.0,2.16101e-16,1.1781643e-16
3769.5,4.2965601e-16,1.2154815e-16
3771.0,2.8627398e-16,1.1923981e-16
3772.5,9.4526799e-17,1.1720733e-16
3774.0,2.07493e-16,1.1536696e-16
3775.5,2.1289199e-16,1.1763197e-16
3777.0,2.68189e-16,1.1713328e-16
3778.5,4.37626e-16,1.1677139e-16
3780.0,2.5935598e-16,1.1492985e-16
3781.5,9.1552899e-17,1.1403306e-16
3783.0,1.73648e-16,1.1707856e-16
3784.5,-1.5564e-17,1.166267e-16
3786.0,1.40934e-16,1.1377415e-16
3787.5,3.67004e-16,1.1340752e-16
3789.0,1.82885e-16,1.1443004e-16
3790.5,1.07776e-16,1.1503414e-16
3792.0,4.5392199e-16,1.1440476e-16
3793.5,5.31718e-16,1.1248007e-16
3795.0,3.03693e-16,1.0808516e-16
3796.5,2.5175e-16,1.0480774e-16
3798.0,1.44748e-16,1.0568576e-16
3799.5,2.2301901e-16,1.084478e-16
3801.0,4.09769e-16,1.0821801e-16
3802.5,3.5117798e-16,1.0534381e-16
3804.0,3.5261198e-16,1.0548425e-16
3805.5,3.3008501e-16,1.0587086e-16
3807.0,2.71599e-16,1.0430064e-16
3808.5,3.5095301e-16,1.0515797e-16
3810.0,3.3069302e-16,1.0707062e-16
3811.5,2.9217499e-16,1.0702323e-16
3813.0,3.07231e-16,1.0498508e-16
3814.5,3.1076699e-16,1.0543223e-16
3816.0,3.0123599e-16,1.0453654e-16
3817.5,2.9185301e-16,1.0446896e-16
3819.0,4.8516697e-16,1.0742971e-16
3820.5,5.0980901e-16,1.0768602e-16
3822.0,3.25402e-16,1.067193e-16
3823.5,3.9542002e-16,1.0352259e-16
3825.0,4.0746099e-16,1.0387644e-16
3826.5,2.5435502e-16,1.0083682e-16
3828.0,2.3894199e-16,1.0362163e-16
3829.5,4.8399002e-16,1.0757919e-16
3831.0,5.2939803e-16,1.0876846e-16
3832.5,4.39648e-16,1.075149e-16
3834.0,3.8180701e-16,1.047805e-16
3835.5,3.8192401e-16,1.0542334e-16
3837.0,5.9750001e-16,1.0762476e-16
3838.5,5.9579101e-16,1.0816551e-16
3840.0,5.9814402e-16,1.0681127e-16
3841.5,4.8538201e-16,1.0590655e-16
3843.0,4.7865504e-16,1.0534216e-16
3844.5,5.2354598e-16,1.063932e-16
3846.0,6.47882e-16,1.0507829e-16
3847.5,5.3068499e-16,1.0471208e-16
3849.0,4.8743602e-16,1.0623968e-16
3850.5,4.4106901e-16,1.0606779e-16
3852.0,5.3318797e-16,1.0486147e-16
3853.5,5.5861802e-16,1.0360574e-16
3855.0,4.9432202e-16,1.0415062e-16
3856.5,5.0309802e-16,1.0501131e-16
3858.0,6.1735001e-16,1.0502919e-16
3859.5,6.5940499e-16,1.0388776e-16
3861.0,6.4668101e-16,1.0391766e-16
3862.5,5.9527199e-16,1.0436476e-16
3864.0,7.1765703e-16,1.0539177e-16
3865.5,7.5006197e-16,1.0498637e-16
3867.0,5.3254401e-16,1.0446537e-16
3868.5,4.5894601e-16,1.0469272e-16
3870.0,5.2768501e-16,1.0432608e-16
3871.5,6.29987e-16,1.039514e-16
3873.0,7.2718197e-16,1.0514826e-16
3874.5,7.68153e-16,1.0718659e-16
3876.0,6.60684e-16,1.0722126e-16
3877.5,7.1783697e-16,1.0951214e-16
3879.0,6.46859e-16,1.1017437e-16
3880.5,5.8402096e-16,1.0945508e-16
3882.0,8.0496596e-16,1.1088419e-16
3883.5,7.0370301e-16,1.1327673e-16
3885.0,5.5369803e-16,1.1226841e-16
3886.5,7.8051699e-16,1.1364894e-16
3888.0,7.9749301e-16,1.1299619e-16
3889.5,7.5274299e-16,1.1163517e-16
3891.0,8.2964299e-16,1.1150902e-16
3892.5,7.9091199e-16,1.1179766e-16
3894.0,8.7015303e-16,1.1316706e-16
3895.5,7.6842199e-16,1.1012962e-16
3897.0,8.8148998e-16,1.1129293e-16
3898.5,9.2463302e-16,1.1298475e-16
3900.0,8.6684902e-16,1.1240255e-16
3901.5,7.8847899e-16,1.1112692e-16
3903.0,8.6853403e-16,1.1320283e-16
3904.5,7.901e-16,1.1378542e-16
3906.0,8.0516797e-16,1.1857174e-16
3907.5,8.20235e-16,1.207595e-16
3909.0,8.3530202e-16,1.2553659e-16
3910.5,8.5036999e-16,1.2835511e-16
3912.0,8.6543696e-16,1.3570327e-16
3913.5,8.8050504e-16,1.373292e-16
3915.0,8.8050504e-16,1.3207372e-16
3916.5,8.13912e-16,1.2169186e-16
3918.0,8.2725399e-16,1.102467e-16
3919.5,6.2080003e-16,9.859726e-17
3921.0,7.5363502e-16,9.4669687e-17
3922.5,8.9025799e-16,9.4462888e-17
3924.0,8.9039002e-16,9.3216935e-17
3925.5,7.8892898e-16,9.1611653e-17
3927.0,9.0426495e-16,9.3245744e-17
3928.5,8.7632197e-16,9.1991828e-17
3930.0,7.6754399e-16,8.9799991e-17
3931.5,6.6391099e-16,9.0322624e-17
3933.0,7.8469302e-16,9.2350022e-17
3934.5,8.7937404e-16,9.2789577e-17
3936.0,8.1937097e-16,9.1692452e-17
3937.5,7.4311e-16,9.0248666e-17
3939.0,7.21035e-16,9.0164357e-17
3940.5,7.9323503e-16,9.1280483e-17
3942.0,9.5192104e-16,9.1942919e-17
3943.5,9.1079494e-16,9.1922405e-17
3945.0,7.7073799e-16,8.9914805e-17
3946.5,9.7276504e-16,9.2609506e-17
3948.0,1.0162199e-15,9.4247645e-17
3949.5,7.9237005e-16,9.111656e-17
3951.0,7.8375297e-16,8.9799069e-17
3952.5,9.0321103e-16,9.1162077e-17
3954.0,9.1999605e-16,9.0932412e-17
3955.5,8.6866601e-16,8.9018479e-17
3957.0,9.8796398e-16,8.9248291e-17
3958.5,9.2449305e-16,8.9331333e-17
3960.0,7.6203102e-16,8.7194296e-17
3961.5,7.6346801e-16,8.7300985e-17
3963.0,8.4300599e-16,8.8622222e-17
3964.5,8.7268301e-16,8.7810972e-17
3966.0,9.6399496e-16,8.7116542e-17
3967.5,1.00159e-15,8.851616e-17
3969.0,1.0079401e-15,8.784433e-17
3970.5,9.0155296e-16,8.4101701e-17
3972.0,6.9668799e-16,8.086687e-17
3973.5,8.4436204e-16,8.3775973e-17
3975.0,7.6764902e-16,8.403194e-17
3976.5,8.1371702e-16,8.6969586e-17
3978.0,7.1916501e-16,8.5504896e-17
3979.5,8.49919e-16,8.5437885e-17
3981.0,9.1784501e-16,8.7339998e-17
3982.5,9.34001e-16,8.81917e-17
3984.0,9.3906604e-16,8.7022071e-17
3985.5,7.2828502e-16,8.3865651e-17
3987.0,7.1324997e-16,8.286675e-17
3988.5,7.3017798e-16,8.3107505e-17
3990.0,7.5815997e-16,8.3364438e-17
3991.5,7.7673699e-16,8.4036917e-17
3993.0,9.5512007e-16,8.6514665e-17
3994.5,9.8582501e-16,8.6280059e-17
3996.0,9.5333601e-16,8.5780904e-17
3997.5,8.8606603e-16,8.4054341e-17
3999.0,7.46638e-16,8.2721063e-17
4000.5,6.62736e-16,8.221884e-17
4002.0,7.7428198e-16,8.2679262e-17
4003.5,9.3773196e-16,8.4005668e-17
4005.0,8.73541e-16,8.3090384e-17
4006.5,7.7598398e-16,8.2894121e-17
4008.0,9.0376107e-16,8.4448459e-17
4009.5,8.9381405e-16,8.3223662e-17
4011.0,8.9105801e-16,8.2507044e-17
4012.5,8.5186098e-16,8.2397067e-17
4014.0,7.7069903e-16,8.1551832e-17
4015.5,8.2520904e-16,8.1945096e-17
4017.0,8.9661508e-16,8.3669462e-17
4018.5,9.4356802e-16,8.4453518e-17
4020.0,8.6146999e-16,8.221446e-17
4021.5,6.9098698e-16,7.9487109e-17
4023.0,8.0510498e-16,8.1647977e-17
4024.5,8.6356301e-16,8.1962895e-17
4026.0,9.3197796e-16,8.2051098e-17
4027.5,9.7577105e-16,8.1312862e-17
4029.0,9.89007e-16,8.1972105e-17
4030.5,9.8357402e-16,8.1616956e-17
4032.0,9.0933699e-16,8.1245615e-17
4033.5,8.8473703e-16,8.1660733e-17
4035.0,8.7586404e-16,8.0452445e-17
4036.5,9.7232903e-16,8.159676e-17
4038.0,9.0457306e-16,8.2088335e-17
4039.5,8.9046107e-16,8.1850308e-17
4041.0,8.9212803e-16,8.4917457e-17
4042.5,9.8907603e-16,8.5029078e-17
4044.0,8.8270701e-16,8.2874817e-17
4045.5,8.7090101e-16,8.6744168e-17
4047.0,8.5909496e-16,8.8354524e-17
4048.5,8.4728902e-16,8.5512181e-17
4050.0,8.4728902e-16,8.2276339e-17
4051.5,8.73161e-16,8.0397371e-17
4053.0,1.03422e-15,8.1045753e-17
4054.5,9.3803107e-16,8.0235396e-17
4056.0,9.9469504e-16,8.0997972e-17
4057.5,1.0402401e-15,8.1032385e-17
4059.0,9.8258003e-16,8.0930976e-17
4060.5,9.8497205e-16,8.1531032e-17
4062.0,9.8736397e-16,8.1505976e-17
4063.5,9.8975599e-16,8.2616645e-17
4065.0,9.9214801e-16,8.3048023e-17
4066.5,9.9454003e-16,8.311586e-17
4068.0,9.9693205e-16,8.1681335e-17
4069.5,9.9693205e-16,7.9851939e-17
4071.0,9.9141194e-16,8.0124696e-17
4072.5,8.7388003e-16,7.8562483e-17
4074.0,8.2680797e-16,7.8376174e-17
4075.5,9.1561498e-16,8.0322869e-17
4077.0,1.00191e-15,8.1139287e-17
4078.5,9.2809104e-16,8.0276113e-17
4080.0,9.4561096e-16,7.9978028e-17
4081.5,1.0181299e-15,7.9912174e-17
4083.0,1.0433199e-15,7.9556981e-17
4084.5,1.0558701e-15,7.9034569e-17
4086.0,1.02045e-15,7.8224433e-17
4087.5,9.7782394e-16,7.7737334e-17
4089.0,9.21634e-16,7.6977566e-17
4090.5,9.2105198e-16,7.6746714e-17
4092.0,9.4337797e-16,7.6709094e-17
4093.5,9.9090096e-16,7.6831923e-17
4095.0,9.9974102e-16,7.7065105e-17
4096.5,1.0587601e-15,7.7652899e-17
4098.0,1.02625e-15,7.7078835e-17
4099.5,1.0044399e-15,7.6654116e-17
4101.0,1.00825e-15,7.5759021e-17
4102.5,1.07227e-15,7.6523685e-17
4104.0,9.5638607e-16,7.4736599e-17
4105.5,8.7860605e-16,7.3003687e-17
4107.0,9.8289396e-16,7.4012055e-17
4108.5,9.8928398e-16,7.4956782e-17
4110.0,9.7719703e-16,7.4073897e-17
4111.5,9.8826203e-16,7.4271156e-17
4113.0,9.7108103e-16,7.4565554e-17
4114.5,1.0306899e-15,7.4939616e-17
4116.0,8.1280202e-16,7.3082253e-17
4117.5,7.5295003e-16,7.0500183e-17
4119.0,9.6832298e-16,7.4555629e-17
4120.5,1.0535099e-15,7.3569986e-17
4122.0,9.2434906e-16,7.2394127e-17
4123.5,1.0346e-15,7.3954622e-17
4125.0,1.02703e-15,7.4938119e-17
4126.5,1.07177e-15,7.3911929e-17
4128.0,1.00116e-15,7.3023544e-17
4129.5,9.9876302e-16,7.378556e-17
4131.0,9.5629797e-16,7.2248506e-17
4132.5,9.0201301e-16,7.1439269e-17
4134.0,8.53112e-16,7.1614937e-17
4135.5,8.6563601e-16,7.0971591e-17
4137.0,8.6908196e-16,7.0993926e-17
4138.5,8.9411993e-16,7.1443619e-17
4140.0,9.8643901e-16,7.1600293e-17
4141.5,9.9803796e-16,7.2004713e-17
4143.0,9.1617603e-16,7.0373586e-17
4144.5,8.9489497e-16,6.9666149e-17
4146.0,8.1321595e-16,6.8958852e-17
4147.5,7.9993897e-16,6.909912e-17
4149.0,8.9484796e-16,7.0436792e-17
4150.5,9.3769194e-16,7.0352298e-17
4152.0,8.9202204e-16,7.0420976e-17
4153.5,8.5908697e-16,7.0597301e-17
4155.0,7.87793e-16,7.0039614e-17
4156.5,7.2724999e-16,6.9381801e-17
4158.0,7.4970801e-16,6.9109244e-17
4159.5,9.1964104e-16,6.998502e-17
4161.0,9.3812795e-16,7.0178687e-17
4162.5,7.5798305e-16,6.821959e-17
4164.0,7.70016e-16,6.9120451e-17
4165.5,9.1614702e-16,7.1257502e-17
4167.0,9.3193805e-16,7.0891271e-17
4168.5,8.3874796e-16,6.9638055e-17
4170.0,8.2522497e-16,6.8899738e-17
4171.5,8.8832697e-16,6.9359194e-17
4173.0,9.6468498e-16,6.9882372e-17
4174.5,9.0570703e-16,6.8837446e-17
4176.0,8.1870404e-16,6.782851e-17
4177.5,8.1283404e-16,6.7150242e-17
4179.0,7.99609e-16,6.714632e-17
4180.5,7.7957498e-16,6.6936401e-17
4182.0,7.6712502e-16,6.6376981e-17
4183.5,8.4528801e-16,6.641876e-17
4185.0,7.8362999e-16,6.6644104e-17
4186.5,7.7775105e-16,6.6701102e-17
4188.0,8.10139e-16,6.6541877e-17
4189.5,9.0287804e-16,6.7249366e-17
4191.0,8.9974307e-16,6.9023009e-17
4192.5,8.9974307e-16,6.7240127e-17
4194.0,8.5933499e-16,6.6606462e-17
4195.5,9.3677704e-16,6.7879225e-17
4197.0,8.7790603e-16,6.7783715e-17
4198.5,7.8963799e-16,6.6762259e-17
4200.0,8.5024897e-16,6.6404654e-17
4201.5,8.8491401e-16,6.6317565e-17
4203.0,8.3073598e-16,6.5177984e-17
4204.5,8.5330401e-16,6.4579624e-17
4206.0,7.9915298e-16,6.4577714e-17
4207.5,8.2779e-16,6.5256188e-17
4209.0,8.2451601e-16,6.5154219e-17
4210.5,8.4291298e-16,6.5445299e-17
4212.0,9.1788694e-16,6.5478878e-17
4213.5,8.1102997e-16,6.3857101e-17
4215.0,7.82003e-16,6.3929133e-17
4216.5,8.43677e-16,6.4661596e-17
4218.0,8.2138601e-16,6.4284032e-17
4219.5,8.31571e-16,6.4351544e-17
4221.0,8.4639603e-16,6.4062418e-17
4222.5,8.5190805e-16,6.3753612e-17
4224.0,8.9180097e-16,6.4255901e-17
4225.5,8.5404998e-16,6.3780452e-17
4227.0,7.68759e-16,6.2763568e-17
4228.5,7.4455599e-16,6.2275989e-17
4230.0,8.0459898e-16,6.352641e-17
4231.5,8.5017697e-16,6.446279e-17
4233.0,8.3342499e-16,6.4495174e-17
4234.5,7.86943e-16,6.4464102e-17
4236.0,7.8319001e-16,6.4213997e-17
4237.5,8.2436402e-16,6.4310112e-17
4239.0,7.5018103e-16,6.2800458e-17
4240.5,7.3488097e-16,6.1299788e-17
4242.0,7.7161901e-16,6.1875573e-17
4243.5,8.3246202e-16,6.211189e-17
4245.0,7.10432e-16,6.0828004e-17
4246.5,7.0215098e-16,6.0783467e-17
4248.0,6.9496099e-16,6.0166143e-17
4249.5,6.5154304e-16,5.9662969e-17
4251.0,7.4433703e-16,6.0387771e-17
4252.5,6.2308199e-16,5.9171976e-17
4254.0,6.6538001e-16,6.0340303e-17
4255.5,7.3803299e-16,6.0071455e-17
4257.0,6.1013901e-16,5.8216089e-17
4258.5,8.1871198e-16,6.0886288e-17
4260.0,7.8164296e-16,6.0316553e-17
4261.5,7.2175799e-16,5.9445735e-17
4263.0,7.1013098e-16,5.9250361e-17
4264.5,8.0691201e-16,5.9519398e-17
4266.0,8.0916295e-16,6.062617e-17
4267.5,6.5638102e-16,5.9528766e-17
4269.0,5.9826498e-16,5.8197246e-17
4270.5,6.7240699e-16,5.896104e-17
4272.0,5.8046104e-16,5.8985317e-17
4273.5,4.63431e-16,5.9760153e-17
4275.0,5.5250101e-16,6.0822521e-17
4276.5,6.55463e-16,6.2494203e-17
4278.0,6.3365195e-16,6.0823952e-17
4279.5,6.0107306e-16,5.8360221e-17
4281.0,6.1422404e-16,5.7467998e-17
4282.5,5.52562e-16,5.5047392e-17
4284.0,5.0907998e-16,5.3293801e-17
4285.5,5.5400301e-16,5.3342651e-17
4287.0,5.3532398e-16,5.3083008e-17
4288.5,5.8287296e-16,5.3198014e-17
4290.0,5.6407302e-16,5.2446431e-17
4291.5,5.2208697e-16,5.1401531e-17
4293.0,5.60995e-16,5.2041451e-17
4294.5,5.6462004e-16,5.3236652e-17
4296.0,5.5201603e-16,5.2650009e-17
4297.5,5.35174e-16,5.1474861e-17
4299.0,5.3685499e-16,5.1107877e-17
4300.5,5.8486201e-16,5.1828701e-17
4302.0,5.6428896e-16,5.1418298e-17
4303.5,5.47632e-16,5.0830682e-17
4305.0,6.2010996e-16,5.1292914e-17
4306.5,6.1759401e-16,5.1501856e-17
4308.0,5.4597901e-16,5.0950772e-17
4309.5,4.9514603e-16,5.0112881e-17
4311.0,5.42565e-16,5.0545814e-17
4312.5,5.3772701e-16,5.0947837e-17
4314.0,5.4156703e-16,5.1872246e-17
4315.5,5.8326398e-16,5.1552066e-17
4317.0,5.8395097e-16,5.0977236e-17
4318.5,5.2388199e-16,5.1139669e-17
4320.0,4.6410703e-16,5.0552812e-17
4321.5,5.2355403e-16,5.070741e-17
4323.0,5.0129003e-16,5.0333204e-17
4324.5,5.2559204e-16,5.0292439e-17
4326.0,5.2611397e-16,5.0660986e-17
4327.5,4.5480301e-16,4.994233e-17
4329.0,5.8205298e-16,5.1498866e-17
4330.5,5.3083999e-16,5.0357552e-17
4332.0,4.93431e-16,5.0014145e-17
4333.5,4.7924002e-16,4.9504748e-17
4335.0,5.5797099e-16,4.9723924e-17
4336.5,6.2395899e-16,5.0748267e-17
4338.0,5.94866e-16,5.0324772e-17
4339.5,6.2486303e-16,5.0498214e-17
4341.0,6.2802898e-16,5.0838151e-17
4342.5,6.38165e-16,5.1023955e-17
4344.0,6.5331397e-16,5.1615221e-17
4345.5,6.15357e-16,5.1146098e-17
4347.0,5.7292001e-16,5.0016177e-17
4348.5,6.2320698e-16,5.0263502e-17
4350.0,6.8102402e-16,5.1166973e-17
4351.5,6.9154798e-16,5.1497509e-17
4353.0,6.2513202e-16,5.1221084e-17
4354.5,5.29593e-16,5.2217186e-17
4356.0,5.0503101e-16,5.4640299e-17
4357.5,6.0292901e-16,5.7597371e-17
4359.0,7.1992803e-16,5.8743607e-17
4360.5,7.58327e-16,5.7715268e-17
4362.0,7.2223402e-16,5.5597049e-17
4363.5,6.6267697e-16,5.3411325e-17
4365.0,6.6135401e-16,5.2182685e-17
4366.5,6.0955397e-16,5.0975418e-17
4368.0,6.0349001e-16,5.0746317e-17
4369.5,6.5595502e-16,5.1056188e-17
4371.0,6.4871299e-16,5.0502413e-17
4372.5,6.4614897e-16,5.0444051e-17
4374.0,6.9855199e-16,5.1566179e-17
4375.5,7.2285903e-16,5.1622517e-17
4377.0,7.0043097e-16,5.1776673e-17
4378.5,6.0104103e-16,5.1404734e-17
4380.0,5.4695898e-16,4.9782773e-17
4381.5,6.4337499e-16,4.9826281e-17
4383.0,6.9778595e-16,5.0378176e-17
4384.5,6.5839601e-16,4.9909186e-17
4386.0,6.3087305e-16,4.9729738e-17
4387.5,6.9230803e-16,5.0484027e-17
4389.0,6.7917399e-16,4.9714117e-17
4390.5,6.5449796e-16,4.984213e-17
4392.0,6.7879405e-16,5.0839777e-17
4393.5,7.2295998e-16,5.0934362e-17
4395.0,7.1657002e-16,5.1246228e-17
4396.5,7.3084597e-16,5.1465788e-17
4398.0,7.9026697e-16,5.1046651e-17
4399.5,7.6215601e-16,5.0960225e-17
4401.0,7.0479298e-16,5.1512422e-17
4402.5,7.07664e-16,5.1963925e-17
4404.0,7.3009301e-16,5.1076134e-17
4405.5,6.8586598e-16,5.1554385e-17
4407.0,8.1037802e-16,5.4146302e-17
4408.5,8.0679401e-16,5.3780343e-17
4410.0,8.1030099e-16,5.4868619e-17
4411.5,8.1380803e-16,5.9879269e-17
4413.0,8.1731501e-16,5.5372976e-17
4414.5,8.1731501e-16,5.2942158e-17
4416.0,8.2849997e-16,5.2417988e-17
4417.5,7.4379498e-16,5.2580361e-17
4419.0,8.0584798e-16,5.3325201e-17
4420.5,8.7396097e-16,5.3175488e-17
4422.0,8.6669602e-16,5.2923491e-17
4423.5,8.66239e-16,5.3330646e-17
4425.0,8.0687199e-16,5.3398601e-17
4426.5,8.24479e-16,5.2755591e-17
4428.0,8.5513095e-16,5.2244295e-17
4429.5,8.4256702e-16,5.2335182e-17
4431.0,8.4211804e-16,5.2341081e-17
4432.5,8.8461501e-16,5.2756336e-17
4434.0,8.94928e-16,5.2632828e-17
4435.5,9.1795798e-16,5.2592778e-17
4437.0,9.2532198e-16,5.356954e-17
4438.5,9.4773796e-16,5.394591e-17
4440.0,9.5450703e-16,5.3142513e-17
4441.5,9.1792897e-16,5.2424443e-17
4443.0,9.1703599e-16,5.2987225e-17
4444.5,9.8972401e-16,5.4091325e-17
4446.0,9.45799e-16,5.2949974e-17
4447.5,9.2252306e-16,5.2216862e-17
4449.0,9.6052297e-16,5.3132312e-17
4450.5,9.8872398e-16,5.3156515e-17
4452.0,1.0046801e-15,5.3818657e-17
4453.5,9.8255494e-16,5.4114308e-17
4455.0,9.8110503e-16,5.3336689e-17
4456.5,9.4872201e-16,5.2422998e-17
4458.0,9.9671097e-16,5.2867312e-17
4459.5,8.9500402e-16,5.1958215e-17
4461.0,8.9497395e-16,5.2268591e-17
4462.5,9.5036398e-16,5.2897787e-17
4464.0,9.33342e-16,5.2456581e-17
4465.5,9.2062296e-16,5.1663559e-17
4467.0,9.9405203e-16,5.2417339e-17
4468.5,9.0912004e-16,5.1787321e-17
4470.0,1.04497e-15,5.3419115e-17
4471.5,1.02608e-15,5.3261696e-17
4473.0,9.2641698e-16,5.2028242e-17
4474.5,9.1600197e-16,5.193797e-17
4476.0,9.87062e-16,5.2000506e-17
4477.5,1.04149e-15,5.3287198e-17
4479.0,9.7613294e-16,5.2798557e-17
4480.5,1.01624e-15,5.315997e-17
4482.0,1.07864e-15,5.316289e-17
4483.5,1.0077e-15,5.2531921e-17
4485.0,1.0913e-15,5.3662502e-17
4486.5,1.08278e-15,5.3360248e-17
4488.0,9.7605597e-16,5.2325961e-17
4489.5,1.02632e-15,5.3497124e-17
4491.0,1.0651799e-15,5.3469329e-17
4492.5,1.0744999e-15,5.3605788e-17
4494.0,1.0749299e-15,5.3327734e-17
4495.5,1.08756e-15,5.3355525e-17
4497.0,1.08656e-15,5.366394e-17
4498.5,1.0815801e-15,5.3509202e-17
4500.0,1.1222499e-15,5.3871341e-17
4501.5,1.08367e-15,5.330742e-17
4503.0,1.1298701e-15,5.3514293e-17
4504.5,1.1588e-15,5.3981274e-17
4506.0,1.13114e-15,5.3527908e-17
4507.5,1.09507e-15,5.324995e-17
4509.0,1.0953701e-15,5.3573367e-17
4510.5,1.06386e-15,5.2959814e-17
4512.0,1.08173e-15,5.3103389e-17
4513.5,1.1085401e-15,5.3616384e-17
4515.0,1.15073e-15,5.3719378e-17
4516.5,1.1468801e-15,5.3227859e-17
4518.0,1.06252e-15,5.2586725e-17
4519.5,1.05591e-15,5.2749954e-17
4521.0,1.11407e-15,5.3451149e-17
4522.5,1.07768e-15,5.3403103e-17
4524.0,9.9621504e-16,5.2851488e-17
4525.5,9.9417295e-16,5.2436768e-17
4527.0,1.08305e-15,5.2643454e-17
4528.5,1.08328e-15,5.2327311e-17
4530.0,1.0558e-15,5.2438512e-17
4531.5,1.0545501e-15,5.2742816e-17
4533.0,1.10263e-15,5.3465594e-17
4534.5,1.11974e-15,5.3881509e-17
4536.0,1.12738e-15,5.3360889e-17
4537.5,1.0407401e-15,5.2216423e-17
4539.0,1.0365699e-15,5.1808851e-17
4540.5,1.10179e-15,5.2775953e-17
4542.0,1.1000499e-15,5.3336029e-17
4543.5,1.14028e-15,5.3461963e-17
4545.0,1.0677701e-15,5.2161383e-17
4546.5,1.08699e-15,5.2516974e-17
4548.0,1.07752e-15,5.2392143e-17
4549.5,1.038e-15,5.162936e-17
4551.0,1.13841e-15,5.2976559e-17
4552.5,1.13614e-15,5.3332368e-17
4554.0,1.0299899e-15,5.2306469e-17
4555.5,1.0637e-15,5.2505073e-17
4557.0,1.1143599e-15,5.2643549e-17
4558.5,1.0271e-15,5.1638986e-17
4560.0,1.02571e-15,5.1324005e-17
4561.5,1.02432e-15,5.3422923e-17
4563.0,1.02293e-15,5.5873042e-17
4564.5,1.0215501e-15,5.3274109e-17
4566.0,1.0215501e-15,5.0857411e-17
4567.5,1.02638e-15,5.0605194e-17
4569.0,1.0171501e-15,5.0651124e-17
4570.5,1.04154e-15,5.0945467e-17
4572.0,1.0574e-15,5.0725066e-17
4573.5,1.0535901e-15,5.0543307e-17
4575.0,1.0546699e-15,5.0508732e-17
4576.5,1.0791001e-15,5.0797025e-17
4578.0,1.0806201e-15,5.1148867e-17
4579.5,1.06876e-15,5.1313685e-17
4581.0,1.0408301e-15,5.0905358e-17
4582.5,1.04804e-15,5.1038053e-17
4584.0,1.0434299e-15,5.11005e-17
4585.5,1.04996e-15,5.1088072e-17
4587.0,1.0782501e-15,5.0978703e-17
4588.5,1.02377e-15,5.0290198e-17
4590.0,1.03091e-15,5.0560517e-17
4591.5,1.03909e-15,5.0744112e-17
4593.0,1.0406999e-15,5.0923777e-17
4594.5,1.0718e-15,5.0856154e-17
4596.0,1.0176299e-15,4.9933806e-17
4597.5,1.00992e-15,4.9528166e-17
4599.0,1.0540299e-15,5.0275638e-17
4600.5,1.02377e-15,5.0309727e-17
4602.0,1.0327401e-15,5.0236931e-17
4603.5,1.02378e-15,5.0023292e-17
4605.0,9.9577299e-16,4.9609958e-17
4606.5,1.04921e-15,5.0267325e-17
4608.0,1.05611e-15,5.035618e-17
4609.5,1.0737899e-15,5.0794544e-17
4611.0,1.08419e-15,5.06669e-17
4612.5,1.0363899e-15,5.0090724e-17
4614.0,1.09385e-15,5.1236694e-17
4615.5,1.10393e-15,5.0912779e-17
4617.0,1.0541199e-15,5.0154645e-17
4618.5,1.07618e-15,5.0311364e-17
4620.0,1.05777e-15,5.0180777e-17
4621.5,1.07746e-15,5.0083494e-17
4623.0,1.13294e-15,5.0624428e-17
4624.5,1.13625e-15,5.067073e-17
4626.0,1.06195e-15,5.0011251e-17
4627.5,1.06279e-15,4.9604999e-17
4629.0,1.08726e-15,4.9820647e-17
4630.5,1.0891499e-15,5.0250528e-17
4632.0,1.07719e-15,5.0121774e-17
4633.5,9.8603804e-16,4.872015e-17
4635.0,1.03552e-15,4.9246322e-17
4636.5,1.0963399e-15,5.0384959e-17
4638.0,1.06373e-15,4.9695436e-17
4639.5,1.07206e-15,4.9155435e-17
4641.0,1.0733301e-15,4.9395357e-17
4642.5,1.06735e-15,4.9702792e-17
4644.0,1.06921e-15,4.9815316e-17
4645.5,1.07516e-15,4.9975802e-17
4647.0,1.0634101e-15,4.9904618e-17
4648.5,1.1063301e-15,4.9942234e-17
4650.0,1.06243e-15,4.9675893e-17
4651.5,9.9292304e-16,4.9167089e-17
4653.0,9.9794605e-16,4.8804371e-17
4654.5,9.9492903e-16,4.8608705e-17
4656.0,9.6110997e-16,4.8511477e-17
4657.5,9.90084e-16,4.8717263e-17
4659.0,1.04786e-15,4.9238812e-17
4660.5,1.0345401e-15,4.9456473e-17
4662.0,9.9642701e-16,4.8955924e-17
4663.5,9.6741994e-16,4.8503941e-17
4665.0,9.7803199e-16,4.8333438e-17
4666.5,9.7807e-16,4.8205027e-17
4668.0,9.89758e-16,4.8038495e-17
4669.5,1.0025899e-15,4.8161947e-17
4671.0,9.7919105e-16,4.8196315e-17
4672.5,9.7324202e-16,4.8024352e-17
4674.0,9.0555001e-16,4.7194672e-17
4675.5,8.596e-16,4.6858816e-17
4677.0,9.0900304e-16,4.7429285e-17
4678.5,9.1195707e-16,4.714925e-17
4680.0,9.7247397e-16,4.7270966e-17
4681.5,9.6047999e-16,4.7622167e-17
4683.0,8.9182299e-16,4.714101e-17
4684.5,8.9013697e-16,4.6342642e-17
4686.0,9.3299303e-16,4.6795978e-17
4687.5,9.23633e-16,4.683963e-17
4689.0,9.1380297e-16,4.6462128e-17
4690.5,8.9543802e-16,4.6394169e-17
4692.0,8.6760997e-16,4.5727585e-17
4693.5,9.1029e-16,4.6017865e-17
4695.0,8.8469701e-16,4.6406512e-17
4696.5,8.36132e-16,4.5247284e-17
4698.0,7.9772001e-16,4.4314514e-17
4699.5,7.44079e-16,4.4297422e-17
4701.0,7.7524902e-16,4.4481835e-17
4702.5,7.3388899e-16,4.374233e-17
4704.0,7.3992505e-16,4.3764274e-17
4705.5,8.0561102e-16,4.4958328e-17
4707.0,8.3731102e-16,4.560928e-17
4708.5,8.5581303e-16,4.6021898e-17
4710.0,8.6163505e-16,4.5304448e-17
4711.5,8.35841e-16,4.4448086e-17
4713.0,8.2552202e-16,4.3970834e-17
4714.5,7.7995996e-16,4.3532043e-17
4716.0,7.8152903e-16,4.3595515e-17
4717.5,7.7504303e-16,4.3574301e-17
4719.0,7.4774899e-16,4.38216e-17
4720.5,7.9082903e-16,4.4306436e-17
4722.0,7.79163e-16,4.3648881e-17
4723.5,7.84555e-16,4.3462407e-17
4725.0,8.0962998e-16,4.3452467e-17
4726.5,7.7714198e-16,4.288897e-17
4728.0,7.9763197e-16,4.3200187e-17
4729.5,8.1330505e-16,4.3784135e-17
4731.0,7.5939103e-16,4.2970168e-17
4732.5,7.4596296e-16,4.2565022e-17
4734.0,8.2594802e-16,4.3778977e-17
4735.5,8.2450997e-16,4.4320081e-17
4737.0,8.0559302e-16,4.3775666e-17
4738.5,8.1444902e-16,4.3076193e-17
4740.0,8.0202596e-16,4.3198425e-17
4741.5,8.4897202e-16,4.3962775e-17
4743.0,8.5363504e-16,4.3980464e-17
4744.5,7.6793304e-16,4.2943501e-17
4746.0,7.97853e-16,4.3276434e-17
4747.5,7.38895e-16,4.2175885e-17
4749.0,7.26066e-16,4.1479445e-17
4750.5,7.30643e-16,4.2426793e-17
4752.0,7.3521999e-16,4.3298418e-17
4753.5,7.3979699e-16,4.7537182e-17
4755.0,7.4437398e-16,4.4686427e-17
4756.5,7.4895003e-16,4.1473023e-17
4758.0,7.4895003e-16,4.1738328e-17
4759.5,7.6867504e-16,4.2092987e-17
4761.0,7.1958297e-16,4.1618589e-17
4762.5,7.4562002e-16,4.1781324e-17
4764.0,7.8855003e-16,4.2419707e-17
4765.5,7.4182097e-16,4.198816e-17
4767.0,7.5718403e-16,4.1679402e-17
4768.5,6.9533803e-16,4.0826027e-17
4770.0,7.0542301e-16,4.1180719e-17
4771.5,7.6993601e-16,4.1752799e-17
4773.0,7.3330702e-16,4.1381491e-17
4774.5,7.1949901e-16,4.0663307e-17
4776.0,7.3098896e-16,4.129633e-17
4777.5,6.8041998e-16,4.0688631e-17
4779.0,6.7190899e-16,4.0138104e-17
4780.5,6.7688399e-16,4.0959371e-17
4782.0,6.84983e-16,4.0856299e-17
4783.5,7.0471802e-16,4.0941125e-17
4785.0,7.0551799e-16,4.0802494e-17
4786.5,6.6013904e-16,4.0180757e-17
4788.0,6.2964602e-16,3.9894252e-17
4789.5,6.13051e-16,3.9632751e-17
4791.0,6.5680803e-16,4.0116772e-17
4792.5,7.0435099e-16,4.0725897e-17
4794.0,6.7203303e-16,4.0558071e-17
4795.5,6.9026202e-16,4.0433697e-17
4797.0,6.8928402e-16,4.0456522e-17
4798.5,6.7662903e-16,4.0669482e-17
4800.0,6.8701101e-16,4.067506e-17
4801.5,6.8432199e-16,4.005698e-17
4803.0,7.00617e-16,4.0408774e-17
4804.5,6.6497804e-16,4.0562926e-17
4806.0,6.0540198e-16,3.9397409e-17
4807.5,6.0182501e-16,3.8990678e-17
4809.0,6.1730496e-16,3.9129858e-17
4810.5,6.5530995e-16,3.9468896e-17
4812.0,6.9150801e-16,3.9622034e-17
4813.5,7.0571603e-16,4.0140309e-17
4815.0,6.6289301e-16,3.9961676e-17
4816.5,6.2284397e-16,3.9839264e-17
4818.0,6.3946001e-16,4.0474476e-17
4819.5,7.0752699e-16,4.0775761e-17
4821.0,6.7430504e-16,4.0151576e-17
4822.5,6.6960501e-16,4.0275216e-17
4824.0,7.0016903e-16,4.0773162e-17
4825.5,6.4479398e-16,3.9752023e-17
4827.0,6.7659197e-16,3.95366e-17
4828.5,6.4487101e-16,3.9797717e-17
4830.0,7.1311402e-16,4.0483907e-17
4831.5,6.8779202e-16,4.0216423e-17
4833.0,6.3431195e-16,3.9477851e-17
4834.5,6.8555999e-16,3.9937248e-17
4836.0,6.7984601e-16,4.0024282e-17
4837.5,7.0911004e-16,4.0266324e-17
4839.0,6.9759897e-16,4.0556316e-17
4840.5,6.5289601e-16,3.9746755e-17
4842.0,6.5311698e-16,3.9523549e-17
4843.5,6.7408904e-16,3.9526247e-17
4845.0,6.9744905e-16,3.994513e-17
4846.5,7.3656497e-16,3.9999189e-17
4848.0,7.2465802e-16,3.9828144e-17
4849.5,7.1728301e-16,3.992712e-17
4851.0,6.8469601e-16,3.9582773e-17
4852.5,6.9966605e-16,3.9437657e-17
4854.0,7.1408403e-16,3.946157e-17
4855.5,7.2141801e-16,3.9506634e-17
4857.0,7.7892499e-16,3.9906489e-17
4858.5,7.7117199e-16,4.0422297e-17
4860.0,7.2505401e-16,4.0523537e-17
4861.5,7.3668801e-16,4.0337018e-17
4863.0,7.3227099e-16,4.0294598e-17
4864.5,7.5809698e-16,4.0613675e-17
4866.0,7.5131499e-16,3.981569e-17
4867.5,7.86048e-16,3.9862531e-17
4869.0,8.0156999e-16,4.0334647e-17
4870.5,7.5549902e-16,4.0180222e-17
4872.0,7.2716598e-16,4.0114173e-17
4873.5,7.5553798e-16,4.0308928e-17
4875.0,7.5493505e-16,4.0099625e-17
4876.5,7.6864e-16,3.994596e-17
4878.0,8.05588e-16,4.0344299e-17
4879.5,8.14265e-16,4.0531629e-17
4881.0,8.2294201e-16,4.1222907e-17
4882.5,8.2294201e-16,4.0752612e-17
4884.0,7.5989697e-16,3.9929314e-17
4885.5,7.9661898e-16,4.0445491e-17
4887.0,7.8649301e-16,4.00138e-17
4888.5,7.4131e-16,3.9645489e-17
4890.0,7.7979203e-16,4.0651203e-17
4891.5,7.9488997e-16,4.0093299e-17
4893.0,8.4122299e-16,4.0397054e-17
4894.5,8.2490199e-16,4.0736091e-17
4896.0,7.9612701e-16,3.9981854e-17
4897.5,7.5032301e-16,3.9416749e-17
4899.0,7.7092804e-16,3.9505553e-17
4900.5,8.0788203e-16,3.9638484e-17
4902.0,7.6962398e-16,4.0065084e-17
4903.5,7.2905603e-16,3.9437348e-17
4905.0,7.2830598e-16,3.8744315e-17
4906.5,7.8215599e-16,3.9368224e-17
4908.0,7.9867001e-16,3.949877e-17
4909.5,7.4063597e-16,3.8841322e-17
4911.0,7.24944e-16,3.9007169e-17
4912.5,7.2122701e-16,3.9001753e-17
4914.0,7.5739299e-16,3.9316675e-17
4915.5,7.0440298e-16,3.8258432e-17
4917.0,7.0059403e-16,3.7889959e-17
4918.5,7.0478202e-16,3.7706718e-17
4920.0,7.0063198e-16,3.8081344e-17
4921.5,6.8348004e-16,3.778653e-17
4923.0,6.5851804e-16,3.7917127e-17
4924.5,6.6762899e-16,3.7902579e-17
4926.0,6.6314104e-16,3.7461859e-17
4927.5,6.5439399e-16,3.7541059e-17
4929.0,6.8867199e-16,3.818672e-17
4930.5,6.6095198e-16,3.7574034e-17
4932.0,6.6165301e-16,3.7374047e-17
4933.5,6.89978e-16,3.7630239e-17
4935.0,6.5749699e-16,3.7238347e-17
4936.5,5.7256103e-16,3.6527223e-17
4938.0,5.4663197e-16,3.6354176e-17
4939.5,5.8307498e-16,3.654628e-17
4941.0,5.9817001e-16,3.632306e-17
4942.5,6.0777404e-16,3.6484051e-17
4944.0,6.0085203e-16,3.6856314e-17
4945.5,5.9074598e-16,3.6760041e-17
4947.0,5.7435901e-16,3.6688406e-17
4948.5,5.7155904e-16,3.6602264e-17
4950.0,6.2297701e-16,3.700515e-17
4951.5,6.2305499e-16,3.7143939e-17
4953.0,5.6862402e-16,3.6681763e-17
4954.5,5.7815097e-16,3.6720832e-17
4956.0,5.9094101e-16,3.6634373e-17
4957.5,6.2127299e-16,3.6879633e-17
4959.0,6.0579198e-16,3.6673091e-17
4960.5,6.0968299e-16,3.6308486e-17
4962.0,5.7247103e-16,3.5641854e-17
4963.5,5.5327303e-16,3.5878414e-17
4965.0,6.1215902e-16,3.607249e-17
4966.5,6.1171597e-16,3.6143535e-17
4968.0,5.7406197e-16,3.619143e-17
4969.5,6.5699401e-16,3.7386999e-17
4971.0,5.4095399e-16,3.6887626e-17
4972.5,5.5886196e-16,3.6695363e-17
4974.0,5.7786801e-16,3.7217333e-17
4975.5,6.1670203e-16,3.7377255e-17
4977.0,5.3848203e-16,3.6507798e-17
4978.5,5.7578404e-16,3.7368288e-17
4980.0,6.5401696e-16,3.7756121e-17
4981.5,6.1244701e-16,3.8062888e-17
4983.0,5.7644203e-16,3.791441e-17
4984.5,6.4392196e-16,3.7850385e-17
4986.0,6.2012203e-16,3.7285689e-17
4987.5,5.7655103e-16,3.7314435e-17
4989.0,5.4708498e-16,3.690502e-17
4990.5,5.6831099e-16,3.6745061e-17
4992.0,5.7370902e-16,3.6732534e-17
4993.5,5.6499797e-16,3.6396353e-17
4995.0,5.7699196e-16,3.6103489e-17
4996.5,6.07569e-16,3.6392316e-17
4998.0,6.1856503e-16,3.6742565e-17
4999.5,6.2843e-16,3.6902373e-17
5001.0,6.4923503e-16,3.7061256e-17
5002.5,6.2384199e-16,3.6941663e-17
5004.0,6.2812199e-16,3.7133185e-17
5005.5,6.32068e-16,3.6880345e-17
5007.0,6.5153499e-16,3.6821603e-17
5008.5,6.59063e-16,3.6741013e-17
5010.0,6.4472199e-16,3.670228e-17
5011.5,6.39794e-16,3.6910764e-17
5013.0,6.1003498e-16,3.6749183e-17
5014.5,6.1660801e-16,3.6548113e-17
5016.0,6.4939999e-16,3.6652891e-17
5017.5,6.3536402e-16,3.6391195e-17
5019.0,6.4935203e-16,3.6154606e-17
5020.5,6.6552003e-16,3.6355673e-17
5022.0,6.7075597e-16,3.6405002e-17
5023.5,6.7544101e-16,3.6570768e-17
5025.0,6.9265198e-16,3.6721698e-17
5026.5,7.1348502e-16,3.6773195e-17
5028.0,7.0563001e-16,3.6616307e-17
5029.5,6.71784e-16,3.6689863e-17
5031.0,6.6649597e-16,3.6407447e-17
5032.5,6.5954898e-16,3.6329069e-17
5034.0,6.6536301e-16,3.6600473e-17
5035.5,6.53229e-16,3.6447345e-17
5037.0,7.0288599e-16,3.6626302e-17
5038.5,6.7242499e-16,3.6617893e-17
5040.0,6.71938e-16,3.6841327e-17
5041.5,6.5920196e-16,3.6628651e-17
5043.0,6.8758101e-16,3.6951728e-17
5044.5,7.2480101e-16,3.7326034e-17
5046.0,7.1899905e-16,3.7332991e-17
5047.5,6.9153501e-16,3.7528233e-17
5049.0,6.40237e-16,3.6242868e-17
5050.5,7.6128203e-16,3.758241e-17
5052.0,8.4556403e-16,3.8682141e-17
5053.5,7.4700704e-16,3.7630703e-17
5055.0,7.0521496e-16,3.7290427e-17
5056.5,7.5941004e-16,3.7417061e-17
5058.0,7.8114003e-16,3.7347499e-17
5059.5,7.6475296e-16,3.7605368e-17
5061.0,7.4322599e-16,3.775312e-17
5062.5,8.0410198e-16,3.8106809e-17
5064.0,9.0592704e-16,3.9007014e-17
5065.5,8.28442e-16,3.8501126e-17
5067.0,7.4510905e-16,3.7646026e-17
5068.5,7.86382e-16,3.8093824e-17
5070.0,8.3168e-16,3.8456966e-17
5071.5,8.5328903e-16,3.8583895e-17
5073.0,8.8607503e-16,3.8918343e-17
5074.5,8.8805301e-16,3.9012643e-17
5076.0,8.8495599e-16,3.9226625e-17
5077.5,8.8007602e-16,3.888459e-17
5079.0,8.9153098e-16,3.8910228e-17
5080.5,9.2279803e-16,3.9479053e-17
5082.0,8.9009706e-16,3.9360533e-17
5083.5,8.34683e-16,3.8895426e-17
5085.0,8.98483e-16,3.9447121e-17
5086.5,9.2317094e-16,3.9526126e-17
5088.0,9.1993496e-16,3.9512802e-17
5089.5,9.3401497e-16,3.9723111e-17
5091.0,9.1532096e-16,3.9461765e-17
5092.5,9.2907201e-16,3.9493833e-17
5094.0,9.6426707e-16,3.9484583e-17
5095.5,1.0041601e-15,4.0064936e-17
5097.0,9.9715101e-16,4.0439596e-17
5098.5,1.01468e-15,4.0614951e-17
5100.0,1.02428e-15,4.0658083e-17
5101.5,1.01577e-15,4.0419104e-17
5103.0,1.03817e-15,4.0649551e-17
5104.5,1.02277e-15,4.0651362e-17
5106.0,1.0352401e-15,4.0668516e-17
5107.5,1.04863e-15,4.0587108e-17
5109.0,1.0679099e-15,4.0607304e-17
5110.5,1.03861e-15,4.0934271e-17
5112.0,1.10548e-15,4.1234159e-17
5113.5,1.0791901e-15,4.1067287e-17
5115.0,1.03299e-15,4.0581781e-17
5116.5,1.07962e-15,4.1198692e-17
5118.0,1.0453901e-15,4.1031186e-17
5119.5,1.0180301e-15,4.053032e-17
5121.0,1.08251e-15,4.1087067e-17
5122.5,1.10832e-15,4.160935e-17
5124.0,1.1001801e-15,4.1196204e-17
5125.5,1.13046e-15,4.1609637e-17
5127.0,1.10687e-15,4.115378e-17
5128.5,1.12232e-15,4.1232906e-17
5130.0,1.11877e-15,4.1414171e-17
5131.5,1.13067e-15,4.1486989e-17
5133.0,1.06286e-15,4.0891564e-17
5134.5,1.09275e-15,4.1198906e-17
5136.0,1.13049e-15,4.1962202e-17
5137.5,1.1362899e-15,4.1907571e-17
5139.0,1.13563e-15,4.1853209e-17
5140.5,1.12346e-15,4.1948734e-17
5142.0,1.1670099e-15,4.2071969e-17
5143.5,1.18838e-15,4.2149093e-17
5145.0,1.14648e-15,4.1668902e-17
5146.5,1.20502e-15,4.2447823e-17
5148.0,1.19785e-15,4.2716339e-17
5149.5,1.1942901e-15,4.2518311e-17
5151.0,1.18708e-15,4.2455768e-17
5152.5,1.16558e-15,4.2551669e-17
5154.0,1.19072e-15,4.2781972e-17
5155.5,1.22997e-15,4.307262e-17
5157.0,1.23357e-15,4.3095947e-17
5158.5,1.22133e-15,4.2572488e-17
5160.0,1.19742e-15,4.2114518e-17
5161.5,1.14699e-15,4.1918686e-17
5163.0,1.1682301e-15,4.2040207e-17
5164.5,1.2137099e-15,4.2177359e-17
5166.0,1.2424001e-15,4.2466839e-17
5167.5,1.25394e-15,4.2470205e-17
5169.0,1.2261501e-15,4.2118669e-17
5170.5,1.22799e-15,4.1952686e-17
5172.0,1.18434e-15,4.1571014e-17
5173.5,1.22199e-15,4.1949998e-17
5175.0,1.22373e-15,4.2178141e-17
5176.5,1.19713e-15,4.2173201e-17
5178.0,1.22895e-15,4.2202961e-17
5179.5,1.22105e-15,4.2125796e-17
5181.0,1.16272e-15,4.1695834e-17
5182.5,1.24552e-15,4.2148433e-17
5184.0,1.29553e-15,4.2888321e-17
5185.5,1.21411e-15,4.2673451e-17
5187.0,1.24656e-15,4.2390994e-17
5188.5,1.24439e-15,4.2193471e-17
5190.0,1.28798e-15,4.270828e-17
5191.5,1.2598199e-15,4.2637859e-17
5193.0,1.28766e-15,4.2735286e-17
5194.5,1.25559e-15,4.2994921e-17
5196.0,1.2408e-15,4.3537735e-17
5197.5,1.23938e-15,4.4489578e-17
5199.0,1.2379599e-15,4.6923851e-17
5200.5,1.2365499e-15,6.0078825e-17
5202.0,1.23513e-15,7.3765799e-17
5203.5,1.2337101e-15,7.8587818e-17
5205.0,1.23229e-15,6.5914989e-17
5206.5,1.23088e-15,4.7191372e-17
5208.0,1.23088e-15,4.1426838e-17
5209.5,1.20462e-15,4.1968705e-17
5211.0,1.1862e-15,4.1967293e-17
5212.5,1.1601401e-15,4.1620513e-17
5214.0,1.19979e-15,4.182221e-17
5215.5,1.2251299e-15,4.2011708e-17
5217.0,1.19186e-15,4.1441689e-17
5218.5,1.1504399e-15,4.0935466e-17
5220.0,1.11786e-15,4.077714e-17
5221.5,1.10311e-15,4.0744494e-17
5223.0,1.10894e-15,4.0611658e-17
5224.5,1.07628e-15,4.0163219e-17
5226.0,1.01564e-15,3.9776706e-17
5227.5,1.04374e-15,4.0074437e-17
5229.0,1.10842e-15,4.0451663e-17
5230.5,1.0859601e-15,4.0362464e-17
5232.0,1.06582e-15,4.0274483e-17
5233.5,1.07496e-15,4.0283519e-17
5235.0,1.05934e-15,3.9953927e-17
5236.5,1.0568399e-15,3.9972722e-17
5238.0,1.07936e-15,4.0438379e-17
5239.5,1.0233099e-15,3.9824347e-17
5241.0,9.9043298e-16,3.9661527e-17
5242.5,1.0478299e-15,4.0185472e-17
5244.0,1.0025899e-15,3.9161561e-17
5245.5,9.5860603e-16,3.8592198e-17
5247.0,9.8147105e-16,3.9213957e-17
5248.5,1.0071401e-15,3.9249988e-17
5250.0,1.07504e-15,3.9521289e-17
5251.5,1.0592299e-15,3.9872913e-17
5253.0,1.02047e-15,3.9731864e-17
5254.5,1.00149e-15,3.9582441e-17
5256.0,1.0105199e-15,3.9895454e-17
5257.5,1.06574e-15,4.0012834e-17
5259.0,1.03247e-15,3.9492052e-17
5260.5,9.8231703e-16,3.8885165e-17
5262.0,9.6019401e-16,3.8155338e-17
5263.5,9.8190706e-16,3.8238951e-17
5265.0,9.7214405e-16,3.8436689e-17
5266.5,9.7534298e-16,3.8316875e-17
5268.0,9.5990093e-16,3.7924615e-17
5269.5,9.7917803e-16,3.8445312e-17
5271.0,1.01379e-15,3.9057044e-17
5272.5,1.01544e-15,3.9353816e-17
5274.0,1.01777e-15,3.9212545e-17
5275.5,1.00886e-15,3.9161892e-17
5277.0,9.7208296e-16,3.9027866e-17
5278.5,9.7169301e-16,3.898003e-17
5280.0,9.8014894e-16,3.8823046e-17
5281.5,1.00565e-15,3.8957227e-17
5283.0,1.03467e-15,3.9288062e-17
5284.5,1.05381e-15,3.9288855e-17
5286.0,1.02635e-15,3.9108744e-17
5287.5,9.6280403e-16,3.8706547e-17
5289.0,9.4739195e-16,3.8444247e-17
5290.5,9.6243505e-16,3.8339276e-17
5292.0,9.5694299e-16,3.8368686e-17
5293.5,9.4704096e-16,3.8502092e-17
5295.0,9.4520703e-16,3.8439738e-17
5296.5,9.3115295e-16,3.8262285e-17
5298.0,9.2691197e-16,3.8104158e-17
5299.5,9.4362297e-16,3.830858e-17
5301.0,9.51634e-16,3.8512434e-17
5302.5,9.7253295e-16,3.8636834e-17
5304.0,9.7790007e-16,3.8460347e-17
5305.5,9.6510606e-16,3.8447985e-17
5307.0,9.6566097e-16,3.8667637e-17
5308.5,9.4091395e-16,3.8560749e-17
5310.0,9.5850502e-16,3.8797501e-17
5311.5,9.8374205e-16,3.8673322e-17
5313.0,9.4940906e-16,3.8398921e-17
5314.5,9.4074603e-16,3.8353371e-17
5316.0,9.5267903e-16,3.8136543e-17
5317.5,9.54429e-16,3.7877468e-17
5319.0,9.3470901e-16,3.7873416e-17
5320.5,9.2224799e-16,3.7769578e-17
5322.0,9.4181202e-16,3.8144163e-17
5323.5,9.2715295e-16,3.8415847e-17
5325.0,9.9328399e-16,3.8696416e-17
5326.5,1.01211e-15,3.871064e-17
5328.0,9.4861104e-16,3.8624973e-17
5329.5,1.03409e-15,3.9338494e-17
5331.0,1.0274e-15,3.9133663e-17
5332.5,9.5128799e-16,3.8328872e-17
5334.0,9.1764003e-16,3.790906e-17
5335.5,9.4007698e-16,3.8291805e-17
5337.0,9.5473297e-16,3.8496492e-17
5338.5,9.6346197e-16,3.858836e-17
5340.0,9.7025199e-16,3.8548727e-17
5341.5,9.3351194e-16,3.8425728e-17
5343.0,9.2381193e-16,3.7888595e-17
5344.5,9.4023696e-16,3.8107944e-17
5346.0,9.4178099e-16,3.8228702e-17
5347.5,9.3087693e-16,3.8033136e-17
5349.0,9.4386205e-16,3.809142e-17
5350.5,9.7024204e-16,3.8380152e-17
5352.0,9.6031503e-16,3.8671254e-17
5353.5,9.2257399e-16,3.8376365e-17
5355.0,9.3820694e-16,3.8157775e-17
5356.5,9.6254198e-16,3.8334432e-17
5358.0,9.2409495e-16,3.7947654e-17
5359.5,9.1249801e-16,3.7625582e-17
5361.0,9.06834e-16,3.7685666e-17
5362.5,9.3211497e-16,3.7991139e-17
5364.0,1.0154199e-15,3.8638644e-17
5365.5,1.00805e-15,3.8655367e-17
5367.0,9.4959403e-16,3.8373991e-17
5368.5,9.5994297e-16,3.8286802e-17
5370.0,9.2511393e-16,3.7722737e-17
5371.5,9.0759601e-16,3.764339e-17
5373.0,9.66119e-16,3.8194499e-17
5374.5,1.00644e-15,3.8555433e-17
5376.0,1.0351501e-15,3.8931291e-17
5377.5,1.03918e-15,3.8814567e-17
5379.0,9.7907903e-16,3.8170152e-17
5380.5,9.4894605e-16,3.7949844e-17
5382.0,9.9131294e-16,3.8474316e-17
5383.5,1.01586e-15,3.874246e-17
5385.0,9.8443397e-16,3.8303333e-17
5386.5,9.5429199e-16,3.8360217e-17
5388.0,9.7530899e-16,3.8583626e-17
5389.5,1.0312801e-15,3.8857993e-17
5391.0,1.04027e-15,3.8740816e-17
5392.5,9.9666502e-16,3.8558452e-17
5394.0,1.0004801e-15,3.8565645e-17
5395.5,9.6299504e-16,3.8240673e-17
5397.0,9.3306598e-16,3.8103535e-17
5398.5,1.0079e-15,3.8567312e-17
5400.0,9.8627595e-16,3.8568127e-17
5401.5,9.0321707e-16,3.7696782e-17
5403.0,9.1300104e-16,3.769791e-17
5404.5,9.9551105e-16,3.8195288e-17
5406.0,1.04636e-15,3.9047609e-17
5407.5,9.69231e-16,3.8202422e-17
5409.0,9.3889494e-16,3.7787134e-17
5410.5,9.6621197e-16,3.8100873e-17
5412.0,1.02944e-15,3.8870993e-17
5413.5,1.01106e-15,3.8564436e-17
5415.0,9.3449905e-16,3.8144506e-17
5416.5,9.3240307e-16,3.8103561e-17
5418.0,9.5434196e-16,3.79263e-17
5419.5,9.5020696e-16,3.8089016e-17
5421.0,9.4156701e-16,3.7931299e-17
5422.5,1.00534e-15,3.8442702e-17
5424.0,1.0331201e-15,3.8834785e-17
5425.5,1.01871e-15,3.8681551e-17
5427.0,9.4439398e-16,3.7652824e-17
5428.5,9.3083998e-16,3.7765585e-17
5430.0,9.3192206e-16,3.7863307e-17
5431.5,9.2348201e-16,3.766279e-17
5433.0,9.1692397e-16,3.7513519e-17
5434.5,9.2815297e-16,3.7662384e-17
5436.0,9.5118105e-16,3.8039204e-17
5437.5,9.3031503e-16,3.7968115e-17
5439.0,9.2829295e-16,3.7951307e-17
5440.5,9.9340808e-16,3.8382386e-17
5442.0,1.00273e-15,3.8463175e-17
5443.5,9.8652604e-16,3.8323873e-17
5445.0,9.9028305e-16,3.8487773e-17
5446.5,9.8391697e-16,3.8412651e-17
5448.0,1.01142e-15,3.8538754e-17
5449.5,9.9829101e-16,3.8179575e-17
5451.0,9.7383198e-16,3.7898582e-17
5452.5,1.0324499e-15,3.881384e-17
5454.0,1.05475e-15,3.917007e-17
5455.5,1.0567e-15,3.9374097e-17
5457.0,9.8710202e-16,3.9662891e-17
5458.5,1.01356e-15,4.1038453e-17
5460.0,1.07479e-15,4.2363627e-17
5461.5,1.0465799e-15,4.2197762e-17
5463.0,1.0189901e-15,4.1611436e-17
5464.5,1.00387e-15,4.0438526e-17
5466.0,1.08205e-15,4.01173e-17
5467.5,1.0199301e-15,3.9210643e-17
5469.0,1.00068e-15,3.8673525e-17
5470.5,9.91685e-16,3.8770768e-17
5472.0,9.8913596e-16,3.8755958e-17
5473.5,9.41221e-16,3.8211197e-17
5475.0,9.8099597e-16,3.8497609e-17
5476.5,1.05422e-15,3.8818283e-17
5478.0,1.01933e-15,3.8753252e-17
5479.5,1.08117e-15,3.9601329e-17
5481.0,1.1402499e-15,3.9784246e-17
5482.5,1.03112e-15,3.8718445e-17
5484.0,1.07521e-15,3.9504816e-17
5485.5,1.09989e-15,3.9701326e-17
5487.0,1.04846e-15,3.9047307e-17
5488.5,1.05971e-15,3.9033334e-17
5490.0,1.0543e-15,3.9233825e-17
5491.5,1.0706901e-15,3.9099951e-17
5493.0,1.06694e-15,3.9135889e-17
5494.5,1.0673601e-15,3.9284467e-17
5496.0,1.0858001e-15,3.9161594e-17
5497.5,1.07127e-15,3.8961161e-17
5499.0,1.07594e-15,3.905304e-17
5500.5,1.0915901e-15,3.9608673e-17
5502.0,1.13652e-15,4.0130137e-17
5503.5,1.15604e-15,4.0432528e-17
5505.0,1.1487301e-15,4.0305905e-17
5506.5,1.17759e-15,4.0415661e-17
5508.0,1.18546e-15,4.0396254e-17
5509.5,1.1717201e-15,4.0238536e-17
5511.0,1.16367e-15,4.0204905e-17
5512.5,1.13949e-15,3.9904277e-17
5514.0,1.1130399e-15,3.9683165e-17
5515.5,1.12766e-15,4.0080491e-17
5517.0,1.1346199e-15,4.0415207e-17
5518.5,1.18963e-15,4.088148e-17
5520.0,1.1991499e-15,4.0749047e-17
5521.5,1.15097e-15,3.9804965e-17
5523.0,1.1549099e-15,4.022881e-17
5524.5,1.17098e-15,4.0623681e-17
5526.0,1.25643e-15,4.1035824e-17
5527.5,1.25739e-15,4.0820711e-17
5529.0,1.17529e-15,4.0284971e-17
5530.5,1.14309e-15,4.0267551e-17
5532.0,1.20946e-15,4.0943798e-17
5533.5,1.2548e-15,4.1185593e-17
5535.0,1.22757e-15,4.1203632e-17
5536.5,1.21666e-15,4.0658337e-17
5538.0,1.20576e-15,4.2257676e-17
5539.5,1.19485e-15,5.4048237e-17
5541.0,1.1839499e-15,1.3200119e-16
5542.5,1.17304e-15,1.3056123e-16
5544.0,1.1621301e-15,6.4011533e-17
5545.5,1.15123e-15,3.9709912e-17
5547.0,1.15123e-15,4.1300558e-17
5548.5,1.20566e-15,4.1235376e-17
5550.0,1.22422e-15,4.1564548e-17
5551.5,1.2941e-15,4.1931207e-17
5553.0,1.26399e-15,4.1383541e-17
5554.5,1.26142e-15,4.1431889e-17
5556.0,1.31027e-15,4.1773788e-17
5557.5,1.3035001e-15,4.1612465e-17
5559.0,1.2661901e-15,4.1439152e-17
5560.5,1.2689199e-15,4.195659e-17
5562.0,1.34129e-15,4.2403404e-17
5563.5,1.3263901e-15,4.246149e-17
5565.0,1.2891901e-15,4.2342447e-17
5566.5,1.29095e-15,4.214938e-17
5568.0,1.28476e-15,4.1945792e-17
5569.5,1.3359199e-15,4.3005395e-17
5571.0,1.3447699e-15,4.5707529e-17
5572.5,1.36984e-15,5.3857939e-17
5574.0,1.3722e-15,6.8766755e-17
5575.5,1.37456e-15,8.2975297e-17
5577.0,1.37692e-15,8.9853221e-17
5578.5,1.37929e-15,8.8832701e-17
5580.0,1.38165e-15,7.9400174e-17
5581.5,1.38401e-15,6.375533e-17
5583.0,1.38401e-15,5.0394128e-17
5584.5,1.34678e-15,4.4554532e-17
5586.0,1.36893e-15,4.2996234e-17
5587.5,1.37234e-15,4.2559441e-17
5589.0,1.32483e-15,4.2295307e-17
5590.5,1.3474701e-15,4.2439033e-17
5592.0,1.36217e-15,4.2255785e-17
5593.5,1.35842e-15,4.2250432e-17
5595.0,1.3722499e-15,4.2440125e-17
5596.5,1.37394e-15,4.2437931e-17
5598.0,1.39508e-15,4.2730298e-17
5599.5,1.33597e-15,4.2035462e-17
5601.0,1.35721e-15,4.2230541e-17
5602.5,1.46935e-15,4.3236639e-17
5604.0,1.46444e-15,4.3425528e-17
5605.5,1.40379e-15,4.3133692e-17
5607.0,1.4032901e-15,4.3121681e-17
5608.5,1.4291801e-15,4.3076466e-17
5610.0,1.45151e-15,4.3044781e-17
5611.5,1.4884401e-15,4.3367608e-17
5613.0,1.38863e-15,4.2674948e-17
5614.5,1.40994e-15,4.2444553e-17
5616.0,1.42154e-15,4.5042885e-17
5617.5,1.43313e-15,4.5083233e-17
5619.0,1.43313e-15,4.3233656e-17
5620.5,1.4709899e-15,4.3779073e-17
5622.0,1.52485e-15,4.3860669e-17
5623.5,1.44845e-15,4.3211318e-17
5625.0,1.4178e-15,4.311309e-17
5626.5,1.4640101e-15,4.3413148e-17
5628.0,1.42592e-15,4.2841506e-17
5629.5,1.3991899e-15,4.2722445e-17
5631.0,1.46101e-15,4.3222105e-17
5632.5,1.5033501e-15,4.3357831e-17
5634.0,1.5024601e-15,4.3179943e-17
5635.5,1.46383e-15,4.3006081e-17
5637.0,1.43512e-15,4.3190845e-17
5638.5,1.46277e-15,4.3429823e-17
5640.0,1.46442e-15,4.3611788e-17
5641.5,1.49265e-15,4.3986621e-17
5643.0,1.55282e-15,4.4316785e-17
5644.5,1.49955e-15,4.4057592e-17
5646.0,1.46675e-15,4.3890709e-17
5647.5,1.4845901e-15,4.3760259e-17
5649.0,1.45885e-15,4.3356017e-17
5650.5,1.43786e-15,4.2966669e-17
5652.0,1.45512e-15,4.2880892e-17
5653.5,1.45855e-15,4.3045699e-17
5655.0,1.4524799e-15,4.3006959e-17
5656.5,1.4989099e-15,4.3241925e-17
5658.0,1.51779e-15,4.3735827e-17
5659.5,1.51731e-15,4.3945779e-17
5661.0,1.4843e-15,4.3807668e-17
5662.5,1.43906e-15,4.3362443e-17
5664.0,1.47387e-15,4.3561298e-17
5665.5,1.44536e-15,4.3495905e-17
5667.0,1.4453699e-15,4.3825637e-17
5668.5,1.44935e-15,4.3779066e-17
5670.0,1.42008e-15,4.3551222e-17
5671.5,1.3928301e-15,4.3615567e-17
5673.0,1.39351e-15,4.3667699e-17
5674.5,1.39605e-15,4.350788e-17
5676.0,1.4818799e-15,4.4114479e-17
5677.5,1.4915e-15,4.4342353e-17
5679.0,1.50958e-15,4.4834452e-17
5680.5,1.5065399e-15,4.5081644e-17
5682.0,1.4641201e-15,4.4995317e-17
5683.5,1.4738801e-15,4.5745599e-17
5685.0,1.4091701e-15,4.561558e-17
5686.5,1.38042e-15,4.5412902e-17
5688.0,1.36418e-15,4.5665429e-17
5689.5,1.4775501e-15,4.6767121e-17
5691.0,1.48114e-15,4.6244256e-17
5692.5,1.37507e-15,4.4954969e-17
5694.0,1.40852e-15,4.4800146e-17
5695.5,1.38448e-15,4.430436e-17
5697.0,1.4208401e-15,4.4368488e-17
5698.5,1.3365e-15,4.3620154e-17
5700.0,1.3509199e-15,4.3345628e-17
5701.5,1.4410599e-15,4.3551653e-17
5703.0,1.39296e-15,4.2878824e-17
5704.5,1.3969001e-15,4.2946348e-17
5706.0,1.4112299e-15,4.3289577e-17
5707.5,1.42796e-15,4.3499691e-17
5709.0,1.44226e-15,4.3711494e-17
5710.5,1.3931901e-15,4.33573e-17
5712.0,1.36821e-15,4.2769061e-17
5713.5,1.34911e-15,4.2537169e-17
5715.0,1.3776099e-15,4.2765237e-17
5716.5,1.41552e-15,4.2873592e-17
5718.0,1.42995e-15,4.2928124e-17
5719.5,1.36917e-15,4.2747279e-17
5721.0,1.35045e-15,4.260672e-17
5722.5,1.37449e-15,4.2804531e-17
5724.0,1.3925801e-15,4.3015232e-17
5725.5,1.3696999e-15,4.2544756e-17
5727.0,1.3508499e-15,4.2420552e-17
5728.5,1.40499e-15,4.2954562e-17
5730.0,1.4220299e-15,4.2979197e-17
5731.5,1.3532401e-15,4.2624206e-17
5733.0,1.3296e-15,4.2565771e-17
5734.5,1.3437e-15,4.2461136e-17
5736.0,1.36202e-15,4.2458968e-17
5737.5,1.3495999e-15,4.2342126e-17
5739.0,1.3655e-15,4.2694182e-17
5740.5,1.40889e-15,4.2906877e-17
5742.0,1.4415899e-15,4.3036545e-17
5743.5,1.4179e-15,4.3047038e-17
5745.0,1.3698799e-15,4.2620863e-17
5746.5,1.4220999e-15,4.2909107e-17
5748.0,1.40039e-15,4.2596474e-17
5749.5,1.38719e-15,4.2373106e-17
5751.0,1.36809e-15,4.2487931e-17
5752.5,1.33048e-15,4.2085355e-17
5754.0,1.3554e-15,4.255509e-17
5755.5,1.40273e-15,4.2970684e-17
5757.0,1.3979e-15,4.2704158e-17
5758.5,1.35902e-15,4.2503538e-17
5760.0,1.31635e-15,4.2236555e-17
5761.5,1.38858e-15,4.2480621e-17
5763.0,1.38964e-15,4.2691336e-17
5764.5,1.3941099e-15,4.2929104e-17
5766.0,1.40167e-15,4.3280036e-17
5767.5,1.37919e-15,4.3221003e-17
5769.0,1.39984e-15,4.3742179e-17
5770.5,1.41164e-15,4.3660321e-17
5772.0,1.31066e-15,4.2742623e-17
5773.5,1.27884e-15,4.256413e-17
5775.0,1.3043501e-15,4.2482416e-17
5776.5,1.3298801e-15,4.2221608e-17
5778.0,1.3215601e-15,4.2094101e-17
5779.5,1.2759301e-15,4.1718361e-17
5781.0,1.30398e-15,4.1825613e-17
5782.5,1.36503e-15,4.2467027e-17
5784.0,1.36917e-15,4.2527623e-17
5785.5,1.40572e-15,4.2887853e-17
5787.0,1.4771399e-15,4.3604997e-17
5788.5,1.45216e-15,4.3726872e-17
5790.0,1.44748e-15,4.4163787e-17
5791.5,1.40121e-15,4.3868183e-17
5793.0,1.37246e-15,4.3446978e-17
5794.5,1.37892e-15,4.3251172e-17
5796.0,1.3696001e-15,4.3008654e-17
5797.5,1.3970799e-15,4.3071861e-17
5799.0,1.4009001e-15,4.3097034e-17
5800.5,1.37815e-15,4.2821417e-17
5802.0,1.3746901e-15,4.2753985e-17
5803.5,1.3958e-15,4.3033924e-17
5805.0,1.38206e-15,4.2849009e-17
5806.5,1.39211e-15,4.281922e-17
5808.0,1.40052e-15,4.3044453e-17
5809.5,1.39455e-15,4.3069206e-17
5811.0,1.36156e-15,4.2888211e-17
5812.5,1.38343e-15,4.2807883e-17
5814.0,1.4291101e-15,4.3022863e-17
5815.5,1.4559199e-15,4.347464e-17
5817.0,1.4258501e-15,4.3107944e-17
5818.5,1.4614399e-15,4.3418925e-17
5820.0,1.4766601e-15,4.3505454e-17
5821.5,1.39915e-15,4.3088713e-17
5823.0,1.39578e-15,4.3239765e-17
5824.5,1.4757901e-15,4.3868242e-17
5826.0,1.4674e-15,4.3500012e-17
5827.5,1.48923e-15,4.4267367e-17
5829.0,1.45648e-15,4.3962458e-17
5830.5,1.44841e-15,4.3590895e-17
5832.0,1.47944e-15,4.3730304e-17
5833.5,1.44739e-15,4.3855202e-17
5835.0,1.44505e-15,4.4080753e-17
5836.5,1.39571e-15,4.3299521e-17
5838.0,1.38612e-15,4.3237e-17
5839.5,1.4265601e-15,4.3490865e-17
5841.0,1.40288e-15,4.2894596e-17
5842.5,1.40759e-15,4.3291926e-17
5844.0,1.43348e-15,4.3807336e-17
5845.5,1.4101599e-15,4.3870078e-17
5847.0,1.3933001e-15,4.3646548e-17
5848.5,1.41365e-15,4.3433418e-17
5850.0,1.42711e-15,4.3760304e-17
5851.5,1.41431e-15,4.3853683e-17
5853.0,1.4386899e-15,4.4053809e-17
5854.5,1.48434e-15,4.4237294e-17
5856.0,1.48824e-15,4.4143118e-17
5857.5,1.45228e-15,4.3960858e-17
5859.0,1.44041e-15,4.3775184e-17
5860.5,1.46583e-15,4.3998342e-17
5862.0,1.47585e-15,4.4505199e-17
5863.5,1.4658199e-15,4.495804e-17
5865.0,1.4300999e-15,4.5148968e-17
5866.5,1.39124e-15,4.5572607e-17
5868.0,1.3987599e-15,4.5922414e-17
5869.5,1.43621e-15,4.55935e-17
5871.0,1.4487199e-15,4.5008682e-17
5872.5,1.4246201e-15,4.4484346e-17
5874.0,1.40659e-15,4.4076594e-17
5875.5,1.4111101e-15,4.3897504e-17
5877.0,1.39806e-15,4.3633128e-17
5878.5,1.41673e-15,4.3359169e-17
5880.0,1.47746e-15,4.3691139e-17
5881.5,1.46962e-15,4.3840963e-17
5883.0,1.44107e-15,4.3822456e-17
5884.5,1.46712e-15,4.5607038e-17
5886.0,1.4249999e-15,4.9238875e-17
5887.5,1.3334399e-15,5.3691178e-17
5889.0,1.20344e-15,5.6607994e-17
5890.5,1.17383e-15,5.7350835e-17
5892.0,1.17117e-15,5.6848509e-17
5893.5,1.1673e-15,5.5222456e-17
5895.0,1.25831e-15,5.3536502e-17
5896.5,1.1970201e-15,5.1898824e-17
5898.0,1.19303e-15,4.9979847e-17
5899.5,1.3217699e-15,4.7517038e-17
5901.0,1.4208601e-15,4.5312566e-17
5902.5,1.44557e-15,4.4179489e-17
5904.0,1.42011e-15,4.3728428e-17
5905.5,1.3695101e-15,4.3589575e-17
5907.0,1.35332e-15,4.3233862e-17
5908.5,1.39105e-15,4.3530491e-17
5910.0,1.35683e-15,4.3381471e-17
5911.5,1.35314e-15,4.3388689e-17
5913.0,1.3450801e-15,4.369953e-17
5914.5,1.34099e-15,4.4064936e-17
5916.0,1.40956e-15,4.4549912e-17
5917.5,1.4464399e-15,4.4554878e-17
5919.0,1.44086e-15,4.4605524e-17
5920.5,1.45372e-15,4.4414861e-17
5922.0,1.4188301e-15,4.3905335e-17
5923.5,1.3832801e-15,4.3709632e-17
5925.0,1.33627e-15,4.3480516e-17
5926.5,1.3917399e-15,4.3810591e-17
5928.0,1.40805e-15,4.4222974e-17
5929.5,1.4218201e-15,4.4667477e-17
5931.0,1.4302301e-15,4.5118162e-17
5932.5,1.3914e-15,4.5399125e-17
5934.0,1.3745299e-15,4.5423771e-17
5935.5,1.3914699e-15,4.5122552e-17
5937.0,1.33367e-15,4.4124589e-17
5938.5,1.28782e-15,4.3477714e-17
5940.0,1.36303e-15,4.3562927e-17
5941.5,1.39491e-15,4.3407492e-17
5943.0,1.3721599e-15,4.3289411e-17
5944.5,1.37252e-15,4.3552571e-17
5946.0,1.30708e-15,4.3006616e-17
5947.5,1.19172e-15,4.2055655e-17
5949.0,1.20365e-15,4.2094583e-17
5950.5,1.17473e-15,4.2397373e-17
5952.0,1.15074e-15,4.2924577e-17
5953.5,1.1947499e-15,4.3235477e-17
5955.0,1.23149e-15,4.3160163e-17
5956.5,1.33349e-15,4.3537927e-17
5958.0,1.42316e-15,4.3466189e-17
5959.5,1.43058e-15,4.3316745e-17
5961.0,1.4069801e-15,4.3212018e-17
5962.5,1.40433e-15,4.2994014e-17
5964.0,1.38508e-15,4.3170969e-17
5965.5,1.3425799e-15,4.3053781e-17
5967.0,1.37616e-15,4.3199446e-17
5968.5,1.37498e-15,4.3115431e-17
5970.0,1.37789e-15,4.3193702e-17
5971.5,1.37167e-15,4.3498442e-17
5973.0,1.35727e-15,4.3057036e-17
5974.5,1.34569e-15,4.3427154e-17
5976.0,1.42517e-15,4.4334869e-17
5977.5,1.3625401e-15,4.3591976e-17
5979.0,1.33489e-15,4.3259047e-17
5980.5,1.3939001e-15,4.3548202e-17
5982.0,1.32203e-15,4.2365814e-17
5983.5,1.2719899e-15,4.2148248e-17
5985.0,1.28043e-15,4.2143773e-17
5986.5,1.32001e-15,4.2405712e-17
5988.0,1.31533e-15,4.2094407e-17
5989.5,1.19787e-15,4.1314918e-17
5991.0,1.2367299e-15,4.1636046e-17
5992.5,1.1978001e-15,4.0957495e-17
5994.0,1.22242e-15,4.1059759e-17
5995.5,1.26548e-15,4.1540207e-17
5997.0,1.2574299e-15,4.1454795e-17
5998.5,1.23783e-15,4.1293638e-17
6000.0,1.22691e-15,4.0904519e-17
6001.5,1.1876399e-15,4.0536765e-17
6003.0,1.15626e-15,4.0606917e-17
6004.5,1.11813e-15,4.0348484e-17
6006.0,1.0575301e-15,3.9787195e-17
6007.5,1.0606399e-15,3.9393283e-17
6009.0,1.09927e-15,3.9347228e-17
6010.5,1.0801099e-15,3.9158301e-17
6012.0,1.0473e-15,3.8918936e-17
6013.5,1.0257201e-15,3.8629136e-17
6015.0,9.7894001e-16,3.8039853e-17
6016.5,9.8698397e-16,3.79739e-17
6018.0,9.7744997e-16,3.4348327e-17
6019.5,9.6791598e-16,3.4496713e-17
6021.0,9.5838104e-16,3.6773678e-17
6022.5,9.5838104e-16,3.7209889e-17
6024.0,9.5742897e-16,3.7358076e-17
6025.5,9.7064396e-16,3.7686772e-17
6027.0,9.6136704e-16,3.7678868e-17
6028.5,9.0924e-16,3.7000951e-17
6030.0,8.6381601e-16,3.6855551e-17
6031.5,8.4126201e-16,3.6889897e-17
6033.0,7.74875e-16,3.6319576e-17
6034.5,7.7387604e-16,3.6115051e-17
6036.0,7.4843196e-16,3.5430335e-17
6037.5,7.5875803e-16,3.5290967e-17
6039.0,8.2442199e-16,3.5801585e-17
6040.5,7.9408698e-16,3.5340776e-17
6042.0,7.6439101e-16,3.5207664e-17
6043.5,7.7736502e-16,3.5195523e-17
6045.0,7.6187998e-16,3.4716214e-17
6046.5,7.3469298e-16,3.4205464e-17
6048.0,7.1600505e-16,3.4090001e-17
6049.5,6.9045801e-16,3.3872845e-17
6051.0,6.63641e-16,3.4050836e-17
6052.5,6.6635198e-16,3.4365095e-17
6054.0,6.4695604e-16,3.3828183e-17
6055.5,6.4408602e-16,3.3589776e-17
6057.0,6.5523901e-16,3.3644787e-17
6058.5,6.0945201e-16,3.3399261e-17
6060.0,5.7884998e-16,3.3013095e-17
6061.5,6.1549003e-16,3.3047666e-17
6063.0,5.9108696e-16,3.2881709e-17
6064.5,5.4043301e-16,3.2475763e-17
6066.0,5.6362303e-16,3.2680229e-17
6067.5,6.1457905e-16,3.3089552e-17
6069.0,6.07441e-16,3.2734893e-17
6070.5,5.89194e-16,3.2298233e-17
6072.0,5.50255e-16,3.1965828e-17
6073.5,5.1753597e-16,3.1775036e-17
6075.0,5.4341399e-16,3.2078035e-17
6076.5,5.3864202e-16,3.1966307e-17
6078.0,5.1169901e-16,3.1855165e-17
6079.5,5.3617e-16,3.1996292e-17
6081.0,5.57503e-16,3.1642013e-17
6082.5,5.37119e-16,3.1541828e-17
6084.0,4.8790098e-16,3.1585575e-17
6085.5,4.5541002e-16,3.138978e-17
6087.0,4.8585296e-16,3.1377227e-17
6088.5,5.2573196e-16,3.1333299e-17
6090.0,5.2026601e-16,3.1121467e-17
6091.5,4.8629702e-16,3.0975853e-17
6093.0,4.4447101e-16,3.0726959e-17
6094.5,4.4947999e-16,3.0823057e-17
6096.0,4.5491403e-16,3.0960656e-17
6097.5,4.9589803e-16,3.1385895e-17
6099.0,4.9578199e-16,3.1179158e-17
6100.5,4.6173899e-16,3.1059635e-17
6102.0,4.5744898e-16,3.1117378e-17
6103.5,4.2452698e-16,3.0833683e-17
6105.0,4.5690101e-16,3.1472099e-17
6106.5,4.42601e-16,3.0777232e-17
6108.0,4.5071401e-16,3.0394097e-17
6109.5,4.4827604e-16,3.0792284e-17
6111.0,4.9674501e-16,3.162123e-17
6112.5,4.8809299e-16,3.1532201e-17
6114.0,4.5210198e-16,3.0906143e-17
6115.5,4.28511e-16,3.073041e-17
6117.0,4.2458702e-16,3.0883954e-17
6118.5,4.7443099e-16,3.1269901e-17
6120.0,5.1934496e-16,3.1338055e-17
6121.5,4.6707297e-16,3.0949489e-17
6123.0,4.9066697e-16,3.0936131e-17
6124.5,5.1763703e-16,3.1709853e-17
6126.0,4.7565299e-16,3.1555023e-17
6127.5,4.5867999e-16,3.0974868e-17
6129.0,5.1544099e-16,3.1546808e-17
6130.5,4.8463001e-16,3.1377994e-17
6132.0,5.2673204e-16,3.1555181e-17
6133.5,5.6629997e-16,3.2105402e-17
6135.0,5.6813597e-16,3.2509685e-17
6136.5,5.7925703e-16,3.2785885e-17
6138.0,5.84589e-16,3.2844756e-17
6139.5,5.7362501e-16,3.3167373e-17
6141.0,5.7958298e-16,3.3178448e-17
6142.5,5.8797904e-16,3.3109365e-17
6144.0,5.9626598e-16,3.3277726e-17
6145.5,5.9305398e-16,3.3274364e-17
6147.0,6.2560101e-16,3.3497286e-17
6148.5,6.5974899e-16,3.3599041e-17
6150.0,6.3823498e-16,3.3215825e-17
6151.5,6.45176e-16,3.3426024e-17
6153.0,6.8289104e-16,3.3941504e-17
6154.5,6.9376302e-16,3.432346e-17
6156.0,7.1538799e-16,3.4444375e-17
6157.5,6.9509398e-16,3.4198378e-17
6159.0,7.2034196e-16,3.485518e-17
6160.5,7.6000201e-16,3.5392339e-17
6162.0,7.2543104e-16,3.492586e-17
6163.5,7.2180903e-16,3.4714242e-17
6165.0,7.4118898e-16,3.4435369e-17
6166.5,7.6194499e-16,3.4396067e-17
6168.0,7.8181898e-16,3.4878964e-17
6169.5,7.85514e-16,3.5307731e-17
6171.0,8.3418801e-16,3.5872762e-17
6172.5,8.6371701e-16,3.6165608e-17
6174.0,8.1931401e-16,3.5542679e-17
6175.5,7.8730299e-16,3.4930472e-17
6177.0,8.20525e-16,3.5019578e-17
6178.5,8.5612701e-16,3.5374856e-17
6180.0,8.88558e-16,3.5696386e-17
6181.5,7.9965596e-16,3.4806902e-17
6183.0,8.9980702e-16,3.587827e-17
6184.5,8.7429301e-16,3.5425893e-17
6186.0,8.4338499e-16,3.5221021e-17
6187.5,9.0248099e-16,3.574827e-17
6189.0,9.1108897e-16,3.5898709e-17
6190.5,8.9310995e-16,3.5753811e-17
6192.0,9.3416003e-16,3.6627091e-17
6193.5,9.4250605e-16,3.6633735e-17
6195.0,8.8000201e-16,3.6094759e-17
6196.5,9.3003201e-16,3.6233345e-17
6198.0,9.7319003e-16,3.6538228e-17
6199.5,9.5994106e-16,3.6342751e-17
6201.0,9.8271503e-16,3.7008251e-17
6202.5,9.4023399e-16,3.6533642e-17
6204.0,9.9831197e-16,3.7245924e-17
6205.5,9.8780506e-16,3.7390059e-17
6207.0,9.6515794e-16,3.69144e-17
6208.5,9.42777e-16,3.6536555e-17
6210.0,1.02122e-15,3.7243007e-17
6211.5,1.06488e-15,3.7414207e-17
6213.0,1.0247101e-15,3.7298962e-17
6214.5,1.00763e-15,3.7039629e-17
6216.0,1.0581799e-15,3.7276959e-17
6217.5,1.08296e-15,3.7498827e-17
6219.0,1.0506001e-15,3.7394594e-17
6220.5,1.0463999e-15,3.768536e-17
6222.0,1.09194e-15,3.8093157e-17
6223.5,1.10867e-15,3.8316282e-17
6225.0,1.08745e-15,3.8188726e-17
6226.5,1.10947e-15,3.8037678e-17
6228.0,1.1515301e-15,3.8240112e-17
6229.5,1.17235e-15,3.8568801e-17
6231.0,1.18606e-15,3.9331666e-17
6232.5,1.1622699e-15,4.0226654e-17
6234.0,1.1090699e-15,4.0993629e-17
6235.5,1.1115399e-15,4.1880038e-17
6237.0,1.12809e-15,4.2065613e-17
6238.5,1.10799e-15,4.1388282e-17
6240.0,1.1366901e-15,4.0832815e-17
6241.5,1.18844e-15,4.04329e-17
6243.0,1.20496e-15,4.0068228e-17
6244.5,1.19462e-15,3.9828919e-17
6246.0,1.15193e-15,3.9097845e-17
6247.5,1.1312701e-15,3.8705084e-17
6249.0,1.1699701e-15,3.8834251e-17
6250.5,1.2323001e-15,3.9644299e-17
6252.0,1.2217e-15,3.9382669e-17
6253.5,1.22215e-15,3.9559679e-17
6255.0,1.22028e-15,4.0849899e-17
6256.5,1.2390099e-15,4.1850392e-17
6258.0,1.1970701e-15,4.1685331e-17
6259.5,1.20588e-15,4.2357795e-17
6261.0,1.2023e-15,4.1334989e-17
6262.5,1.16252e-15,3.9963387e-17
6264.0,1.1701799e-15,3.9916952e-17
6265.5,1.2102899e-15,4.0787644e-17
6267.0,1.20214e-15,3.9819598e-17
6268.5,1.17054e-15,3.9360246e-17
6270.0,1.1648e-15,3.9224207e-17
6271.5,1.23408e-15,3.9552066e-17
6273.0,1.27465e-15,3.9923452e-17
6274.5,1.26981e-15,3.9767578e-17
6276.0,1.25139e-15,4.0183975e-17
6277.5,1.22339e-15,4.0577117e-17
6279.0,1.2598899e-15,4.1016959e-17
6280.5,1.26318e-15,4.0853859e-17
6282.0,1.21708e-15,4.0244063e-17
6283.5,1.23052e-15,4.0203427e-17
6285.0,1.2507401e-15,4.0700488e-17
6286.5,1.27403e-15,4.1746167e-17
6288.0,1.2544101e-15,4.1951978e-17
6289.5,1.2271599e-15,4.1374202e-17
6291.0,1.2821501e-15,4.1391851e-17
6292.5,1.3084101e-15,4.1651792e-17
6294.0,1.32095e-15,4.2721538e-17
6295.5,1.3016401e-15,4.5857552e-17
6297.0,1.26432e-15,5.2689041e-17
6298.5,1.24913e-15,6.0029381e-17
6300.0,1.2402101e-15,6.3434343e-17
6301.5,1.28273e-15,6.2594594e-17
6303.0,1.27096e-15,5.7399269e-17
6304.5,1.23141e-15,5.0448888e-17
6306.0,1.2743501e-15,4.5835461e-17
6307.5,1.3386e-15,4.4022851e-17
6309.0,1.28964e-15,4.2899511e-17
6310.5,1.2540501e-15,4.1405746e-17
6312.0,1.25026e-15,3.9969544e-17
6313.5,1.24743e-15,3.9633824e-17
6315.0,1.3200001e-15,4.0003754e-17
6316.5,1.3232e-15,4.0062871e-17
6318.0,1.33891e-15,4.0686703e-17
6319.5,1.33498e-15,4.1179819e-17
6321.0,1.33105e-15,4.1921739e-17
6322.5,1.33105e-15,4.1521917e-17
6324.0,1.3161599e-15,4.0925364e-17
6325.5,1.3019399e-15,4.0913452e-17
6327.0,1.27307e-15,4.102166e-17
6328.5,1.24452e-15,4.1546228e-17
6330.0,1.32335e-15,4.2146232e-17
6331.5,1.28923e-15,4.1473174e-17
6333.0,1.3022501e-15,4.0684244e-17
6334.5,1.34545e-15,4.0868809e-17
6336.0,1.35244e-15,4.0660306e-17
6337.5,1.3660701e-15,3.9882281e-17
6339.0,1.30699e-15,3.9395329e-17
6340.5,1.3477201e-15,3.9808206e-17
6342.0,1.35507e-15,3.9822828e-17
6343.5,1.2881401e-15,3.9428953e-17
6345.0,1.2618099e-15,3.9308914e-17
6346.5,1.26963e-15,3.9801264e-17
6348.0,1.27382e-15,3.9385541e-17
6349.5,1.27801e-15,3.9042049e-17
6351.0,1.2821999e-15,3.9613558e-17
6352.5,1.28639e-15,4.0157121e-17
6354.0,1.28639e-15,4.0558097e-17
6355.5,1.3180099e-15,4.1215485e-17
6357.0,1.32927e-15,4.171456e-17
6358.5,1.32949e-15,4.2375075e-17
6360.0,1.35387e-15,4.3651849e-17
6361.5,1.34601e-15,4.5812628e-17
6363.0,1.31536e-15,4.7291952e-17
6364.5,1.29171e-15,4.7369478e-17
6366.0,1.2400399e-15,4.597974e-17
6367.5,1.26968e-15,4.3204597e-17
6369.0,1.33176e-15,4.0811206e-17
6370.5,1.3350001e-15,3.9612264e-17
6372.0,1.29329e-15,3.9174236e-17
6373.5,1.245e-15,3.8732572e-17
6375.0,1.26388e-15,3.8808015e-17
6376.5,1.2738e-15,3.913496e-17
6378.0,1.2763899e-15,3.9335161e-17
6379.5,1.29459e-15,3.9549323e-17
6381.0,1.3084101e-15,3.9525462e-17
6382.5,1.30463e-15,3.960603e-17
6384.0,1.3502001e-15,4.0292706e-17
6385.5,1.3014801e-15,4.0188599e-17
6387.0,1.29164e-15,3.9956463e-17
6388.5,1.2897e-15,3.9777676e-17
6390.0,1.25574e-15,3.9312601e-17
6391.5,1.2904299e-15,3.9110731e-17
6393.0,1.24218e-15,3.8425838e-17
6394.5,1.22422e-15,3.8376472e-17
6396.0,1.30226e-15,3.8754498e-17
6397.5,1.3159e-15,3.8997273e-17
6399.0,1.31653e-15,3.9159492e-17
6400.5,1.2996599e-15,3.8898972e-17
6402.0,1.2438199e-15,3.8635363e-17
6403.5,1.28597e-15,3.9039859e-17
6405.0,1.26092e-15,3.8582586e-17
6406.5,1.2763401e-15,3.8410826e-17
6408.0,1.22748e-15,3.8440412e-17
6409.5,1.2848901e-15,3.8418022e-17
6411.0,1.28893e-15,3.8689924e-17
6412.5,1.27622e-15,3.8602351e-17
6414.0,1.23934e-15,3.8714094e-17
6415.5,1.24747e-15,3.8660964e-17
6417.0,1.26957e-15,3.8579839e-17
6418.5,1.2928601e-15,3.8894802e-17
6420.0,1.30967e-15,3.9156712e-17
6421.5,1.2793e-15,3.8629224e-17
6423.0,1.23106e-15,3.8227916e-17
6424.5,1.25166e-15,3.8329694e-17
6426.0,1.25089e-15,3.8023126e-17
6427.5,1.23057e-15,3.7875064e-17
6429.0,1.2380299e-15,3.7922111e-17
6430.5,1.21923e-15,3.7862507e-17
6432.0,1.23946e-15,3.7847332e-17
6433.5,1.2697999e-15,3.7818317e-17
6435.0,1.2727899e-15,3.7766204e-17
6436.5,1.25048e-15,3.7899073e-17
6438.0,1.18873e-15,3.7750557e-17
6439.5,1.16153e-15,3.7354585e-17
6441.0,1.2137001e-15,3.754145e-17
6442.5,1.24273e-15,3.7901362e-17
6444.0,1.2157e-15,3.7846307e-17
6445.5,1.23193e-15,3.7972757e-17
6447.0,1.26987e-15,3.8063106e-17
6448.5,1.24787e-15,3.8155157e-17
6450.0,1.22203e-15,3.8137369e-17
6451.5,1.19569e-15,3.8023299e-17
6453.0,1.13833e-15,3.7426197e-17
6454.5,1.14545e-15,3.7350883e-17
6456.0,1.1610599e-15,3.7606175e-17
6457.5,1.22266e-15,3.7944896e-17
6459.0,1.24664e-15,3.8082196e-17
6460.5,1.2102601e-15,3.8171247e-17
6462.0,1.18214e-15,3.8706286e-17
6463.5,1.14953e-15,3.9299568e-17
6465.0,1.15542e-15,3.9823705e-17
6466.5,1.1964001e-15,4.0120961e-17
6468.0,1.20002e-15,3.9921568e-17
6469.5,1.20199e-15,3.9689735e-17
6471.0,1.18384e-15,3.9237125e-17
6472.5,1.1791101e-15,3.9125349e-17
6474.0,1.1842801e-15,3.8449681e-17
6475.5,1.18765e-15,3.7779536e-17
6477.0,1.1609401e-15,3.7591461e-17
6478.5,1.13276e-15,3.7240825e-17
6480.0,1.19782e-15,3.7700259e-17
6481.5,1.1841001e-15,3.760654e-17
6483.0,1.12485e-15,3.6873723e-17
6484.5,1.10274e-15,3.6596904e-17
6486.0,1.1366499e-15,3.6952042e-17
6487.5,1.15447e-15,3.6919259e-17
6489.0,1.1875e-15,3.7149949e-17
6490.5,1.2243299e-15,3.7413256e-17
6492.0,1.19189e-15,3.7072486e-17
6493.5,1.16889e-15,3.7107333e-17
6495.0,1.15311e-15,3.78116e-17
6496.5,1.16315e-15,3.9199254e-17
6498.0,1.1812299e-15,4.0162444e-17
6499.5,1.22279e-15,4.0396729e-17
6501.0,1.19171e-15,3.9582062e-17
6502.5,1.12617e-15,3.8534097e-17
6504.0,1.1384999e-15,3.8346779e-17
6505.5,1.1409101e-15,3.8299916e-17
6507.0,1.12898e-15,3.8041538e-17
6508.5,1.1431901e-15,3.7529759e-17
6510.0,1.1619299e-15,3.7146598e-17
6511.5,1.1540199e-15,3.6972312e-17
6513.0,1.139e-15,3.6928999e-17
6514.5,1.1097301e-15,3.6812069e-17
6516.0,1.0638799e-15,3.6245254e-17
6517.5,1.07006e-15,3.6275655e-17
6519.0,1.0942101e-15,3.6850703e-17
6520.5,1.09407e-15,3.6955692e-17
6522.0,1.11246e-15,3.7073621e-17
6523.5,1.13571e-15,3.7351307e-17
6525.0,1.13929e-15,3.733218e-17
6526.5,1.0885101e-15,3.6770994e-17
6528.0,1.05037e-15,3.6487933e-17
6529.5,1.07287e-15,3.7273022e-17
6531.0,1.09083e-15,3.8183387e-17
6532.5,1.0930001e-15,3.8713921e-17
6534.0,1.09926e-15,3.8616464e-17
6535.5,1.1444901e-15,3.8467208e-17
6537.0,1.12789e-15,3.7936884e-17
6538.5,1.08311e-15,3.6748424e-17
6540.0,1.05602e-15,3.6479409e-17
6541.5,1.07267e-15,3.7343992e-17
6543.0,1.09595e-15,3.7778773e-17
6544.5,1.12658e-15,3.7750661e-17
6546.0,1.10826e-15,3.7643091e-17
6547.5,1.0486701e-15,3.7151822e-17
6549.0,1.1184e-15,3.7233871e-17
6550.5,1.16723e-15,3.8491412e-17
6552.0,1.0514501e-15,3.883737e-17
6553.5,9.7758592e-16,3.8517588e-17
6555.0,1.07856e-15,3.9277776e-17
6556.5,1.10665e-15,3.858868e-17
6558.0,1.02404e-15,3.7085356e-17
6559.5,1.02424e-15,3.7512755e-17
6561.0,1.02352e-15,3.8214541e-17
6562.5,1.0526399e-15,3.8611074e-17
6564.0,1.0868e-15,3.8597049e-17
6565.5,1.06603e-15,3.7987213e-17
6567.0,1.0455299e-15,3.7180995e-17
6568.5,1.02569e-15,3.6831638e-17
6570.0,1.03948e-15,3.6999539e-17
6571.5,1.05109e-15,3.7006002e-17
6573.0,1.05019e-15,3.7159524e-17
6574.5,1.06085e-15,3.7822841e-17
6576.0,1.04278e-15,3.8073849e-17
6577.5,1.04451e-15,3.8171114e-17
6579.0,1.0409201e-15,3.8078233e-17
6580.5,1.0348e-15,3.7379448e-17
6582.0,1.03498e-15,3.664651e-17
6583.5,1.04519e-15,3.7200919e-17
6585.0,1.04851e-15,3.8737162e-17
6586.5,1.0636701e-15,3.7808779e-17
6588.0,1.05117e-15,3.6125035e-17
6589.5,1.03015e-15,3.5979048e-17
6591.0,1.05659e-15,3.6231037e-17
6592.5,1.0376199e-15,3.6201698e-17
6594.0,1.02391e-15,3.628148e-17
6595.5,1.0436799e-15,3.6549329e-17
6597.0,1.02687e-15,3.649374e-17
6598.5,1.0054801e-15,3.6211044e-17
6600.0,1.01356e-15,3.66277e-17
6601.5,1.00561e-15,3.6970325e-17
6603.0,9.8979093e-16,3.7122493e-17
6604.5,1.05171e-15,3.7460738e-17
6606.0,1.0092401e-15,3.7035964e-17
6607.5,9.5049696e-16,3.6192846e-17
6609.0,1.01033e-15,3.6240439e-17
6610.5,9.4991706e-16,3.5523265e-17
6612.0,9.1203002e-16,3.5054105e-17
6613.5,9.6573498e-16,3.5362926e-17
6615.0,9.5001902e-16,3.5294329e-17
6616.5,9.3994494e-16,3.5056325e-17
6618.0,1.02202e-15,3.5911945e-17
6619.5,9.9730104e-16,3.5955991e-17
6621.0,1.0145e-15,3.5518361e-17
6622.5,9.8108597e-16,3.5492679e-17
6624.0,1.03138e-15,3.6409666e-17
6625.5,1.04191e-15,3.6843119e-17
6627.0,1.04107e-15,3.7223998e-17
6628.5,1.0592701e-15,3.7309528e-17
6630.0,1.0299601e-15,3.7138004e-17
6631.5,9.8955895e-16,3.6749401e-17
6633.0,1.00639e-15,3.6507908e-17
6634.5,9.9724503e-16,3.591565e-17
6636.0,1.0014201e-15,3.6176875e-17
6637.5,1.0220799e-15,3.6400309e-17
6639.0,1.00308e-15,3.5763489e-17
6640.5,9.8636595e-16,3.5611807e-17
6642.0,9.7929905e-16,3.5720136e-17
6643.5,9.8428902e-16,3.5536891e-17
6645.0,9.5636394e-16,3.5499363e-17
6646.5,9.6311595e-16,3.5997619e-17
6648.0,9.7523996e-16,3.6212629e-17
6649.5,9.4746501e-16,3.6105882e-17
6651.0,9.6307699e-16,3.6218355e-17
6652.5,9.9508499e-16,3.5825903e-17
6654.0,9.9079604e-16,3.5472586e-17
6655.5,9.4892e-16,3.5181639e-17
6657.0,8.7086501e-16,3.4599044e-17
6658.5,8.8249303e-16,3.4739109e-17
6660.0,9.3498895e-16,3.5118366e-17
6661.5,9.2196498e-16,3.5218938e-17
6663.0,9.3201703e-16,3.5488952e-17
6664.5,9.3122506e-16,3.5430243e-17
6666.0,8.8381599e-16,3.5052653e-17
6667.5,8.8584299e-16,3.5055919e-17
6669.0,8.8241103e-16,3.4989273e-17
6670.5,8.8454401e-16,3.5006608e-17
6672.0,9.33205e-16,3.5465445e-17
6673.5,9.1679797e-16,3.5014601e-17
6675.0,8.86613e-16,3.4778941e-17
6676.5,9.3180199e-16,3.5351637e-17
6678.0,9.3100504e-16,3.5164303e-17
6679.5,9.3878197e-16,3.5073619e-17
6681.0,9.14261e-16,3.5087817e-17
6682.5,9.2090798e-16,3.5028744e-17
6684.0,9.4522101e-16,3.5057821e-17
6685.5,9.0020703e-16,3.4648429e-17
6687.0,9.17546e-16,3.4761772e-17
6688.5,9.4000699e-16,3.5106247e-17
6690.0,9.1706701e-16,3.4841377e-17
6691.5,9.0690102e-16,3.4579073e-17
6693.0,8.8988403e-16,3.4616674e-17
6694.5,9.2480804e-16,3.4501418e-17
6696.0,9.1249398e-16,3.4391636e-17
6697.5,9.3942201e-16,3.4920665e-17
6699.0,9.4110898e-16,3.5272441e-17
6700.5,9.0964298e-16,3.5198322e-17
6702.0,8.63489e-16,3.4868007e-17
6703.5,8.5194304e-16,3.4458083e-17
6705.0,8.9794704e-16,3.473672e-17
6706.5,9.0076004e-16,3.5197802e-17
6708.0,9.0084897e-16,3.5108721e-17
6709.5,9.0916694e-16,3.5066909e-17
6711.0,9.5600892e-16,3.5350638e-17
6712.5,9.7101094e-16,3.5367649e-17
6714.0,9.2312901e-16,3.5110473e-17
6715.5,9.3424706e-16,3.530355e-17
6717.0,9.4371297e-16,3.5421163e-17
6718.5,9.2329503e-16,3.5182804e-17
6720.0,9.1134604e-16,3.4719764e-17
6721.5,8.7740501e-16,3.442287e-17
6723.0,8.6511805e-16,3.4508854e-17
6724.5,8.8950297e-16,3.4648067e-17
6726.0,9.3316106e-16,3.4920496e-17
6727.5,9.2900202e-16,3.5002803e-17
6729.0,8.8590901e-16,3.4745314e-17
6730.5,8.5763505e-16,3.4304034e-17
6732.0,8.5295302e-16,3.4346532e-17
6733.5,9.0423996e-16,3.4807385e-17
6735.0,9.5429802e-16,3.4795395e-17
6736.5,9.3749098e-16,3.4587368e-17
6738.0,9.0698996e-16,3.482893e-17
6739.5,8.7843103e-16,3.4554345e-17
6741.0,8.61969e-16,3.427653e-17
6742.5,9.01269e-16,3.4611852e-17
6744.0,9.5782105e-16,3.5138223e-17
6745.5,9.4275307e-16,3.4995338e-17
6747.0,8.9346401e-16,3.4690532e-17
6748.5,9.0078407e-16,3.4863177e-17
6750.0,9.67295e-16,3.5404944e-17
6751.5,9.2540096e-16,3.4758785e-17
6753.0,8.6744702e-16,3.4201545e-17
6754.5,8.4890505e-16,3.436842e-17
6756.0,8.74563e-16,3.4228488e-17
6757.5,8.5284603e-16,3.381445e-17
6759.0,8.3435498e-16,3.3816134e-17
6760.5,8.5655397e-16,3.4022927e-17
6762.0,8.6655303e-16,3.4345909e-17
6763.5,8.5327701e-16,3.4068628e-17
6765.0,8.8199301e-16,3.4241805e-17
6766.5,8.7575298e-16,3.3994856e-17
6768.0,8.4388299e-16,3.3714585e-17
6769.5,8.8294201e-16,3.4252316e-17
6771.0,8.7578998e-16,3.4082321e-17
6772.5,8.6938498e-16,3.399049e-17
6774.0,8.6590399e-16,3.4339984e-17
6775.5,8.6519699e-16,3.4269599e-17
6777.0,8.42682e-16,3.3714637e-17
6778.5,8.5743499e-16,3.3710076e-17
6780.0,8.2027798e-16,3.3765334e-17
6781.5,8.3598298e-16,3.3981919e-17
6783.0,8.8729301e-16,3.4090266e-17
6784.5,8.4473399e-16,3.4060654e-17
6786.0,8.5170899e-16,3.4438971e-17
6787.5,8.9635599e-16,3.4356622e-17
6789.0,8.7685401e-16,3.3796572e-17
6790.5,8.7204498e-16,3.4050003e-17
6792.0,8.2910301e-16,3.3734066e-17
6793.5,8.15242e-16,3.3624845e-17
6795.0,8.2073999e-16,3.3681942e-17
6796.5,8.4937203e-16,3.3915612e-17
6798.0,9.1107308e-16,3.4438432e-17
6799.5,8.62902e-16,3.3938938e-17
6801.0,8.41886e-16,3.360247e-17
6802.5,8.6417504e-16,3.3850436e-17
6804.0,8.5228302e-16,3.3908669e-17
6805.5,8.3063698e-16,3.3536952e-17
6807.0,7.8458603e-16,3.275729e-17
6808.5,8.01826e-16,3.297942e-17
6810.0,8.0624201e-16,3.3285199e-17
6811.5,8.05272e-16,3.3302733e-17
6813.0,8.5164398e-16,3.3805649e-17
6814.5,8.5431097e-16,3.3832843e-17
6816.0,8.3656801e-16,3.3596431e-17
6817.5,8.6702504e-16,3.3668065e-17
6819.0,8.6151499e-16,3.3532716e-17
6820.5,8.5683502e-16,3.3677784e-17
6822.0,8.61147e-16,3.3655486e-17
6823.5,8.38231e-16,3.4089695e-17
6825.0,8.3664499e-16,3.5923168e-17
6826.5,8.2205897e-16,3.788569e-17
6828.0,7.3145901e-16,3.9421671e-17
6829.5,7.2843097e-16,3.9781927e-17
6831.0,9.0479403e-16,4.1249625e-17
6832.5,9.0982403e-16,4.1317197e-17
6834.0,8.06185e-16,3.9165483e-17
6835.5,7.7804603e-16,3.7845356e-17
6837.0,8.4480202e-16,3.7602404e-17
6838.5,8.5483401e-16,3.6280289e-17
6840.0,7.8908001e-16,3.515398e-17
6841.5,8.3960097e-16,3.4979425e-17
6843.0,8.7246003e-16,3.519379e-17
6844.5,8.20996e-16,3.4505978e-17
6846.0,8.0693605e-16,3.4125958e-17
6847.5,8.0732298e-16,3.4109194e-17
6849.0,7.7562701e-16,3.33828e-17
6850.5,7.54474e-16,3.3315375e-17
6852.0,7.8732199e-16,3.3362906e-17
6853.5,8.2634004e-16,3.3511417e-17
6855.0,8.5536897e-16,3.3889424e-17
6856.5,8.6594598e-16,3.4710485e-17
6858.0,8.5243898e-16,3.5084739e-17
6859.5,8.2924997e-16,3.5923072e-17
6861.0,8.4123702e-16,3.8578114e-17
6862.5,8.2899702e-16,4.07729e-17
6864.0,7.5947796e-16,4.2013304e-17
6865.5,7.6564505e-16,4.2773297e-17
6867.0,7.79415e-16,4.2702566e-17
6868.5,7.7970304e-16,4.3180098e-17
6870.0,7.4696998e-16,4.2960586e-17
6871.5,7.5601402e-16,4.2500175e-17
6873.0,8.21874e-16,4.1751612e-17
6874.5,8.48145e-16,4.0874118e-17
6876.0,7.9224702e-16,3.9359567e-17
6877.5,7.9598e-16,3.779672e-17
6879.0,8.1018903e-16,3.7154653e-17
6880.5,7.7939202e-16,3.6695463e-17
6882.0,7.6688404e-16,3.6613118e-17
6883.5,7.75299e-16,3.6435573e-17
6885.0,7.6606798e-16,3.607666e-17
6886.5,8.0334002e-16,3.6664792e-17
6888.0,7.77878e-16,3.7377907e-17
6889.5,7.5842901e-16,3.8387647e-17
6891.0,7.5531797e-16,3.8179229e-17
6892.5,7.5133998e-16,3.7300783e-17
6894.0,7.99455e-16,3.6936576e-17
6895.5,7.9009804e-16,3.5770848e-17
6897.0,8.0738799e-16,3.6385532e-17
6898.5,7.5658402e-16,3.6811685e-17
6900.0,7.0676e-16,3.6358648e-17
6901.5,7.0729898e-16,3.6494584e-17
6903.0,7.8178499e-16,3.7174105e-17
6904.5,7.8708498e-16,3.6140622e-17
6906.0,7.6784998e-16,3.5051358e-17
6907.5,7.1458299e-16,3.4018466e-17
6909.0,7.3697801e-16,3.5356024e-17
6910.5,7.6437799e-16,3.745331e-17
6912.0,7.8520902e-16,3.7567254e-17
6913.5,7.5275897e-16,3.7227136e-17
6915.0,7.3272998e-16,3.633186e-17
6916.5,7.1601802e-16,3.5130396e-17
6918.0,7.1748402e-16,3.474986e-17
6919.5,7.4970595e-16,3.5725485e-17
6921.0,7.4780203e-16,3.7164291e-17
6922.5,7.3246597e-16,3.7935078e-17
6924.0,7.6256698e-16,3.8295241e-17
6925.5,7.6300802e-16,3.7481635e-17
6927.0,7.31748e-16,3.6057079e-17
6928.5,7.6229699e-16,3.5254184e-17
6930.0,7.4316802e-16,3.4274761e-17
6931.5,7.3069504e-16,3.3829473e-17
6933.0,7.83922e-16,3.4196645e-17
6934.5,7.9752901e-16,3.4261953e-17
6936.0,7.4851799e-16,3.4636026e-17
6937.5,7.0891401e-16,3.5320259e-17
6939.0,7.3727601e-16,3.6237637e-17
6940.5,7.53957e-16,3.6850054e-17
6942.0,7.3064999e-16,3.5701035e-17
6943.5,7.2686502e-16,3.4331047e-17
6945.0,7.4973703e-16,3.5145375e-17
6946.5,7.7883001e-16,3.7105224e-17
6948.0,7.8789004e-16,3.8774628e-17
6949.5,7.6437905e-16,3.895781e-17
6951.0,7.0645999e-16,3.7684667e-17
6952.5,6.7168299e-16,3.5737132e-17
6954.0,6.9306602e-16,3.4120328e-17
6955.5,7.1381902e-16,3.3706308e-17
6957.0,6.9596203e-16,3.3458917e-17
6958.5,7.1478199e-16,3.334908e-17
6960.0,7.6116101e-16,3.3815098e-17
6961.5,7.2248104e-16,3.3611399e-17
6963.0,6.5471295e-16,3.2531666e-17
6964.5,6.6918403e-16,3.2269479e-17
6966.0,7.1630501e-16,3.2907347e-17
6967.5,7.4556502e-16,3.3566667e-17
6969.0,7.6859198e-16,3.4141992e-17
6970.5,7.3075401e-16,3.4107056e-17
6972.0,6.98645e-16,3.3730018e-17
6973.5,6.8839596e-16,3.3180299e-17
6975.0,6.78479e-16,3.3586255e-17
6976.5,7.1519703e-16,3.486043e-17
6978.0,7.5970099e-16,3.570954e-17
6979.5,7.4171398e-16,3.5594722e-17
6981.0,7.2941602e-16,3.5467572e-17
6982.5,7.3084703e-16,3.4025316e-17
6984.0,7.6783198e-16,3.3399847e-17
6985.5,7.2322796e-16,3.3066627e-17
6987.0,6.8973199e-16,3.2220983e-17
6988.5,6.9530801e-16,3.2271043e-17
6990.0,6.7257201e-16,3.1744137e-17
6991.5,7.10234e-16,3.214644e-17
6993.0,6.9101101e-16,3.240063e-17
6994.5,6.51356e-16,3.1658548e-17
6996.0,6.60466e-16,3.1389404e-17
6997.5,6.8161599e-16,3.1642344e-17
6999.0,6.6407902e-16,3.1651477e-17
7000.5,6.6102303e-16,3.2247241e-17
7002.0,7.2412698e-16,3.2940602e-17
7003.5,7.21071e-16,3.2815922e-17
7005.0,6.7413404e-16,3.2635464e-17
7006.5,6.7238899e-16,3.285022e-17
7008.0,6.9730002e-16,3.3317978e-17
7009.5,6.8790103e-16,3.3705147e-17
7011.0,6.4234198e-16,3.3326038e-17
7012.5,6.3962301e-16,3.2780149e-17
7014.0,6.61416e-16,3.2513626e-17
7015.5,6.6477602e-16,3.1985345e-17
7017.0,6.7354001e-16,3.1384398e-17
7018.5,6.9304299e-16,3.1441709e-17
7020.0,6.8426598e-16,3.1486669e-17
7021.5,6.71204e-16,3.1126805e-17
7023.0,7.0749904e-16,3.1753169e-17
7024.5,7.1604904e-16,3.194805e-17
7026.0,6.9805097e-16,3.1541805e-17
7027.5,6.7633601e-16,3.1301998e-17
7029.0,6.5326204e-16,3.1136627e-17
7030.5,6.8791802e-16,3.1369695e-17
7032.0,7.2044202e-16,3.18718e-17
7033.5,6.8648796e-16,3.1793208e-17
7035.0,6.6634001e-16,3.1021706e-17
7036.5,6.80559e-16,3.0879849e-17
7038.0,7.3580402e-16,3.1753892e-17
7039.5,6.9981004e-16,3.1484402e-17
7041.0,6.9285299e-16,3.1726713e-17
7042.5,6.4739697e-16,3.1729773e-17
7044.0,7.1071898e-16,3.2608617e-17
7045.5,7.29205e-16,3.2962933e-17
7047.0,6.4243002e-16,3.2952285e-17
7048.5,6.6136904e-16,3.2742425e-17
7050.0,6.9570098e-16,3.317531e-17
7051.5,6.9128503e-16,3.2817772e-17
7053.0,7.0383398e-16,3.210514e-17
7054.5,6.3897699e-16,3.1468383e-17
7056.0,6.5117103e-16,3.1445381e-17
7057.5,6.5031701e-16,3.1427725e-17
7059.0,6.6907196e-16,3.1666585e-17
7060.5,6.64627e-16,3.1532471e-17
7062.0,6.36355e-16,3.1439069e-17
7063.5,6.6041502e-16,3.1785827e-17
7065.0,6.38699e-16,3.1449621e-17
7066.5,6.4441504e-16,3.148949e-17
7068.0,6.59317e-16,3.1684573e-17
7069.5,6.7369004e-16,3.1914109e-17
7071.0,6.4204298e-16,3.1638359e-17
7072.5,6.52305e-16,3.1367099e-17
7074.0,6.6762602e-16,3.1593811e-17
7075.5,6.6775101e-16,3.1702764e-17
7077.0,6.4823103e-16,3.1831816e-17
7078.5,6.3965498e-16,3.1719889e-17
7080.0,6.5654805e-16,3.132226e-17
7081.5,6.4512803e-16,3.1318526e-17
7083.0,6.3485003e-16,3.1598755e-17
7084.5,6.6584302e-16,3.2008388e-17
7086.0,6.7249297e-16,3.207211e-17
7087.5,6.53952e-16,3.2124452e-17
7089.0,6.4543302e-16,3.1846515e-17
7090.5,6.4447301e-16,3.1834976e-17
7092.0,6.3974498e-16,3.1482828e-17
7093.5,6.4683697e-16,3.1204169e-17
7095.0,6.6416198e-16,3.1478267e-17
7096.5,6.8367899e-16,3.1698258e-17
7098.0,6.74778e-16,3.14655e-17
7099.5,6.6742803e-16,3.1022325e-17
7101.0,6.1463898e-16,3.0551152e-17
7102.5,6.0258903e-16,3.095458e-17
7104.0,6.78406e-16,3.1437886e-17
7105.5,6.9516497e-16,3.1064207e-17
7107.0,6.7247703e-16,3.1221032e-17
7108.5,6.6468195e-16,3.1339721e-17
7110.0,6.3974604e-16,3.0895918e-17
7111.5,6.2907501e-16,3.0641687e-17
7113.0,6.7214695e-16,3.1074534e-17
7114.5,6.1360401e-16,3.0872394e-17
7116.0,5.7644801e-16,2.9939373e-17
7117.5,5.9650802e-16,3.0192527e-17
7119.0,6.6073504e-16,3.1136066e-17
7120.5,6.4324698e-16,3.1069461e-17
7122.0,6.0078401e-16,3.0899531e-17
7123.5,6.1480897e-16,3.0969099e-17
7125.0,6.1783398e-16,3.093893e-17
7126.5,6.0459502e-16,3.1206373e-17
7128.0,6.3587303e-16,3.1375966e-17
7129.5,6.5537999e-16,3.0969692e-17
7131.0,6.0853203e-16,3.0356119e-17
7132.5,5.4815901e-16,3.0286667e-17
7134.0,6.3446405e-16,3.1112058e-17
7135.5,6.7510601e-16,3.106375e-17
7137.0,6.56042e-16,3.0788654e-17
7138.5,6.1102299e-16,3.0250876e-17
7140.0,6.4357902e-16,3.1054142e-17
7141.5,6.2340698e-16,3.1636659e-17
7143.0,6.3662102e-16,3.2344893e-17
7144.5,6.5745999e-16,3.2332892e-17
7146.0,6.6132997e-16,3.1444588e-17
7147.5,6.3628601e-16,3.1079728e-17
7149.0,6.3065896e-16,3.1015291e-17
7150.5,6.4689103e-16,3.102645e-17
7152.0,6.4499902e-16,3.0947229e-17
7153.5,6.2038599e-16,3.0514814e-17
7155.0,6.2057197e-16,3.0540809e-17
7156.5,6.5408403e-16,3.099373e-17
7158.0,6.4708002e-16,3.0915037e-17
7159.5,6.5851804e-16,3.0665299e-17
7161.0,6.6052402e-16,3.0609909e-17
7162.5,6.5418102e-16,3.0917613e-17
7164.0,6.2863101e-16,3.1146378e-17
7165.5,6.3419098e-16,3.1021787e-17
7167.0,6.7073797e-16,3.1166029e-17
7168.5,6.2377899e-16,3.1238744e-17
7170.0,6.2860099e-16,3.1608522e-17
7171.5,6.4694899e-16,3.1775452e-17
7173.0,6.4993299e-16,3.1972191e-17
7174.5,6.62375e-16,3.2326728e-17
7176.0,6.6888201e-16,3.2539663e-17
7177.5,6.5714505e-16,3.2069696e-17
7179.0,6.2986498e-16,3.2068497e-17
7180.5,5.9139502e-16,3.1473109e-17
7182.0,6.2771896e-16,3.160642e-17
7183.5,6.3112499e-16,3.2082201e-17
7185.0,5.8329802e-16,3.1946004e-17
7186.5,6.2466102e-16,3.2954195e-17
7188.0,6.89796e-16,3.316345e-17
7189.5,6.4778999e-16,3.1575156e-17
7191.0,6.6960003e-16,3.1708242e-17
7192.5,6.8357597e-16,3.1718971e-17
7194.0,6.2537702e-16,3.0915506e-17
7195.5,6.0295601e-16,3.06163e-17
7197.0,6.0531002e-16,3.0264172e-17
7198.5,6.3247103e-16,3.0965047e-17
7200.0,6.5197301e-16,3.1830603e-17
7201.5,6.3864998e-16,3.194951e-17
7203.0,6.3079602e-16,3.2319435e-17
7204.5,6.43421e-16,3.180484e-17
7206.0,5.9812099e-16,3.0487793e-17
7207.5,5.5639598e-16,2.9899622e-17
7209.0,6.0080899e-16,3.0654189e-17
7210.5,6.06853e-16,3.1087625e-17
7212.0,6.0765101e-16,3.1077325e-17
7213.5,6.1856598e-16,3.0486047e-17
7215.0,6.0322796e-16,2.9670736e-17
7216.5,6.06627e-16,2.9749459e-17
7218.0,6.04854e-16,2.9971101e-17
7219.5,5.7629798e-16,2.9570863e-17
7221.0,5.6763701e-16,2.9344746e-17
7222.5,5.85131e-16,2.9610428e-17
7224.0,5.8978597e-16,2.9795857e-17
7225.5,5.9605497e-16,2.9772708e-17
7227.0,6.1088e-16,3.0270895e-17
7228.5,5.9892704e-16,3.038015e-17
7230.0,5.96223e-16,3.0199364e-17
7231.5,6.13078e-16,3.0743782e-17
7233.0,6.4047803e-16,3.2034177e-17
7234.5,6.4886302e-16,3.4125088e-17
7236.0,6.5257801e-16,3.6972135e-17
7237.5,6.0673304e-16,4.0195567e-17
7239.0,6.2754501e-16,4.4336207e-17
7240.5,6.6572502e-16,4.7767025e-17
7242.0,6.6501303e-16,4.9665861e-17
7243.5,6.2974697e-16,4.8779448e-17
7245.0,6.38255e-16,4.6272335e-17
7246.5,7.1765798e-16,4.4000579e-17
7248.0,6.8180604e-16,4.0514589e-17
7249.5,6.4899601e-16,3.6562403e-17
7251.0,6.2941499e-16,3.4566139e-17
7252.5,6.0607801e-16,3.4677964e-17
7254.0,5.95499e-16,3.4606281e-17
7255.5,6.25183e-16,3.4338255e-17
7257.0,6.2637102e-16,3.3173559e-17
7258.5,5.7355899e-16,3.0809031e-17
7260.0,5.5385203e-16,2.988084e-17
7261.5,5.6199096e-16,3.0913454e-17
7263.0,5.83476e-16,3.1115715e-17
7264.5,6.1404902e-16,3.1180142e-17
7266.0,6.7456105e-16,3.2051007e-17
7267.5,6.4300198e-16,3.1797378e-17
7269.0,5.99499e-16,3.1379292e-17
7270.5,6.1187103e-16,3.2165184e-17
7272.0,5.8673697e-16,3.4349883e-17
7273.5,5.4160001e-16,3.9159179e-17
7275.0,6.18253e-16,4.4745626e-17
7276.5,6.8222702e-16,4.7080849e-17
7278.0,6.0798903e-16,4.6089179e-17
7279.5,5.8527203e-16,4.1894649e-17
7281.0,5.8963102e-16,3.736535e-17
7282.5,5.8135905e-16,3.6593545e-17
7284.0,5.7485299e-16,3.7025011e-17
7285.5,5.6653799e-16,3.6226082e-17
7287.0,5.8575896e-16,3.5194421e-17
7288.5,6.1049905e-16,3.38987e-17
7290.0,6.16027e-16,3.3056282e-17
7291.5,5.9623803e-16,3.3104572e-17
7293.0,5.9002298e-16,3.3088748e-17
7294.5,5.7955699e-16,3.2373403e-17
7296.0,5.6522e-16,3.1800478e-17
7297.5,5.6381202e-16,3.1676978e-17
7299.0,5.6245201e-16,3.1363578e-17
7300.5,6.0187101e-16,3.1788246e-17
7302.0,6.2491502e-16,3.3558188e-17
7303.5,5.99607e-16,3.4716874e-17
7305.0,5.5481796e-16,3.4055485e-17
7306.5,5.5203001e-16,3.2762511e-17
7308.0,5.3741403e-16,3.1155898e-17
7309.5,5.0185299e-16,3.0528217e-17
7311.0,5.4001098e-16,3.179424e-17
7312.5,6.1643304e-16,3.474576e-17
7314.0,6.03171e-16,3.837283e-17
7315.5,5.2758596e-16,4.086083e-17
7317.0,5.0247101e-16,4.1765386e-17
7318.5,5.7240999e-16,4.1508317e-17
7320.0,6.0691001e-16,3.7737303e-17
7321.5,5.5312803e-16,3.2671996e-17
7323.0,5.1311805e-16,3.0660029e-17
7324.5,5.2203202e-16,3.0348189e-17
7326.0,5.1577996e-16,3.2152851e-17
7327.5,5.4429601e-16,3.5045128e-17
7329.0,5.6780102e-16,3.6636065e-17
7330.5,5.7144199e-16,3.6185745e-17
7332.0,5.5530104e-16,3.4523144e-17
7333.5,4.8278602e-16,3.1381806e-17
7335.0,5.3198598e-16,3.0365649e-17
7336.5,5.8074098e-16,3.248919e-17
7338.0,5.8437904e-16,3.7216787e-17
7339.5,5.68919e-16,4.1579689e-17
7341.0,5.7269798e-16,4.3083946e-17
7342.5,5.8828799e-16,4.2857669e-17
7344.0,6.2790701e-16,3.8893073e-17
7345.5,5.8504597e-16,3.3504021e-17
7347.0,5.50834e-16,3.0537522e-17
7348.5,5.3869998e-16,2.9667667e-17
7350.0,5.3341799e-16,2.9356997e-17
7351.5,5.3864996e-16,2.938639e-17
7353.0,5.4382003e-16,2.9576904e-17
7354.5,5.4974503e-16,3.085858e-17
7356.0,5.1759896e-16,3.2377174e-17
7357.5,5.1568901e-16,3.4156271e-17
7359.0,5.2291298e-16,3.4776312e-17
7360.5,5.5921205e-16,3.4728959e-17
7362.0,5.6726003e-16,3.385145e-17
7363.5,5.3335902e-16,3.2116389e-17
7365.0,5.20482e-16,3.2723541e-17
7366.5,4.5497702e-16,3.5421708e-17
7368.0,4.68435e-16,3.8778945e-17
7369.5,5.4297798e-16,4.0370177e-17
7371.0,5.7939399e-16,4.0035958e-17
7372.5,5.43507e-16,3.6892706e-17
7374.0,5.15109e-16,3.2549182e-17
7375.5,5.25838e-16,3.0087429e-17
7377.0,4.8703701e-16,2.8850026e-17
7378.5,4.82992e-16,2.8657572e-17
7380.0,5.3486197e-16,2.8878995e-17
7381.5,5.15298e-16,2.8683516e-17
7383.0,4.9751502e-16,2.8901658e-17
7384.5,5.3582002e-16,2.9115982e-17
7386.0,5.1793e-16,2.8720787e-17
7387.5,5.1415096e-16,2.90997e-17
7389.0,5.3040203e-16,3.04702e-17
7390.5,4.9702903e-16,3.2141872e-17
7392.0,5.2575399e-16,3.288179e-17
7393.5,5.2023498e-16,3.2410809e-17
7395.0,4.7788397e-16,3.232206e-17
7396.5,4.68345e-16,3.0839535e-17
7398.0,5.0115101e-16,3.188742e-17
7399.5,4.9588501e-16,3.4329377e-17
7401.0,5.1789802e-16,3.6670297e-17
7402.5,5.7247198e-16,3.7462479e-17
7404.0,5.2775505e-16,3.6569105e-17
7405.5,4.2922402e-16,3.1887903e-17
7407.0,4.36056e-16,2.9143547e-17
7408.5,5.20989e-16,2.8861953e-17
7410.0,5.4068299e-16,2.8831133e-17
7411.5,4.9246501e-16,2.8373895e-17
7413.0,5.0830902e-16,2.8838345e-17
7414.5,4.6047702e-16,2.8300904e-17
7416.0,4.7192102e-16,2.8003442e-17
7417.5,5.1742103e-16,2.8413228e-17
7419.0,4.96743e-16,2.8378155e-17
7420.5,4.7249202e-16,2.7737906e-17
7422.0,4.6424298e-16,2.7608206e-17
7423.5,5.3000599e-16,2.8653747e-17
7425.0,5.45678e-16,2.9221375e-17
7426.5,4.96064e-16,2.9150306e-17
7428.0,4.50251e-16,2.9641884e-17
7429.5,4.85506e-16,3.044891e-17
7431.0,4.6776701e-16,2.9948103e-17
7432.5,4.7806201e-16,2.9476263e-17
7434.0,4.68336e-16,2.9408697e-17
7435.5,4.75826e-16,3.0461646e-17
7437.0,5.0779599e-16,3.200803e-17
7438.5,5.0485599e-16,3.2805359e-17
7440.0,4.73835e-16,3.2495745e-17
7441.5,4.5179001e-16,3.097634e-17
7443.0,4.1632199e-16,2.8751609e-17
7444.5,4.4000198e-16,2.7808187e-17
7446.0,4.8703299e-16,2.7996575e-17
7447.5,4.7362202e-16,2.7810287e-17
7449.0,4.39634e-16,2.7213397e-17
7450.5,4.3862799e-16,2.7287767e-17
7452.0,4.61369e-16,2.7709426e-17
7453.5,4.8753099e-16,2.8148346e-17
7455.0,4.5209499e-16,2.7939944e-17
7456.5,4.4666001e-16,2.7658771e-17
7458.0,4.9613102e-16,2.8260694e-17
7459.5,4.3009202e-16,2.7771414e-17
7461.0,4.34327e-16,2.7915064e-17
7462.5,4.3999402e-16,2.8695452e-17
7464.0,4.4244303e-16,2.9386569e-17
7465.5,4.5141102e-16,2.9583758e-17
7467.0,5.1136798e-16,2.9817001e-17
7468.5,4.79001e-16,3.0586654e-17
7470.0,4.55633e-16,3.1161712e-17
7471.5,4.61866e-16,3.1665107e-17
7473.0,3.8595001e-16,3.1355036e-17
7474.5,4.7569301e-16,3.1891269e-17
7476.0,4.5566497e-16,3.1290045e-17
7477.5,4.46667e-16,3.1618424e-17
7479.0,4.0520799e-16,3.171771e-17
7480.5,3.9982001e-16,3.2419587e-17
7482.0,5.1428002e-16,3.3490668e-17
7483.5,4.8406599e-16,3.2214487e-17
7485.0,4.37997e-16,3.0725424e-17
7486.5,4.2046602e-16,3.0042137e-17
7488.0,4.4597201e-16,2.8982065e-17
7489.5,4.6050201e-16,2.8838446e-17
7491.0,4.5986001e-16,2.8627952e-17
7492.5,4.2455801e-16,2.8194322e-17
7494.0,4.3438499e-16,2.8604187e-17
7495.5,4.4165502e-16,2.8983744e-17
7497.0,4.43053e-16,2.8379276e-17
7498.5,4.7058699e-16,2.8288422e-17
7500.0,4.5443498e-16,2.8454792e-17
7501.5,4.4933303e-16,2.8191576e-17
7503.0,4.4236698e-16,2.7895347e-17
7504.5,4.5236001e-16,2.7878898e-17
7506.0,4.3863201e-16,2.7820146e-17
7507.5,4.4528501e-16,2.7783038e-17
7509.0,4.6469699e-16,2.8171676e-17
7510.5,4.3824601e-16,2.7845957e-17
7512.0,4.2770902e-16,2.747585e-17
7513.5,4.5749499e-16,2.8203886e-17
7515.0,4.5969701e-16,2.890191e-17
7516.5,4.4408198e-16,2.906594e-17
7518.0,4.5196397e-16,2.9464757e-17
7519.5,4.41932e-16,3.0729201e-17
7521.0,4.3400899e-16,3.1340916e-17
