3720.0,1.04248e-15,1.649067e-16
3721.5,9.40389e-16,1.6033381e-16
3723.0,9.6305804e-16,1.5851811e-16
3724.5,1.16951e-15,1.634812e-16
3726.0,9.7472899e-16,1.5983279e-16
3727.5,1.19804e-15,1.6499945e-16
3729.0,9.2556603e-16,1.5758728e-16
3730.5,8.7005403e-16,1.5594574e-16
3732.0,8.9157407e-16,1.5517998e-16
3733.5,1.2004401e-15,1.5882557e-16
3735.0,1.12061e-15,1.5567272e-16
3736.5,1.00718e-15,1.5170754e-16
3738.0,1.1756001e-15,1.5529347e-16
3739.5,1.1842399e-15,1.5429462e-16
3741.0,8.7080403e-16,1.4939264e-16
3742.5,1.09942e-15,1.537469e-16
3744.0,1.1748499e-15,1.5219807e-16
3745.5,1.05401e-15,1.4725402e-16
3747.0,9.9092098e-16,1.4494678e-16
3748.5,9.3760703e-16,1.4327275e-16
3750.0,9.8512695e-16,1.4280237e-16
3751.5,1.08976e-15,1.446565e-16
3753.0,9.9917499e-16,1.4250547e-16
3754.5,8.0461502e-16,1.3908601e-16
3756.0,1.03975e-15,1.4314633e-16
3757.5,1.16161e-15,1.4581826e-16
3759.0,1.0582e-15,1.4253258e-16
3760.5,9.2759002e-16,1.3737211e-16
3762.0,1.0142501e-15,1.3717998e-16
3763.5,9.4597105e-16,1.3602786e-16
3765.0,1.0062799e-15,1.359227e-16
3766.5,1.0847301e-15,1.3749045e-16
3768.0,1.10208e-15,1.372132e-16
3769.5,9.6127302e-16,1.3301564e-16
3771.0,9.4650299e-16,1.3282702e-16
3772.5,9.6492098e-16,1.3250836e-16
3774.0,1.03134e-15,1.3432368e-16
3775.5,1.0477601e-15,1.346885e-16
3777.0,8.7810704e-16,1.3157128e-16
3778.5,9.4844704e-16,1.3147615e-16
3780.0,9.9977702e-16,1.3050245e-16
3781.5,9.3883904e-16,1.2893527e-16
3783.0,9.9764504e-16,1.2992298e-16
3784.5,7.6701999e-16,1.2504346e-16
3786.0,6.5775597e-16,1.225648e-16
3787.5,7.0847302e-16,1.2294784e-16
3789.0,7.9784797e-16,1.2367054e-16
3790.5,8.6886697e-16,1.2243873e-16
3792.0,6.3130202e-16,1.1632521e-16
3793.5,7.7880402e-16,1.2002411e-16
3795.0,7.77471e-16,1.1874217e-16
3796.5,5.3724701e-16,1.1300398e-16
3798.0,6.2797302e-16,1.1332693e-16
3799.5,5.9902101e-16,1.1237111e-16
3801.0,6.1102702e-16,1.1475937e-16
3802.5,6.9303399e-16,1.1605402e-16
3804.0,6.25192e-16,1.1184122e-16
3805.5,6.0659402e-16,1.1143419e-16
3807.0,6.9632498e-16,1.1433778e-16
3808.5,5.3232903e-16,1.1009388e-16
3810.0,4.4837001e-16,1.0792877e-16
3811.5,4.7281702e-16,1.0884271e-16
3813.0,6.3844198e-16,1.1048652e-16
3814.5,5.5639598e-16,1.0573808e-16
3816.0,4.4466503e-16,1.0289683e-16
3817.5,4.4683e-16,1.0370546e-16
3819.0,4.9546096e-16,1.0401345e-16
3820.5,5.51902e-16,1.0453348e-16
3822.0,5.03166e-16,1.0264918e-16
3823.5,4.6305502e-16,1.0086317e-16
3825.0,5.0598503e-16,1.0115443e-16
3826.5,5.2924503e-16,9.9891396e-17
3828.0,4.4479198e-16,9.9537242e-17
3829.5,3.5991401e-16,9.8694188e-17
3831.0,3.31161e-16,9.7219101e-17
3832.5,3.2326499e-16,9.5759827e-17
3834.0,4.5536999e-16,9.805457e-17
3835.5,5.7867401e-16,1.0071007e-16
3837.0,6.0600501e-16,9.9777208e-17
3838.5,5.59999e-16,9.7798654e-17
3840.0,5.6722498e-16,9.7994264e-17
3841.5,3.8328201e-16,9.4495358e-17
3843.0,2.3547701e-16,9.2113533e-17
3844.5,3.915e-16,9.5757393e-17
3846.0,6.1624299e-16,1.0084678e-16
3847.5,5.6775803e-16,9.9106372e-17
3849.0,4.1715401e-16,9.4498622e-17
3850.5,3.3640599e-16,9.2683373e-17
3852.0,3.3134298e-16,9.2772061e-17
3853.5,3.8268199e-16,9.3553105e-17
3855.0,2.8950199e-16,9.0344357e-17
3856.5,2.58979e-16,8.8935203e-17
3858.0,2.67081e-16,8.8204718e-17
3859.5,3.5166402e-16,8.9293546e-17
3861.0,3.70505e-16,8.8874039e-17
3862.5,4.2559001e-16,9.0464737e-17
3864.0,4.34196e-16,9.0507151e-17
3865.5,2.40152e-16,8.7076182e-17
3867.0,2.98872e-16,8.7832819e-17
3868.5,4.5278903e-16,9.0527086e-17
3870.0,3.96159e-16,8.8619424e-17
3871.5,3.2014399e-16,8.6881197e-17
3873.0,4.1332e-16,8.8530372e-17
3874.5,4.55172e-16,8.9592678e-17
3876.0,4.5946498e-16,8.8678108e-17
3877.5,6.0831498e-16,9.1727218e-17
3879.0,4.7286498e-16,8.8500526e-17
3880.5,4.8437399e-16,8.7042833e-17
3882.0,4.89732e-16,8.6907951e-17
3883.5,3.96498e-16,8.5573854e-17
3885.0,4.4981002e-16,8.5254995e-17
3886.5,4.7774501e-16,8.6733773e-17
3888.0,4.8982401e-16,8.664694e-17
3889.5,4.6958601e-16,8.6880516e-17
3891.0,4.5663197e-16,8.5697513e-17
3892.5,5.2902597e-16,8.803321e-17
3894.0,6.4282204e-16,9.0698882e-17
3895.5,5.79044e-16,8.8991618e-17
3897.0,5.7220797e-16,8.9249917e-17
3898.5,5.8436697e-16,8.981152e-17
3900.0,6.5000895e-16,9.1356498e-17
3901.5,6.1656703e-16,9.019348e-17
3903.0,6.7879098e-16,8.9904138e-17
3904.5,8.7332099e-16,9.3406381e-17
3906.0,8.7691802e-16,9.3873804e-17
3907.5,7.8604298e-16,9.3182022e-17
3909.0,7.39528e-16,9.2834435e-17
3910.5,6.66952e-16,9.1041485e-17
3912.0,6.9091398e-16,9.1118003e-17
3913.5,6.32493e-16,8.960751e-17
3915.0,6.0997897e-16,8.8921242e-17
3916.5,5.5721004e-16,8.7054858e-17
3918.0,5.9296695e-16,8.6698116e-17
3919.5,5.6480199e-16,8.5399937e-17
3921.0,5.99698e-16,8.5212547e-17
3922.5,5.3763701e-16,8.2841023e-17
3924.0,4.0731498e-16,8.0208226e-17
3925.5,3.6708799e-16,7.9217663e-17
3927.0,4.7869104e-16,8.0106509e-17
3928.5,6.5102799e-16,8.2406518e-17
3930.0,6.5217296e-16,8.0803856e-17
3931.5,6.2608599e-16,7.9294512e-17
3933.0,5.5762604e-16,7.7457928e-17
3934.5,5.44529e-16,7.6279592e-17
3936.0,5.4941797e-16,7.6073267e-17
3937.5,5.0762997e-16,7.6269202e-17
3939.0,4.9954499e-16,7.7284114e-17
3940.5,4.5625001e-16,7.6954809e-17
3942.0,5.4868401e-16,7.9763594e-17
3943.5,5.83549e-16,8.1487415e-17
3945.0,5.7187302e-16,8.1358748e-17
3946.5,6.0089301e-16,8.2642897e-17
3948.0,3.6340699e-16,7.7368881e-17
3949.5,7.16973e-16,8.2782639e-17
3951.0,6.93541e-16,8.2813491e-17
3952.5,4.2414799e-16,7.8663625e-17
3954.0,4.0370001e-16,7.74085e-17
3955.5,5.0733298e-16,7.9563629e-17
3957.0,5.75795e-16,7.9642408e-17
3958.5,4.9484898e-16,7.8297525e-17
3960.0,5.6530603e-16,7.9533191e-17
3961.5,5.7888196e-16,7.7408859e-17
3963.0,5.6005104e-16,7.6147518e-17
3964.5,4.8084001e-16,7.2935754e-17
3966.0,5.3886198e-16,7.25369e-17
3967.5,5.4817998e-16,7.2436034e-17
3969.0,5.2340199e-16,7.1305537e-17
3970.5,6.4640896e-16,7.4372179e-17
3972.0,6.29625e-16,7.48572e-17
3973.5,4.7117499e-16,7.3160848e-17
3975.0,5.7049104e-16,7.5460562e-17
3976.5,6.2718496e-16,7.6478086e-17
3978.0,6.80044e-16,7.8353182e-17
3979.5,6.1404997e-16,7.8207047e-17
3981.0,6.1068e-16,7.7493187e-17
3982.5,5.9218302e-16,7.6909826e-17
3984.0,5.6244496e-16,7.6836831e-17
3985.5,5.9598705e-16,7.7803164e-17
3987.0,6.1328801e-16,7.799709e-17
3988.5,6.6385604e-16,7.8688748e-17
3990.0,6.71893e-16,7.9068697e-17
3991.5,6.5705701e-16,7.8991102e-17
3993.0,6.4849197e-16,7.8337789e-17
3994.5,6.67676e-16,7.8627967e-17
3996.0,7.2408903e-16,7.984668e-17
3997.5,7.6712502e-16,8.0554064e-17
3999.0,8.2592796e-16,8.096126e-17
4000.5,8.8045401e-16,8.0972685e-17
4002.0,7.86093e-16,7.9253828e-17
4003.5,8.3817499e-16,8.0618298e-17
4005.0,8.8369603e-16,8.1469906e-17
4006.5,8.0935401e-16,8.0208796e-17
4008.0,8.3841402e-16,8.0747337e-17
4009.5,9.0261197e-16,8.1495996e-17
4011.0,8.27645e-16,7.9929988e-17
4012.5,7.6720798e-16,7.8964958e-17
4014.0,8.1773699e-16,7.9739266e-17
4015.5,8.7413297e-16,8.0517054e-17
4017.0,8.5938798e-16,8.0358666e-17
4018.5,7.0753303e-16,7.7138707e-17
4020.0,6.6651201e-16,7.6061334e-17
4021.5,7.89268e-16,7.8386333e-17
4023.0,9.8090301e-16,8.1244015e-17
4024.5,1.08282e-15,8.2202876e-17
4026.0,9.7947703e-16,8.0768004e-17
4027.5,8.9836103e-16,7.9060361e-17
4029.0,8.7656602e-16,7.8698688e-17
4030.5,8.2883699e-16,7.7347108e-17
4032.0,1.0721901e-15,8.0423685e-17
4033.5,1.03154e-15,7.9208351e-17
4035.0,1.0409401e-15,7.8804022e-17
4036.5,9.5143399e-16,7.8053133e-17
4038.0,8.9491995e-16,7.8145772e-17
4039.5,8.97235e-16,7.7821394e-17
4041.0,9.3210396e-16,7.8296317e-17
4042.5,9.9079201e-16,7.9035663e-17
4044.0,8.43703e-16,7.7658568e-17
4045.5,1.04142e-15,8.0764141e-17
4047.0,1.03714e-15,8.0250837e-17
4048.5,9.6181904e-16,7.8557416e-17
4050.0,8.8755103e-16,7.7467201e-17
4051.5,8.4003698e-16,7.6370044e-17
4053.0,9.5279507e-16,7.7822974e-17
4054.5,9.7857399e-16,7.7103436e-17
4056.0,8.9096495e-16,7.5099803e-17
4057.5,8.9974497e-16,7.5551586e-17
4059.0,9.4273602e-16,7.6155108e-17
4060.5,9.5754798e-16,7.5872219e-17
4062.0,9.5674097e-16,7.6156406e-17
4063.5,9.0227305e-16,7.5143128e-17
4065.0,9.07974e-16,7.4950172e-17
4066.5,9.8960003e-16,7.6273298e-17
4068.0,1.05794e-15,7.7060072e-17
4069.5,1.11109e-15,7.747801e-17
4071.0,1.02761e-15,7.6052488e-17
4072.5,9.7182208e-16,7.5152453e-17
4074.0,1.0032901e-15,7.5675052e-17
4075.5,9.6065098e-16,7.4797754e-17
4077.0,1.04004e-15,7.5809607e-17
4078.5,1.0454801e-15,7.5708465e-17
4080.0,1.0019701e-15,7.5136075e-17
4081.5,1.0662499e-15,7.6176397e-17
4083.0,1.14071e-15,7.7237257e-17
4084.5,1.11542e-15,7.6570738e-17
4086.0,1.0792e-15,7.5657712e-17
4087.5,1.07999e-15,7.5580888e-17
4089.0,1.10815e-15,7.6533213e-17
4090.5,1.0783401e-15,7.6853889e-17
4092.0,1.15056e-15,8.0031842e-17
4093.5,1.1703599e-15,8.2993175e-17
4095.0,1.17556e-15,7.950656e-17
4096.5,1.12232e-15,7.4757917e-17
4098.0,9.8323394e-16,7.2667869e-17
4099.5,1.13981e-15,7.4108757e-17
4101.0,1.20729e-15,7.3905207e-17
4102.5,1.09417e-15,7.2565587e-17
4104.0,9.6458905e-16,7.1067191e-17
4105.5,1.0278899e-15,7.1958046e-17
4107.0,1.0617501e-15,7.2674441e-17
4108.5,1.0526101e-15,7.2849595e-17
4110.0,1.08577e-15,7.3611509e-17
4111.5,9.9779602e-16,7.2318131e-17
4113.0,1.05547e-15,7.3208217e-17
4114.5,1.09297e-15,7.31546e-17
4116.0,9.86012e-16,7.1563622e-17
4117.5,9.3030402e-16,7.0771846e-17
4119.0,1.05285e-15,7.2155982e-17
4120.5,9.8796102e-16,7.1054983e-17
4122.0,9.7027201e-16,7.0879422e-17
4123.5,9.9197903e-16,7.1262463e-17
4125.0,1.00461e-15,7.169676e-17
4126.5,1.10589e-15,7.3016904e-17
4128.0,1.1000299e-15,7.2109261e-17
4129.5,1.00338e-15,7.0817046e-17
4131.0,8.6794e-16,6.8670322e-17
4132.5,9.5740198e-16,6.9770483e-17
4134.0,9.7376602e-16,6.9791081e-17
4135.5,9.8150102e-16,6.9810289e-17
4137.0,1.01012e-15,7.0438783e-17
4138.5,8.8159501e-16,6.8651831e-17
4140.0,9.3452902e-16,6.9299666e-17
4141.5,9.4861401e-16,6.9176491e-17
4143.0,8.8553398e-16,6.7643514e-17
4144.5,8.2794702e-16,6.6312618e-17
4146.0,8.0731795e-16,6.6232588e-17
4147.5,8.2045697e-16,6.6570381e-17
4149.0,8.8914404e-16,6.7377148e-17
4150.5,8.4677603e-16,6.6444478e-17
4152.0,8.3968102e-16,6.6519307e-17
4153.5,9.4847298e-16,6.7792311e-17
4155.0,1.031e-15,6.9153076e-17
4156.5,9.3837306e-16,6.8148738e-17
4158.0,8.7699504e-16,6.6689361e-17
4159.5,8.9402803e-16,6.7321494e-17
4161.0,8.8238297e-16,6.7342924e-17
4162.5,8.2723403e-16,6.6441059e-17
4164.0,9.6148203e-16,6.8447439e-17
4165.5,8.8422601e-16,6.7120098e-17
4167.0,7.4462402e-16,6.5068503e-17
4168.5,9.2861006e-16,6.7349697e-17
4170.0,9.8750002e-16,6.7782076e-17
4171.5,8.3535803e-16,6.5633886e-17
4173.0,9.1379397e-16,6.5902778e-17
4174.5,8.75449e-16,6.5129931e-17
4176.0,8.0309703e-16,6.42205e-17
4177.5,8.0825403e-16,6.4189131e-17
4179.0,9.5103801e-16,6.609993e-17
4180.5,1.01909e-15,6.6972407e-17
4182.0,1.0229699e-15,6.6817557e-17
4183.5,1.02854e-15,6.6639321e-17
4185.0,1.03073e-15,6.6819534e-17
4186.5,1.0021301e-15,6.5702527e-17
4188.0,9.7176003e-16,6.551116e-17
4189.5,1.01885e-15,6.6135043e-17
4191.0,1.0251499e-15,6.5622316e-17
4192.5,1.06021e-15,6.6497148e-17
4194.0,1.00827e-15,6.5855058e-17
4195.5,9.4691994e-16,6.4570431e-17
4197.0,1.05611e-15,6.5406173e-17
4198.5,1.0339299e-15,6.5047105e-17
4200.0,9.7516097e-16,6.3962787e-17
4201.5,1.0556999e-15,6.5040305e-17
4203.0,1.05737e-15,6.5358689e-17
4204.5,1.0089099e-15,6.4737297e-17
4206.0,1.06466e-15,6.582055e-17
4207.5,9.9196399e-16,6.4713754e-17
4209.0,9.58067e-16,6.399089e-17
4210.5,1.0302e-15,6.5050473e-17
4212.0,1.0498e-15,6.5099692e-17
4213.5,1.0629899e-15,6.4908642e-17
4215.0,1.08636e-15,6.4959081e-17
4216.5,1.06232e-15,6.4708956e-17
4218.0,1.02976e-15,6.4204376e-17
4219.5,1.04678e-15,6.415278e-17
4221.0,1.02602e-15,6.3757645e-17
4222.5,1.03336e-15,6.3498542e-17
4224.0,1.03528e-15,6.300408e-17
4225.5,9.8386297e-16,6.1789501e-17
4227.0,9.8942395e-16,6.188278e-17
4228.5,1.02372e-15,6.2811205e-17
4230.0,1.0056e-15,6.2659071e-17
4231.5,1.0369199e-15,6.2930397e-17
4233.0,9.8514908e-16,6.2511838e-17
4234.5,1.0610401e-15,6.3435589e-17
4236.0,1.10093e-15,6.3366081e-17
4237.5,9.89985e-16,6.1410726e-17
4239.0,9.5959007e-16,6.1227499e-17
4240.5,1.06156e-15,6.2440958e-17
4242.0,1.15863e-15,6.3894891e-17
4243.5,1.13094e-15,6.3619531e-17
4245.0,9.9330897e-16,6.1486191e-17
4246.5,9.9213297e-16,6.1871003e-17
4248.0,9.5007101e-16,6.0664446e-17
4249.5,9.6032794e-16,6.0506305e-17
4251.0,1.08769e-15,6.2417417e-17
4252.5,9.9154196e-16,6.1297565e-17
4254.0,9.5830502e-16,6.0912555e-17
4255.5,1.00745e-15,6.1448871e-17
4257.0,9.7764998e-16,6.0602391e-17
4258.5,9.4880703e-16,6.0155709e-17
4260.0,1.00378e-15,6.0278974e-17
4261.5,9.4316801e-16,5.9360316e-17
4263.0,1.00644e-15,6.0386308e-17
4264.5,9.2406795e-16,5.9133255e-17
4266.0,9.0386102e-16,5.9000645e-17
4267.5,9.2756196e-16,5.9195903e-17
4269.0,9.5428998e-16,5.9086163e-17
4270.5,9.8246007e-16,5.8980022e-17
4272.0,8.9754406e-16,5.7381438e-17
4273.5,8.69741e-16,5.7073789e-17
4275.0,8.4691399e-16,5.703531e-17
4276.5,8.4840398e-16,5.7187895e-17
4278.0,8.5404601e-16,5.7227553e-17
4279.5,9.0018003e-16,5.7805e-17
4281.0,8.6994598e-16,5.7653457e-17
4282.5,8.2936601e-16,5.681002e-17
4284.0,8.69632e-16,5.7250686e-17
4285.5,9.2140498e-16,5.776115e-17
4287.0,9.2322398e-16,5.7382674e-17
4288.5,8.9461396e-16,5.6735145e-17
4290.0,8.5861999e-16,5.605546e-17
4291.5,8.7445998e-16,5.6221028e-17
4293.0,9.2481207e-16,5.6727326e-17
4294.5,9.1053998e-16,5.6488926e-17
4296.0,8.76291e-16,5.5708757e-17
4297.5,8.3683001e-16,5.4710398e-17
4299.0,8.4855004e-16,5.4545927e-17
4300.5,8.6336099e-16,5.422604e-17
4302.0,9.0320595e-16,5.4417163e-17
4303.5,9.1108208e-16,5.459622e-17
4305.0,8.2317499e-16,5.3160679e-17
4306.5,8.8768603e-16,5.3599538e-17
4308.0,9.1646498e-16,5.4309743e-17
4309.5,9.5260004e-16,5.4866758e-17
4311.0,8.8881602e-16,5.4687782e-17
4312.5,8.3197201e-16,5.4141109e-17
4314.0,8.39732e-16,5.4940024e-17
4315.5,8.6777001e-16,5.5716612e-17
4317.0,8.9806901e-16,5.6473081e-17
4318.5,8.8738501e-16,5.6594564e-17
4320.0,7.7637399e-16,5.4479511e-17
4321.5,8.0176004e-16,5.4287683e-17
4323.0,7.6932196e-16,5.3519502e-17
4324.5,8.2182403e-16,5.3663575e-17
4326.0,9.5039595e-16,5.509213e-17
4327.5,8.8471003e-16,5.4398306e-17
4329.0,8.0790802e-16,5.3852784e-17
4330.5,8.1557695e-16,5.4153723e-17
4332.0,8.4348001e-16,5.4579676e-17
4333.5,7.4288702e-16,5.3110234e-17
4335.0,7.9564002e-16,5.3670746e-17
4336.5,7.5374301e-16,5.2500394e-17
4338.0,7.5032402e-16,5.1930949e-17
4339.5,8.1638698e-16,5.2609536e-17
4341.0,7.9130104e-16,5.1958301e-17
4342.5,7.4300804e-16,5.1329077e-17
4344.0,6.8548502e-16,5.1045786e-17
4345.5,8.01961e-16,5.2976696e-17
4347.0,8.3377498e-16,5.3559866e-17
4348.5,8.8307902e-16,5.4263969e-17
4350.0,8.0397e-16,5.2971278e-17
4351.5,7.1491e-16,5.1704453e-17
4353.0,7.1417699e-16,5.1525527e-17
4354.5,7.4506098e-16,5.2651964e-17
4356.0,7.5715502e-16,5.4278326e-17
4357.5,7.0362302e-16,5.4809624e-17
4359.0,7.0369798e-16,5.5159862e-17
4360.5,7.1785402e-16,5.4629728e-17
4362.0,7.3238698e-16,5.3738011e-17
4363.5,7.26409e-16,5.2501199e-17
4365.0,7.3273199e-16,5.1770867e-17
4366.5,7.1903505e-16,5.1203094e-17
4368.0,6.7728199e-16,5.0465265e-17
4369.5,6.5788101e-16,5.0439086e-17
4371.0,6.7884201e-16,5.0423034e-17
4372.5,6.8751399e-16,5.0080228e-17
4374.0,6.5215301e-16,4.9681961e-17
4375.5,6.5214999e-16,4.9745084e-17
4377.0,6.5283402e-16,4.9683723e-17
4378.5,6.64709e-16,4.9605798e-17
4380.0,6.28476e-16,4.8418547e-17
4381.5,6.0915296e-16,4.8073609e-17
4383.0,6.07732e-16,4.8125759e-17
4384.5,5.9840501e-16,4.7371885e-17
4386.0,6.3676999e-16,4.8124115e-17
4387.5,6.0517799e-16,4.7817648e-17
4389.0,5.8787898e-16,4.7400679e-17
4390.5,6.7003101e-16,4.8870186e-17
4392.0,6.3593603e-16,4.8499465e-17
4393.5,5.4147296e-16,4.6897545e-17
4395.0,5.7212597e-16,4.7599159e-17
4396.5,6.30719e-16,4.867941e-17
4398.0,5.9747899e-16,4.7894005e-17
4399.5,5.5803399e-16,4.7099015e-17
4401.0,5.94151e-16,4.769917e-17
4402.5,6.5283296e-16,4.8402808e-17
4404.0,6.0774e-16,4.7643377e-17
4405.5,5.5923598e-16,4.6902347e-17
4407.0,5.4617203e-16,4.6955756e-17
4408.5,5.5152798e-16,4.7266737e-17
4410.0,5.6337998e-16,4.776582e-17
4411.5,5.3413098e-16,4.7355543e-17
4413.0,5.1849401e-16,4.7127726e-17
4414.5,5.9123e-16,4.7787501e-17
4416.0,6.0313802e-16,4.7775441e-17
4417.5,5.3661401e-16,4.6964508e-17
4419.0,5.3631998e-16,4.6690638e-17
4420.5,5.8713799e-16,4.7672089e-17
4422.0,5.1720901e-16,4.6823576e-17
4423.5,4.2774298e-16,4.5137092e-17
4425.0,5.4366603e-16,4.6517291e-17
4426.5,5.5567701e-16,4.6811343e-17
4428.0,4.5226901e-16,4.5150455e-17
4429.5,4.9347298e-16,4.5412422e-17
4431.0,5.5276798e-16,4.6406963e-17
4432.5,5.2612901e-16,4.6141545e-17
4434.0,5.1747e-16,4.5918256e-17
4435.5,4.9051202e-16,4.5168386e-17
4437.0,4.7286901e-16,4.4825618e-17
4438.5,4.8213502e-16,4.5149046e-17
4440.0,5.4355698e-16,4.622991e-17
4441.5,5.2542401e-16,4.5644273e-17
4443.0,5.0516304e-16,4.5226594e-17
4444.5,5.49967e-16,4.6257468e-17
4446.0,5.0819499e-16,4.5463043e-17
4447.5,5.0500898e-16,4.5582996e-17
4449.0,5.54037e-16,4.5834093e-17
4450.5,5.3866001e-16,4.5307033e-17
4452.0,5.5651404e-16,4.5701738e-17
4453.5,5.82408e-16,4.5731302e-17
4455.0,4.8505199e-16,4.4099733e-17
4456.5,5.4411099e-16,4.4690724e-17
4458.0,4.7689199e-16,4.350839e-17
4459.5,4.1031398e-16,4.2686339e-17
4461.0,4.56004e-16,4.3785457e-17
4462.5,4.73203e-16,4.3999393e-17
4464.0,5.6877299e-16,4.5009199e-17
4465.5,4.6206701e-16,4.3558143e-17
4467.0,4.7302502e-16,4.376195e-17
4468.5,4.8573501e-16,4.356945e-17
4470.0,5.7863198e-16,4.5363395e-17
4471.5,5.2808798e-16,4.4471222e-17
4473.0,5.2013599e-16,4.4529462e-17
4474.5,4.8543098e-16,4.4054006e-17
4476.0,4.7430303e-16,4.3851181e-17
4477.5,6.0677803e-16,4.5678389e-17
4479.0,4.8421697e-16,4.3799669e-17
4480.5,4.81843e-16,4.36569e-17
4482.0,5.7419003e-16,4.4545854e-17
4483.5,5.0493095e-16,4.3695367e-17
4485.0,4.9903502e-16,4.3947718e-17
4486.5,5.3850501e-16,4.4524083e-17
4488.0,5.48953e-16,4.4577616e-17
4489.5,5.5640001e-16,4.4435737e-17
4491.0,5.6900402e-16,4.4594934e-17
4492.5,5.2334704e-16,4.3932709e-17
4494.0,4.8578303e-16,4.3229071e-17
4495.5,5.4833001e-16,4.42816e-17
4497.0,6.21917e-16,4.5333366e-17
4498.5,6.2788302e-16,4.5440049e-17
4500.0,5.9694599e-16,4.5044616e-17
4501.5,5.3420505e-16,4.408211e-17
4503.0,5.0732303e-16,4.3850151e-17
4504.5,5.0769403e-16,4.3957851e-17
4506.0,5.10314e-16,4.4135149e-17
4507.5,5.2370602e-16,4.4932022e-17
4509.0,5.6278997e-16,4.5572658e-17
4510.5,5.9207497e-16,4.5152569e-17
4512.0,5.9123302e-16,4.4563725e-17
4513.5,5.9451501e-16,4.4593375e-17
4515.0,6.4720702e-16,4.5313346e-17
4516.5,5.8184498e-16,4.4388194e-17
4518.0,5.7544306e-16,4.4365818e-17
4519.5,5.9598398e-16,4.434041e-17
4521.0,5.5333301e-16,4.3656113e-17
4522.5,6.4986401e-16,4.5107045e-17
4524.0,6.4778899e-16,4.5046441e-17
4525.5,6.4311501e-16,4.4666278e-17
4527.0,6.3150901e-16,4.4310082e-17
4528.5,6.10274e-16,4.3630998e-17
4530.0,5.8821202e-16,4.3404081e-17
4531.5,6.1056798e-16,4.4112062e-17
4533.0,6.6798802e-16,4.4706956e-17
4534.5,7.0013001e-16,4.4866168e-17
4536.0,6.7062298e-16,4.4709024e-17
4537.5,6.3888e-16,4.4461816e-17
4539.0,6.5134102e-16,4.4475003e-17
4540.5,6.3606298e-16,4.4395815e-17
4542.0,6.0560601e-16,4.3906585e-17
4543.5,6.4082998e-16,4.4438819e-17
4545.0,6.7680002e-16,4.4876607e-17
4546.5,6.4704699e-16,4.4013378e-17
4548.0,5.8026701e-16,4.3047432e-17
4549.5,6.4062399e-16,4.4013352e-17
4551.0,6.72951e-16,4.4213912e-17
4552.5,6.4758999e-16,4.3660806e-17
4554.0,6.1763001e-16,4.3414947e-17
4555.5,6.1746103e-16,4.3499284e-17
4557.0,6.3499101e-16,4.3515971e-17
4558.5,6.72028e-16,4.3814248e-17
4560.0,6.5210197e-16,4.3483769e-17
4561.5,5.92189e-16,4.2882756e-17
4563.0,5.7531701e-16,4.2518097e-17
4564.5,5.5426803e-16,4.2230458e-17
4566.0,5.9590001e-16,4.2620812e-17
4567.5,5.7426499e-16,4.2106971e-17
4569.0,5.4996505e-16,4.1835723e-17
4570.5,5.7289396e-16,4.2206024e-17
4572.0,5.62469e-16,4.1874844e-17
4573.5,5.45117e-16,4.1447873e-17
4575.0,5.4365899e-16,4.147247e-17
4576.5,5.7399601e-16,4.1984032e-17
4578.0,6.0223402e-16,4.2464927e-17
4579.5,5.9811098e-16,4.2201837e-17
4581.0,5.6083698e-16,4.1443003e-17
4582.5,5.7274504e-16,4.172251e-17
4584.0,6.2832396e-16,4.2481441e-17
4585.5,6.1693798e-16,4.2046761e-17
4587.0,5.8141702e-16,4.152587e-17
4588.5,5.7564904e-16,4.1462356e-17
4590.0,5.7032401e-16,4.1345026e-17
4591.5,5.4338799e-16,4.0901876e-17
4593.0,5.2987803e-16,4.0928813e-17
4594.5,5.51802e-16,4.0816114e-17
4596.0,5.2178595e-16,4.0249518e-17
4597.5,5.1342304e-16,4.0145613e-17
4599.0,5.5893804e-16,4.0684918e-17
4600.5,5.95237e-16,4.1219946e-17
4602.0,5.9054602e-16,4.1091826e-17
4603.5,6.1657799e-16,4.1363453e-17
4605.0,6.1697398e-16,4.1464818e-17
4606.5,6.6662404e-16,4.2411503e-17
4608.0,5.8120399e-16,4.1160454e-17
4609.5,5.1968902e-16,3.9983307e-17
4611.0,5.84445e-16,4.1003435e-17
4612.5,5.55829e-16,4.0676529e-17
4614.0,5.8175896e-16,4.0830987e-17
4615.5,6.1316196e-16,4.1357461e-17
4617.0,6.3236303e-16,4.1768773e-17
4618.5,6.7292797e-16,4.2059176e-17
4620.0,6.4575897e-16,4.1649784e-17
4621.5,6.9918298e-16,4.2246237e-17
4623.0,7.0405903e-16,4.2291268e-17
4624.5,6.0363104e-16,4.1085906e-17
4626.0,6.4453299e-16,4.1509332e-17
4627.5,6.9009797e-16,4.203502e-17
4629.0,6.7391e-16,4.1851825e-17
4630.5,6.6008102e-16,4.1702311e-17
4632.0,6.7057401e-16,4.1836317e-17
4633.5,6.7155403e-16,4.1650155e-17
4635.0,6.3338704e-16,4.1015152e-17
4636.5,5.9421405e-16,4.0422068e-17
4638.0,6.3647199e-16,4.0949284e-17
4639.5,6.9945503e-16,4.1886735e-17
4641.0,7.0368601e-16,4.1876429e-17
4642.5,6.6480704e-16,4.1255883e-17
4644.0,6.5960097e-16,4.0974899e-17
4645.5,7.2858502e-16,4.1537285e-17
4647.0,7.4816398e-16,4.1784278e-17
4648.5,6.8144102e-16,4.1021503e-17
4650.0,6.3954598e-16,4.0543318e-17
4651.5,6.5855096e-16,4.0857139e-17
4653.0,6.3858698e-16,4.0538587e-17
4654.5,6.7136001e-16,4.1037306e-17
4656.0,7.1187201e-16,4.1724452e-17
4657.5,7.1209298e-16,4.1829323e-17
4659.0,7.0154498e-16,4.1283168e-17
4660.5,7.8716e-16,4.9511678e-17
4662.0,7.4403798e-16,5.8335648e-17
4663.5,7.8743396e-16,5.1094067e-17
4665.0,7.9833104e-16,4.2003184e-17
4666.5,6.88991e-16,4.1140296e-17
4668.0,6.9761697e-16,4.1396118e-17
4669.5,6.72644e-16,4.0808736e-17
4671.0,6.06012e-16,3.9700575e-17
4672.5,6.8468304e-16,4.0928509e-17
4674.0,7.22683e-16,4.148842e-17
4675.5,7.1899005e-16,4.1256754e-17
4677.0,7.2102303e-16,4.1539324e-17
4678.5,7.22845e-16,4.1443739e-17
4680.0,7.0129595e-16,4.0969469e-17
4681.5,6.7196299e-16,4.0724483e-17
4683.0,6.7987502e-16,4.0743842e-17
4684.5,6.59235e-16,4.021692e-17
4686.0,6.8049298e-16,4.0625459e-17
4687.5,7.0945103e-16,4.0917985e-17
4689.0,7.0460203e-16,4.0791964e-17
4690.5,7.0948306e-16,4.0726995e-17
4692.0,7.3470701e-16,4.0928115e-17
4693.5,6.6516603e-16,4.0174762e-17
4695.0,7.45933e-16,4.1082389e-17
4696.5,7.3957199e-16,4.0693351e-17
4698.0,6.3024699e-16,3.9087919e-17
4699.5,6.40888e-16,3.9328486e-17
4701.0,6.4587898e-16,3.9325747e-17
4702.5,6.5248001e-16,3.9181446e-17
4704.0,7.6619398e-16,4.0665593e-17
4705.5,7.4444598e-16,4.058047e-17
4707.0,6.4451097e-16,3.9338449e-17
4708.5,6.6878799e-16,3.9572296e-17
4710.0,7.00291e-16,3.9759748e-17
4711.5,6.7590201e-16,3.9654203e-17
4713.0,6.3748997e-16,3.9367333e-17
4714.5,6.8697601e-16,3.9905137e-17
4716.0,7.0439705e-16,4.014844e-17
4717.5,6.1576701e-16,3.8912925e-17
4719.0,5.9880602e-16,3.8704032e-17
4720.5,6.0928599e-16,3.9037662e-17
4722.0,5.9746999e-16,3.8749833e-17
4723.5,6.4711602e-16,3.9128701e-17
4725.0,6.9591602e-16,3.9683099e-17
4726.5,6.7715504e-16,3.9544241e-17
4728.0,6.6189801e-16,3.9134894e-17
4729.5,6.8122799e-16,3.9227455e-17
4731.0,7.0834099e-16,3.9673486e-17
4732.5,6.5845297e-16,3.9050561e-17
4734.0,6.4984002e-16,3.9003431e-17
4735.5,6.6440301e-16,3.9076564e-17
4737.0,6.36537e-16,3.8761758e-17
4738.5,6.4487302e-16,3.884299e-17
4740.0,7.03232e-16,3.979558e-17
4741.5,6.9513501e-16,3.9721546e-17
4743.0,6.7368003e-16,3.9371203e-17
4744.5,6.17465e-16,3.8413021e-17
4746.0,6.0817998e-16,3.812338e-17
4747.5,6.7174101e-16,3.909979e-17
4749.0,6.5989902e-16,3.8687263e-17
4750.5,6.7775103e-16,3.8873986e-17
4752.0,6.9385699e-16,3.9048852e-17
4753.5,6.6944201e-16,3.8628941e-17
4755.0,6.8644201e-16,3.8788536e-17
4756.5,6.6518906e-16,3.8625223e-17
4758.0,6.5333096e-16,3.856631e-17
4759.5,6.6108603e-16,3.8606769e-17
4761.0,6.3372803e-16,3.8095455e-17
4762.5,6.1236205e-16,3.7701546e-17
4764.0,6.86222e-16,3.8296569e-17
4765.5,6.9433599e-16,3.8703718e-17
4767.0,6.2434603e-16,3.7852965e-17
4768.5,6.2699004e-16,3.7695158e-17
4770.0,6.6097401e-16,3.81762e-17
4771.5,6.8581701e-16,3.8614474e-17
4773.0,6.55409e-16,3.8034504e-17
4774.5,6.4312199e-16,3.8112098e-17
4776.0,6.3875003e-16,3.8005e-17
4777.5,5.7301302e-16,3.7239937e-17
4779.0,6.0568102e-16,3.7687616e-17
4780.5,6.1587898e-16,3.7714965e-17
4782.0,6.3287904e-16,3.7701416e-17
4783.5,6.6833801e-16,3.8277885e-17
4785.0,6.39477e-16,3.7660042e-17
4786.5,6.1897997e-16,3.7184137e-17
4788.0,5.9408498e-16,3.7034172e-17
4789.5,6.3812799e-16,3.7659183e-17
4791.0,6.8028599e-16,3.8284888e-17
4792.5,6.5360599e-16,3.7863768e-17
4794.0,6.2498405e-16,3.7377654e-17
4795.5,6.2516304e-16,3.7510304e-17
4797.0,5.90542e-16,3.6918955e-17
4798.5,5.96215e-16,3.6694794e-17
4800.0,6.29526e-16,3.7224488e-17
4801.5,6.1695805e-16,3.7065499e-17
4803.0,6.19519e-16,3.7107151e-17
4804.5,5.84436e-16,3.6551024e-17
4806.0,5.7405101e-16,3.6409256e-17
4807.5,5.6474101e-16,3.6350287e-17
4809.0,5.2814002e-16,3.5787925e-17
4810.5,5.5301998e-16,3.6034244e-17
4812.0,5.8183699e-16,3.6536271e-17
4813.5,5.8484502e-16,3.6613537e-17
4815.0,5.5628301e-16,3.6150537e-17
4816.5,5.4517799e-16,3.5888037e-17
4818.0,5.8959301e-16,3.6768661e-17
4819.5,5.5506006e-16,3.6453823e-17
4821.0,5.0928301e-16,3.5423572e-17
4822.5,4.8318402e-16,3.5098661e-17
4824.0,5.1304198e-16,3.5567967e-17
4825.5,5.1358202e-16,3.5511829e-17
4827.0,5.41615e-16,3.5626595e-17
4828.5,5.2215701e-16,3.5432947e-17
4830.0,5.0119299e-16,3.5338193e-17
4831.5,5.2537298e-16,3.5611728e-17
4833.0,4.8720303e-16,3.4847774e-17
4834.5,5.2628799e-16,3.5350967e-17
4836.0,5.0801997e-16,3.5141173e-17
4837.5,5.3207899e-16,3.5447995e-17
4839.0,4.9844601e-16,3.4935022e-17
4840.5,5.1928302e-16,3.5031903e-17
4842.0,4.8354898e-16,3.4476259e-17
4843.5,4.9351501e-16,3.4709139e-17
4845.0,4.5890599e-16,3.3994202e-17
4846.5,4.7201102e-16,3.4110004e-17
4848.0,4.9587802e-16,3.4460508e-17
4849.5,4.7282401e-16,3.4126851e-17
4851.0,4.9471303e-16,3.4418317e-17
4852.5,4.8593899e-16,3.3924606e-17
4854.0,5.10938e-16,3.4061014e-17
4855.5,5.3269304e-16,3.4295043e-17
4857.0,5.13461e-16,3.3942688e-17
4858.5,5.3143901e-16,3.3853749e-17
4860.0,5.15642e-16,3.342849e-17
4861.5,4.8447299e-16,3.2894857e-17
4863.0,4.92852e-16,3.2933698e-17
4864.5,5.1280396e-16,3.3347725e-17
4866.0,5.0793305e-16,3.372575e-17
4867.5,5.0700703e-16,3.3695873e-17
4869.0,5.2498504e-16,3.3733125e-17
4870.5,5.1119603e-16,3.3663531e-17
4872.0,4.6775399e-16,3.3065648e-17
4873.5,5.0374299e-16,3.3476796e-17
4875.0,4.91541e-16,3.3279326e-17
4876.5,4.5531298e-16,3.2861158e-17
4878.0,4.6740501e-16,3.3164842e-17
4879.5,4.5546603e-16,3.3149785e-17
4881.0,4.9982599e-16,3.3823687e-17
4882.5,5.3511698e-16,3.438552e-17
4884.0,4.9662796e-16,3.3394823e-17
4885.5,4.5846802e-16,3.3019949e-17
4887.0,4.5991999e-16,3.2594232e-17
4888.5,5.2576299e-16,3.373764e-17
4890.0,5.1238103e-16,3.3544707e-17
4891.5,4.58239e-16,3.2660456e-17
4893.0,4.6173899e-16,3.2836936e-17
4894.5,5.6355701e-16,3.4275451e-17
4896.0,4.8498502e-16,3.3278243e-17
4897.5,5.09409e-16,3.3429597e-17
4899.0,5.7586001e-16,3.4394846e-17
4900.5,5.10106e-16,3.3555801e-17
4902.0,5.3351302e-16,3.3766709e-17
4903.5,4.6483003e-16,3.2955804e-17
4905.0,4.43474e-16,3.259086e-17
4906.5,4.6893798e-16,3.2975627e-17
4908.0,5.3110199e-16,3.3678448e-17
4909.5,4.82928e-16,3.2826336e-17
4911.0,4.3352401e-16,3.1905581e-17
4912.5,4.3496002e-16,3.2094199e-17
4914.0,5.0653798e-16,3.3163695e-17
4915.5,4.5793698e-16,3.2271393e-17
4917.0,4.3648698e-16,3.1839668e-17
4918.5,4.1904102e-16,3.1359212e-17
4920.0,4.6427501e-16,3.1895138e-17
4921.5,4.4234202e-16,3.1609934e-17
4923.0,4.0668e-16,3.1270939e-17
4924.5,4.42723e-16,3.1753028e-17
4926.0,4.3666301e-16,3.177608e-17
4927.5,4.2789301e-16,3.1769538e-17
4929.0,4.3999201e-16,3.2061448e-17
4930.5,4.4536399e-16,3.2166206e-17
4932.0,4.7702799e-16,3.2489878e-17
4933.5,4.5526496e-16,3.2093619e-17
4935.0,4.3428298e-16,3.1613161e-17
4936.5,4.3815e-16,3.1513701e-17
4938.0,4.2186701e-16,3.1315526e-17
4939.5,4.4875403e-16,3.1668217e-17
4941.0,4.9394599e-16,3.2358846e-17
4942.5,4.8766e-16,3.2364859e-17
4944.0,4.5204603e-16,3.1854758e-17
4945.5,4.2792499e-16,3.1451564e-17
4947.0,4.2580399e-16,3.1436352e-17
4948.5,4.2515501e-16,3.1569085e-17
4950.0,4.5738202e-16,3.2103379e-17
4951.5,5.2106201e-16,3.2968035e-17
4953.0,4.7219604e-16,3.2150007e-17
4954.5,4.83552e-16,3.2071385e-17
4956.0,4.2996901e-16,3.1395596e-17
4957.5,4.6004e-16,3.1528563e-17
4959.0,4.9981498e-16,3.2157536e-17
4960.5,4.6419502e-16,3.1938083e-17
4962.0,4.9464998e-16,3.2320625e-17
4963.5,5.5972599e-16,3.3147752e-17
4965.0,4.70634e-16,3.1889635e-17
4966.5,5.1241999e-16,3.2528692e-17
4968.0,5.2132797e-16,3.2674266e-17
4969.5,5.4783799e-16,3.2876862e-17
4971.0,5.7646696e-16,3.3522676e-17
4972.5,5.2654601e-16,3.2717567e-17
4974.0,5.47261e-16,3.3388055e-17
4975.5,5.2460499e-16,3.2922777e-17
4977.0,5.1852398e-16,3.2776661e-17
4978.5,5.2549998e-16,3.3014216e-17
4980.0,5.1301996e-16,3.269132e-17
4981.5,4.72062e-16,3.2202201e-17
4983.0,4.7102904e-16,3.2127815e-17
4984.5,5.1702303e-16,3.2613199e-17
4986.0,5.3143398e-16,3.2725552e-17
4987.5,5.1945698e-16,3.2717697e-17
4989.0,5.1198398e-16,3.2644339e-17
4990.5,4.8898201e-16,3.2356226e-17
4992.0,4.8610501e-16,3.2064761e-17
4993.5,4.7373102e-16,3.1685448e-17
4995.0,4.18663e-16,3.0925065e-17
4996.5,4.5674701e-16,3.1442345e-17
4998.0,4.9963901e-16,3.1917276e-17
4999.5,4.9168902e-16,3.1554452e-17
5001.0,4.6797903e-16,3.1240868e-17
5002.5,4.3462499e-16,3.0750051e-17
5004.0,4.3088002e-16,3.0502177e-17
5005.5,4.23359e-16,3.0301367e-17
5007.0,4.4995301e-16,3.0756175e-17
5008.5,4.39385e-16,3.0772587e-17
5010.0,4.0478701e-16,3.0153528e-17
5011.5,4.6351099e-16,3.0663401e-17
5013.0,4.14126e-16,2.9828066e-17
5014.5,3.8192599e-16,2.945092e-17
5016.0,4.2948898e-16,3.0137151e-17
5017.5,3.9444199e-16,2.9610949e-17
5019.0,3.95358e-16,2.9470501e-17
5020.5,3.6691601e-16,2.9143881e-17
5022.0,3.78033e-16,2.9365139e-17
5023.5,3.9735599e-16,2.9681624e-17
5025.0,3.8147802e-16,2.9507291e-17
5026.5,3.4934198e-16,2.8980915e-17
5028.0,3.5610199e-16,2.8990194e-17
5029.5,3.4801e-16,2.8866056e-17
5031.0,3.8465e-16,2.9557464e-17
5032.5,3.7085501e-16,2.9280143e-17
5034.0,3.8210202e-16,2.9399242e-17
5035.5,3.4801399e-16,2.908704e-17
5037.0,3.0848299e-16,2.8072633e-17
5038.5,3.41927e-16,2.8377533e-17
5040.0,3.49494e-16,2.8592432e-17
5041.5,3.4225602e-16,2.8563569e-17
5043.0,3.49037e-16,2.8731352e-17
5044.5,3.57587e-16,2.900013e-17
5046.0,3.6359199e-16,2.9082257e-17
5047.5,3.59151e-16,2.8848874e-17
5049.0,3.9362201e-16,2.9178239e-17
5050.5,3.7261599e-16,2.9126753e-17
5052.0,3.4626498e-16,2.8497597e-17
5053.5,3.3323401e-16,2.8341428e-17
5055.0,3.88062e-16,2.9198549e-17
5056.5,3.2288398e-16,2.8171203e-17
5058.0,3.1269402e-16,2.837505e-17
5059.5,2.9359999e-16,2.8095674e-17
5061.0,3.2792899e-16,2.8548535e-17
5062.5,3.6464803e-16,2.8911132e-17
5064.0,3.6814699e-16,2.9038306e-17
5065.5,4.1064599e-16,2.9326702e-17
5067.0,3.9064299e-16,2.8942333e-17
5068.5,3.6819101e-16,2.8807774e-17
5070.0,3.66199e-16,2.8944098e-17
5071.5,3.4839902e-16,2.8512642e-17
5073.0,3.44288e-16,2.8318428e-17
5074.5,3.8349901e-16,2.9008398e-17
5076.0,3.8189799e-16,2.895983e-17
5077.5,3.5814602e-16,2.8515947e-17
5079.0,3.54126e-16,2.8368161e-17
5080.5,3.78896e-16,2.855447e-17
5082.0,3.9598301e-16,2.8876232e-17
5083.5,3.7486197e-16,2.8957395e-17
5085.0,4.01827e-16,2.9541518e-17
5086.5,4.1413098e-16,2.9595118e-17
5088.0,4.0571301e-16,2.9407608e-17
5089.5,3.66521e-16,2.883071e-17
5091.0,3.3801498e-16,2.8299234e-17
5092.5,3.67162e-16,2.8671305e-17
5094.0,4.0096901e-16,2.9197655e-17
5095.5,3.6231398e-16,2.8649199e-17
5097.0,3.5575101e-16,2.8290089e-17
5098.5,3.7738499e-16,2.8366778e-17
5100.0,4.1943899e-16,2.9024455e-17
5101.5,4.37617e-16,2.9513807e-17
5103.0,3.97027e-16,2.8685327e-17
5104.5,3.7040002e-16,2.8413924e-17
5106.0,3.91336e-16,2.869728e-17
5107.5,4.0848601e-16,2.8724501e-17
5109.0,3.56858e-16,2.808993e-17
5110.5,3.7543203e-16,2.8444193e-17
5112.0,4.12005e-16,2.8958179e-17
5113.5,3.4452401e-16,2.8232784e-17
5115.0,3.76409e-16,2.855988e-17
5116.5,3.7445e-16,2.8235774e-17
5118.0,4.04034e-16,2.8901691e-17
5119.5,4.39661e-16,2.9364252e-17
5121.0,4.2151499e-16,2.9163044e-17
5122.5,4.0011502e-16,2.8524883e-17
5124.0,3.4774398e-16,2.7746627e-17
5125.5,3.5176799e-16,2.7788619e-17
5127.0,3.9230601e-16,2.816031e-17
5128.5,3.7768598e-16,2.8020631e-17
5130.0,3.9356999e-16,2.8588996e-17
5131.5,3.9194102e-16,2.8527601e-17
5133.0,3.7653899e-16,2.8298413e-17
5134.5,4.02632e-16,2.8726628e-17
5136.0,3.8308399e-16,2.8394332e-17
5137.5,3.9357502e-16,2.8407549e-17
5139.0,3.85868e-16,2.8329309e-17
5140.5,3.6363302e-16,2.7960995e-17
5142.0,3.5599299e-16,2.7845281e-17
5143.5,3.62952e-16,2.7929286e-17
5145.0,3.72908e-16,2.7956291e-17
5146.5,3.7698099e-16,2.8085983e-17
5148.0,4.06943e-16,2.8605347e-17
5149.5,4.0973602e-16,2.8592221e-17
5151.0,3.84944e-16,2.8314231e-17
5152.5,3.8558999e-16,2.8375651e-17
5154.0,3.9702599e-16,2.8643448e-17
5155.5,3.73296e-16,2.8345101e-17
5157.0,3.6531901e-16,2.8166184e-17
5158.5,3.6634601e-16,2.8114624e-17
5160.0,3.8258099e-16,2.8301475e-17
5161.5,3.8770199e-16,2.7959612e-17
5163.0,3.5329699e-16,2.7198197e-17
5164.5,3.4966499e-16,2.7142777e-17
5166.0,3.9160498e-16,2.7537753e-17
5167.5,4.0616199e-16,2.780895e-17
5169.0,3.70583e-16,2.7050378e-17
5170.5,3.72342e-16,2.6923394e-17
5172.0,4.2767501e-16,2.7751958e-17
5173.5,4.1417399e-16,2.765422e-17
5175.0,3.6963599e-16,2.7286576e-17
5176.5,3.65742e-16,2.7630236e-17
5178.0,3.61888e-16,2.7571357e-17
5179.5,3.9415799e-16,2.7968338e-17
5181.0,3.67452e-16,2.7235192e-17
5182.5,4.0211298e-16,2.7556975e-17
5184.0,4.2640001e-16,2.787128e-17
5185.5,3.8506099e-16,2.7419594e-17
5187.0,3.63991e-16,2.7421877e-17
5188.5,3.6249598e-16,2.7534297e-17
5190.0,3.8539099e-16,2.7910904e-17
5191.5,3.8650201e-16,2.7987775e-17
5193.0,4.2008599e-16,2.8437967e-17
5194.5,4.3399599e-16,2.8554341e-17
5196.0,4.0321698e-16,2.8223805e-17
5197.5,3.9147301e-16,2.8283306e-17
5199.0,4.19464e-16,2.8799419e-17
5200.5,3.9603002e-16,2.8393385e-17
5202.0,3.77056e-16,2.800082e-17
5203.5,4.1143302e-16,2.8283246e-17
5205.0,4.5107601e-16,2.8643865e-17
5206.5,4.0780801e-16,2.7887899e-17
5208.0,4.00446e-16,2.7783868e-17
5209.5,3.97854e-16,2.7744822e-17
5211.0,3.93403e-16,2.7694339e-17
5212.5,4.2361899e-16,2.8072204e-17
5214.0,4.0320799e-16,2.7917649e-17
5215.5,3.99072e-16,2.7967732e-17
5217.0,4.17225e-16,2.8184172e-17
5218.5,4.2717401e-16,2.8322643e-17
5220.0,4.3252901e-16,2.8406022e-17
5221.5,4.1120101e-16,2.8090262e-17
5223.0,3.8204701e-16,2.7883538e-17
5224.5,4.2109298e-16,2.8357046e-17
5226.0,4.39281e-16,2.8296446e-17
5227.5,4.3305999e-16,2.8134377e-17
5229.0,4.3245598e-16,2.8090083e-17
5230.5,3.9619e-16,2.7621004e-17
5232.0,4.1486001e-16,2.7945105e-17
5233.5,4.5201701e-16,2.8559103e-17
5235.0,4.6176403e-16,2.8914414e-17
5236.5,4.4889702e-16,2.8717413e-17
5238.0,4.4107801e-16,2.8548069e-17
5239.5,4.7780599e-16,2.9127548e-17
5241.0,4.1593201e-16,2.8160847e-17
5242.5,4.10181e-16,2.8215055e-17
5244.0,4.4553102e-16,2.8733674e-17
5245.5,4.2616001e-16,2.8288446e-17
5247.0,4.3351599e-16,2.8220438e-17
5248.5,4.21522e-16,2.8107854e-17
5250.0,4.0750001e-16,2.7995931e-17
5251.5,4.5947398e-16,2.8674943e-17
5253.0,4.7533498e-16,2.9062165e-17
5254.5,4.5751103e-16,2.9021124e-17
5256.0,4.3643399e-16,2.8857153e-17
5257.5,4.9101801e-16,2.9386779e-17
5259.0,4.4377102e-16,2.8652847e-17
5260.5,4.5330699e-16,2.853784e-17
5262.0,4.7942801e-16,2.8656858e-17
5263.5,4.52177e-16,2.8172923e-17
5265.0,4.6210401e-16,2.834977e-17
5266.5,4.5366603e-16,2.8023609e-17
5268.0,4.2445001e-16,2.758938e-17
5269.5,4.6808798e-16,2.8308717e-17
5271.0,5.08802e-16,2.887118e-17
5272.5,4.4529597e-16,2.8089671e-17
5274.0,4.3677302e-16,2.8246216e-17
5275.5,4.8418997e-16,2.8985983e-17
5277.0,4.8558302e-16,2.8928369e-17
5278.5,4.7309802e-16,2.8797206e-17
5280.0,4.5928202e-16,2.8650414e-17
5281.5,4.6128403e-16,2.8594083e-17
5283.0,4.8582099e-16,2.8884096e-17
5284.5,4.7069499e-16,2.8854585e-17
5286.0,4.90736e-16,2.9254943e-17
5287.5,5.3998599e-16,2.9768072e-17
5289.0,5.1994599e-16,2.9655277e-17
5290.5,5.0132503e-16,2.94676e-17
5292.0,4.8140498e-16,2.910284e-17
5293.5,4.7282999e-16,2.8938803e-17
5295.0,4.9396802e-16,2.9036658e-17
5296.5,4.6911797e-16,2.8665689e-17
5298.0,5.0322905e-16,2.9197151e-17
5299.5,5.2535403e-16,2.9467795e-17
5301.0,4.9667704e-16,2.9101675e-17
5302.5,4.8540599e-16,2.9006039e-17
5304.0,4.9333899e-16,2.9127716e-17
5305.5,5.1039701e-16,2.9401216e-17
5307.0,4.9382301e-16,2.9178512e-17
5308.5,4.5932802e-16,2.8622632e-17
5310.0,4.6819603e-16,2.8615613e-17
5311.5,4.8819803e-16,2.8995075e-17
5313.0,4.79509e-16,2.9086838e-17
5314.5,4.9184699e-16,2.9111796e-17
5316.0,4.8801099e-16,2.8973248e-17
5317.5,4.4571599e-16,2.8329449e-17
5319.0,4.29633e-16,2.8138824e-17
5320.5,4.4940201e-16,2.8443809e-17
5322.0,4.7653999e-16,2.8782347e-17
5323.5,4.7029202e-16,2.8635928e-17
5325.0,4.87081e-16,2.8698856e-17
5326.5,4.9454003e-16,2.884426e-17
5328.0,4.9320701e-16,2.8889159e-17
5329.5,4.7319199e-16,2.8612619e-17
5331.0,4.4143098e-16,2.8180986e-17
5332.5,4.4659002e-16,2.8270636e-17
5334.0,4.77817e-16,2.8743766e-17
5335.5,4.7769101e-16,2.8721243e-17
5337.0,4.55443e-16,2.8423345e-17
5338.5,4.6118503e-16,2.8509476e-17
5340.0,4.4521598e-16,2.808951e-17
5341.5,4.5127697e-16,2.8084367e-17
5343.0,4.4571101e-16,2.8241683e-17
5344.5,4.2531202e-16,2.8026895e-17
5346.0,4.2437701e-16,2.7829164e-17
5347.5,4.4381898e-16,2.8100126e-17
5349.0,4.5434101e-16,2.8215225e-17
5350.5,4.66824e-16,2.8344243e-17
5352.0,4.8251301e-16,2.8656293e-17
5353.5,4.5257701e-16,2.8349882e-17
5355.0,4.45401e-16,2.8264903e-17
5356.5,4.4630801e-16,2.8152258e-17
5358.0,4.3505801e-16,2.7932445e-17
5359.5,4.6583599e-16,2.8332586e-17
5361.0,4.7206803e-16,2.8399114e-17
5362.5,4.58574e-16,2.8092723e-17
5364.0,4.29921e-16,2.7637996e-17
5365.5,4.1248501e-16,2.7488252e-17
5367.0,4.5531801e-16,2.8129028e-17
5368.5,4.6322104e-16,2.8131415e-17
5370.0,4.5136199e-16,2.7881357e-17
5371.5,4.8949997e-16,2.8496351e-17
5373.0,4.62654e-16,2.8250141e-17
5374.5,4.2835502e-16,2.7853098e-17
5376.0,4.7225999e-16,2.8315708e-17
5377.5,4.9145497e-16,2.841444e-17
5379.0,4.5412904e-16,2.7952912e-17
5380.5,4.5913998e-16,2.8044064e-17
5382.0,4.7847197e-16,2.8170032e-17
5383.5,4.6296301e-16,2.7989828e-17
5385.0,5.1542902e-16,2.866381e-17
5386.5,4.71031e-16,2.8087425e-17
5388.0,4.15524e-16,2.7325745e-17
5389.5,4.38965e-16,2.7644176e-17
5391.0,5.0117701e-16,2.8374897e-17
5392.5,5.0499998e-16,2.8402253e-17
5394.0,4.7025501e-16,2.7951124e-17
5395.5,4.72009e-16,2.7892726e-17
5397.0,4.7229498e-16,2.7940366e-17
5398.5,4.8905104e-16,2.8015804e-17
5400.0,4.9966701e-16,2.8125515e-17
5401.5,5.0642596e-16,2.8346754e-17
5403.0,5.1030199e-16,2.842209e-17
5404.5,4.6839201e-16,2.7660714e-17
5406.0,4.4727299e-16,2.7359604e-17
5407.5,4.56565e-16,2.7564622e-17
5409.0,4.9560999e-16,2.8054088e-17
5410.5,4.8113398e-16,2.7990129e-17
5412.0,4.37594e-16,2.7224229e-17
5413.5,4.69322e-16,2.942052e-17
5415.0,5.1123002e-16,3.6512585e-17
5416.5,5.44991e-16,3.9337412e-17
5418.0,4.81372e-16,3.148052e-17
5419.5,4.3563699e-16,2.856598e-17
5421.0,4.5394301e-16,2.7174921e-17
5422.5,4.0921599e-16,2.6889712e-17
5424.0,3.96384e-16,2.658979e-17
5425.5,4.4958201e-16,2.7406922e-17
5427.0,4.3538401e-16,2.721032e-17
5428.5,3.93228e-16,2.6570912e-17
5430.0,3.78725e-16,2.6401805e-17
5431.5,3.7174002e-16,2.636973e-17
5433.0,3.78811e-16,2.6409205e-17
5434.5,3.5719001e-16,2.6062835e-17
5436.0,3.3578001e-16,2.579341e-17
5437.5,3.3805998e-16,2.5989841e-17
5439.0,3.34219e-16,2.5889725e-17
5440.5,3.5538599e-16,2.6116052e-17
5442.0,3.7445e-16,2.635144e-17
5443.5,3.7077999e-16,2.6278663e-17
5445.0,3.6160699e-16,2.6103451e-17
5446.5,3.4920299e-16,2.5870579e-17
5448.0,3.42233e-16,2.5611383e-17
5449.5,3.4518099e-16,2.5808894e-17
5451.0,3.2311401e-16,2.5649754e-17
5452.5,2.9003401e-16,2.5142746e-17
5454.0,2.9442201e-16,2.5153285e-17
5455.5,3.0351999e-16,2.5546804e-17
5457.0,3.21295e-16,2.6260906e-17
5458.5,3.5131599e-16,2.7329818e-17
5460.0,3.48151e-16,2.7760133e-17
5461.5,3.11003e-16,2.7416283e-17
5463.0,3.0801498e-16,2.6926874e-17
5464.5,3.2466098e-16,2.671273e-17
5466.0,3.1821598e-16,2.5853763e-17
5467.5,2.91602e-16,2.5159026e-17
5469.0,3.6135e-16,2.6211786e-17
5470.5,3.1936602e-16,2.5499303e-17
5472.0,2.8994001e-16,2.5086685e-17
5473.5,2.6849499e-16,2.4695586e-17
5475.0,2.5209e-16,2.4304989e-17
5476.5,3.2710099e-16,2.5236632e-17
5478.0,3.51647e-16,2.5622587e-17
5479.5,3.2938801e-16,2.5379005e-17
5481.0,2.6765497e-16,2.4606881e-17
5482.5,2.91308e-16,2.4969233e-17
5484.0,3.03042e-16,2.5219785e-17
5485.5,3.0656499e-16,2.5283567e-17
5487.0,3.0838601e-16,2.5193865e-17
5488.5,2.9992399e-16,2.491423e-17
5490.0,2.9058998e-16,2.4972402e-17
5491.5,2.88043e-16,2.4744774e-17
5493.0,2.9350502e-16,2.4814389e-17
5494.5,2.8924701e-16,2.4824326e-17
5496.0,3.0331702e-16,2.5139911e-17
5497.5,3.52756e-16,2.5936965e-17
5499.0,3.2323301e-16,2.551345e-17
5500.5,2.9398002e-16,2.4987687e-17
5502.0,2.97144e-16,2.4894647e-17
5503.5,2.9967801e-16,2.4885949e-17
5505.0,3.0178299e-16,2.5100941e-17
5506.5,3.1203601e-16,2.5215516e-17
5508.0,3.1507302e-16,2.5250388e-17
5509.5,3.01057e-16,2.503939e-17
5511.0,3.1774699e-16,2.529045e-17
5512.5,3.32124e-16,2.545152e-17
5514.0,3.3641999e-16,2.5434553e-17
5515.5,3.4481298e-16,2.5522402e-17
5517.0,3.2185899e-16,2.5378203e-17
5518.5,2.9814101e-16,2.5123346e-17
5520.0,3.11515e-16,2.526986e-17
5521.5,3.5181101e-16,2.5764669e-17
5523.0,3.34979e-16,2.5416594e-17
5524.5,3.31486e-16,2.5334342e-17
5526.0,3.5567501e-16,2.5515261e-17
5527.5,3.4388302e-16,2.5483323e-17
5529.0,3.13103e-16,2.4999009e-17
5530.5,2.8883498e-16,2.4562242e-17
5532.0,3.2149699e-16,2.5125778e-17
5533.5,2.9657098e-16,2.4927581e-17
5535.0,3.1775501e-16,2.5377545e-17
5536.5,3.4313501e-16,2.5591359e-17
5538.0,3.49951e-16,2.5789255e-17
5539.5,3.2678401e-16,2.5411396e-17
5541.0,3.60477e-16,2.5981848e-17
5542.5,3.5930301e-16,2.615228e-17
5544.0,3.7819902e-16,2.6500739e-17
5545.5,3.7696902e-16,2.6417259e-17
5547.0,3.9626899e-16,2.6539998e-17
5548.5,3.5633098e-16,2.605776e-17
5550.0,3.47436e-16,2.5990271e-17
5551.5,3.5353101e-16,2.6058913e-17
5553.0,3.36489e-16,2.5490173e-17
5554.5,3.18834e-16,2.5184551e-17
5556.0,3.4716799e-16,2.557362e-17
5557.5,3.7648902e-16,2.5877468e-17
5559.0,3.77065e-16,2.5913947e-17
5560.5,3.3315301e-16,2.5524004e-17
5562.0,3.53886e-16,2.587523e-17
5563.5,3.3873501e-16,2.5842136e-17
5565.0,3.6629098e-16,2.6325648e-17
5566.5,3.6031101e-16,2.6315851e-17
5568.0,3.4812702e-16,2.5926459e-17
5569.5,3.2574402e-16,2.5995302e-17
5571.0,3.2440502e-16,2.7896766e-17
5572.5,3.75622e-16,3.5148584e-17
5574.0,3.6958901e-16,4.7775339e-17
5575.5,3.6355702e-16,5.9359547e-17
5577.0,3.57524e-16,6.4111313e-17
5578.5,3.5149101e-16,6.2906239e-17
5580.0,3.5149101e-16,5.4930478e-17
5581.5,3.24923e-16,4.1604851e-17
5583.0,3.88355e-16,3.1071693e-17
5584.5,3.9559501e-16,2.7275658e-17
5586.0,3.6433399e-16,2.6291169e-17
5587.5,3.8297502e-16,2.6366688e-17
5589.0,3.9478498e-16,2.6449785e-17
5590.5,3.8659502e-16,2.6627659e-17
5592.0,3.7840599e-16,4.5173874e-17
5593.5,3.7021603e-16,5.741304e-17
5595.0,3.6202601e-16,5.032276e-17
5596.5,3.53836e-16,3.5009012e-17
5598.0,3.4564601e-16,2.5958517e-17
5599.5,3.4564601e-16,2.5210512e-17
5601.0,3.2504699e-16,2.5380009e-17
5602.5,3.3473599e-16,2.5453641e-17
5604.0,3.2242301e-16,2.5425339e-17
5605.5,3.0926999e-16,2.5226652e-17
5607.0,3.1762298e-16,2.5353835e-17
5608.5,3.28098e-16,2.5548241e-17
5610.0,3.4415798e-16,2.5625425e-17
5611.5,3.5349398e-16,2.5702391e-17
5613.0,3.5209701e-16,2.5489235e-17
5614.5,3.09284e-16,2.4889367e-17
5616.0,3.2657901e-16,2.5429827e-17
5617.5,3.53145e-16,2.5603068e-17
5619.0,3.4500102e-16,2.5537307e-17
5620.5,3.2278099e-16,2.5463808e-17
5622.0,3.1911998e-16,2.541375e-17
5623.5,3.15297e-16,2.5411693e-17
5625.0,3.37181e-16,2.5630008e-17
5626.5,3.5037899e-16,2.5742259e-17
5628.0,3.3866598e-16,2.5603688e-17
5629.5,3.0922899e-16,2.5202219e-17
5631.0,3.0972599e-16,2.505157e-17
5632.5,3.1203802e-16,2.5052629e-17
5634.0,2.9709e-16,2.4892556e-17
5635.5,2.7720299e-16,2.4587576e-17
5637.0,2.5101501e-16,2.4239449e-17
5638.5,2.7505902e-16,2.4509131e-17
5640.0,2.9929398e-16,2.4827078e-17
5641.5,2.8365201e-16,2.4642852e-17
5643.0,2.6278702e-16,2.4470273e-17
5644.5,2.5206398e-16,2.4347005e-17
5646.0,2.6462098e-16,2.4492551e-17
5647.5,2.6903998e-16,2.4548983e-17
5649.0,2.7500902e-16,2.464534e-17
5650.5,3.0705101e-16,2.5022999e-17
5652.0,2.9175902e-16,2.4733988e-17
5653.5,2.7602898e-16,2.4513926e-17
5655.0,2.9679399e-16,2.4786648e-17
5656.5,2.9424501e-16,2.4770867e-17
5658.0,2.69578e-16,2.436672e-17
5659.5,2.6018102e-16,2.4202801e-17
5661.0,2.5228699e-16,2.4139541e-17
5662.5,2.72518e-16,2.452035e-17
5664.0,3.0003199e-16,2.4970619e-17
5665.5,2.8946999e-16,2.4836868e-17
5667.0,2.9611001e-16,2.5129266e-17
5668.5,3.0541398e-16,2.5423025e-17
5670.0,2.9013099e-16,2.5267855e-17
5671.5,2.8782402e-16,2.5319263e-17
5673.0,2.9122099e-16,2.5479069e-17
5674.5,2.7004099e-16,2.5020055e-17
5676.0,2.6689198e-16,2.4861951e-17
5677.5,2.9433e-16,2.5342552e-17
5679.0,3.0713298e-16,2.5626774e-17
5680.5,3.00514e-16,2.5947527e-17
5682.0,2.9698198e-16,2.6237172e-17
5683.5,3.3477302e-16,2.6828371e-17
5685.0,3.3502199e-16,2.7130655e-17
5686.5,3.1168099e-16,2.6910044e-17
5688.0,2.9624001e-16,2.6802239e-17
5689.5,2.9142698e-16,2.6877216e-17
5691.0,2.92082e-16,2.6625031e-17
5692.5,2.8702598e-16,2.621863e-17
5694.0,2.5740098e-16,2.5720025e-17
5695.5,2.7353701e-16,2.572685e-17
5697.0,3.2305199e-16,2.6218751e-17
5698.5,3.4161201e-16,2.6293983e-17
5700.0,2.88169e-16,2.5391215e-17
5701.5,2.6690598e-16,2.5106152e-17
5703.0,3.3409399e-16,2.6042766e-17
5704.5,3.8089002e-16,2.6260201e-17
5706.0,3.5563099e-16,2.5955841e-17
5707.5,3.3458601e-16,2.5652826e-17
5709.0,2.8509599e-16,2.4880396e-17
5710.5,3.18218e-16,2.5442367e-17
5712.0,3.7348899e-16,2.6197503e-17
5713.5,3.6001701e-16,2.5979339e-17
5715.0,3.20775e-16,2.5522694e-17
5716.5,3.48272e-16,2.5883972e-17
5718.0,3.4168899e-16,2.5831901e-17
5719.5,3.3665902e-16,2.5676171e-17
5721.0,3.5707301e-16,2.5971155e-17
5722.5,3.4652801e-16,2.5765679e-17
5724.0,3.43812e-16,2.5850494e-17
5725.5,3.7286801e-16,2.6292321e-17
5727.0,3.8465698e-16,2.6317274e-17
5728.5,3.50526e-16,2.584328e-17
5730.0,3.6526001e-16,2.6122463e-17
5731.5,3.7890801e-16,2.6258032e-17
5733.0,3.7077599e-16,2.6034758e-17
5734.5,3.55877e-16,2.5775127e-17
5736.0,3.54017e-16,2.5792448e-17
5737.5,3.8109e-16,2.6116535e-17
5739.0,4.0389901e-16,2.6437911e-17
5740.5,4.07323e-16,2.6547588e-17
5742.0,4.10032e-16,2.6591474e-17
5743.5,3.87197e-16,2.6279763e-17
5745.0,3.7992098e-16,2.6233745e-17
5746.5,3.5229302e-16,2.5764049e-17
5748.0,3.43387e-16,2.5457205e-17
5749.5,3.6637899e-16,2.5892156e-17
5751.0,4.0052599e-16,2.6407906e-17
5752.5,3.96362e-16,2.6241111e-17
5754.0,4.1953799e-16,2.661287e-17
5755.5,3.8145102e-16,2.6164785e-17
5757.0,4.0755099e-16,2.6464399e-17
5758.5,4.0517199e-16,2.632281e-17
5760.0,3.8620801e-16,2.594879e-17
5761.5,3.4428999e-16,2.5639794e-17
5763.0,3.2576998e-16,2.552091e-17
5764.5,3.9807502e-16,2.6630376e-17
5766.0,3.9315302e-16,2.6547849e-17
5767.5,3.1298701e-16,2.5771319e-17
5769.0,3.7678201e-16,2.6602622e-17
5770.5,3.9118001e-16,2.6868081e-17
5772.0,3.5216001e-16,2.611762e-17
5773.5,3.7837899e-16,2.6193283e-17
5775.0,3.5149601e-16,2.5868006e-17
5776.5,3.18567e-16,2.5363034e-17
5778.0,3.71306e-16,2.605343e-17
5779.5,3.55709e-16,2.5725854e-17
5781.0,3.6615802e-16,2.5932062e-17
5782.5,3.50941e-16,2.5759908e-17
5784.0,3.5426899e-16,2.5665868e-17
5785.5,3.4213998e-16,2.5652238e-17
5787.0,3.15169e-16,2.5335729e-17
5788.5,3.4065e-16,2.5820395e-17
5790.0,3.8618299e-16,2.6672951e-17
5791.5,3.9937003e-16,2.6988434e-17
5793.0,3.7599999e-16,2.6492433e-17
5794.5,3.6753202e-16,2.6152203e-17
5796.0,3.8651299e-16,2.6304612e-17
5797.5,3.5765799e-16,2.5923984e-17
5799.0,3.60486e-16,2.5839577e-17
5800.5,3.73287e-16,2.5869808e-17
5802.0,3.7309199e-16,2.5932395e-17
5803.5,3.9143499e-16,2.6303504e-17
5805.0,4.0548399e-16,2.6577349e-17
5806.5,4.06291e-16,2.655385e-17
5808.0,3.84094e-16,2.6195813e-17
5809.5,3.5823398e-16,2.6004269e-17
5811.0,3.43346e-16,2.5827098e-17
5812.5,3.6071899e-16,2.5939806e-17
5814.0,3.7334099e-16,2.6096373e-17
5815.5,3.68538e-16,2.6056456e-17
5817.0,3.67127e-16,2.6002765e-17
5818.5,4.3721101e-16,2.7017279e-17
5820.0,4.19178e-16,2.685833e-17
5821.5,3.7342101e-16,2.6303868e-17
5823.0,3.95313e-16,2.6557673e-17
5824.5,3.7562502e-16,2.629857e-17
5826.0,3.4370101e-16,2.6015633e-17
5827.5,3.5525102e-16,2.6053057e-17
5829.0,3.5102901e-16,2.6018734e-17
5830.5,4.04409e-16,2.659121e-17
5832.0,3.62919e-16,2.6256775e-17
5833.5,3.5883399e-16,2.6182644e-17
5835.0,3.5495998e-16,2.6025655e-17
5836.5,3.7012402e-16,2.626546e-17
5838.0,3.73745e-16,2.6129796e-17
5839.5,3.66574e-16,2.6091044e-17
5841.0,4.0866899e-16,2.6810884e-17
5842.5,3.3611501e-16,2.5779817e-17
5844.0,3.7845099e-16,2.6241041e-17
5845.5,3.7271501e-16,2.6223296e-17
5847.0,3.91242e-16,2.6440243e-17
5848.5,3.9696199e-16,2.6428636e-17
5850.0,3.5405702e-16,2.594513e-17
5851.5,3.9305802e-16,2.6517834e-17
5853.0,4.03739e-16,2.6567116e-17
5854.5,3.9656299e-16,2.6586432e-17
5856.0,3.6233401e-16,2.6194713e-17
5857.5,3.9226601e-16,2.6431045e-17
5859.0,3.9885302e-16,2.6518791e-17
5860.5,3.42188e-16,2.6007274e-17
5862.0,3.29722e-16,2.6093257e-17
5863.5,3.7018498e-16,2.7094332e-17
5865.0,4.1131899e-16,2.802301e-17
5866.5,4.1371501e-16,2.817402e-17
5868.0,3.74771e-16,2.7801717e-17
5869.5,3.5594601e-16,2.7329436e-17
5871.0,3.6891898e-16,2.7014921e-17
5872.5,3.7835299e-16,2.6811062e-17
5874.0,3.9849099e-16,2.6910544e-17
5875.5,4.0373299e-16,2.6891925e-17
5877.0,3.7696002e-16,2.6461765e-17
5878.5,3.7852298e-16,2.6346673e-17
5880.0,3.8922101e-16,2.6411068e-17
5881.5,3.7064298e-16,2.6141796e-17
5883.0,3.6271102e-16,2.6454618e-17
5884.5,3.96072e-16,2.8205685e-17
5886.0,3.6181301e-16,3.1363312e-17
5887.5,3.2539401e-16,3.587525e-17
5889.0,3.83321e-16,3.9342373e-17
5890.5,3.9555999e-16,4.0113766e-17
5892.0,3.5020302e-16,3.9316905e-17
5893.5,3.43247e-16,3.7721908e-17
5895.0,3.9331099e-16,3.6206147e-17
5896.5,3.7613401e-16,3.4844446e-17
5898.0,3.38439e-16,3.295823e-17
5899.5,3.43759e-16,2.9869797e-17
5901.0,3.6066499e-16,2.7297594e-17
5902.5,3.8795901e-16,2.6746144e-17
5904.0,3.8626502e-16,2.6833587e-17
5905.5,3.7965398e-16,2.6776667e-17
5907.0,3.9981498e-16,2.6972744e-17
5908.5,4.1455399e-16,2.7152588e-17
5910.0,4.01103e-16,2.6772386e-17
5911.5,3.8986301e-16,2.6618839e-17
5913.0,3.63486e-16,2.6734957e-17
5914.5,3.3564001e-16,2.6847282e-17
5916.0,3.4512601e-16,2.6963919e-17
5917.5,3.59699e-16,2.6880056e-17
5919.0,3.6839901e-16,2.6837536e-17
5920.5,3.97683e-16,2.7048103e-17
5922.0,3.9498801e-16,2.7155002e-17
5923.5,3.76165e-16,2.7020144e-17
5925.0,3.62173e-16,2.6690217e-17
5926.5,3.47798e-16,2.6499585e-17
5928.0,3.80548e-16,2.6946228e-17
5929.5,3.6537298e-16,2.7008623e-17
5931.0,3.36096e-16,2.6939089e-17
5932.5,3.7314099e-16,2.7573345e-17
5934.0,3.6987801e-16,2.7526264e-17
5935.5,2.9952898e-16,2.6175189e-17
5937.0,3.12949e-16,2.5938072e-17
5938.5,3.3709e-16,2.6118999e-17
5940.0,3.4676401e-16,2.6160056e-17
5941.5,3.7164399e-16,2.6467262e-17
5943.0,3.6528399e-16,2.6532131e-17
5944.5,3.4000098e-16,2.626374e-17
5946.0,3.7056101e-16,2.6666332e-17
5947.5,3.8625899e-16,2.6827329e-17
5949.0,3.49109e-16,2.6337214e-17
5950.5,3.3557502e-16,2.6366213e-17
5952.0,3.3377701e-16,2.6639939e-17
5953.5,3.6250001e-16,2.7172952e-17
5955.0,3.3717099e-16,2.6711786e-17
5956.5,3.09272e-16,2.6048481e-17
5958.0,3.0918198e-16,2.5580961e-17
5959.5,2.99559e-16,2.5299042e-17
5961.0,3.0953199e-16,2.5399203e-17
5962.5,3.1163901e-16,2.5487673e-17
5964.0,3.6248698e-16,2.6035876e-17
5965.5,3.55144e-16,2.5966525e-17
5967.0,3.0260901e-16,2.5414408e-17
5968.5,3.62472e-16,2.6484118e-17
5970.0,3.2537201e-16,2.5897822e-17
5971.5,3.2379902e-16,2.5715308e-17
5973.0,3.58532e-16,2.6262583e-17
5974.5,3.7452901e-16,2.6658734e-17
5976.0,3.6096799e-16,2.6618237e-17
5977.5,3.55229e-16,2.6557187e-17
5979.0,3.5114198e-16,2.6398406e-17
5980.5,3.3816401e-16,2.6023309e-17
5982.0,3.4636802e-16,2.5812249e-17
5983.5,2.7127501e-16,2.4562538e-17
5985.0,3.1621598e-16,2.5130538e-17
5986.5,3.6872599e-16,2.5876767e-17
5988.0,3.1751599e-16,2.5181505e-17
5989.5,3.0307601e-16,2.4966638e-17
5991.0,3.3195801e-16,2.5315433e-17
5992.5,3.24113e-16,2.522275e-17
5994.0,3.1013301e-16,2.5084644e-17
5995.5,3.21987e-16,2.5297804e-17
5997.0,3.11388e-16,2.5130359e-17
5998.5,3.1994301e-16,2.5346842e-17
6000.0,3.51928e-16,2.5811561e-17
6001.5,3.38031e-16,2.5497825e-17
6003.0,3.3706599e-16,2.5470974e-17
6004.5,3.2964598e-16,2.5429364e-17
6006.0,3.48124e-16,2.5574473e-17
6007.5,3.25465e-16,2.5207414e-17
6009.0,2.7369498e-16,2.4373015e-17
6010.5,3.07141e-16,2.4707658e-17
6012.0,3.41425e-16,2.5061781e-17
6013.5,3.63015e-16,2.527748e-17
6015.0,3.5803802e-16,2.499255e-17
6016.5,3.1537001e-16,2.4481232e-17
6018.0,3.2205799e-16,2.4643869e-17
6019.5,3.48535e-16,2.4914502e-17
6021.0,3.5233201e-16,2.5013524e-17
6022.5,3.295e-16,2.4707157e-17
6024.0,3.4686801e-16,2.4938663e-17
6025.5,3.5496398e-16,2.5052359e-17
6027.0,3.47978e-16,2.4916318e-17
6028.5,3.44564e-16,2.4822958e-17
6030.0,3.6697099e-16,2.5315035e-17
6031.5,3.258e-16,2.483673e-17
6033.0,3.2049098e-16,2.4593089e-17
6034.5,3.1280699e-16,2.4560421e-17
6036.0,3.3297101e-16,2.489458e-17
6037.5,3.4593299e-16,2.5004656e-17
6039.0,2.93901e-16,2.4104104e-17
6040.5,3.1357898e-16,2.4236646e-17
6042.0,3.8272601e-16,2.5211525e-17
6043.5,3.6434701e-16,2.4884384e-17
6045.0,3.5338e-16,2.4800829e-17
6046.5,3.46319e-16,2.4617347e-17
6048.0,2.8835699e-16,2.3998324e-17
6049.5,3.4223e-16,2.4661272e-17
6051.0,3.35154e-16,2.4460744e-17
6052.5,3.3574102e-16,2.4362662e-17
6054.0,3.3625599e-16,2.4373194e-17
6055.5,3.2145599e-16,2.4099293e-17
6057.0,3.30867e-16,2.4323646e-17
6058.5,3.5424199e-16,2.4625451e-17
6060.0,3.3244e-16,2.425385e-17
6061.5,3.3727301e-16,2.1431024e-17
6063.0,3.4210602e-16,2.3470429e-17
6064.5,3.4210602e-16,2.444432e-17
6066.0,3.2227798e-16,2.4170572e-17
6067.5,3.1885298e-16,2.4084231e-17
6069.0,3.3420302e-16,2.4213839e-17
6070.5,3.6144701e-16,2.4635399e-17
6072.0,3.53239e-16,2.4541092e-17
6073.5,3.5121001e-16,2.4410727e-17
6075.0,3.6962901e-16,2.4581171e-17
6076.5,3.5409201e-16,2.4430719e-17
6078.0,3.2837702e-16,2.4095913e-17
6079.5,3.4657999e-16,2.4221587e-17
6081.0,3.33322e-16,2.4048478e-17
6082.5,2.9157201e-16,2.3536758e-17
6084.0,2.99555e-16,2.3572158e-17
6085.5,3.41203e-16,2.4161503e-17
6087.0,3.5052802e-16,2.4346741e-17
6088.5,3.30133e-16,2.3991174e-17
6090.0,3.2590501e-16,2.3820388e-17
6091.5,3.1706802e-16,2.3732333e-17
6093.0,3.2683301e-16,2.3989142e-17
6094.5,3.43112e-16,2.4297458e-17
6096.0,3.35594e-16,2.4257365e-17
6097.5,3.2649999e-16,2.4044208e-17
6099.0,3.29451e-16,2.4023646e-17
6100.5,3.5086598e-16,2.4426399e-17
6102.0,3.42686e-16,2.4290575e-17
6103.5,3.4955999e-16,2.4296645e-17
6105.0,3.8275301e-16,2.4856032e-17
6106.5,3.70057e-16,2.470533e-17
6108.0,3.46378e-16,2.4423068e-17
6109.5,3.0758601e-16,2.3912102e-17
6111.0,2.93221e-16,2.3614671e-17
6112.5,3.38398e-16,2.4211652e-17
6114.0,3.60993e-16,2.4455402e-17
6115.5,3.4194897e-16,2.4055038e-17
6117.0,3.7021899e-16,2.4457807e-17
6118.5,3.5846e-16,2.4265779e-17
6120.0,3.3927701e-16,2.3780409e-17
6121.5,3.8142899e-16,2.4406349e-17
6123.0,3.62545e-16,2.4226958e-17
6124.5,3.40719e-16,2.3998604e-17
6126.0,3.5522698e-16,2.4219216e-17
6127.5,3.61667e-16,2.4211242e-17
6129.0,3.7522501e-16,2.4367887e-17
6130.5,3.8123201e-16,2.4435642e-17
6132.0,3.6331999e-16,2.4328201e-17
6133.5,3.3811199e-16,2.3929019e-17
6135.0,3.3522801e-16,2.3966049e-17
6136.5,3.47771e-16,2.429863e-17
6138.0,3.32228e-16,2.3990111e-17
6139.5,3.5325199e-16,2.437396e-17
6141.0,3.1917798e-16,2.398231e-17
6142.5,2.88979e-16,2.3596631e-17
6144.0,3.1893599e-16,2.4036659e-17
6145.5,3.3697199e-16,2.4219681e-17
6147.0,3.5522402e-16,2.4266538e-17
6148.5,3.6685402e-16,2.4314232e-17
6150.0,3.6148899e-16,2.424949e-17
6151.5,3.31328e-16,2.3919812e-17
6153.0,3.1379699e-16,2.3797824e-17
6154.5,3.4132299e-16,2.4041858e-17
6156.0,3.3752799e-16,2.3945126e-17
6157.5,3.1965398e-16,2.3706048e-17
6159.0,3.5114399e-16,2.4166003e-17
6160.5,3.4249401e-16,2.4025358e-17
6162.0,2.9955302e-16,2.3386163e-17
6163.5,3.36064e-16,2.3731818e-17
6165.0,3.8170402e-16,2.4402823e-17
6166.5,3.6588001e-16,2.4307177e-17
6168.0,3.36625e-16,2.4004414e-17
6169.5,3.1135899e-16,2.370806e-17
6171.0,3.1324898e-16,2.3838951e-17
6172.5,3.0514301e-16,2.3837198e-17
6174.0,3.04187e-16,2.3600901e-17
6175.5,3.3987901e-16,2.3823254e-17
6177.0,3.4559598e-16,2.3863275e-17
6178.5,3.3274202e-16,2.3688865e-17
6180.0,3.3994299e-16,2.3627764e-17
6181.5,3.3058399e-16,2.3614434e-17
6183.0,3.5322801e-16,2.3882909e-17
6184.5,3.6639699e-16,2.4111267e-17
6186.0,3.4303e-16,2.369583e-17
6187.5,2.9409799e-16,2.301022e-17
6189.0,3.5286302e-16,2.3840672e-17
6190.5,3.64874e-16,2.3997625e-17
6192.0,3.0032302e-16,2.3312407e-17
6193.5,3.37787e-16,2.3699367e-17
6195.0,3.1060902e-16,2.3174552e-17
6196.5,2.7868101e-16,2.2997999e-17
6198.0,2.9706801e-16,2.3136142e-17
6199.5,3.32503e-16,2.3835783e-17
6201.0,3.1181498e-16,2.3503825e-17
6202.5,3.1505901e-16,2.3600516e-17
6204.0,3.3681e-16,2.3951319e-17
6205.5,3.3207101e-16,2.3745732e-17
6207.0,2.9866601e-16,2.3080333e-17
6208.5,3.3336101e-16,2.3491946e-17
6210.0,3.37886e-16,2.3595008e-17
6211.5,3.27292e-16,2.3510592e-17
6213.0,3.1774001e-16,2.3350351e-17
6214.5,3.39158e-16,2.3630713e-17
6216.0,3.4863601e-16,2.3756119e-17
6217.5,3.0981e-16,2.3248329e-17
6219.0,3.1752099e-16,2.3517069e-17
6220.5,3.5070499e-16,2.412061e-17
6222.0,3.2852001e-16,2.3861563e-17
6223.5,3.2870998e-16,2.3783962e-17
6225.0,3.5189801e-16,2.3890487e-17
6226.5,3.45514e-16,2.3514689e-17
6228.0,3.2184203e-16,2.3163481e-17
6229.5,3.0872101e-16,2.3274293e-17
6231.0,3.2735401e-16,2.3879678e-17
6232.5,3.39185e-16,2.4677746e-17
6234.0,3.51412e-16,2.5639132e-17
6235.5,3.2277302e-16,2.5787508e-17
6237.0,3.2329e-16,2.5802626e-17
6238.5,3.48806e-16,2.5838362e-17
6240.0,3.4631403e-16,2.525317e-17
6241.5,3.1835799e-16,2.4354145e-17
6243.0,3.0617898e-16,2.410555e-17
6244.5,3.19164e-16,2.4000394e-17
6246.0,3.1070799e-16,2.3472274e-17
6247.5,2.94068e-16,2.2942912e-17
6249.0,3.15215e-16,2.3118908e-17
6250.5,3.0685899e-16,2.3008386e-17
6252.0,2.9877001e-16,2.2994254e-17
6253.5,2.9008801e-16,2.3053987e-17
6255.0,3.2893402e-16,2.4581144e-17
6256.5,3.1868e-16,2.4982375e-17
6258.0,2.8984999e-16,2.4684702e-17
6259.5,3.5844298e-16,2.5396195e-17
6261.0,3.2062e-16,2.4646089e-17
6262.5,3.3073301e-16,2.4494497e-17
6264.0,3.2725001e-16,2.4225988e-17
6265.5,2.93705e-16,2.3650742e-17
6267.0,3.3181102e-16,2.4086071e-17
6268.5,3.0602199e-16,2.3769391e-17
6270.0,2.9815001e-16,2.3539171e-17
6271.5,3.01866e-16,2.3285515e-17
6273.0,2.8573301e-16,2.3151312e-17
6274.5,2.7759999e-16,2.2800794e-17
6276.0,2.7517101e-16,2.3024091e-17
6277.5,2.4860401e-16,2.3243732e-17
6279.0,2.7279101e-16,2.320677e-17
6280.5,2.77096e-16,2.2900832e-17
6282.0,2.5963699e-16,2.2817264e-17
6283.5,2.5835402e-16,2.27992e-17
6285.0,2.68004e-16,2.3500368e-17
6286.5,2.8002798e-16,2.4088056e-17
6288.0,2.6822601e-16,2.3970329e-17
6289.5,2.59589e-16,2.3487966e-17
6291.0,2.90526e-16,2.3231693e-17
6292.5,2.8361699e-16,2.3074298e-17
6294.0,2.80923e-16,2.3612913e-17
6295.5,2.4792001e-16,2.3885785e-17
6297.0,2.5526802e-16,2.5406065e-17
6298.5,3.0144301e-16,2.7930985e-17
6300.0,2.6906999e-16,2.8565856e-17
6301.5,2.2459399e-16,2.7808172e-17
6303.0,2.18208e-16,2.6493214e-17
6304.5,2.51027e-16,2.5180102e-17
6306.0,2.9211001e-16,2.4784851e-17
6307.5,2.5745201e-16,2.4350773e-17
6309.0,2.18802e-16,2.3560383e-17
6310.5,2.2773698e-16,2.2681114e-17
6312.0,2.14231e-16,2.1432361e-17
6313.5,2.14982e-16,2.1362927e-17
6315.0,2.4779801e-16,2.1956922e-17
6316.5,2.5393997e-16,2.1921085e-17
6318.0,2.2656998e-16,2.1776868e-17
6319.5,2.10791e-16,2.1922532e-17
6321.0,1.94868e-16,2.1882695e-17
6322.5,1.87391e-16,2.1705197e-17
6324.0,2.06527e-16,2.1735361e-17
6325.5,1.9670699e-16,2.1528388e-17
6327.0,2.03003e-16,2.2185625e-17
6328.5,2.2738599e-16,2.3249356e-17
6330.0,1.66444e-16,2.2626353e-17
6331.5,1.62746e-16,2.2223243e-17
6333.0,2.37668e-16,2.2407755e-17
6334.5,1.9834e-16,2.1071895e-17
6336.0,1.61292e-16,2.0258074e-17
6337.5,1.4110901e-16,1.9776185e-17
6339.0,1.49718e-16,2.0025482e-17
6340.5,1.8664899e-16,2.0967542e-17
6342.0,1.40637e-16,2.0132616e-17
6343.5,1.48995e-16,1.9960922e-17
6345.0,1.6834299e-16,2.0335176e-17
6346.5,1.49913e-16,2.031447e-17
6348.0,1.44254e-16,2.058564e-17
6349.5,1.6505899e-16,2.0947806e-17
6351.0,1.75216e-16,2.0649248e-17
6352.5,1.5096e-16,2.043805e-17
6354.0,1.5751801e-16,2.1033997e-17
6355.5,1.47717e-16,2.1028545e-17
6357.0,1.47766e-16,2.0900299e-17
6358.5,1.39328e-16,2.0951141e-17
6360.0,1.35196e-16,2.1122499e-17
6361.5,1.5621801e-16,2.161623e-17
6363.0,1.79257e-16,2.2187646e-17
6364.5,1.671e-16,2.1962821e-17
6366.0,1.50254e-16,2.1369641e-17
6367.5,1.2804601e-16,2.0106191e-17
6369.0,1.65427e-16,1.9877583e-17
6370.5,1.80568e-16,1.9922362e-17
6372.0,1.46027e-16,1.9526725e-17
6373.5,1.50764e-16,1.9562292e-17
6375.0,1.4934701e-16,1.9533197e-17
6376.5,1.44751e-16,1.9671991e-17
6378.0,1.4392299e-16,1.9672356e-17
6379.5,1.4631601e-16,1.970149e-17
6381.0,1.58664e-16,2.0121293e-17
6382.5,1.4698299e-16,2.004622e-17
6384.0,1.57976e-16,2.0301665e-17
6385.5,1.7315801e-16,2.0562102e-17
6387.0,1.5636701e-16,2.0293237e-17
6388.5,1.5564e-16,2.0123609e-17
6390.0,1.3668e-16,1.9585234e-17
6391.5,1.38183e-16,1.9167442e-17
6393.0,1.38485e-16,1.9148931e-17
6394.5,1.2698699e-16,1.9095052e-17
6396.0,1.5075099e-16,1.9367446e-17
6397.5,1.79644e-16,1.960371e-17
6399.0,1.4431e-16,1.9006906e-17
6400.5,1.50227e-16,1.9424048e-17
6402.0,1.88297e-16,1.9993015e-17
6403.5,1.68954e-16,1.9783083e-17
6405.0,1.45477e-16,1.9203e-17
6406.5,1.6114201e-16,1.9505464e-17
6408.0,1.58232e-16,1.9314059e-17
6409.5,1.65587e-16,1.941488e-17
6411.0,1.77828e-16,1.9537403e-17
6412.5,1.54907e-16,1.956152e-17
6414.0,1.68615e-16,1.9845044e-17
6415.5,1.8976399e-16,2.0107206e-17
6417.0,1.65533e-16,1.9675238e-17
6418.5,1.6400699e-16,1.9757776e-17
6420.0,1.88139e-16,1.9966211e-17
6421.5,1.9295201e-16,2.0231632e-17
6423.0,1.88929e-16,1.990844e-17
6424.5,1.8407101e-16,1.9933615e-17
6426.0,2.1369099e-16,2.0342115e-17
6427.5,2.07363e-16,2.0156197e-17
6429.0,2.00106e-16,1.9893454e-17
6430.5,2.27451e-16,2.0470432e-17
6432.0,1.88197e-16,1.9944395e-17
6433.5,1.91601e-16,1.9936002e-17
6435.0,1.84898e-16,1.9758716e-17
6436.5,1.5092499e-16,1.920265e-17
6438.0,1.8459e-16,1.9618824e-17
6439.5,2.1331101e-16,2.0017345e-17
6441.0,1.9520099e-16,1.9782949e-17
6442.5,2.23017e-16,2.0331225e-17
6444.0,2.3129e-16,2.0528837e-17
6445.5,2.2543999e-16,2.0281363e-17
6447.0,2.17859e-16,2.0138752e-17
6448.5,2.26682e-16,2.0445852e-17
6450.0,2.1145201e-16,2.0172705e-17
6451.5,2.1598899e-16,2.0168585e-17
6453.0,2.2980801e-16,2.044361e-17
6454.5,2.2021e-16,2.0342747e-17
6456.0,2.0113801e-16,2.0011439e-17
6457.5,1.92138e-16,1.9832564e-17
6459.0,1.9630701e-16,2.0116976e-17
6460.5,2.01786e-16,2.0498594e-17
6462.0,2.4313099e-16,2.1540592e-17
6463.5,2.50344e-16,2.2182445e-17
6465.0,2.5429901e-16,2.2443998e-17
6466.5,2.6985699e-16,2.272435e-17
6468.0,2.4556901e-16,2.2528046e-17
6469.5,2.41211e-16,2.2188214e-17
6471.0,2.45037e-16,2.2024402e-17
6472.5,2.5548801e-16,2.1897929e-17
6474.0,2.7289001e-16,2.1689723e-17
6475.5,2.48991e-16,2.1010846e-17
6477.0,2.3094099e-16,2.0701713e-17
6478.5,2.29897e-16,2.0568889e-17
6480.0,2.5387499e-16,2.0906128e-17
6481.5,2.4979499e-16,2.0698972e-17
6483.0,2.51746e-16,2.0411194e-17
6484.5,2.5321902e-16,2.0496305e-17
6486.0,2.52193e-16,2.0448902e-17
6487.5,2.6453e-16,2.0548691e-17
6489.0,2.3047999e-16,2.0121779e-17
6490.5,2.5380998e-16,2.0505766e-17
6492.0,2.4696101e-16,2.0382001e-17
6493.5,2.4555001e-16,2.0482837e-17
6495.0,2.5143702e-16,2.1410542e-17
6496.5,2.34864e-16,2.2052569e-17
6498.0,2.33254e-16,2.2535563e-17
6499.5,2.47964e-16,2.2829591e-17
6501.0,2.6317401e-16,2.2713948e-17
6502.5,2.43888e-16,2.1901485e-17
6504.0,2.3259101e-16,2.1339245e-17
6505.5,2.2357599e-16,2.1002549e-17
6507.0,2.5667399e-16,2.1347244e-17
6508.5,2.7738198e-16,2.1343562e-17
6510.0,2.7930303e-16,2.1053406e-17
6511.5,2.6179999e-16,2.0874845e-17
6513.0,2.6367e-16,2.1046506e-17
6514.5,2.67171e-16,2.0917427e-17
6516.0,2.67452e-16,2.0803197e-17
6517.5,2.70347e-16,2.0795148e-17
6519.0,2.6264901e-16,2.0887297e-17
6520.5,2.63131e-16,2.118189e-17
6522.0,2.5222701e-16,2.107124e-17
6523.5,2.52062e-16,2.0928659e-17
6525.0,2.72192e-16,2.1119814e-17
6526.5,2.82451e-16,2.1218007e-17
6528.0,2.76507e-16,2.1124313e-17
6529.5,2.60598e-16,2.128753e-17
6531.0,2.5722e-16,2.1969875e-17
6532.5,2.54311e-16,2.2285686e-17
6534.0,2.6906801e-16,2.2439037e-17
6535.5,2.69818e-16,2.2091344e-17
6537.0,2.52763e-16,2.1246499e-17
6538.5,2.4123501e-16,2.0626048e-17
6540.0,2.5074899e-16,2.0742126e-17
6541.5,2.6748498e-16,2.1295107e-17
6543.0,2.65177e-16,2.1504064e-17
6544.5,2.60508e-16,2.1508584e-17
6546.0,2.5857899e-16,2.1340714e-17
6547.5,2.84147e-16,2.1285915e-17
6549.0,2.8471101e-16,2.1510274e-17
6550.5,2.8068599e-16,2.2079754e-17
6552.0,2.7997102e-16,2.2757717e-17
6553.5,2.25519e-16,2.2234265e-17
6555.0,2.4738201e-16,2.2219238e-17
6556.5,2.5392198e-16,2.1584555e-17
6558.0,2.2561702e-16,2.037376e-17
6559.5,2.3325299e-16,2.0317326e-17
6561.0,2.4568598e-16,2.0375468e-17
6562.5,2.6469801e-16,2.0659291e-17
6564.0,2.6591101e-16,2.0830422e-17
6565.5,2.6147198e-16,2.0804778e-17
6567.0,2.3950201e-16,2.0829813e-17
6568.5,2.5204598e-16,2.1041775e-17
6570.0,2.6691101e-16,2.1195302e-17
6571.5,2.9136102e-16,2.1435906e-17
6573.0,2.7307098e-16,2.1241975e-17
6574.5,2.2412698e-16,2.1011921e-17
6576.0,2.1341499e-16,2.1417702e-17
6577.5,2.52994e-16,2.2024924e-17
6579.0,2.6968603e-16,2.2234202e-17
6580.5,2.5466001e-16,2.1526452e-17
6582.0,2.4926599e-16,2.0832195e-17
6583.5,2.05996e-16,1.9851658e-17
6585.0,2.1991301e-16,1.993053e-17
6586.5,2.6118002e-16,2.0491104e-17
6588.0,2.62059e-16,2.0470284e-17
6589.5,2.5225499e-16,2.0377597e-17
6591.0,2.41587e-16,2.0307055e-17
6592.5,2.37944e-16,2.0282875e-17
6594.0,2.5023002e-16,2.0588289e-17
6595.5,2.4537398e-16,2.0584617e-17
6597.0,2.4002799e-16,2.0607022e-17
6598.5,2.5868299e-16,2.089412e-17
6600.0,2.83252e-16,2.1313049e-17
6601.5,2.7733299e-16,2.1382231e-17
6603.0,2.4039301e-16,2.1039652e-17
6604.5,2.5427201e-16,2.1366158e-17
6606.0,2.4965701e-16,2.112085e-17
6607.5,2.55663e-16,2.0869225e-17
6609.0,2.60064e-16,2.0556153e-17
6610.5,2.5864299e-16,2.0334877e-17
6612.0,2.9001098e-16,2.0755409e-17
6613.5,2.7148499e-16,2.0528467e-17
6615.0,2.30332e-16,1.9853358e-17
6616.5,2.21511e-16,1.9876639e-17
6618.0,2.2830698e-16,1.9857992e-17
6619.5,2.6968701e-16,2.0495801e-17
6621.0,2.6786901e-16,2.0415737e-17
6622.5,2.5008198e-16,2.0370082e-17
6624.0,2.52343e-16,2.0178443e-17
6625.5,2.3270301e-16,2.0148159e-17
6627.0,2.3384002e-16,2.0262712e-17
6628.5,2.4115499e-16,2.0306808e-17
6630.0,2.5600599e-16,2.0579935e-17
6631.5,2.46323e-16,2.0506858e-17
6633.0,2.6031101e-16,2.0889094e-17
6634.5,2.76567e-16,2.1210531e-17
6636.0,2.41138e-16,2.029712e-17
6637.5,2.08735e-16,1.9505016e-17
6639.0,2.1038599e-16,1.9569307e-17
6640.5,2.4115401e-16,1.9939059e-17
6642.0,2.3690299e-16,2.0038236e-17
6643.5,2.50854e-16,2.030289e-17
6645.0,2.40663e-16,2.002667e-17
6646.5,2.2709999e-16,1.9894982e-17
6648.0,2.32861e-16,1.9834373e-17
6649.5,2.087e-16,1.9608892e-17
6651.0,2.07413e-16,1.9626607e-17
6652.5,2.4338401e-16,2.0161688e-17
6654.0,2.3898601e-16,2.002197e-17
6655.5,2.2514599e-16,1.9789183e-17
6657.0,2.1829e-16,1.9835059e-17
6658.5,2.19697e-16,2.0299055e-17
6660.0,2.2110499e-16,2.0487998e-17
6661.5,2.2251301e-16,2.0927242e-17
6663.0,2.2392099e-16,2.7508087e-17
6664.5,2.25328e-16,3.9915772e-17
6666.0,2.26736e-16,5.0122065e-17
6667.5,2.2814401e-16,4.9201477e-17
6669.0,2.2955199e-16,3.4375413e-17
6670.5,2.3095899e-16,2.1321116e-17
6672.0,2.32367e-16,1.9876991e-17
6673.5,2.3377501e-16,2.0383911e-17
6675.0,2.3518301e-16,2.0204319e-17
6676.5,2.3659099e-16,2.0125778e-17
6678.0,2.3659099e-16,1.982722e-17
6679.5,2.1365901e-16,1.9584397e-17
6681.0,2.1998601e-16,1.960769e-17
6682.5,2.2981701e-16,1.9583915e-17
6684.0,2.2391901e-16,1.9589189e-17
6685.5,2.1769001e-16,1.9651488e-17
6687.0,2.28866e-16,1.9937035e-17
6688.5,2.50986e-16,2.0250918e-17
6690.0,2.44554e-16,2.0051263e-17
6691.5,2.5597103e-16,2.0076028e-17
6693.0,2.2742001e-16,1.9726863e-17
6694.5,1.57263e-16,1.8581116e-17
6696.0,1.93133e-16,1.9222049e-17
6697.5,2.4707501e-16,2.0276425e-17
6699.0,1.96684e-16,1.9403392e-17
6700.5,1.8632201e-16,1.918868e-17
6702.0,2.5248901e-16,2.030448e-17
6703.5,2.1630401e-16,1.9678472e-17
6705.0,2.4301399e-16,2.017008e-17
6706.5,2.3535001e-16,1.999531e-17
6708.0,1.96175e-16,1.9337848e-17
6709.5,2.1767e-16,1.9650299e-17
6711.0,2.3757e-16,1.9853947e-17
6712.5,2.36868e-16,1.9847136e-17
6714.0,2.22746e-16,1.9653252e-17
6715.5,2.09078e-16,1.9455976e-17
6717.0,2.2614001e-16,1.9708293e-17
6718.5,2.1770699e-16,1.9476752e-17
6720.0,2.0562301e-16,1.9216478e-17
6721.5,1.8996299e-16,1.9035129e-17
6723.0,1.9524001e-16,1.9146519e-17
6724.5,2.0718401e-16,1.929612e-17
6726.0,1.87169e-16,1.8925723e-17
6727.5,1.86492e-16,1.8902525e-17
6729.0,1.9881099e-16,1.9235434e-17
6730.5,2.0748001e-16,1.9475539e-17
6732.0,2.28346e-16,1.9792663e-17
6733.5,2.3186301e-16,1.992281e-17
6735.0,2.16232e-16,1.9554095e-17
6736.5,2.09784e-16,1.921308e-17
6738.0,2.2259899e-16,1.9485101e-17
6739.5,2.03349e-16,1.9302127e-17
6741.0,2.0048701e-16,1.9256114e-17
6742.5,2.1118e-16,1.9446316e-17
6744.0,1.9371e-16,1.9153062e-17
6745.5,1.98009e-16,1.9209465e-17
6747.0,2.0365099e-16,1.9352006e-17
6748.5,2.00886e-16,1.9275993e-17
6750.0,1.98239e-16,1.9086362e-17
6751.5,1.93633e-16,1.8973542e-17
6753.0,1.92474e-16,1.8911615e-17
6754.5,1.8451899e-16,1.8816888e-17
6756.0,2.1788301e-16,1.9485018e-17
6757.5,2.4551801e-16,1.9892684e-17
6759.0,2.0126501e-16,1.9096238e-17
6760.5,1.9159999e-16,1.9008367e-17
6762.0,2.1636901e-16,1.9457301e-17
6763.5,2.0312e-16,1.9223388e-17
6765.0,1.8501199e-16,1.888158e-17
6766.5,1.9649e-16,1.90138e-17
6768.0,1.9987599e-16,1.9143767e-17
6769.5,1.92163e-16,1.893156e-17
6771.0,1.98946e-16,1.902934e-17
6772.5,1.78047e-16,1.8576662e-17
6774.0,1.7628401e-16,1.8722648e-17
6775.5,1.9803501e-16,1.9033856e-17
6777.0,1.8846799e-16,1.8809381e-17
6778.5,1.9586401e-16,1.9018382e-17
6780.0,1.86334e-16,1.8875857e-17
6781.5,2.0908e-16,1.9261114e-17
6783.0,1.9621199e-16,1.9151163e-17
6784.5,1.9133299e-16,1.9057086e-17
6786.0,1.9585399e-16,1.9146768e-17
6787.5,1.8339699e-16,1.8907924e-17
6789.0,1.9313701e-16,1.9135487e-17
6790.5,1.95243e-16,1.8985957e-17
6792.0,1.78673e-16,1.8671067e-17
6793.5,1.8620599e-16,1.8865153e-17
6795.0,2.10788e-16,1.9266127e-17
6796.5,2.26075e-16,1.9548389e-17
6798.0,1.92343e-16,1.9047235e-17
6799.5,1.7550801e-16,1.8846071e-17
6801.0,1.92094e-16,1.9083007e-17
6802.5,1.85708e-16,1.8876936e-17
6804.0,1.9869e-16,1.9250499e-17
6805.5,1.93579e-16,1.9306985e-17
6807.0,1.9987201e-16,1.9431698e-17
6808.5,1.98469e-16,1.9387239e-17
6810.0,1.94709e-16,1.9250578e-17
6811.5,2.10731e-16,1.9441523e-17
6813.0,2.10467e-16,1.9360927e-17
6814.5,2.0094801e-16,1.9241923e-17
6816.0,1.87999e-16,1.9081196e-17
6817.5,1.96609e-16,1.9227392e-17
6819.0,2.23239e-16,1.9608618e-17
6820.5,2.1607501e-16,1.953019e-17
6822.0,2.0110201e-16,1.9470469e-17
6823.5,1.8425899e-16,1.9542922e-17
6825.0,2.18704e-16,2.1161888e-17
6826.5,2.17117e-16,2.2855036e-17
6828.0,2.1148799e-16,2.4034282e-17
6829.5,2.1419301e-16,2.470044e-17
6831.0,1.7598299e-16,2.436367e-17
6832.5,1.55913e-16,2.3858583e-17
6834.0,1.74588e-16,2.3446992e-17
6835.5,1.84661e-16,2.281416e-17
6837.0,1.8138599e-16,2.1782207e-17
6838.5,1.6732e-16,2.0436784e-17
6840.0,1.7437699e-16,2.0207593e-17
6841.5,1.8595e-16,2.034193e-17
6843.0,1.9584101e-16,2.0265822e-17
6844.5,1.67813e-16,1.9690368e-17
6846.0,1.3732e-16,1.8617541e-17
6847.5,1.5211501e-16,1.8758384e-17
6849.0,1.70753e-16,1.9202731e-17
6850.5,1.6969e-16,1.9252575e-17
6852.0,1.9876101e-16,1.9631239e-17
6853.5,1.90238e-16,1.9463393e-17
6855.0,1.7709599e-16,1.9089698e-17
6856.5,2.05247e-16,1.9814599e-17
6858.0,2.0163799e-16,1.9792817e-17
6859.5,1.9245601e-16,2.0743903e-17
6861.0,2.0128401e-16,2.2987995e-17
6862.5,1.64512e-16,2.4417398e-17
6864.0,1.7725401e-16,2.5260858e-17
6865.5,2.0499199e-16,2.6449595e-17
6867.0,1.84355e-16,2.6481097e-17
6868.5,1.72791e-16,2.6626857e-17
6870.0,2.0585201e-16,2.6631993e-17
6871.5,1.9464301e-16,2.5364796e-17
6873.0,2.00804e-16,2.4405982e-17
6874.5,1.7338599e-16,2.3482742e-17
6876.0,1.6321101e-16,2.2526829e-17
6877.5,1.77604e-16,2.2127351e-17
6879.0,1.9261099e-16,2.2087725e-17
6880.5,1.99837e-16,2.2056697e-17
6882.0,2.24568e-16,2.1873611e-17
6883.5,2.06716e-16,2.1154665e-17
6885.0,1.7959e-16,2.0794479e-17
6886.5,1.89252e-16,2.1585013e-17
6888.0,2.0103e-16,2.2816255e-17
6889.5,2.28056e-16,2.3826158e-17
6891.0,2.0780601e-16,2.3923728e-17
6892.5,1.6691201e-16,2.2488523e-17
6894.0,1.5243601e-16,2.0834979e-17
6895.5,1.5478501e-16,2.0651762e-17
6897.0,1.7996601e-16,2.1930676e-17
6898.5,1.58449e-16,2.2111727e-17
6900.0,1.6827499e-16,2.2720065e-17
6901.5,1.73349e-16,2.2767874e-17
6903.0,1.92807e-16,2.2490631e-17
6904.5,2.13766e-16,2.1950152e-17
6906.0,2.0179599e-16,2.1204304e-17
6907.5,1.8533499e-16,2.0762858e-17
6909.0,1.88483e-16,2.1402893e-17
6910.5,1.78666e-16,2.1901861e-17
6912.0,1.73447e-16,2.1963097e-17
6913.5,1.8596099e-16,2.2312022e-17
6915.0,2.01098e-16,2.2148857e-17
6916.5,1.64632e-16,2.020256e-17
6918.0,1.91341e-16,2.0474619e-17
6919.5,1.5040199e-16,2.05237e-17
6921.0,1.69487e-16,2.2265057e-17
6922.5,1.56341e-16,2.3173203e-17
6924.0,1.49077e-16,2.3089425e-17
6925.5,1.97826e-16,2.309268e-17
6927.0,2.0346101e-16,2.1562828e-17
6928.5,1.55094e-16,1.9453046e-17
6930.0,1.66908e-16,1.9634625e-17
6931.5,1.79574e-16,1.9824109e-17
6933.0,1.52227e-16,1.8889624e-17
6934.5,1.48915e-16,1.8740904e-17
6936.0,1.65553e-16,1.9573732e-17
6937.5,1.94495e-16,2.1113565e-17
6939.0,2.24316e-16,2.2390009e-17
6940.5,1.9129499e-16,2.1865219e-17
6942.0,1.62733e-16,2.0818383e-17
6943.5,1.76326e-16,2.05594e-17
6945.0,1.7893001e-16,2.0973163e-17
6946.5,2.0012499e-16,2.2634507e-17
6948.0,1.94479e-16,2.3647176e-17
6949.5,1.64031e-16,2.3348236e-17
6951.0,1.50998e-16,2.2877785e-17
6952.5,1.72109e-16,2.1873533e-17
6954.0,1.81105e-16,2.022895e-17
6955.5,1.68242e-16,1.9273014e-17
6957.0,1.87526e-16,1.9720953e-17
6958.5,1.8511e-16,1.9487381e-17
6960.0,1.6303199e-16,1.8756602e-17
6961.5,1.59245e-16,1.8647166e-17
6963.0,1.5289199e-16,1.8577223e-17
6964.5,1.53519e-16,1.8788683e-17
6966.0,1.4823499e-16,1.9156156e-17
6967.5,1.58042e-16,1.9948443e-17
6969.0,1.61937e-16,2.0407465e-17
6970.5,1.49868e-16,2.0037821e-17
6972.0,1.5747499e-16,1.9909389e-17
6973.5,1.59125e-16,1.9815736e-17
6975.0,1.6174101e-16,2.0342167e-17
6976.5,1.9606499e-16,2.1766931e-17
6978.0,1.71212e-16,2.2146032e-17
6979.5,1.5989099e-16,2.2075921e-17
6981.0,1.86433e-16,2.1532414e-17
6982.5,1.4677701e-16,1.9539513e-17
6984.0,1.63559e-16,1.9064795e-17
6985.5,1.6175001e-16,1.903628e-17
6987.0,1.57977e-16,1.8838452e-17
6988.5,1.6019601e-16,1.8864778e-17
6990.0,1.46011e-16,1.8594558e-17
6991.5,1.4289201e-16,1.8363499e-17
6993.0,1.2654001e-16,1.8140852e-17
6994.5,1.7356101e-16,1.9009207e-17
6996.0,1.6297599e-16,1.8835826e-17
6997.5,1.3858501e-16,1.8370147e-17
6999.0,1.55343e-16,1.8812738e-17
7000.5,1.3649601e-16,1.8769084e-17
7002.0,1.28572e-16,1.8672304e-17
7003.5,1.60862e-16,1.9398376e-17
7005.0,1.79063e-16,1.9978068e-17
7006.5,1.5273901e-16,1.9302622e-17
7008.0,1.67308e-16,1.9491555e-17
7009.5,1.6949401e-16,1.9856259e-17
7011.0,1.6384199e-16,1.9858631e-17
7012.5,1.6307101e-16,1.991496e-17
7014.0,1.5211501e-16,1.9480206e-17
7015.5,1.45365e-16,1.8816469e-17
7017.0,1.3376801e-16,1.8159932e-17
7018.5,1.43338e-16,1.8184205e-17
7020.0,1.38347e-16,1.8128962e-17
7021.5,1.27945e-16,1.7938633e-17
7023.0,1.17966e-16,1.7736898e-17
7024.5,1.32343e-16,1.8004029e-17
7026.0,1.5104499e-16,1.8496994e-17
7027.5,1.3447099e-16,1.8333248e-17
7029.0,1.3998299e-16,1.8460537e-17
7030.5,1.56751e-16,1.8509965e-17
7032.0,1.4547201e-16,1.8133357e-17
7033.5,1.3670801e-16,1.8061173e-17
7035.0,1.1328499e-16,1.7786921e-17
7036.5,1.18192e-16,1.7728197e-17
7038.0,1.54201e-16,1.8367194e-17
7039.5,1.5762199e-16,1.8656708e-17
7041.0,1.74709e-16,1.8978103e-17
7042.5,1.79962e-16,1.9305525e-17
7044.0,1.38498e-16,1.87624e-17
7045.5,1.44173e-16,1.9030097e-17
7047.0,1.6337299e-16,1.9676742e-17
7048.5,1.54269e-16,1.9767212e-17
7050.0,1.6781e-16,1.9889102e-17
7051.5,1.59061e-16,1.9498081e-17
7053.0,1.65917e-16,1.9505802e-17
7054.5,1.40156e-16,1.8717884e-17
7056.0,1.2133699e-16,1.796702e-17
7057.5,1.4187799e-16,1.8314471e-17
7059.0,1.4612799e-16,1.8401974e-17
7060.5,1.2153e-16,1.7840452e-17
7062.0,1.20458e-16,1.7972122e-17
7063.5,1.4702099e-16,1.8470513e-17
7065.0,1.65499e-16,1.8958721e-17
7066.5,1.7756701e-16,1.9258225e-17
7068.0,1.6565799e-16,1.9087634e-17
7069.5,1.63524e-16,1.8801404e-17
7071.0,1.61692e-16,1.8708555e-17
7072.5,1.84278e-16,1.9085628e-17
7074.0,1.5444501e-16,1.847857e-17
7075.5,1.7274199e-16,1.8859957e-17
7077.0,1.61857e-16,1.8798646e-17
7078.5,1.77812e-16,1.9211206e-17
7080.0,1.41902e-16,1.8507215e-17
7081.5,1.2097299e-16,1.8269546e-17
7083.0,1.26925e-16,1.8464401e-17
7084.5,1.6780699e-16,1.9121022e-17
7086.0,1.5682399e-16,1.8870114e-17
7087.5,1.24914e-16,1.8443714e-17
7089.0,1.39236e-16,1.8837607e-17
7090.5,1.6150101e-16,1.9158665e-17
7092.0,1.4513301e-16,1.8731574e-17
7093.5,1.3953801e-16,1.827777e-17
7095.0,1.5369601e-16,1.8429557e-17
7096.5,1.3774601e-16,1.8211774e-17
7098.0,1.2690499e-16,1.7808631e-17
7099.5,1.34619e-16,1.7874679e-17
7101.0,1.5189201e-16,1.8365906e-17
7102.5,1.41002e-16,1.8304065e-17
7104.0,1.29144e-16,1.8120345e-17
7105.5,1.19588e-16,1.7865972e-17
7107.0,1.24556e-16,1.7910522e-17
7108.5,1.22779e-16,1.770946e-17
7110.0,1.45379e-16,1.8205504e-17
7111.5,1.5047e-16,1.8240974e-17
7113.0,1.3825301e-16,1.7984167e-17
7114.5,1.51555e-16,1.8241741e-17
7116.0,1.2239799e-16,1.7806838e-17
7117.5,1.37361e-16,1.7913896e-17
7119.0,1.41916e-16,1.9193964e-17
7120.5,1.4647201e-16,2.3655156e-17
7122.0,1.5102699e-16,2.9505341e-17
7123.5,1.5558199e-16,2.3241161e-17
7125.0,1.5558199e-16,1.8540687e-17
7126.5,1.55368e-16,1.8738306e-17
7128.0,1.91898e-16,1.9819297e-17
7129.5,1.96236e-16,1.9846506e-17
7131.0,1.52894e-16,1.9778057e-17
7132.5,1.58876e-16,1.8984728e-17
7134.0,1.56386e-16,1.8877282e-17
7135.5,1.6343e-16,1.8974228e-17
7137.0,1.40601e-16,1.8476402e-17
7138.5,1.20692e-16,1.7777778e-17
7140.0,1.60878e-16,1.8751259e-17
7141.5,1.5836599e-16,1.9040452e-17
7143.0,1.23014e-16,1.8402275e-17
7144.5,1.1831301e-16,1.8747375e-17
7146.0,1.33916e-16,1.8988032e-17
7147.5,1.4579799e-16,1.8881574e-17
7149.0,1.63856e-16,1.9045259e-17
7150.5,1.4075201e-16,1.8363907e-17
7152.0,1.05758e-16,1.77614e-17
7153.5,1.5057901e-16,1.8852379e-17
7155.0,1.47934e-16,1.8915065e-17
7156.5,1.2438599e-16,1.8160257e-17
7158.0,1.4988101e-16,1.8697495e-17
7159.5,1.26248e-16,1.8316665e-17
7161.0,1.10789e-16,1.7783897e-17
7162.5,1.35992e-16,1.8468972e-17
7164.0,1.63753e-16,1.9211313e-17
7165.5,1.4946001e-16,1.8771509e-17
7167.0,1.29136e-16,1.8439332e-17
7168.5,1.12183e-16,1.8421668e-17
7170.0,1.27732e-16,1.8815231e-17
7171.5,1.13554e-16,1.8915645e-17
7173.0,1.1855299e-16,1.9056516e-17
7174.5,1.3337301e-16,1.904544e-17
7176.0,1.31358e-16,1.9310389e-17
7177.5,1.47534e-16,1.9868305e-17
7179.0,1.32224e-16,1.9112133e-17
7180.5,1.12904e-16,1.8291491e-17
7182.0,1.10221e-16,1.8483916e-17
7183.5,1.31217e-16,1.916636e-17
7185.0,1.28942e-16,1.9083312e-17
7186.5,1.05998e-16,1.8808027e-17
7188.0,1.3687501e-16,1.9504399e-17
7189.5,1.3038599e-16,1.5761524e-17
7191.0,1.23897e-16,1.6354264e-17
7192.5,1.23897e-16,1.8996385e-17
7194.0,1.60263e-16,1.9605281e-17
7195.5,1.3330399e-16,1.9042459e-17
7197.0,1.35418e-16,1.9233005e-17
7198.5,1.2306701e-16,1.880903e-17
7200.0,1.06287e-16,1.8973221e-17
7201.5,1.587e-16,1.9862069e-17
7203.0,1.38786e-16,1.921545e-17
7204.5,1.18542e-16,1.8438367e-17
7206.0,1.22313e-16,1.8491903e-17
7207.5,1.39681e-16,1.8985001e-17
7209.0,1.5068699e-16,1.8908128e-17
7210.5,1.35618e-16,1.8292073e-17
7212.0,1.18043e-16,1.7682837e-17
7213.5,1.32464e-16,1.8032669e-17
7215.0,1.31911e-16,1.8049387e-17
7216.5,1.37291e-16,1.8323637e-17
7218.0,1.52085e-16,1.8838538e-17
7219.5,1.29768e-16,1.8328047e-17
7221.0,1.25263e-16,1.8126127e-17
7222.5,1.1998001e-16,1.840184e-17
7224.0,1.30473e-16,1.8518449e-17
7225.5,9.6980998e-17,1.7851283e-17
7227.0,1.3314099e-16,1.8418496e-17
7228.5,1.51998e-16,1.8865352e-17
7230.0,1.42506e-16,1.8828181e-17
7231.5,1.63024e-16,1.9376064e-17
7233.0,1.3185001e-16,1.9216069e-17
7234.5,1.5418901e-16,2.0786674e-17
7236.0,1.5220401e-16,2.3039534e-17
7237.5,1.61116e-16,2.5867637e-17
7239.0,1.66281e-16,2.8593948e-17
7240.5,1.31695e-16,3.0332977e-17
7242.0,1.46971e-16,3.1934436e-17
7243.5,1.55436e-16,3.2176083e-17
7245.0,1.6134299e-16,3.0436795e-17
7246.5,1.7222901e-16,2.8066088e-17
7248.0,1.63251e-16,2.5212652e-17
7249.5,1.53199e-16,2.2382782e-17
7251.0,1.67188e-16,2.1826764e-17
7252.5,1.80926e-16,2.2614188e-17
7254.0,1.3677799e-16,2.1897662e-17
7255.5,1.3462199e-16,2.0905091e-17
7257.0,1.7609e-16,2.0533186e-17
7258.5,1.6463e-16,1.9541732e-17
7260.0,1.5018099e-16,1.8943336e-17
7261.5,1.35139e-16,1.8810954e-17
7263.0,1.2682199e-16,1.8854516e-17
7264.5,1.4215199e-16,1.928905e-17
7266.0,1.40271e-16,1.9530294e-17
7267.5,1.48249e-16,1.9747513e-17
7269.0,1.3931101e-16,1.9550002e-17
7270.5,1.21539e-16,1.9657298e-17
7272.0,1.51483e-16,2.2162475e-17
7273.5,2.20929e-16,2.7575033e-17
7275.0,2.1379399e-16,3.102582e-17
7276.5,2.0953099e-16,3.1697697e-17
7278.0,2.2661699e-16,3.0937116e-17
7279.5,2.1354901e-16,2.7463902e-17
7281.0,1.882e-16,2.4323373e-17
7282.5,1.38026e-16,2.3487882e-17
7284.0,1.09972e-16,2.3695519e-17
7285.5,1.39977e-16,2.3817141e-17
7287.0,1.48574e-16,2.3042299e-17
7288.5,1.18348e-16,2.1121735e-17
7290.0,1.53969e-16,2.0505344e-17
7291.5,1.7250199e-16,2.0729315e-17
7293.0,1.4797901e-16,2.0393854e-17
7294.5,1.30752e-16,2.0114357e-17
7296.0,1.25651e-16,2.0359134e-17
7297.5,1.2666699e-16,2.0236078e-17
7299.0,1.4155801e-16,2.0112234e-17
7300.5,1.47296e-16,2.0481801e-17
7302.0,1.3466799e-16,2.1022904e-17
7303.5,1.33049e-16,2.1564001e-17
7305.0,1.3081e-16,2.1659335e-17
7306.5,1.2026499e-16,2.0826236e-17
7308.0,1.29433e-16,1.996087e-17
7309.5,1.4533301e-16,1.9999408e-17
7311.0,1.37216e-16,2.0299075e-17
7312.5,1.40891e-16,2.2169473e-17
7314.0,1.55604e-16,2.5563983e-17
7315.5,1.4815501e-16,2.7802158e-17
7317.0,1.3051499e-16,2.8011396e-17
7318.5,1.31537e-16,2.6715225e-17
7320.0,1.39513e-16,2.3417124e-17
7321.5,1.25196e-16,1.9538678e-17
7323.0,9.54749e-17,1.7871893e-17
7324.5,1.06425e-16,1.8839485e-17
7326.0,1.53776e-16,2.1189332e-17
7327.5,1.7614799e-16,2.2970931e-17
7329.0,1.83129e-16,2.3684926e-17
7330.5,1.6542201e-16,2.3588925e-17
7332.0,1.70247e-16,2.2798295e-17
7333.5,1.6994e-16,2.1169783e-17
7335.0,1.34889e-16,1.9975475e-17
7336.5,1.14001e-16,2.0803954e-17
7338.0,1.40683e-16,2.4749515e-17
7339.5,1.96152e-16,2.8572696e-17
7341.0,1.68539e-16,2.9652255e-17
7342.5,1.4573901e-16,2.881733e-17
7344.0,1.61305e-16,2.5660079e-17
7345.5,1.1699199e-16,2.1236204e-17
7347.0,1.42827e-16,1.9726485e-17
7348.5,1.41139e-16,1.9158893e-17
7350.0,1.53511e-16,1.9153322e-17
7351.5,1.43689e-16,1.8932187e-17
7353.0,1.3942199e-16,1.8970085e-17
7354.5,1.42642e-16,1.9700639e-17
7356.0,1.35162e-16,2.1183631e-17
7357.5,1.12499e-16,2.2094187e-17
7359.0,1.10581e-16,2.2251634e-17
7360.5,1.1435701e-16,2.2024184e-17
7362.0,1.2251801e-16,2.095406e-17
7363.5,1.3272899e-16,1.9827158e-17
7365.0,1.22969e-16,2.047222e-17
7366.5,1.48224e-16,2.3945866e-17
7368.0,1.4873999e-16,2.6826041e-17
7369.5,1.2204701e-16,2.6910875e-17
7371.0,1.4000801e-16,2.6573683e-17
7372.5,1.05469e-16,2.3670891e-17
7374.0,1.03499e-16,2.0515075e-17
7375.5,1.26615e-16,1.9056552e-17
7377.0,1.06123e-16,1.8248086e-17
7378.5,1.07437e-16,1.8161673e-17
7380.0,1.13243e-16,1.8048135e-17
7381.5,1.2830301e-16,1.8127479e-17
7383.0,1.44034e-16,1.8446177e-17
7384.5,1.44714e-16,1.8727268e-17
7386.0,1.35918e-16,1.8722667e-17
7387.5,1.3884699e-16,1.8983825e-17
7389.0,1.4875001e-16,2.043558e-17
7390.5,1.36144e-16,2.145168e-17
7392.0,1.2413501e-16,2.1856693e-17
7393.5,1.06005e-16,2.1588208e-17
7395.0,1.0441701e-16,2.0377846e-17
7396.5,1.4350501e-16,1.9998883e-17
7398.0,1.4751201e-16,2.0705361e-17
7399.5,1.17756e-16,2.2460897e-17
7401.0,1.16432e-16,2.3951196e-17
7402.5,1.3864399e-16,2.4482894e-17
7404.0,1.36096e-16,2.3903354e-17
7405.5,1.28698e-16,2.1647994e-17
7407.0,1.1461e-16,1.9131576e-17
7408.5,1.198e-16,1.8645748e-17
7410.0,1.20689e-16,1.8250814e-17
7411.5,1.3027101e-16,1.8167045e-17
7413.0,1.4126e-16,1.8402735e-17
7414.5,1.2318e-16,1.8389736e-17
7416.0,1.36847e-16,1.8318349e-17
7417.5,1.37768e-16,1.8289396e-17
7419.0,1.3171201e-16,1.8087301e-17
7420.5,1.16482e-16,1.7906123e-17
7422.0,1.25199e-16,1.7978953e-17
7423.5,1.2182799e-16,1.8027375e-17
7425.0,1.34156e-16,1.8311976e-17
7426.5,1.27958e-16,1.8744583e-17
7428.0,1.46507e-16,1.9898278e-17
7429.5,1.5727e-16,2.0307272e-17
7431.0,1.49105e-16,2.0332194e-17
7432.5,1.14268e-16,1.9620582e-17
7434.0,1.4921e-16,1.9789173e-17
7435.5,1.49279e-16,2.0491153e-17
7437.0,1.6922701e-16,2.1841457e-17
7438.5,1.58827e-16,2.2026547e-17
7440.0,1.19271e-16,2.1388191e-17
7441.5,1.14384e-16,2.0429566e-17
7443.0,9.7949997e-17,1.8493477e-17
7444.5,1.33707e-16,1.8286999e-17
7446.0,1.5136599e-16,1.8429136e-17
7447.5,1.39224e-16,1.8181025e-17
7449.0,1.23977e-16,1.7806479e-17
7450.5,1.23505e-16,1.7788401e-17
7452.0,1.12135e-16,1.7507525e-17
7453.5,1.2376401e-16,1.780893e-17
7455.0,1.45496e-16,1.8286961e-17
7456.5,1.19287e-16,1.7830347e-17
7458.0,1.08926e-16,1.7774797e-17
7459.5,1.18398e-16,1.8351429e-17
7461.0,1.4800299e-16,1.926225e-17
7462.5,1.50829e-16,1.9672773e-17
7464.0,1.20105e-16,1.9492639e-17
7465.5,1.21377e-16,1.9719491e-17
7467.0,1.3029601e-16,2.0017177e-17
7468.5,1.1168e-16,2.0079381e-17
7470.0,1.16348e-16,2.0740995e-17
7471.5,1.1536599e-16,2.1214844e-17
7473.0,1.17586e-16,2.1544857e-17
7474.5,1.37238e-16,2.1494718e-17
7476.0,1.4230999e-16,2.1378346e-17
7477.5,1.31561e-16,2.1332544e-17
7479.0,1.1785399e-16,2.1275936e-17
7480.5,1.03119e-16,2.1603853e-17
7482.0,1.2785199e-16,2.2250298e-17
7483.5,1.2808401e-16,2.1560281e-17
7485.0,1.14057e-16,2.0609342e-17
7486.5,1.3070501e-16,2.0032914e-17
7488.0,1.31971e-16,1.8827307e-17
7489.5,1.28759e-16,1.8593264e-17
7491.0,1.3645201e-16,1.8901705e-17
7492.5,1.33307e-16,1.9035441e-17
7494.0,1.1680001e-16,1.8679345e-17
7495.5,1.11052e-16,1.8433982e-17
7497.0,1.3188e-16,1.8634907e-17
7498.5,1.40959e-16,1.8263721e-17
7500.0,1.16525e-16,1.7836855e-17
7501.5,1.22613e-16,1.7930079e-17
7503.0,1.15085e-16,1.7764486e-17
7504.5,1.23201e-16,1.7861689e-17
7506.0,1.1946901e-16,1.7712439e-17
7507.5,1.01199e-16,1.7443769e-17
7509.0,1.05307e-16,1.7429781e-17
7510.5,8.9651006e-17,1.7050478e-17
7512.0,8.3972001e-17,1.7002559e-17
7513.5,1.00934e-16,1.7367483e-17
7515.0,1.1345701e-16,1.7852465e-17
7516.5,9.0302996e-17,1.7934396e-17
7518.0,1.11425e-16,1.8727855e-17
7519.5,1.3720999e-16,1.9944659e-17
7521.0,1.2909899e-16,2.1847564e-17
7522.5,1.05876e-16,2.3709336e-17
7524.0,8.2817799e-17,2.4317758e-17
7525.5,1.26577e-16,2.4797892e-17
7527.0,1.1778401e-16,2.347937e-17
7528.5,1.16622e-16,2.1585397e-17
7530.0,1.2977099e-16,2.0739083e-17
7531.5,1.12981e-16,2.0164768e-17
7533.0,1.12277e-16,1.9565562e-17
7534.5,1.04252e-16,1.8613605e-17
7536.0,1.02213e-16,1.8071653e-17
7537.5,1.11259e-16,1.8174341e-17
7539.0,1.0048499e-16,1.8208527e-17
7540.5,8.9972501e-17,1.8075975e-17
