3720.0,1.2276e-15,1.8521748e-16
3721.5,1.06504e-15,1.8125841e-16
3723.0,1.30915e-15,1.8239232e-16
3724.5,1.4034701e-15,1.8296705e-16
3726.0,1.1353299e-15,1.7888506e-16
3727.5,1.12279e-15,1.7492036e-16
3729.0,1.14614e-15,1.7310361e-16
3730.5,1.05641e-15,1.7378955e-16
3732.0,8.9951596e-16,1.7161756e-16
3733.5,9.49509e-16,1.6999398e-16
3735.0,1.3205301e-15,1.7260367e-16
3736.5,7.077e-16,1.6401846e-16
3738.0,5.8949999e-16,1.6145774e-16
3739.5,1.0440001e-15,1.6609793e-16
3741.0,1.08727e-15,1.6404537e-16
3742.5,1.03923e-15,1.6365193e-16
3744.0,9.3050804e-16,1.6105894e-16
3745.5,1.01807e-15,1.6117091e-16
3747.0,9.1508103e-16,1.5693772e-16
3748.5,8.0288898e-16,1.529542e-16
3750.0,8.0568599e-16,1.5273111e-16
3751.5,9.1882407e-16,1.5502833e-16
3753.0,8.8336701e-16,1.5307972e-16
3754.5,9.1533101e-16,1.508394e-16
3756.0,6.9120901e-16,1.4711406e-16
3757.5,8.1488302e-16,1.4680328e-16
3759.0,8.2968402e-16,1.4689998e-16
3760.5,8.3039097e-16,1.4670507e-16
3762.0,7.5103097e-16,1.4371578e-16
3763.5,8.5588201e-16,1.4458391e-16
3765.0,8.3262698e-16,1.4259563e-16
3766.5,7.0474899e-16,1.3981476e-16
3768.0,6.6851901e-16,1.3895677e-16
3769.5,7.9292501e-16,1.3921341e-16
3771.0,7.7963199e-16,1.3802335e-16
3772.5,7.1556904e-16,1.3742321e-16
3774.0,7.5473897e-16,1.3658278e-16
3775.5,7.6425602e-16,1.3639955e-16
3777.0,7.2370304e-16,1.3619343e-16
3778.5,7.88662e-16,1.3638004e-16
3780.0,8.7319499e-16,1.3676553e-16
3781.5,7.3871199e-16,1.3365621e-16
3783.0,6.4890898e-16,1.3111118e-16
3784.5,7.4093503e-16,1.3212037e-16
3786.0,7.3462998e-16,1.3244542e-16
3787.5,7.2832398e-16,1.4536232e-16
3789.0,7.2201904e-16,2.164055e-16
3790.5,7.1571304e-16,2.6996548e-16
3792.0,7.0940799e-16,2.3362413e-16
3793.5,7.0310299e-16,1.588696e-16
3795.0,6.9679699e-16,1.2931057e-16
3796.5,6.9049199e-16,1.2752235e-16
3798.0,6.9049199e-16,1.2505426e-16
3799.5,5.98358e-16,1.2232142e-16
3801.0,7.20131e-16,1.2359817e-16
3802.5,7.4015497e-16,1.2367218e-16
3804.0,6.7362397e-16,1.2183996e-16
3805.5,7.5814002e-16,1.2121219e-16
3807.0,9.6171697e-16,1.2521808e-16
3808.5,9.1831596e-16,1.2486797e-16
3810.0,7.70486e-16,1.2091225e-16
3811.5,7.21923e-16,1.1956987e-16
3813.0,8.9034598e-16,1.2248125e-16
3814.5,8.3057399e-16,1.2208787e-16
3816.0,6.9577303e-16,1.1962307e-16
3817.5,5.6237397e-16,1.1599936e-16
3819.0,8.4421699e-16,1.1947133e-16
3820.5,8.0489899e-16,1.1829586e-16
3822.0,6.8634e-16,1.1594818e-16
3823.5,8.0170604e-16,1.170744e-16
3825.0,7.7344299e-16,1.1574053e-16
3826.5,5.7984196e-16,1.1272815e-16
3828.0,6.2120401e-16,1.1327908e-16
3829.5,8.7741099e-16,1.1724989e-16
3831.0,1.00724e-15,1.1954885e-16
3832.5,9.12768e-16,1.1794568e-16
3834.0,8.9560097e-16,1.1617011e-16
3835.5,9.2126099e-16,1.1613226e-16
3837.0,8.08864e-16,1.1478281e-16
3838.5,7.5928997e-16,1.1273275e-16
3840.0,7.7320497e-16,1.1129616e-16
3841.5,7.0668102e-16,1.105241e-16
3843.0,8.1730802e-16,1.1210211e-16
3844.5,9.8649195e-16,1.1438625e-16
3846.0,9.3139097e-16,1.1313324e-16
3847.5,8.7686905e-16,1.1131382e-16
3849.0,8.7949803e-16,1.1050965e-16
3850.5,9.0543502e-16,1.1130439e-16
3852.0,9.1081601e-16,1.1124688e-16
3853.5,1.07473e-15,1.1230479e-16
3855.0,1.09952e-15,1.1273977e-16
3856.5,1.1292e-15,1.1264484e-16
3858.0,1.03817e-15,1.1057035e-16
3859.5,1.0994001e-15,1.1218508e-16
3861.0,1.21884e-15,1.1405352e-16
3862.5,1.2261099e-15,1.125884e-16
3864.0,1.09516e-15,1.1007693e-16
3865.5,9.6661198e-16,1.0813819e-16
3867.0,1.05213e-15,1.0909162e-16
3868.5,1.2270699e-15,1.1129931e-16
3870.0,1.2371e-15,1.1031754e-16
3871.5,1.19423e-15,1.0948994e-16
3873.0,1.18165e-15,1.0950735e-16
3874.5,1.24398e-15,1.0886093e-16
3876.0,1.2481701e-15,1.0927108e-16
3877.5,1.20462e-15,1.0857098e-16
3879.0,1.13492e-15,1.0748576e-16
3880.5,1.3193999e-15,1.0914348e-16
3882.0,1.2954201e-15,1.0854641e-16
3883.5,1.2614e-15,1.0864922e-16
3885.0,1.3685e-15,1.1018409e-16
3886.5,1.17727e-15,1.0660725e-16
3888.0,1.31452e-15,1.0727509e-16
3889.5,1.3646899e-15,1.0862384e-16
3891.0,1.29011e-15,1.0737153e-16
3892.5,1.31296e-15,1.0718659e-16
3894.0,1.46163e-15,1.0891372e-16
3895.5,1.51539e-15,1.0935045e-16
3897.0,1.5979199e-15,1.1080069e-16
3898.5,1.66266e-15,1.1186671e-16
3900.0,1.58312e-15,1.1054666e-16
3901.5,1.4108599e-15,1.083068e-16
3903.0,1.46201e-15,1.0911895e-16
3904.5,1.63201e-15,1.1107053e-16
3906.0,1.67757e-15,1.1173031e-16
3907.5,1.6643799e-15,1.11478e-16
3909.0,1.66653e-15,1.1126739e-16
3910.5,1.71272e-15,1.1194743e-16
3912.0,1.76079e-15,1.1178364e-16
3913.5,1.74421e-15,1.1110284e-16
3915.0,1.7879201e-15,1.1203279e-16
3916.5,1.7551e-15,1.1116054e-16
3918.0,1.7802401e-15,1.1132828e-16
3919.5,1.93478e-15,1.1301717e-16
3921.0,1.9124399e-15,1.1183802e-16
3922.5,1.8255599e-15,1.1045819e-16
3924.0,1.92345e-15,1.1098929e-16
3925.5,2.04829e-15,1.1181996e-16
3927.0,1.98709e-15,1.1128613e-16
3928.5,2.00171e-15,1.1147924e-16
3930.0,2.0647999e-15,1.1223505e-16
3931.5,2.1183301e-15,1.1331342e-16
3933.0,2.2494199e-15,1.1432222e-16
3934.5,2.1857601e-15,1.1231115e-16
3936.0,2.1478801e-15,1.1209818e-16
3937.5,2.2350199e-15,1.1352596e-16
3939.0,2.4575299e-15,1.1623796e-16
3940.5,2.3955701e-15,1.152484e-16
3942.0,2.3732701e-15,1.1503964e-16
3943.5,2.6226101e-15,1.1754577e-16
3945.0,2.5721299e-15,1.1679034e-16
3946.5,2.52119e-15,1.1636707e-16
3948.0,2.4776002e-15,1.1550935e-16
3949.5,2.41727e-15,1.1481457e-16
3951.0,2.5971502e-15,1.1667719e-16
3952.5,2.68111e-15,1.1692053e-16
3954.0,2.6980299e-15,1.1694875e-16
3955.5,2.54282e-15,1.1454201e-16
3957.0,2.6250502e-15,1.1524367e-16
3958.5,2.62066e-15,1.1525176e-16
3960.0,2.5275198e-15,1.1454563e-16
3961.5,2.5725301e-15,1.1488097e-16
3963.0,2.71911e-15,1.1612639e-16
3964.5,2.8795198e-15,1.1744792e-16
3966.0,2.87134e-15,1.1629266e-16
3967.5,2.83447e-15,1.1566514e-16
3969.0,2.6984001e-15,1.1501845e-16
3970.5,2.6724101e-15,1.1447422e-16
3972.0,2.8792299e-15,1.1581731e-16
3973.5,2.9072801e-15,1.1597301e-16
3975.0,2.8997701e-15,1.1643426e-16
3976.5,2.8432399e-15,1.1608167e-16
3978.0,2.7108099e-15,1.144815e-16
3979.5,2.6567701e-15,1.1317939e-16
3981.0,2.65732e-15,1.1289135e-16
3982.5,2.73861e-15,1.1354198e-16
3984.0,2.83593e-15,1.1432751e-16
3985.5,2.7639401e-15,1.1326762e-16
3987.0,2.7198901e-15,1.1256869e-16
3988.5,2.7787699e-15,1.1326153e-16
3990.0,2.7608499e-15,1.1268772e-16
3991.5,2.70025e-15,1.1156763e-16
3993.0,2.6712899e-15,1.1123242e-16
3994.5,2.65514e-15,1.1092334e-16
3996.0,2.58797e-15,1.0997986e-16
3997.5,2.5612299e-15,1.0944899e-16
3999.0,2.5401699e-15,1.0864674e-16
4000.5,2.56254e-15,1.088576e-16
4002.0,2.63524e-15,1.0936501e-16
4003.5,2.64575e-15,1.0914765e-16
4005.0,2.5996201e-15,1.0888127e-16
4006.5,2.5858499e-15,1.0902227e-16
4008.0,2.55342e-15,1.0861425e-16
4009.5,2.46668e-15,1.0774968e-16
4011.0,2.5042701e-15,1.0770121e-16
4012.5,2.5604101e-15,1.0779032e-16
4014.0,2.3920901e-15,1.0585177e-16
4015.5,2.4086e-15,1.0625711e-16
4017.0,2.4802599e-15,1.069493e-16
4018.5,2.4070599e-15,1.0559507e-16
4020.0,2.3616401e-15,1.0473428e-16
4021.5,2.4244201e-15,1.0562811e-16
4023.0,2.44201e-15,1.0527027e-16
4024.5,2.2816802e-15,1.0310927e-16
4026.0,2.0363301e-15,9.9840582e-17
4027.5,2.3234201e-15,1.0314539e-16
4029.0,2.19217e-15,1.0130638e-16
4030.5,2.19955e-15,1.0119192e-16
4032.0,2.4127901e-15,1.0368663e-16
4033.5,2.2955402e-15,1.0194103e-16
4035.0,2.36918e-15,1.023713e-16
4036.5,2.2574201e-15,1.0129898e-16
4038.0,2.2271901e-15,1.0087811e-16
4039.5,2.24171e-15,1.0132662e-16
4041.0,2.2796901e-15,1.0181096e-16
4042.5,2.2554601e-15,1.0180639e-16
4044.0,2.2486501e-15,1.0234256e-16
4045.5,2.28896e-15,1.0318615e-16
4047.0,2.2333701e-15,1.0231481e-16
4048.5,2.34946e-15,1.0350094e-16
4050.0,2.27898e-15,1.025152e-16
4051.5,2.24403e-15,1.0067884e-16
4053.0,2.2731601e-15,9.9959914e-17
4054.5,2.27635e-15,9.980521e-17
4056.0,2.3554201e-15,1.0069935e-16
4057.5,2.35727e-15,1.004297e-16
4059.0,2.3108899e-15,9.9350272e-17
4060.5,2.2271499e-15,9.8392607e-17
4062.0,2.2350298e-15,9.8551543e-17
4063.5,2.2369299e-15,9.8642013e-17
4065.0,2.1593e-15,9.7715037e-17
4066.5,2.1042799e-15,9.6968109e-17
4068.0,2.1326799e-15,9.7201698e-17
4069.5,2.1718799e-15,9.7180757e-17
4071.0,2.22417e-15,9.7748787e-17
4072.5,2.3004201e-15,9.8683454e-17
4074.0,2.31529e-15,9.8429284e-17
4075.5,2.3640001e-15,9.8732402e-17
4077.0,2.40543e-15,9.9162231e-17
4078.5,2.4171099e-15,9.9065162e-17
4080.0,2.40739e-15,9.8706608e-17
4081.5,2.4579799e-15,9.8811685e-17
4083.0,2.2666299e-15,9.7716077e-17
4084.5,2.22596e-15,9.7299513e-17
4086.0,2.3762902e-15,9.7902577e-17
4087.5,2.2906899e-15,9.7053255e-17
4089.0,2.34878e-15,9.7289588e-17
4090.5,2.4878499e-15,9.7285967e-17
4092.0,2.5625502e-15,9.8017609e-17
4093.5,2.5153101e-15,9.8092867e-17
4095.0,2.4195098e-15,9.669406e-17
4096.5,2.52838e-15,9.7744828e-17
4098.0,2.60264e-15,9.788117e-17
4099.5,2.5091801e-15,9.7069404e-17
4101.0,2.53961e-15,9.7489685e-17
4102.5,2.7199799e-15,9.9115997e-17
4104.0,2.7498101e-15,9.8872807e-17
4105.5,2.73168e-15,9.8375875e-17
4107.0,2.75139e-15,9.8545592e-17
4108.5,2.7282902e-15,9.8359284e-17
4110.0,2.55807e-15,9.6706765e-17
4111.5,2.55034e-15,9.6091844e-17
4113.0,2.8348702e-15,9.9135553e-17
4114.5,2.8550101e-15,9.9501208e-17
4116.0,2.8464e-15,9.9046218e-17
4117.5,2.8251901e-15,9.8192126e-17
4119.0,2.75265e-15,9.7615026e-17
4120.5,2.8774901e-15,9.889147e-17
4122.0,2.92397e-15,9.9091656e-17
4123.5,2.81251e-15,9.7906839e-17
4125.0,2.74523e-15,9.6949099e-17
4126.5,2.7678699e-15,9.6981132e-17
4128.0,2.8796101e-15,9.8353975e-17
4129.5,2.8699901e-15,9.8112046e-17
4131.0,2.74271e-15,9.668106e-17
4132.5,2.8057899e-15,9.6954726e-17
4134.0,2.8717401e-15,9.7607814e-17
4135.5,2.8072902e-15,9.693784e-17
4137.0,2.8706999e-15,9.7599061e-17
4138.5,2.9094e-15,9.7575863e-17
4140.0,2.8976099e-15,9.6988557e-17
4141.5,2.82056e-15,9.6335425e-17
4143.0,2.88601e-15,9.6817395e-17
4144.5,2.9814702e-15,9.7643953e-17
4146.0,3.0606301e-15,9.8184103e-17
4147.5,3.1029699e-15,9.8413172e-17
4149.0,3.0826801e-15,9.7884046e-17
4150.5,3.02757e-15,9.7195416e-17
4152.0,3.12634e-15,9.7872735e-17
4153.5,3.1745401e-15,9.8679398e-17
4155.0,3.01267e-15,9.7037947e-17
4156.5,3.04121e-15,9.7296335e-17
4158.0,3.1838901e-15,9.8685828e-17
4159.5,3.05131e-15,9.7058955e-17
4161.0,2.9590099e-15,9.5642149e-17
4162.5,3.02635e-15,9.7226688e-17
4164.0,3.2087901e-15,9.8636401e-17
4165.5,3.1797299e-15,9.8315166e-17
4167.0,3.18893e-15,9.8034112e-17
4168.5,2.9756401e-15,9.5878658e-17
4170.0,3.1472801e-15,9.7694951e-17
4171.5,3.2427199e-15,9.8176744e-17
4173.0,3.19513e-15,9.7334981e-17
4174.5,3.2384401e-15,9.7320971e-17
4176.0,3.15249e-15,9.6243849e-17
4177.5,3.0767701e-15,9.5442096e-17
4179.0,3.12172e-15,9.614877e-17
4180.5,3.0979199e-15,9.5663209e-17
4182.0,3.2070501e-15,9.6365952e-17
4183.5,3.1789301e-15,9.5631737e-17
4185.0,3.0851199e-15,9.4461616e-17
4186.5,3.0481501e-15,9.4022421e-17
4188.0,3.0282199e-15,9.3637439e-17
4189.5,3.08279e-15,9.4192765e-17
4191.0,3.1872899e-15,9.5176113e-17
4192.5,3.18092e-15,9.5153313e-17
4194.0,3.075e-15,9.3839483e-17
4195.5,3.0971201e-15,9.3558922e-17
4197.0,3.04107e-15,9.2924048e-17
4198.5,2.96457e-15,9.1951354e-17
4200.0,2.9395499e-15,9.1300714e-17
4201.5,2.9816201e-15,9.1526642e-17
4203.0,3.10009e-15,9.2637713e-17
4204.5,3.0612499e-15,9.1887113e-17
4206.0,2.9853301e-15,9.0919213e-17
4207.5,3.0024199e-15,9.1193786e-17
4209.0,2.9978002e-15,9.103541e-17
4210.5,2.9960699e-15,9.0672542e-17
4212.0,2.94757e-15,9.0191825e-17
4213.5,2.9109901e-15,9.0020177e-17
4215.0,2.87903e-15,8.9512715e-17
4216.5,2.8924898e-15,8.9240118e-17
4218.0,2.8803402e-15,8.8993698e-17
4219.5,2.8565801e-15,8.8526247e-17
4221.0,2.92629e-15,8.8822809e-17
4222.5,2.8777201e-15,8.8369007e-17
4224.0,2.8125301e-15,8.7574982e-17
4225.5,2.87359e-15,8.8050323e-17
4227.0,2.89392e-15,8.7799214e-17
4228.5,2.8562902e-15,8.723689e-17
4230.0,2.8365901e-15,8.7395915e-17
4231.5,2.7980001e-15,8.6959523e-17
4233.0,2.7836599e-15,8.6554565e-17
4234.5,2.8067601e-15,8.6792696e-17
4236.0,2.7442201e-15,8.6031507e-17
4237.5,2.6654602e-15,8.5093987e-17
4239.0,2.7439999e-15,8.5550938e-17
4240.5,2.7740399e-15,8.607929e-17
4242.0,2.7449701e-15,8.5683822e-17
4243.5,2.77245e-15,8.5449112e-17
4245.0,2.8328299e-15,8.6021944e-17
4246.5,2.9077999e-15,8.6786296e-17
4248.0,2.8787101e-15,8.6527695e-17
4249.5,2.8171799e-15,8.5690887e-17
4251.0,2.6938701e-15,8.41582e-17
4252.5,2.7965301e-15,8.4928097e-17
4254.0,2.8136101e-15,8.5199529e-17
4255.5,2.75796e-15,8.4825254e-17
4257.0,2.7706899e-15,8.4471744e-17
4258.5,2.7197002e-15,8.3728156e-17
4260.0,2.8037701e-15,8.4239674e-17
4261.5,2.8673899e-15,8.5067766e-17
4263.0,2.8353901e-15,8.4765932e-17
4264.5,2.73749e-15,8.352424e-17
4266.0,2.7305001e-15,8.3307537e-17
4267.5,2.7892001e-15,8.3903529e-17
4269.0,2.86228e-15,8.4356247e-17
4270.5,2.8240599e-15,8.4004462e-17
4272.0,2.7614701e-15,8.3468508e-17
4273.5,2.76651e-15,8.3395662e-17
4275.0,2.73739e-15,8.2751783e-17
4276.5,2.6816102e-15,8.207372e-17
4278.0,2.69605e-15,8.2192874e-17
4279.5,2.7077401e-15,8.222543e-17
4281.0,2.6335599e-15,8.1254174e-17
4282.5,2.6704399e-15,8.1309427e-17
4284.0,2.6038498e-15,8.0718205e-17
4285.5,2.6388901e-15,8.0843509e-17
4287.0,2.7030399e-15,8.1230688e-17
4288.5,2.7034399e-15,8.1408133e-17
4290.0,2.72185e-15,8.1503551e-17
4291.5,2.66886e-15,8.0892449e-17
4293.0,2.7488798e-15,8.175556e-17
4294.5,2.77057e-15,8.1917143e-17
4296.0,2.7329499e-15,8.1101019e-17
4297.5,2.5860901e-15,7.9531072e-17
4299.0,2.48824e-15,7.8648856e-17
4300.5,2.60586e-15,7.9613534e-17
4302.0,2.6127602e-15,7.9328011e-17
4303.5,2.4068401e-15,7.7351882e-17
4305.0,2.4852701e-15,7.7830505e-17
4306.5,2.5225501e-15,7.802895e-17
4308.0,2.4724301e-15,7.8057288e-17
4309.5,2.4157001e-15,7.73137e-17
4311.0,2.36603e-15,7.6979207e-17
4312.5,2.37918e-15,7.7018776e-17
4314.0,2.37628e-15,7.6979974e-17
4315.5,2.30684e-15,7.6039453e-17
4317.0,2.2906301e-15,7.5727354e-17
4318.5,2.2756e-15,7.5641766e-17
4320.0,2.2966801e-15,7.5458371e-17
4321.5,2.2964499e-15,7.5139023e-17
4323.0,2.3140199e-15,7.5132815e-17
4324.5,2.2880499e-15,7.4761673e-17
4326.0,2.24131e-15,7.3816602e-17
4327.5,2.06475e-15,7.2402148e-17
4329.0,2.0908e-15,7.2534657e-17
4330.5,2.1555301e-15,7.2785847e-17
4332.0,2.15198e-15,7.2575382e-17
4333.5,2.1352e-15,7.2679634e-17
4335.0,2.11021e-15,7.2469722e-17
4336.5,2.09362e-15,7.1982671e-17
4338.0,2.10645e-15,7.184978e-17
4339.5,2.055e-15,7.1219757e-17
4341.0,1.9752499e-15,7.0598944e-17
4342.5,2.0042602e-15,7.0888818e-17
4344.0,1.9742e-15,7.0349899e-17
4345.5,1.87817e-15,6.9565431e-17
4347.0,1.9017899e-15,6.9899489e-17
4348.5,1.91532e-15,6.9664919e-17
4350.0,1.9089101e-15,6.9326975e-17
4351.5,1.9028301e-15,6.9320943e-17
4353.0,1.89833e-15,6.9631073e-17
4354.5,1.8514601e-15,7.0148998e-17
4356.0,1.84097e-15,7.1563077e-17
4357.5,1.8349101e-15,7.2377763e-17
4359.0,1.7673e-15,7.1675137e-17
4360.5,1.72104e-15,7.0306511e-17
4362.0,1.73517e-15,6.8993131e-17
4363.5,1.72944e-15,6.7768244e-17
4365.0,1.6911599e-15,6.6735911e-17
4366.5,1.59902e-15,6.5525381e-17
4368.0,1.5654e-15,6.4583245e-17
4369.5,1.66686e-15,6.5361799e-17
4371.0,1.72249e-15,6.6214387e-17
4372.5,1.62891e-15,6.5391265e-17
4374.0,1.49798e-15,6.396019e-17
4375.5,1.44969e-15,6.3209546e-17
4377.0,1.59708e-15,6.4608397e-17
4378.5,1.60656e-15,6.4102307e-17
4380.0,1.5162501e-15,6.2920837e-17
4381.5,1.5033999e-15,6.2917703e-17
4383.0,1.52187e-15,6.2997702e-17
4384.5,1.53386e-15,6.2686363e-17
4386.0,1.4605001e-15,6.2114129e-17
4387.5,1.44484e-15,6.2162664e-17
4389.0,1.43916e-15,6.1904099e-17
4390.5,1.46455e-15,6.1956955e-17
4392.0,1.49695e-15,6.2322514e-17
4393.5,1.4776699e-15,6.2305931e-17
4395.0,1.43774e-15,6.1839386e-17
4396.5,1.4440901e-15,6.1839582e-17
4398.0,1.41162e-15,6.1518915e-17
4399.5,1.34097e-15,6.0448355e-17
4401.0,1.33863e-15,6.0511719e-17
4402.5,1.32557e-15,6.0443124e-17
4404.0,1.27565e-15,5.9848558e-17
4405.5,1.26149e-15,5.9819122e-17
4407.0,1.2763401e-15,5.9766487e-17
4408.5,1.3043e-15,5.9795647e-17
4410.0,1.30977e-15,6.0005938e-17
4411.5,1.3552701e-15,6.0462812e-17
4413.0,1.37946e-15,6.0451817e-17
4414.5,1.44726e-15,6.1018661e-17
4416.0,1.3751201e-15,6.0533339e-17
4417.5,1.32589e-15,6.0150728e-17
4419.0,1.42318e-15,6.080646e-17
4420.5,1.4979001e-15,6.1378833e-17
4422.0,1.51096e-15,6.1763034e-17
4423.5,1.4852099e-15,6.1763731e-17
4425.0,1.47884e-15,6.1672955e-17
4426.5,1.46561e-15,6.1085295e-17
4428.0,1.47902e-15,6.0796763e-17
4429.5,1.48326e-15,6.0781624e-17
4431.0,1.47232e-15,6.1206462e-17
4432.5,1.51921e-15,6.1590965e-17
4434.0,1.53511e-15,6.1228167e-17
4435.5,1.46238e-15,6.0238982e-17
4437.0,1.48372e-15,6.0446394e-17
4438.5,1.5214699e-15,6.0924275e-17
4440.0,1.52721e-15,6.104903e-17
4441.5,1.55855e-15,6.1029246e-17
4443.0,1.49657e-15,6.0088312e-17
4444.5,1.64201e-15,6.1779363e-17
4446.0,1.63794e-15,6.1950488e-17
4447.5,1.55854e-15,6.1011224e-17
4449.0,1.43071e-15,5.9931049e-17
4450.5,1.62316e-15,6.1302455e-17
4452.0,1.6994e-15,6.2102523e-17
4453.5,1.6286e-15,6.1441924e-17
4455.0,1.65734e-15,6.1337341e-17
4456.5,1.65636e-15,6.1375563e-17
4458.0,1.62034e-15,6.1251579e-17
4459.5,1.6630501e-15,6.1613429e-17
4461.0,1.62603e-15,6.0691855e-17
4462.5,1.78199e-15,6.210854e-17
4464.0,1.7504199e-15,6.1865254e-17
4465.5,1.8043e-15,6.2662855e-17
4467.0,1.79384e-15,6.2382058e-17
4468.5,1.73634e-15,6.1694464e-17
4470.0,1.8009799e-15,6.2008196e-17
4471.5,1.79354e-15,6.2355933e-17
4473.0,1.8576301e-15,6.2952087e-17
4474.5,1.8598201e-15,6.3015451e-17
4476.0,1.82184e-15,6.2616046e-17
4477.5,1.84567e-15,6.2867222e-17
4479.0,1.98874e-15,6.4263765e-17
4480.5,1.99164e-15,6.4214515e-17
4482.0,1.91403e-15,6.3334127e-17
4483.5,1.8832501e-15,6.3235207e-17
4485.0,1.9917601e-15,6.4105322e-17
4486.5,2.0488999e-15,6.4648938e-17
4488.0,2.0321801e-15,6.4399208e-17
4489.5,2.0497899e-15,6.4310795e-17
4491.0,2.0813899e-15,6.449346e-17
4492.5,2.08986e-15,6.4703276e-17
4494.0,2.0623399e-15,6.4478447e-17
4495.5,2.0633299e-15,6.449029e-17
4497.0,2.1079899e-15,6.4922258e-17
4498.5,2.1936199e-15,6.5613299e-17
4500.0,2.2384902e-15,6.5957813e-17
4501.5,2.2433701e-15,6.5765857e-17
4503.0,2.24085e-15,6.5808456e-17
4504.5,2.17205e-15,6.533175e-17
4506.0,2.2712001e-15,6.5989986e-17
4507.5,2.3686601e-15,6.6611189e-17
4509.0,2.2469101e-15,6.5614774e-17
4510.5,2.22761e-15,6.5811066e-17
4512.0,2.2197199e-15,6.5676552e-17
4513.5,2.3376199e-15,6.6148981e-17
4515.0,2.33993e-15,6.6433265e-17
4516.5,2.40824e-15,6.6978997e-17
4518.0,2.4103201e-15,6.6797136e-17
4519.5,2.42344e-15,6.6844056e-17
4521.0,2.47317e-15,6.7254087e-17
4522.5,2.5161499e-15,6.7710005e-17
4524.0,2.5386801e-15,6.800232e-17
4525.5,2.5404799e-15,6.7863293e-17
4527.0,2.62322e-15,6.8733586e-17
4528.5,2.5667e-15,6.8132867e-17
4530.0,2.4315902e-15,6.6897273e-17
4531.5,2.4514501e-15,6.7119138e-17
4533.0,2.5604101e-15,6.8154465e-17
4534.5,2.5727101e-15,6.80539e-17
4536.0,2.6088801e-15,6.815066e-17
4537.5,2.7011701e-15,6.8959432e-17
4539.0,2.63179e-15,6.8346215e-17
4540.5,2.5543399e-15,6.7857541e-17
4542.0,2.6033001e-15,6.8324078e-17
4543.5,2.6803801e-15,6.8761746e-17
4545.0,2.7556201e-15,6.9458665e-17
4546.5,2.70731e-15,6.8798572e-17
4548.0,2.7505199e-15,6.8979334e-17
4549.5,2.7765401e-15,6.8857363e-17
4551.0,2.7558702e-15,6.8762388e-17
4552.5,2.761e-15,6.8970176e-17
4554.0,2.7737801e-15,6.9015614e-17
4555.5,2.7227499e-15,6.8355587e-17
4557.0,2.7318699e-15,6.8382531e-17
4558.5,2.7589e-15,6.8540649e-17
4560.0,2.7735399e-15,6.8558302e-17
4561.5,2.80888e-15,6.8810031e-17
4563.0,2.8011301e-15,6.8560366e-17
4564.5,2.75735e-15,6.8079126e-17
4566.0,2.76981e-15,6.8178209e-17
4567.5,2.8950801e-15,6.9116149e-17
4569.0,2.87957e-15,6.8897153e-17
4570.5,2.6889802e-15,6.7314169e-17
4572.0,2.75824e-15,6.792836e-17
4573.5,2.89344e-15,6.8989407e-17
4575.0,2.8479098e-15,6.8694866e-17
4576.5,2.8535299e-15,6.8741446e-17
4578.0,2.95388e-15,6.9411022e-17
4579.5,2.95464e-15,6.9404644e-17
4581.0,2.93953e-15,6.9318901e-17
4582.5,2.9389701e-15,6.9281759e-17
4584.0,2.96068e-15,6.9316991e-17
4585.5,2.9979802e-15,6.9506964e-17
4587.0,3.0703102e-15,6.9807655e-17
4588.5,3.0152901e-15,6.9469556e-17
4590.0,2.9460901e-15,6.886164e-17
4591.5,3.06395e-15,6.9577023e-17
4593.0,3.04505e-15,6.9391408e-17
4594.5,2.9331502e-15,6.8712843e-17
4596.0,2.9681599e-15,6.875396e-17
4597.5,3.01066e-15,6.9144192e-17
4599.0,2.98737e-15,6.8931589e-17
4600.5,2.96872e-15,6.8513535e-17
4602.0,3.0045599e-15,6.8796448e-17
4603.5,3.0152099e-15,6.896292e-17
4605.0,3.0253402e-15,6.8993426e-17
4606.5,2.9954901e-15,6.8615125e-17
4608.0,2.98706e-15,6.8511345e-17
4609.5,3.00705e-15,6.8630271e-17
4611.0,3.0257002e-15,6.8822765e-17
4612.5,2.9670101e-15,6.8280845e-17
4614.0,2.9462499e-15,6.7984423e-17
4615.5,3.0382199e-15,6.8479025e-17
4617.0,2.9951e-15,6.8099729e-17
4618.5,2.9333501e-15,6.7695036e-17
4620.0,2.9862399e-15,6.8027671e-17
4621.5,3.0743599e-15,6.8463872e-17
4623.0,3.04969e-15,6.8251431e-17
4624.5,2.95206e-15,6.7602716e-17
4626.0,2.9598201e-15,6.7568184e-17
4627.5,2.9173001e-15,6.7166965e-17
4629.0,2.85079e-15,6.6616882e-17
4630.5,2.9074198e-15,6.6954619e-17
4632.0,2.9559301e-15,6.7321602e-17
4633.5,2.8770001e-15,6.6717793e-17
4635.0,2.7822599e-15,6.5813094e-17
4636.5,2.8098601e-15,6.5913305e-17
4638.0,2.82901e-15,6.6031264e-17
4639.5,2.76401e-15,6.5595491e-17
4641.0,2.8031901e-15,6.5857477e-17
4642.5,2.8128501e-15,6.5825195e-17
4644.0,2.71392e-15,6.5040483e-17
4645.5,2.7040201e-15,6.4883965e-17
4647.0,2.77572e-15,6.530575e-17
4648.5,2.83183e-15,6.5827975e-17
4650.0,2.80182e-15,6.5777493e-17
4651.5,2.7229699e-15,6.4997007e-17
4653.0,2.66523e-15,6.443256e-17
4654.5,2.6742899e-15,6.466477e-17
4656.0,2.6868201e-15,6.4713334e-17
4657.5,2.7410101e-15,6.5130179e-17
4659.0,2.7729299e-15,6.5510537e-17
4660.5,2.60045e-15,6.4069412e-17
4662.0,2.52718e-15,6.3583777e-17
4663.5,2.6199201e-15,6.4319998e-17
4665.0,2.7368901e-15,6.4931925e-17
4666.5,2.7589801e-15,6.514048e-17
4668.0,2.6823799e-15,6.4875861e-17
4669.5,2.64029e-15,6.4201714e-17
4671.0,2.6580999e-15,6.4178855e-17
4672.5,2.62616e-15,6.4209913e-17
4674.0,2.67342e-15,6.4382565e-17
4675.5,2.6526501e-15,6.4099047e-17
4677.0,2.66484e-15,6.4130453e-17
4678.5,2.6896801e-15,6.4300088e-17
4680.0,2.6562e-15,6.3749799e-17
4681.5,2.64601e-15,6.3608287e-17
4683.0,2.56397e-15,6.2991737e-17
4684.5,2.58159e-15,6.3144228e-17
4686.0,2.5318302e-15,6.2770469e-17
4687.5,2.5246401e-15,6.263771e-17
4689.0,2.5563901e-15,6.2743355e-17
4690.5,2.51716e-15,6.2375437e-17
4692.0,2.5136601e-15,6.2393525e-17
4693.5,2.44862e-15,6.1754624e-17
4695.0,2.48609e-15,6.1943173e-17
4696.5,2.5459699e-15,6.2449153e-17
4698.0,2.55869e-15,6.2475817e-17
4699.5,2.5983199e-15,6.2641198e-17
4701.0,2.57824e-15,6.2441801e-17
4702.5,2.54121e-15,6.2089176e-17
4704.0,2.4791301e-15,6.1588745e-17
4705.5,2.42815e-15,6.1414788e-17
4707.0,2.3968102e-15,6.1204877e-17
4708.5,2.39603e-15,6.0964445e-17
4710.0,2.4105501e-15,6.0942223e-17
4711.5,2.4218701e-15,6.0967335e-17
4713.0,2.46387e-15,6.1156578e-17
4714.5,2.46324e-15,6.1141727e-17
4716.0,2.3964099e-15,6.0690085e-17
4717.5,2.33442e-15,6.0232629e-17
4719.0,2.35867e-15,6.0298035e-17
4720.5,2.3211e-15,5.9872814e-17
4722.0,2.29491e-15,5.9777098e-17
4723.5,2.2654099e-15,5.961272e-17
4725.0,2.30089e-15,5.9638008e-17
4726.5,2.26889e-15,5.9213082e-17
4728.0,2.2031401e-15,5.871211e-17
4729.5,2.2104199e-15,5.8906289e-17
4731.0,2.2526401e-15,5.9263298e-17
4732.5,2.2566e-15,5.9162018e-17
4734.0,2.2236701e-15,5.8693535e-17
4735.5,2.23469e-15,5.8759734e-17
4737.0,2.10363e-15,5.7847642e-17
4738.5,2.1243601e-15,5.7987956e-17
4740.0,2.12402e-15,5.7996889e-17
4741.5,2.13584e-15,5.8181486e-17
4743.0,2.1569201e-15,5.8334284e-17
4744.5,2.13873e-15,5.770168e-17
4746.0,2.01846e-15,5.6580791e-17
4747.5,2.0257399e-15,5.6915099e-17
4749.0,2.04346e-15,5.7013441e-17
4750.5,2.09187e-15,5.7197629e-17
4752.0,2.0856399e-15,5.7016125e-17
4753.5,2.0200601e-15,5.6616185e-17
4755.0,1.9535e-15,5.5830467e-17
4756.5,1.9952501e-15,5.619186e-17
4758.0,1.9628701e-15,5.6006769e-17
4759.5,1.9381401e-15,5.541585e-17
4761.0,1.9043799e-15,5.5246247e-17
4762.5,1.9856e-15,5.5945757e-17
4764.0,1.9700801e-15,5.5584833e-17
4765.5,1.9218801e-15,5.516523e-17
4767.0,1.90284e-15,5.4945913e-17
4768.5,1.8906301e-15,5.4813682e-17
4770.0,1.88634e-15,5.4918151e-17
4771.5,1.8986599e-15,5.4930756e-17
4773.0,1.9181599e-15,5.4975354e-17
4774.5,1.9150799e-15,5.5020769e-17
4776.0,1.9406101e-15,5.523116e-17
4777.5,1.9955601e-15,5.5498699e-17
4779.0,1.9003e-15,5.4672653e-17
4780.5,1.84433e-15,5.4227275e-17
4782.0,1.8662899e-15,5.4289105e-17
4783.5,1.83148e-15,5.3967284e-17
4785.0,1.89895e-15,5.4485202e-17
4786.5,1.91085e-15,5.4313616e-17
4788.0,1.8598201e-15,5.3902836e-17
4789.5,1.85363e-15,5.3869625e-17
4791.0,1.8352199e-15,5.3540865e-17
4792.5,1.74348e-15,5.3040172e-17
4794.0,1.7538101e-15,5.3247654e-17
4795.5,1.77878e-15,5.3264006e-17
4797.0,1.71225e-15,5.2593346e-17
4798.5,1.74373e-15,5.265178e-17
4800.0,1.74388e-15,5.260535e-17
4801.5,1.6608201e-15,5.1968953e-17
4803.0,1.62466e-15,5.1694899e-17
4804.5,1.58835e-15,5.1436228e-17
4806.0,1.59793e-15,5.1372997e-17
4807.5,1.5980099e-15,5.1297872e-17
4809.0,1.5908901e-15,5.1227183e-17
4810.5,1.6296e-15,5.1505996e-17
4812.0,1.5764901e-15,5.114683e-17
4813.5,1.48018e-15,5.0159083e-17
4815.0,1.53422e-15,5.0694204e-17
4816.5,1.56084e-15,5.1329993e-17
4818.0,1.5851001e-15,5.1385275e-17
4819.5,1.5800001e-15,5.1314062e-17
4821.0,1.6340899e-15,5.1563379e-17
4822.5,1.5919401e-15,5.105984e-17
4824.0,1.54156e-15,5.0889242e-17
4825.5,1.53443e-15,5.0826015e-17
4827.0,1.51827e-15,5.0453679e-17
4828.5,1.50074e-15,5.019812e-17
4830.0,1.50578e-15,5.0308282e-17
4831.5,1.51444e-15,5.0517832e-17
4833.0,1.52746e-15,5.0381585e-17
4834.5,1.5579899e-15,5.0799838e-17
4836.0,1.5843901e-15,5.0968585e-17
4837.5,1.59437e-15,5.1049019e-17
4839.0,1.58688e-15,5.0792645e-17
4840.5,1.54498e-15,5.0414318e-17
4842.0,1.47409e-15,4.9749944e-17
4843.5,1.4349901e-15,4.9268158e-17
4845.0,1.45301e-15,4.9368306e-17
4846.5,1.50412e-15,4.9844547e-17
4848.0,1.4555399e-15,4.9467739e-17
4849.5,1.45177e-15,4.9353473e-17
4851.0,1.4917901e-15,4.9640051e-17
4852.5,1.49194e-15,4.9683966e-17
4854.0,1.42157e-15,4.9553482e-17
4855.5,1.46143e-15,4.9706387e-17
4857.0,1.4925e-15,4.9526088e-17
4858.5,1.46467e-15,4.9026373e-17
4860.0,1.53684e-15,4.9663449e-17
4861.5,1.55387e-15,4.9789036e-17
4863.0,1.5402401e-15,4.9622273e-17
4864.5,1.52552e-15,4.9509508e-17
4866.0,1.50949e-15,4.9439302e-17
4867.5,1.49197e-15,4.9429107e-17
4869.0,1.4543299e-15,4.8971253e-17
4870.5,1.50162e-15,4.9272361e-17
4872.0,1.50662e-15,4.9148019e-17
4873.5,1.53913e-15,4.9130005e-17
4875.0,1.46874e-15,4.8798469e-17
4876.5,1.42136e-15,4.8538997e-17
4878.0,1.41379e-15,4.8642117e-17
4879.5,1.42735e-15,4.8424452e-17
4881.0,1.4334001e-15,4.8606601e-17
4882.5,1.35184e-15,4.7772484e-17
4884.0,1.4358199e-15,4.8195066e-17
4885.5,1.3799301e-15,4.7695195e-17
4887.0,1.3813899e-15,4.7901855e-17
4888.5,1.47277e-15,4.8495285e-17
4890.0,1.46749e-15,4.8358308e-17
4891.5,1.4505301e-15,4.8307871e-17
4893.0,1.48707e-15,4.8399362e-17
4894.5,1.5092501e-15,4.8474528e-17
4896.0,1.49052e-15,4.8844297e-17
4897.5,1.49808e-15,4.8926538e-17
4899.0,1.48503e-15,4.8698439e-17
4900.5,1.40053e-15,4.7851149e-17
4902.0,1.46128e-15,4.8329635e-17
4903.5,1.50261e-15,4.8614196e-17
4905.0,1.47146e-15,4.8834534e-17
4906.5,1.39432e-15,4.8692739e-17
4908.0,1.44301e-15,4.8326966e-17
4909.5,1.39807e-15,4.7740471e-17
4911.0,1.3812099e-15,4.7556209e-17
4912.5,1.41094e-15,4.7847635e-17
4914.0,1.48071e-15,4.9066973e-17
4915.5,1.46771e-15,4.8990554e-17
4917.0,1.45342e-15,4.7865056e-17
4918.5,1.47843e-15,4.8042784e-17
4920.0,1.50887e-15,4.8308221e-17
4921.5,1.5135e-15,4.8151243e-17
4923.0,1.48921e-15,4.7887535e-17
4924.5,1.52955e-15,4.8135861e-17
4926.0,1.5155899e-15,4.8004503e-17
4927.5,1.4524301e-15,4.7676904e-17
4929.0,1.47079e-15,4.7937246e-17
4930.5,1.5478601e-15,4.8468923e-17
4932.0,1.5440801e-15,4.8287962e-17
4933.5,1.5017101e-15,4.7892173e-17
4935.0,1.47118e-15,4.760304e-17
4936.5,1.49067e-15,4.7696622e-17
4938.0,1.50052e-15,4.7933585e-17
4939.5,1.51108e-15,4.7835011e-17
4941.0,1.47052e-15,4.7402136e-17
4942.5,1.4439799e-15,4.7144158e-17
4944.0,1.43e-15,4.7190646e-17
4945.5,1.4536601e-15,4.7535201e-17
4947.0,1.5246101e-15,4.7832305e-17
4948.5,1.4493001e-15,4.7194934e-17
4950.0,1.39095e-15,4.6953912e-17
4951.5,1.40978e-15,4.7113766e-17
4953.0,1.3964099e-15,4.686227e-17
4954.5,1.3312201e-15,4.6201907e-17
4956.0,1.42415e-15,4.6853215e-17
4957.5,1.47795e-15,4.756324e-17
4959.0,1.42356e-15,4.6738905e-17
4960.5,1.34881e-15,4.647995e-17
4962.0,1.35873e-15,4.6807157e-17
4963.5,1.4031599e-15,4.6785375e-17
4965.0,1.5176899e-15,4.7707996e-17
4966.5,1.49123e-15,4.753776e-17
4968.0,1.42246e-15,4.7304215e-17
4969.5,1.4273601e-15,4.7145514e-17
4971.0,1.4986599e-15,4.7678689e-17
4972.5,1.4333301e-15,4.7119864e-17
4974.0,1.40264e-15,4.7004497e-17
4975.5,1.3937499e-15,4.7127153e-17
4977.0,1.36968e-15,4.6944647e-17
4978.5,1.43557e-15,4.7707819e-17
4980.0,1.41238e-15,4.7874203e-17
4981.5,1.3968199e-15,4.7662776e-17
4983.0,1.46571e-15,4.7810475e-17
4984.5,1.47852e-15,4.7996849e-17
4986.0,1.4536199e-15,4.765806e-17
4987.5,1.4313299e-15,4.7408238e-17
4989.0,1.4266599e-15,4.7217915e-17
4990.5,1.4297101e-15,4.7110769e-17
4992.0,1.41149e-15,4.6844661e-17
4993.5,1.44659e-15,4.7042439e-17
4995.0,1.45885e-15,4.7242757e-17
4996.5,1.3973699e-15,4.672022e-17
4998.0,1.39536e-15,4.6424225e-17
4999.5,1.4566999e-15,4.6679158e-17
5001.0,1.45939e-15,4.6689448e-17
5002.5,1.40941e-15,4.6412527e-17
5004.0,1.45619e-15,4.6695436e-17
5005.5,1.4556299e-15,4.6539154e-17
5007.0,1.37343e-15,4.5920329e-17
5008.5,1.3835501e-15,4.5947413e-17
5010.0,1.3682899e-15,4.6025008e-17
5011.5,1.38053e-15,4.6083818e-17
5013.0,1.44073e-15,4.6537672e-17
5014.5,1.4189e-15,4.6197026e-17
5016.0,1.44942e-15,4.6510677e-17
5017.5,1.4442299e-15,4.6283241e-17
5019.0,1.45622e-15,4.6272833e-17
5020.5,1.4336099e-15,4.6137943e-17
5022.0,1.4158799e-15,4.5784185e-17
5023.5,1.43883e-15,4.5936599e-17
5025.0,1.39244e-15,4.5670831e-17
5026.5,1.36928e-15,4.5441323e-17
5028.0,1.3845e-15,4.5495082e-17
5029.5,1.3162201e-15,4.5022871e-17
5031.0,1.3853e-15,4.5610623e-17
5032.5,1.35489e-15,4.5300795e-17
5034.0,1.30384e-15,4.4824186e-17
5035.5,1.29103e-15,4.4575772e-17
5037.0,1.3079701e-15,4.4810316e-17
5038.5,1.29088e-15,4.4582968e-17
5040.0,1.2171201e-15,4.370059e-17
5041.5,1.29866e-15,4.4220248e-17
5043.0,1.3483899e-15,4.5030743e-17
5044.5,1.31537e-15,4.447781e-17
5046.0,1.33733e-15,4.4484255e-17
5047.5,1.32954e-15,4.4549255e-17
5049.0,1.30393e-15,4.4284434e-17
5050.5,1.31401e-15,4.4422535e-17
5052.0,1.27099e-15,4.3986003e-17
5053.5,1.2459101e-15,4.3868519e-17
5055.0,1.2515e-15,4.4069364e-17
5056.5,1.27782e-15,4.4202057e-17
5058.0,1.2586799e-15,4.3950295e-17
5059.5,1.2856899e-15,4.4014234e-17
5061.0,1.32486e-15,4.4458232e-17
5062.5,1.3046201e-15,4.4388335e-17
5064.0,1.24648e-15,4.3776839e-17
5065.5,1.28376e-15,4.4123636e-17
5067.0,1.39628e-15,4.5070141e-17
5068.5,1.41126e-15,4.5226906e-17
5070.0,1.3233e-15,4.5340275e-17
5071.5,1.33032e-15,4.5289373e-17
5073.0,1.33541e-15,4.4558126e-17
5074.5,1.31968e-15,4.4216325e-17
5076.0,1.31621e-15,4.4292405e-17
5077.5,1.3205101e-15,4.4370959e-17
5079.0,1.29995e-15,4.41673e-17
5080.5,1.27906e-15,4.4210677e-17
5082.0,1.29334e-15,4.4501576e-17
5083.5,1.3552999e-15,4.5157038e-17
5085.0,1.34507e-15,4.5236422e-17
5086.5,1.33363e-15,4.4958143e-17
5088.0,1.32354e-15,4.4588731e-17
5089.5,1.31704e-15,4.4309313e-17
5091.0,1.35665e-15,4.4556445e-17
5092.5,1.37689e-15,4.4932231e-17
5094.0,1.41878e-15,4.505911e-17
5095.5,1.3895901e-15,4.4770847e-17
5097.0,1.4264501e-15,4.517815e-17
5098.5,1.42805e-15,4.5278869e-17
5100.0,1.4234e-15,4.4948447e-17
5101.5,1.41648e-15,4.4859197e-17
5103.0,1.3329801e-15,4.4056655e-17
5104.5,1.34105e-15,4.3961728e-17
5106.0,1.3375e-15,4.4009665e-17
5107.5,1.37338e-15,4.4146399e-17
5109.0,1.3648401e-15,4.4444248e-17
5110.5,1.4228e-15,4.50328e-17
5112.0,1.42491e-15,4.459807e-17
5113.5,1.45119e-15,4.4894802e-17
5115.0,1.4677401e-15,4.5120818e-17
5116.5,1.4688199e-15,4.5155309e-17
5118.0,1.4322899e-15,4.5083377e-17
5119.5,1.4005899e-15,4.4717401e-17
5121.0,1.41274e-15,4.4598937e-17
5122.5,1.4474601e-15,4.490639e-17
5124.0,1.45336e-15,4.4965476e-17
5125.5,1.4705301e-15,4.5165459e-17
5127.0,1.4005899e-15,4.4557809e-17
5128.5,1.39939e-15,4.4487949e-17
5130.0,1.4589e-15,4.5002925e-17
5131.5,1.47437e-15,4.5053871e-17
5133.0,1.47885e-15,4.5124674e-17
5134.5,1.5071301e-15,4.5488556e-17
5136.0,1.4663599e-15,4.5203494e-17
5137.5,1.4602e-15,4.5081408e-17
5139.0,1.48946e-15,4.5346543e-17
5140.5,1.5366499e-15,4.5789329e-17
5142.0,1.5827399e-15,4.6069203e-17
5143.5,1.59113e-15,4.6076127e-17
5145.0,1.5949301e-15,4.6210745e-17
5146.5,1.6144e-15,4.6466887e-17
5148.0,1.59558e-15,4.6461744e-17
5149.5,1.6438101e-15,4.6856736e-17
5151.0,1.64132e-15,4.6867199e-17
5152.5,1.63008e-15,4.6586974e-17
5154.0,1.6558501e-15,4.6892248e-17
5155.5,1.61026e-15,4.6561825e-17
5157.0,1.61816e-15,4.6508675e-17
5158.5,1.6982201e-15,4.6965703e-17
5160.0,1.68404e-15,4.6773009e-17
5161.5,1.6445001e-15,4.6454875e-17
5163.0,1.72381e-15,4.6945104e-17
5164.5,1.80989e-15,4.77357e-17
5166.0,1.79706e-15,4.7619657e-17
5167.5,1.75719e-15,4.7304126e-17
5169.0,1.72593e-15,4.6988993e-17
5170.5,1.76283e-15,4.7134155e-17
5172.0,1.796e-15,4.7519454e-17
5173.5,1.78543e-15,4.7334234e-17
5175.0,1.80207e-15,4.7556393e-17
5176.5,1.8002099e-15,4.7493251e-17
5178.0,1.8081199e-15,4.7594387e-17
5179.5,1.8156901e-15,4.7460209e-17
5181.0,1.7933e-15,4.738824e-17
5182.5,1.89561e-15,4.8033154e-17
5184.0,1.94666e-15,4.8497855e-17
5185.5,1.8915499e-15,4.8107435e-17
5187.0,1.8899501e-15,4.8138453e-17
5188.5,1.88558e-15,4.8091566e-17
5190.0,1.8747899e-15,4.8123148e-17
5191.5,1.83002e-15,4.7864455e-17
5193.0,1.9133199e-15,4.8644713e-17
5194.5,1.92159e-15,4.9021292e-17
5196.0,1.9226401e-15,4.9353407e-17
5197.5,1.9537399e-15,4.9869596e-17
5199.0,1.94403e-15,4.9879565e-17
5200.5,1.95463e-15,4.9659304e-17
5202.0,1.95042e-15,4.9372306e-17
5203.5,1.9677101e-15,4.9075995e-17
5205.0,1.9596399e-15,4.8604179e-17
5206.5,1.9727899e-15,4.9065583e-17
5208.0,2.0119902e-15,4.956069e-17
5209.5,2.03721e-15,4.9311848e-17
5211.0,2.0626701e-15,4.9454942e-17
5212.5,2.06e-15,4.9457747e-17
5214.0,2.0937901e-15,4.9634425e-17
5215.5,2.1120902e-15,4.9813569e-17
5217.0,2.10677e-15,4.9723804e-17
5218.5,2.1192301e-15,4.9741191e-17
5220.0,2.0842499e-15,4.9654021e-17
5221.5,2.1181901e-15,4.9971599e-17
5223.0,2.12434e-15,4.9982339e-17
5224.5,2.0914198e-15,4.9675918e-17
5226.0,2.1377699e-15,4.9908939e-17
5227.5,2.17464e-15,5.0158891e-17
5229.0,2.1200801e-15,4.9666022e-17
5230.5,2.12192e-15,4.9666369e-17
5232.0,2.1455901e-15,4.9927499e-17
5233.5,2.1777101e-15,5.0877525e-17
5235.0,2.17455e-15,5.0481678e-17
5236.5,2.24022e-15,5.0489771e-17
5238.0,2.2587e-15,5.0679493e-17
5239.5,2.21291e-15,5.028327e-17
5241.0,2.2323301e-15,5.0529405e-17
5242.5,2.19618e-15,5.0149121e-17
5244.0,2.1755499e-15,4.9813547e-17
5245.5,2.20557e-15,5.0119695e-17
5247.0,2.1407199e-15,4.975303e-17
5248.5,2.1967499e-15,5.0161118e-17
5250.0,2.2015401e-15,5.0034147e-17
5251.5,2.20411e-15,5.0101972e-17
5253.0,2.3009301e-15,5.0756391e-17
5254.5,2.2858101e-15,5.078936e-17
5256.0,2.2508499e-15,5.1352439e-17
5257.5,2.2194499e-15,5.0725565e-17
5259.0,2.1730899e-15,5.0717715e-17
5260.5,2.2052801e-15,5.0610997e-17
5262.0,2.20016e-15,5.0052958e-17
5263.5,2.2103001e-15,5.0034545e-17
5265.0,2.2530899e-15,5.0214696e-17
5266.5,2.20973e-15,4.9973261e-17
5268.0,2.1781899e-15,4.9608122e-17
5269.5,2.2032801e-15,4.9732966e-17
5271.0,2.16472e-15,4.9432525e-17
5272.5,2.1644599e-15,4.9847696e-17
5274.0,2.2537501e-15,5.0982559e-17
5275.5,2.2336299e-15,5.0378813e-17
5277.0,2.21103e-15,4.9792757e-17
5278.5,2.2026501e-15,4.9705631e-17
5280.0,2.16485e-15,4.9414713e-17
5281.5,2.1784201e-15,4.9597563e-17
5283.0,2.2088e-15,4.9834419e-17
5284.5,2.1982902e-15,4.9749748e-17
5286.0,2.1855599e-15,4.9530313e-17
5287.5,2.1650802e-15,4.9286312e-17
5289.0,2.11606e-15,4.9007934e-17
5290.5,2.09107e-15,4.8908273e-17
5292.0,2.0869401e-15,4.8857876e-17
5293.5,2.07059e-15,4.8649229e-17
5295.0,2.0618e-15,4.84709e-17
5296.5,2.08075e-15,4.8556145e-17
5298.0,2.11084e-15,4.9373129e-17
5299.5,2.1338001e-15,5.0152041e-17
5301.0,2.14218e-15,5.0458288e-17
5302.5,2.0798199e-15,4.9492065e-17
5304.0,2.0558601e-15,4.859557e-17
5305.5,2.06652e-15,4.8430495e-17
5307.0,2.0897099e-15,4.8612109e-17
5308.5,2.0474999e-15,4.8353006e-17
5310.0,2.0013298e-15,4.8169899e-17
5311.5,2.0436698e-15,4.8527597e-17
5313.0,2.0964601e-15,4.8642445e-17
5314.5,2.0452299e-15,4.8203085e-17
5316.0,2.0911901e-15,4.8645612e-17
5317.5,2.10726e-15,4.8670639e-17
5319.0,2.0209999e-15,4.813804e-17
5320.5,2.0038299e-15,4.799116e-17
5322.0,2.00331e-15,4.8109403e-17
5323.5,2.04109e-15,4.8261818e-17
5325.0,1.96451e-15,4.7541952e-17
5326.5,1.98989e-15,4.8501918e-17
5328.0,2.0052099e-15,4.8688934e-17
5329.5,1.9041099e-15,4.7345977e-17
5331.0,1.9037701e-15,4.722464e-17
5332.5,1.9017899e-15,4.7236253e-17
5334.0,1.88206e-15,4.6964578e-17
5335.5,1.90218e-15,4.7111738e-17
5337.0,1.9203899e-15,4.727914e-17
5338.5,1.8976501e-15,4.7008556e-17
5340.0,1.8709501e-15,4.6771508e-17
5341.5,1.85858e-15,4.670229e-17
5343.0,1.90065e-15,4.6981885e-17
5344.5,1.9287999e-15,4.7186141e-17
5346.0,1.8884701e-15,4.6911638e-17
5347.5,1.8449599e-15,4.6454742e-17
5349.0,1.7684601e-15,4.5838029e-17
5350.5,1.73176e-15,4.5684008e-17
5352.0,1.75683e-15,4.5907675e-17
5353.5,1.75193e-15,4.5702723e-17
5355.0,1.73892e-15,4.5503068e-17
5356.5,1.7732001e-15,4.5866345e-17
5358.0,1.7249399e-15,4.5489769e-17
5359.5,1.6723799e-15,4.501855e-17
5361.0,1.72016e-15,4.533859e-17
5362.5,1.72112e-15,4.517572e-17
5364.0,1.68626e-15,4.4878804e-17
5365.5,1.70243e-15,4.4940538e-17
5367.0,1.72523e-15,4.5169592e-17
5368.5,1.76414e-15,4.5672029e-17
5370.0,1.7825201e-15,4.5790199e-17
5371.5,1.7367801e-15,4.5271912e-17
5373.0,1.71284e-15,4.5083174e-17
5374.5,1.71193e-15,4.5135249e-17
5376.0,1.67394e-15,4.4815979e-17
5377.5,1.6128e-15,4.4443363e-17
5379.0,1.5966801e-15,4.4348491e-17
5380.5,1.6390001e-15,4.443204e-17
5382.0,1.6955399e-15,4.4943506e-17
5383.5,1.73183e-15,4.5064607e-17
5385.0,1.69101e-15,4.4677907e-17
5386.5,1.65746e-15,4.4589104e-17
5388.0,1.69646e-15,4.4699177e-17
5389.5,1.69662e-15,4.4807392e-17
5391.0,1.7138e-15,4.5053989e-17
5392.5,1.63553e-15,4.4267422e-17
5394.0,1.6091e-15,4.4074644e-17
5395.5,1.6618901e-15,4.4491923e-17
5397.0,1.6634e-15,4.4372279e-17
5398.5,1.65082e-15,4.4344295e-17
5400.0,1.6491999e-15,4.4305759e-17
5401.5,1.6759799e-15,4.4557101e-17
5403.0,1.6983101e-15,4.4849216e-17
5404.5,1.68404e-15,4.4543692e-17
5406.0,1.73717e-15,4.4814729e-17
5407.5,1.7132601e-15,4.4654532e-17
5409.0,1.67578e-15,4.4442212e-17
5410.5,1.67456e-15,4.4421562e-17
5412.0,1.67921e-15,4.4384125e-17
5413.5,1.6907001e-15,4.4500757e-17
5415.0,1.7110999e-15,4.4950618e-17
5416.5,1.6893801e-15,4.4896088e-17
5418.0,1.7102799e-15,4.4854474e-17
5419.5,1.6934399e-15,4.4642656e-17
5421.0,1.69931e-15,4.4624015e-17
5422.5,1.73138e-15,4.4791037e-17
5424.0,1.72444e-15,4.4847734e-17
5425.5,1.65237e-15,4.4370985e-17
5427.0,1.6189099e-15,4.4018153e-17
5428.5,1.63479e-15,4.4037863e-17
5430.0,1.6945999e-15,4.4490932e-17
5431.5,1.71021e-15,4.4689075e-17
5433.0,1.70313e-15,4.4644721e-17
5434.5,1.73743e-15,4.4965425e-17
5436.0,1.76577e-15,4.5078083e-17
5437.5,1.6826399e-15,4.4683024e-17
5439.0,1.63351e-15,4.5021105e-17
5440.5,1.70319e-15,4.4751469e-17
5442.0,1.7641e-15,4.5266544e-17
5443.5,1.7249599e-15,4.5974604e-17
5445.0,1.66067e-15,4.4532317e-17
5446.5,1.6643099e-15,4.4230402e-17
5448.0,1.66286e-15,4.4237175e-17
5449.5,1.68837e-15,4.4431155e-17
5451.0,1.7165701e-15,4.472326e-17
5452.5,1.7473801e-15,4.4836696e-17
5454.0,1.68277e-15,4.4340026e-17
5455.5,1.6152199e-15,4.446513e-17
5457.0,1.60079e-15,4.512053e-17
5458.5,1.6548001e-15,4.6248355e-17
5460.0,1.6075501e-15,4.6393864e-17
5461.5,1.62862e-15,4.6628275e-17
5463.0,1.67323e-15,4.6518028e-17
5464.5,1.68089e-15,4.552155e-17
5466.0,1.64606e-15,4.4459965e-17
5467.5,1.69723e-15,4.4875172e-17
5469.0,1.6181901e-15,4.4404149e-17
5470.5,1.58318e-15,4.4080403e-17
5472.0,1.65579e-15,4.4406154e-17
5473.5,1.7021e-15,4.4546519e-17
5475.0,1.67748e-15,4.4185388e-17
5476.5,1.7058001e-15,4.4497874e-17
5478.0,1.70941e-15,4.4519638e-17
5479.5,1.7046601e-15,4.4552212e-17
5481.0,1.7091e-15,4.4506594e-17
5482.5,1.72609e-15,4.4871847e-17
5484.0,1.7551e-15,4.5373815e-17
5485.5,1.76793e-15,4.558167e-17
5487.0,1.7192399e-15,4.4672351e-17
5488.5,1.6371e-15,4.3914417e-17
5490.0,1.64638e-15,4.3767832e-17
5491.5,1.66338e-15,4.383975e-17
5493.0,1.69762e-15,4.4112376e-17
5494.5,1.66161e-15,4.3889637e-17
5496.0,1.6416e-15,4.3698407e-17
5497.5,1.69696e-15,4.409706e-17
5499.0,1.67382e-15,4.4050513e-17
5500.5,1.6238299e-15,4.3640331e-17
5502.0,1.58684e-15,4.3272069e-17
5503.5,1.6048e-15,4.3406008e-17
5505.0,1.63127e-15,4.3631987e-17
5506.5,1.63836e-15,4.3735712e-17
5508.0,1.664e-15,4.3862583e-17
5509.5,1.6896599e-15,4.4202802e-17
5511.0,1.6739499e-15,4.4720439e-17
5512.5,1.6209801e-15,4.3817831e-17
5514.0,1.60559e-15,4.3244096e-17
5515.5,1.6176701e-15,4.3432915e-17
5517.0,1.55123e-15,4.3866071e-17
5518.5,1.5198501e-15,4.2980931e-17
5520.0,1.6170501e-15,4.3313827e-17
5521.5,1.54716e-15,4.2718001e-17
5523.0,1.4930901e-15,4.2252294e-17
5524.5,1.5430599e-15,4.2676047e-17
5526.0,1.58938e-15,4.3442586e-17
5527.5,1.6080199e-15,4.3436919e-17
5529.0,1.54103e-15,4.2626432e-17
5530.5,1.5703501e-15,4.2782423e-17
5532.0,1.51542e-15,4.238454e-17
5533.5,1.5010099e-15,4.2071818e-17
5535.0,1.55178e-15,4.2694032e-17
5536.5,1.5311e-15,4.2390716e-17
5538.0,1.49799e-15,4.2259325e-17
5539.5,1.52956e-15,4.2322364e-17
5541.0,1.5463e-15,4.2568702e-17
5542.5,1.5700199e-15,4.2832288e-17
5544.0,1.5850399e-15,4.3029521e-17
5545.5,1.48083e-15,4.2471718e-17
5547.0,1.55113e-15,4.342897e-17
5548.5,1.5761e-15,4.2997798e-17
5550.0,1.57906e-15,4.2868372e-17
5551.5,1.56784e-15,4.2761186e-17
5553.0,1.5454701e-15,4.2604989e-17
5554.5,1.52105e-15,4.235413e-17
5556.0,1.52339e-15,4.2451126e-17
5557.5,1.5435e-15,4.2635041e-17
5559.0,1.52019e-15,4.2435999e-17
5560.5,1.52315e-15,4.2502846e-17
5562.0,1.5225199e-15,4.2626742e-17
5563.5,1.54031e-15,4.2728929e-17
5565.0,1.5212199e-15,4.2519578e-17
5566.5,1.51567e-15,4.2544955e-17
5568.0,1.5596699e-15,4.3168337e-17
5569.5,1.5230401e-15,4.4108792e-17
5571.0,1.43719e-15,4.8165957e-17
5572.5,1.41142e-15,6.0323862e-17
5574.0,1.46614e-15,7.8426652e-17
5575.5,1.5329799e-15,9.1916808e-17
5577.0,1.54221e-15,9.6153674e-17
5578.5,1.58268e-15,9.261551e-17
5580.0,1.5397299e-15,7.9306332e-17
5581.5,1.5325299e-15,6.1439775e-17
5583.0,1.55393e-15,4.9260261e-17
5584.5,1.58386e-15,4.4855687e-17
5586.0,1.58744e-15,4.3545204e-17
5587.5,1.5672801e-15,4.3044143e-17
5589.0,1.58911e-15,4.3229094e-17
5590.5,1.5842399e-15,4.3016878e-17
5592.0,1.57145e-15,4.27353e-17
5593.5,1.54715e-15,4.2512005e-17
5595.0,1.6245399e-15,4.3151573e-17
5596.5,1.61871e-15,4.3137802e-17
5598.0,1.57538e-15,4.2708887e-17
5599.5,1.57978e-15,4.2843718e-17
5601.0,1.5773701e-15,4.2784683e-17
5602.5,1.6282999e-15,4.3354166e-17
5604.0,1.6311001e-15,4.331052e-17
5605.5,1.62838e-15,4.3242364e-17
5607.0,1.5872999e-15,4.2915119e-17
5608.5,1.63651e-15,4.3330854e-17
5610.0,1.6819701e-15,4.36414e-17
5611.5,1.65942e-15,4.3424881e-17
5613.0,1.6646499e-15,4.3440783e-17
5614.5,1.6948901e-15,4.3724301e-17
5616.0,1.70797e-15,4.3773484e-17
5617.5,1.662e-15,4.3469478e-17
5619.0,1.6664799e-15,4.3702146e-17
5620.5,1.69363e-15,4.3892642e-17
5622.0,1.6648999e-15,4.3680198e-17
5623.5,1.7041499e-15,4.3967373e-17
5625.0,1.7624901e-15,4.4284725e-17
5626.5,1.7881401e-15,4.4517699e-17
5628.0,1.8479099e-15,4.4864794e-17
5629.5,1.86114e-15,4.4888055e-17
5631.0,1.81468e-15,4.4624778e-17
5632.5,1.79828e-15,4.4568427e-17
5634.0,1.7987799e-15,4.4542361e-17
5635.5,1.7764301e-15,4.434365e-17
5637.0,1.75962e-15,4.4375531e-17
5638.5,1.7850099e-15,4.4589074e-17
5640.0,1.77057e-15,4.4419667e-17
5641.5,1.7114101e-15,4.4074725e-17
5643.0,1.75963e-15,4.4564228e-17
5644.5,1.79948e-15,4.4840681e-17
5646.0,1.7614e-15,4.4506443e-17
5647.5,1.7586201e-15,4.4393984e-17
5649.0,1.83118e-15,4.4933105e-17
5650.5,1.8738901e-15,4.5345024e-17
5652.0,1.86493e-15,4.5316491e-17
5653.5,1.8550202e-15,4.5128889e-17
5655.0,1.8251999e-15,4.4711207e-17
5656.5,1.8538701e-15,4.5084314e-17
5658.0,1.8520401e-15,4.5138371e-17
5659.5,1.83936e-15,4.4889422e-17
5661.0,1.85388e-15,4.5217873e-17
5662.5,1.8525599e-15,4.5503462e-17
5664.0,1.8604501e-15,4.5621901e-17
5665.5,1.87423e-15,4.5710487e-17
5667.0,1.9113199e-15,4.5929767e-17
5668.5,1.87132e-15,4.5750409e-17
5670.0,1.8816299e-15,4.6015256e-17
5671.5,1.8881599e-15,4.6268305e-17
5673.0,1.92007e-15,4.6553036e-17
5674.5,1.94635e-15,4.6727973e-17
5676.0,1.8781901e-15,4.6112864e-17
5677.5,1.8275901e-15,4.5695699e-17
5679.0,1.9000501e-15,4.6534572e-17
5680.5,1.9325e-15,4.719496e-17
5682.0,1.8559199e-15,4.708579e-17
5683.5,1.9057e-15,4.7732452e-17
5685.0,1.96383e-15,4.850903e-17
5686.5,1.9015801e-15,4.8292666e-17
5688.0,1.9127001e-15,4.832343e-17
5689.5,1.9429801e-15,4.8409413e-17
5691.0,1.9421e-15,4.8095131e-17
5692.5,1.93151e-15,4.7742108e-17
5694.0,1.94716e-15,4.768819e-17
5695.5,1.87087e-15,4.6845649e-17
5697.0,1.90303e-15,4.6770461e-17
5698.5,1.93427e-15,4.6857904e-17
5700.0,1.90942e-15,4.6390044e-17
5701.5,1.9342999e-15,4.648489e-17
5703.0,1.92506e-15,4.6451428e-17
5704.5,1.95525e-15,4.6463908e-17
5706.0,1.94035e-15,4.6250788e-17
5707.5,1.9216899e-15,4.6194213e-17
5709.0,1.9768099e-15,4.6720835e-17
5710.5,2.0064599e-15,4.6918923e-17
5712.0,1.9839401e-15,4.6778049e-17
5713.5,1.99114e-15,4.6860611e-17
5715.0,1.9993101e-15,4.6776088e-17
5716.5,1.96047e-15,4.63932e-17
5718.0,1.97201e-15,4.6362396e-17
5719.5,2.01695e-15,4.6637367e-17
5721.0,2.03417e-15,4.6752524e-17
5722.5,2.0571101e-15,4.6790021e-17
5724.0,2.0550699e-15,4.6851869e-17
5725.5,2.0459001e-15,4.6929151e-17
5727.0,1.96633e-15,4.6371841e-17
5728.5,1.97523e-15,4.6045478e-17
5730.0,2.0576501e-15,4.6684914e-17
5731.5,2.01721e-15,4.6476182e-17
5733.0,2.02441e-15,4.6678863e-17
5734.5,1.95225e-15,4.62271e-17
5736.0,1.94631e-15,4.6027504e-17
5737.5,1.9425e-15,4.5809087e-17
5739.0,1.93052e-15,4.5860715e-17
5740.5,1.96451e-15,4.614518e-17
5742.0,1.96943e-15,4.6206331e-17
5743.5,2.0021201e-15,4.6425084e-17
5745.0,1.9840201e-15,4.6214104e-17
5746.5,1.9773601e-15,4.6318333e-17
5748.0,1.98928e-15,4.6346918e-17
5749.5,2.0116101e-15,4.6451136e-17
5751.0,2.0274e-15,4.670333e-17
5752.5,1.9864399e-15,4.6424155e-17
5754.0,1.9815201e-15,4.6288989e-17
5755.5,1.9760701e-15,4.6278831e-17
5757.0,1.9877e-15,4.6313662e-17
5758.5,2.0318201e-15,4.6683586e-17
5760.0,1.9980899e-15,4.6590971e-17
5761.5,1.9886701e-15,4.6354085e-17
5763.0,2.0095101e-15,4.6640515e-17
5764.5,2.0226901e-15,4.693227e-17
5766.0,1.9768699e-15,4.6822842e-17
5767.5,1.93436e-15,4.6642849e-17
5769.0,1.9539301e-15,4.6945226e-17
5770.5,1.9486601e-15,4.6792775e-17
5772.0,1.9068101e-15,4.6379532e-17
5773.5,1.9375301e-15,4.6333918e-17
5775.0,1.95421e-15,4.6256654e-17
5776.5,1.9288101e-15,4.6096634e-17
5778.0,1.9084701e-15,4.5870552e-17
5779.5,1.9112199e-15,4.5752209e-17
5781.0,1.8799301e-15,4.5478878e-17
5782.5,1.8860499e-15,4.5539834e-17
5784.0,1.9226401e-15,4.5758373e-17
5785.5,1.93092e-15,4.589062e-17
5787.0,1.8807901e-15,4.6094706e-17
5788.5,1.86905e-15,4.6452681e-17
5790.0,1.89141e-15,4.6522375e-17
5791.5,1.86877e-15,4.6158276e-17
5793.0,1.8519799e-15,4.5893193e-17
5794.5,1.92968e-15,4.6219907e-17
5796.0,1.9396201e-15,4.6034251e-17
5797.5,1.8568099e-15,4.5386727e-17
5799.0,1.77756e-15,4.4787652e-17
5800.5,1.8447501e-15,4.5318268e-17
5802.0,1.81549e-15,4.5145701e-17
5803.5,1.8086199e-15,4.5251995e-17
5805.0,1.85339e-15,4.5588841e-17
5806.5,1.8727799e-15,4.5636785e-17
5808.0,1.8377301e-15,4.5203331e-17
5809.5,1.8356e-15,4.5227086e-17
5811.0,1.8721499e-15,4.5481979e-17
5812.5,1.8600301e-15,4.5345665e-17
5814.0,1.8410901e-15,4.5302576e-17
5815.5,1.87548e-15,4.556986e-17
5817.0,1.7827401e-15,4.4898695e-17
5818.5,1.76675e-15,4.4833776e-17
5820.0,1.76755e-15,4.4836563e-17
5821.5,1.7883701e-15,4.49172e-17
5823.0,1.8192199e-15,4.5177571e-17
5824.5,1.83436e-15,4.5443598e-17
5826.0,1.81925e-15,4.5362968e-17
5827.5,1.76764e-15,4.4828481e-17
5829.0,1.7379901e-15,4.4555239e-17
5830.5,1.77399e-15,4.4881142e-17
5832.0,1.81566e-15,4.510975e-17
5833.5,1.78874e-15,4.5516536e-17
5835.0,1.80993e-15,4.7429603e-17
5836.5,1.81038e-15,4.6716492e-17
5838.0,1.8132599e-15,4.5296865e-17
5839.5,1.79518e-15,4.5005778e-17
5841.0,1.7592501e-15,4.483775e-17
5842.5,1.77176e-15,4.4955253e-17
5844.0,1.79305e-15,4.5119856e-17
5845.5,1.78007e-15,4.5017912e-17
5847.0,1.76191e-15,4.4801025e-17
5848.5,1.7905199e-15,4.5041471e-17
5850.0,1.7736e-15,4.4932187e-17
5851.5,1.76967e-15,4.4951363e-17
5853.0,1.8030699e-15,4.5205905e-17
5854.5,1.79662e-15,4.5481389e-17
5856.0,1.7673e-15,4.5396092e-17
5857.5,1.77123e-15,4.5003666e-17
5859.0,1.8021801e-15,4.5248784e-17
5860.5,1.7986099e-15,4.5360291e-17
5862.0,1.83239e-15,4.5477392e-17
5863.5,1.87719e-15,4.5874098e-17
5865.0,1.8403999e-15,4.5971518e-17
5866.5,1.82761e-15,4.5923935e-17
5868.0,1.8027301e-15,4.5557454e-17
5869.5,1.8080901e-15,4.5557561e-17
5871.0,1.7896999e-15,4.5302687e-17
5872.5,1.75394e-15,4.4803827e-17
5874.0,1.7657301e-15,4.4859599e-17
5875.5,1.7825601e-15,4.502171e-17
5877.0,1.81509e-15,4.5090382e-17
5878.5,1.7894299e-15,4.4658079e-17
5880.0,1.77623e-15,4.4543433e-17
5881.5,1.7944399e-15,4.4758319e-17
5883.0,1.74687e-15,4.46004e-17
5884.5,1.77281e-15,4.5307978e-17
5886.0,1.7793799e-15,4.6522913e-17
5887.5,1.6904e-15,4.7093271e-17
5889.0,1.7381001e-15,4.8088263e-17
5890.5,1.72561e-15,4.8017252e-17
5892.0,1.69351e-15,4.7709006e-17
5893.5,1.68992e-15,4.779187e-17
5895.0,1.6863299e-15,5.0905771e-17
5896.5,1.68274e-15,5.048444e-17
5898.0,1.68274e-15,4.6182097e-17
5899.5,1.6834001e-15,4.5300073e-17
5901.0,1.72333e-15,4.4690299e-17
5902.5,1.76105e-15,4.4648585e-17
5904.0,1.71599e-15,4.4305966e-17
5905.5,1.7011e-15,4.4165844e-17
5907.0,1.78356e-15,4.4797227e-17
5908.5,1.76771e-15,4.4764391e-17
5910.0,1.7194e-15,4.4477102e-17
5911.5,1.7049201e-15,4.4465868e-17
5913.0,1.7032501e-15,4.4571874e-17
5914.5,1.755e-15,4.5089671e-17
5916.0,1.73847e-15,4.4953885e-17
5917.5,1.7073801e-15,4.4590984e-17
5919.0,1.7489901e-15,4.4798311e-17
5920.5,1.7746901e-15,4.504837e-17
5922.0,1.7883701e-15,4.5177825e-17
5923.5,1.80074e-15,4.5216132e-17
5925.0,1.7797901e-15,4.5192765e-17
5926.5,1.7783901e-15,4.5224583e-17
5928.0,1.7834899e-15,4.5282656e-17
5929.5,1.7987401e-15,4.5540099e-17
5931.0,1.8014701e-15,4.564688e-17
5932.5,1.76264e-15,4.5333502e-17
5934.0,1.7379499e-15,4.5120586e-17
5935.5,1.7596901e-15,4.5158694e-17
5937.0,1.77448e-15,4.5084255e-17
5938.5,1.80047e-15,4.5050818e-17
5940.0,1.7950199e-15,4.5023424e-17
5941.5,1.7561801e-15,4.4901534e-17
5943.0,1.72376e-15,4.471732e-17
5944.5,1.77267e-15,4.4980372e-17
5946.0,1.7815699e-15,4.4962427e-17
5947.5,1.8124201e-15,4.5600204e-17
5949.0,1.8389799e-15,4.6408077e-17
5950.5,1.8132801e-15,4.5487343e-17
5952.0,1.8019201e-15,4.5417561e-17
5953.5,1.8331701e-15,4.5602158e-17
5955.0,1.7761901e-15,4.5198203e-17
5956.5,1.78503e-15,4.503854e-17
5958.0,1.88085e-15,4.5536892e-17
5959.5,1.85211e-15,4.5484084e-17
5961.0,1.8228801e-15,4.5167823e-17
5962.5,1.7962801e-15,4.4750687e-17
5964.0,1.80421e-15,4.4897523e-17
5965.5,1.77321e-15,4.4759576e-17
5967.0,1.7828701e-15,4.4906939e-17
5968.5,1.82059e-15,4.5169696e-17
5970.0,1.8589301e-15,4.545043e-17
5971.5,1.84214e-15,4.5237587e-17
5973.0,1.8337899e-15,4.524885e-17
5974.5,1.76854e-15,4.4850315e-17
5976.0,1.73748e-15,4.4680997e-17
5977.5,1.77735e-15,4.4882768e-17
5979.0,1.81606e-15,4.5112917e-17
5980.5,1.8107199e-15,4.4980984e-17
5982.0,1.8308399e-15,4.5003916e-17
5983.5,1.8116e-15,4.4804675e-17
5985.0,1.80927e-15,4.465041e-17
5986.5,1.84204e-15,4.4939723e-17
5988.0,1.7930099e-15,4.467537e-17
5989.5,1.75521e-15,4.474339e-17
5991.0,1.78508e-15,4.50646e-17
5992.5,1.76241e-15,4.4382377e-17
5994.0,1.7304799e-15,4.4023226e-17
5995.5,1.7507101e-15,4.4275294e-17
5997.0,1.7431001e-15,4.4215322e-17
5998.5,1.7027599e-15,4.392178e-17
6000.0,1.711e-15,4.3959475e-17
6001.5,1.71467e-15,4.4002089e-17
6003.0,1.719e-15,4.4022658e-17
6004.5,1.74075e-15,4.4144795e-17
6006.0,1.7292201e-15,4.3976575e-17
6007.5,1.71361e-15,4.3778974e-17
6009.0,1.68431e-15,4.3528034e-17
6010.5,1.6929801e-15,4.3473195e-17
6012.0,1.6765e-15,4.3403398e-17
6013.5,1.63251e-15,4.326367e-17
6015.0,1.7134699e-15,4.3690274e-17
6016.5,1.71355e-15,4.3576418e-17
6018.0,1.64973e-15,4.3178753e-17
6019.5,1.66774e-15,4.3193729e-17
6021.0,1.68203e-15,4.3250652e-17
6022.5,1.6780799e-15,4.3190212e-17
6024.0,1.65588e-15,4.3075327e-17
6025.5,1.6408e-15,4.3033606e-17
6027.0,1.66995e-15,4.3303699e-17
6028.5,1.5806e-15,4.2612477e-17
6030.0,1.55207e-15,4.2229471e-17
6031.5,1.5376299e-15,4.2172604e-17
6033.0,1.6061601e-15,4.2570756e-17
6034.5,1.60615e-15,4.2625293e-17
6036.0,1.4948601e-15,4.1797839e-17
6037.5,1.4894901e-15,4.1774995e-17
6039.0,1.48834e-15,4.1837805e-17
6040.5,1.5125801e-15,4.2073964e-17
6042.0,1.4492199e-15,4.1570916e-17
6043.5,1.47916e-15,4.1563073e-17
6045.0,1.50432e-15,4.1583053e-17
6046.5,1.5043301e-15,4.1575616e-17
6048.0,1.48266e-15,4.1721294e-17
6049.5,1.461e-15,4.1049879e-17
6051.0,1.4393299e-15,3.8454567e-17
6052.5,1.41766e-15,4.0300488e-17
6054.0,1.39599e-15,4.1108069e-17
6055.5,1.39599e-15,4.0735287e-17
6057.0,1.40205e-15,4.0733846e-17
6058.5,1.38473e-15,4.0603561e-17
6060.0,1.35391e-15,4.0484193e-17
6061.5,1.34998e-15,4.0427348e-17
6063.0,1.3614499e-15,4.0389645e-17
6064.5,1.3716399e-15,4.059949e-17
6066.0,1.34349e-15,4.0314251e-17
6067.5,1.31558e-15,3.9945038e-17
6069.0,1.32218e-15,3.9918853e-17
6070.5,1.29732e-15,3.9779484e-17
6072.0,1.2388999e-15,3.9421958e-17
6073.5,1.20616e-15,3.911796e-17
6075.0,1.20187e-15,3.907354e-17
6076.5,1.20421e-15,3.9106829e-17
6078.0,1.18606e-15,3.8971331e-17
6079.5,1.14009e-15,3.842089e-17
6081.0,1.16487e-15,3.8474001e-17
6082.5,1.1809301e-15,3.8550198e-17
6084.0,1.11647e-15,3.7950077e-17
6085.5,1.03363e-15,3.7348617e-17
6087.0,1.00952e-15,3.7109799e-17
6088.5,1.02421e-15,3.7109431e-17
6090.0,1.05101e-15,3.7876913e-17
6091.5,1.0686e-15,3.7990379e-17
6093.0,1.0350199e-15,3.7617221e-17
6094.5,1.00613e-15,3.7440849e-17
6096.0,9.5725607e-16,3.6673466e-17
6097.5,9.6833601e-16,3.6839813e-17
6099.0,1.04934e-15,3.7502277e-17
6100.5,1.00411e-15,3.744402e-17
6102.0,9.3708907e-16,3.6900002e-17
6103.5,9.5483705e-16,3.6952633e-17
6105.0,9.1952901e-16,3.8010933e-17
6106.5,8.6891403e-16,3.7012704e-17
6108.0,8.8688701e-16,3.5866629e-17
6109.5,9.1770302e-16,3.6282596e-17
6111.0,9.25425e-16,3.6841844e-17
6112.5,9.1596904e-16,3.6835971e-17
6114.0,8.87428e-16,3.6572868e-17
6115.5,8.8704302e-16,3.6366813e-17
6117.0,8.7555302e-16,3.5939446e-17
6118.5,8.7096205e-16,3.6207261e-17
6120.0,8.6297702e-16,3.6203795e-17
6121.5,7.9715001e-16,3.6729035e-17
6123.0,7.8136497e-16,3.7037864e-17
6124.5,8.1379098e-16,3.6097501e-17
6126.0,8.7240201e-16,3.5861744e-17
6127.5,8.3735597e-16,3.6146633e-17
6129.0,7.3406305e-16,3.6188251e-17
6130.5,7.0683497e-16,3.6246095e-17
6132.0,7.1106399e-16,3.6041301e-17
6133.5,7.3712497e-16,3.5290089e-17
6135.0,7.6624602e-16,3.5143677e-17
6136.5,7.3518902e-16,3.6021277e-17
6138.0,6.83572e-16,3.6311468e-17
6139.5,6.7657699e-16,3.6240565e-17
6141.0,7.0437005e-16,3.6520679e-17
6142.5,7.20032e-16,3.6836579e-17
6144.0,6.6238098e-16,3.7076116e-17
6145.5,6.4042996e-16,3.594477e-17
6147.0,7.226e-16,3.4843377e-17
6148.5,7.2639502e-16,3.4872503e-17
6150.0,6.6381104e-16,3.5446087e-17
6151.5,6.6591602e-16,3.6058906e-17
6153.0,6.7032403e-16,3.6799854e-17
6154.5,6.6288698e-16,3.7095243e-17
6156.0,6.3251698e-16,3.7228614e-17
6157.5,6.8283805e-16,3.6602839e-17
6159.0,7.0486403e-16,3.6541013e-17
6160.5,6.3305903e-16,3.6161447e-17
6162.0,6.3075298e-16,3.592048e-17
6163.5,6.2130396e-16,3.5431719e-17
6165.0,5.9979896e-16,3.43579e-17
6166.5,6.5826901e-16,3.3969353e-17
6168.0,6.4382498e-16,3.5248264e-17
6169.5,6.3615398e-16,3.5145749e-17
6171.0,6.9781502e-16,3.5314054e-17
6172.5,6.1063198e-16,3.6476669e-17
6174.0,6.15439e-16,3.4854471e-17
6175.5,6.5143197e-16,3.5130061e-17
6177.0,6.8954602e-16,3.5341444e-17
6178.5,7.0862697e-16,3.4610528e-17
6180.0,6.4711099e-16,3.5685501e-17
6181.5,6.6537101e-16,3.5959772e-17
6183.0,6.0617002e-16,3.6111253e-17
6184.5,6.5589901e-16,3.5211163e-17
6186.0,6.3435399e-16,3.5126094e-17
6187.5,6.0838999e-16,3.4938551e-17
6189.0,6.2737602e-16,3.3524477e-17
6190.5,6.0179298e-16,3.5193709e-17
6192.0,5.8147398e-16,3.6066472e-17
6193.5,6.2708904e-16,3.604275e-17
6195.0,6.7391799e-16,3.5526233e-17
6196.5,6.20433e-16,3.5723366e-17
6198.0,6.0286199e-16,3.6102401e-17
6199.5,6.2791505e-16,3.492575e-17
6201.0,6.7842003e-16,3.5379659e-17
6202.5,6.8930001e-16,3.5646744e-17
6204.0,7.0423103e-16,3.5714779e-17
6205.5,7.2630899e-16,3.4863994e-17
6207.0,6.89479e-16,3.4362678e-17
6208.5,6.0781904e-16,3.5237495e-17
6210.0,5.9425301e-16,3.586337e-17
6211.5,5.9684001e-16,3.5335173e-17
6213.0,6.40056e-16,3.5168313e-17
6214.5,6.3960098e-16,3.5843759e-17
6216.0,6.2961695e-16,3.6602308e-17
6217.5,6.5859999e-16,3.6814837e-17
6219.0,6.9980502e-16,3.5530469e-17
6220.5,6.9989999e-16,3.5283441e-17
6222.0,6.7339299e-16,3.6493068e-17
6223.5,6.7690998e-16,3.6380093e-17
6225.0,7.1794703e-16,3.5947561e-17
6226.5,7.0523397e-16,3.5629548e-17
6228.0,6.8382399e-16,3.6130145e-17
6229.5,6.8522398e-16,3.4856281e-17
6231.0,7.1452804e-16,3.5926689e-17
6232.5,7.34461e-16,3.5936459e-17
6234.0,7.01883e-16,3.6103695e-17
6235.5,7.4162001e-16,3.5774194e-17
6237.0,7.24591e-16,3.615724e-17
6238.5,6.9757801e-16,3.629574e-17
6240.0,7.68623e-16,3.5309312e-17
6241.5,7.8897397e-16,3.5881074e-17
6243.0,7.1146601e-16,3.686272e-17
6244.5,7.7826398e-16,3.5409523e-17
6246.0,8.3226302e-16,3.4898194e-17
6247.5,8.24742e-16,3.4887576e-17
6249.0,7.8139901e-16,3.5668254e-17
6250.5,7.63792e-16,3.5700588e-17
6252.0,8.3356401e-16,3.4972957e-17
6253.5,8.0200303e-16,3.5741447e-17
6255.0,8.2278404e-16,3.5918814e-17
6256.5,8.4037204e-16,3.596232e-17
6258.0,8.4340802e-16,3.6345163e-17
6259.5,7.6946601e-16,3.6815715e-17
6261.0,8.47567e-16,3.7345896e-17
6262.5,9.0930204e-16,3.6355217e-17
6264.0,8.9674404e-16,3.6137106e-17
6265.5,8.5482697e-16,3.6492261e-17
6267.0,8.6467098e-16,3.5804441e-17
6268.5,9.2008901e-16,3.5566682e-17
6270.0,8.8722498e-16,3.5030971e-17
6271.5,8.62358e-16,3.4814471e-17
6273.0,9.3057803e-16,3.5407636e-17
6274.5,9.65467e-16,3.6199736e-17
6276.0,9.65575e-16,3.7341468e-17
6277.5,9.8819501e-16,3.7831966e-17
6279.0,9.8964005e-16,3.7516951e-17
6280.5,9.8135998e-16,3.7249117e-17
6282.0,9.6550797e-16,3.6784361e-17
6283.5,9.8937207e-16,3.6770694e-17
6285.0,1.05181e-15,3.7419417e-17
6286.5,1.0560301e-15,3.7565707e-17
6288.0,1.03398e-15,3.7291377e-17
6289.5,1.0528801e-15,3.7231368e-17
6291.0,1.0679e-15,3.739867e-17
6292.5,1.0874199e-15,3.7900071e-17
6294.0,1.1178699e-15,3.9579486e-17
6295.5,1.07386e-15,4.4327903e-17
6297.0,1.07507e-15,5.2007197e-17
6298.5,1.14801e-15,5.8625046e-17
6300.0,1.19788e-15,6.1526436e-17
6301.5,1.22454e-15,6.0354788e-17
6303.0,1.2155101e-15,5.4316079e-17
6304.5,1.2154401e-15,4.6295253e-17
6306.0,1.15693e-15,4.1070463e-17
6307.5,1.1705101e-15,3.9636877e-17
6309.0,1.21024e-15,3.9183064e-17
6310.5,1.1834101e-15,3.8379202e-17
6312.0,1.1825401e-15,3.8074721e-17
6313.5,1.18036e-15,3.7936018e-17
6315.0,1.21189e-15,3.7946058e-17
6316.5,1.2399699e-15,3.809564e-17
6318.0,1.24913e-15,3.8131422e-17
6319.5,1.2447999e-15,3.8164553e-17
6321.0,1.2572e-15,3.8562756e-17
6322.5,1.30794e-15,3.9095547e-17
6324.0,1.3087e-15,3.9035299e-17
6325.5,1.25226e-15,3.8515184e-17
6327.0,1.24738e-15,3.886511e-17
6328.5,1.26985e-15,3.9227583e-17
6330.0,1.30074e-15,3.9209927e-17
6331.5,1.30438e-15,3.922584e-17
6333.0,1.31963e-15,3.931691e-17
6334.5,1.31876e-15,3.913308e-17
6336.0,1.31541e-15,3.8801942e-17
6337.5,1.3206001e-15,3.8613827e-17
6339.0,1.2846399e-15,3.8319658e-17
6340.5,1.2901301e-15,3.8546139e-17
6342.0,1.31994e-15,3.8745278e-17
6343.5,1.3848799e-15,3.9179185e-17
6345.0,1.41454e-15,3.9416974e-17
6346.5,1.40813e-15,3.9599882e-17
6348.0,1.40827e-15,3.9898951e-17
6349.5,1.44998e-15,4.0121015e-17
6351.0,1.4172601e-15,3.9571534e-17
6352.5,1.38012e-15,3.931326e-17
6354.0,1.3841701e-15,3.9537157e-17
6355.5,1.40465e-15,3.9921316e-17
6357.0,1.4240801e-15,4.0488193e-17
6358.5,1.4340399e-15,4.1679794e-17
6360.0,1.46332e-15,4.4087397e-17
6361.5,1.4751801e-15,4.6650603e-17
6363.0,1.43722e-15,4.7773727e-17
6364.5,1.36673e-15,4.7231357e-17
6366.0,1.36747e-15,4.5332429e-17
6367.5,1.37248e-15,4.2222813e-17
6369.0,1.37841e-15,4.0057405e-17
6370.5,1.39412e-15,3.9393034e-17
6372.0,1.42766e-15,3.9460387e-17
6373.5,1.42119e-15,3.9332934e-17
6375.0,1.48752e-15,3.9825375e-17
6376.5,1.4816901e-15,3.9998307e-17
6378.0,1.4519599e-15,3.973405e-17
6379.5,1.41986e-15,3.9424112e-17
6381.0,1.4800399e-15,3.9914289e-17
6382.5,1.47157e-15,3.989143e-17
6384.0,1.47955e-15,3.9899943e-17
6385.5,1.5151301e-15,4.0391112e-17
6387.0,1.58854e-15,4.0698149e-17
6388.5,1.52832e-15,3.9929291e-17
6390.0,1.4391001e-15,3.9359163e-17
6391.5,1.51027e-15,3.9871377e-17
6393.0,1.5023001e-15,3.9930711e-17
6394.5,1.49109e-15,3.9509634e-17
6396.0,1.5118099e-15,3.9682178e-17
6397.5,1.48227e-15,3.9673676e-17
6399.0,1.44146e-15,3.9491291e-17
6400.5,1.50615e-15,3.9939792e-17
6402.0,1.5199401e-15,3.9977649e-17
6403.5,1.5105099e-15,3.9987943e-17
6405.0,1.55378e-15,4.025564e-17
6406.5,1.55972e-15,4.021762e-17
6408.0,1.53732e-15,3.9974161e-17
6409.5,1.4839799e-15,3.9659681e-17
6411.0,1.52585e-15,4.0025852e-17
6412.5,1.55074e-15,4.0263755e-17
6414.0,1.52579e-15,4.0180268e-17
6415.5,1.52501e-15,4.0190813e-17
6417.0,1.52208e-15,4.0043376e-17
6418.5,1.49816e-15,3.9776025e-17
6420.0,1.51072e-15,3.9796536e-17
6421.5,1.5351699e-15,3.9939707e-17
6423.0,1.58959e-15,4.0379451e-17
6424.5,1.58542e-15,4.0372556e-17
6426.0,1.5546301e-15,4.0145998e-17
6427.5,1.56459e-15,4.0167043e-17
6429.0,1.5798e-15,4.026054e-17
6430.5,1.55279e-15,4.0130918e-17
6432.0,1.5083601e-15,3.9897023e-17
6433.5,1.4998899e-15,3.9748451e-17
6435.0,1.5768301e-15,4.0261085e-17
6436.5,1.60714e-15,4.0458882e-17
6438.0,1.55205e-15,3.9978434e-17
6439.5,1.52634e-15,3.9885103e-17
6441.0,1.5652099e-15,4.0144136e-17
6442.5,1.57607e-15,4.0141673e-17
6444.0,1.5757399e-15,4.0075566e-17
6445.5,1.55722e-15,3.9911734e-17
6447.0,1.5644501e-15,3.9920384e-17
6448.5,1.50273e-15,3.9719601e-17
6450.0,1.4787e-15,3.9741778e-17
6451.5,1.52169e-15,4.0031607e-17
6453.0,1.52467e-15,3.9857861e-17
6454.5,1.55147e-15,4.0209502e-17
6456.0,1.56214e-15,4.0405831e-17
6457.5,1.54509e-15,4.0320283e-17
6459.0,1.56e-15,4.0211242e-17
6460.5,1.5562901e-15,4.0177337e-17
6462.0,1.5512399e-15,4.0434644e-17
6463.5,1.5642001e-15,4.0660417e-17
6465.0,1.55075e-15,4.0720248e-17
6466.5,1.54783e-15,4.0647199e-17
6468.0,1.53231e-15,4.0420033e-17
6469.5,1.50254e-15,4.0121476e-17
6471.0,1.48304e-15,4.0014448e-17
6472.5,1.49877e-15,4.0144342e-17
6474.0,1.52921e-15,4.0192464e-17
6475.5,1.48376e-15,3.9838298e-17
6477.0,1.4942799e-15,3.9770657e-17
6478.5,1.5026601e-15,3.9731484e-17
6480.0,1.50659e-15,3.9766307e-17
6481.5,1.5596201e-15,3.9999833e-17
6483.0,1.5703599e-15,4.005819e-17
6484.5,1.56927e-15,4.0127799e-17
6486.0,1.5364601e-15,3.9812054e-17
6487.5,1.4783601e-15,3.9321799e-17
6489.0,1.5000201e-15,3.9370695e-17
6490.5,1.51309e-15,3.9513984e-17
6492.0,1.5007301e-15,3.9633345e-17
6493.5,1.48794e-15,3.9670082e-17
6495.0,1.4965599e-15,3.9874861e-17
6496.5,1.49876e-15,4.028859e-17
6498.0,1.5080901e-15,4.058857e-17
6499.5,1.53716e-15,4.0754965e-17
6501.0,1.5633301e-15,4.0911283e-17
6502.5,1.5567301e-15,4.0663632e-17
6504.0,1.54343e-15,4.0280254e-17
6505.5,1.54441e-15,4.0085241e-17
6507.0,1.53051e-15,3.9972878e-17
6508.5,1.5087e-15,3.978282e-17
6510.0,1.5153e-15,3.9616201e-17
6511.5,1.50782e-15,3.9563242e-17
6513.0,1.4855501e-15,3.9360523e-17
6514.5,1.45869e-15,3.9024164e-17
6516.0,1.45186e-15,3.9005929e-17
6517.5,1.4648301e-15,3.9173397e-17
6519.0,1.4896999e-15,3.9453319e-17
6520.5,1.5084e-15,3.97702e-17
6522.0,1.46908e-15,3.9684586e-17
6523.5,1.4390301e-15,3.9415846e-17
6525.0,1.46091e-15,3.9262794e-17
6526.5,1.5139901e-15,3.9661332e-17
6528.0,1.5042e-15,3.9826909e-17
6529.5,1.47734e-15,3.9727981e-17
6531.0,1.4913401e-15,4.0038019e-17
6532.5,1.53533e-15,4.0686111e-17
6534.0,1.52385e-15,4.0487813e-17
6535.5,1.50545e-15,4.0001441e-17
6537.0,1.5082501e-15,3.9716968e-17
6538.5,1.47025e-15,3.9425302e-17
6540.0,1.4795001e-15,3.9645029e-17
6541.5,1.47781e-15,3.9583188e-17
6543.0,1.50644e-15,3.9824557e-17
6544.5,1.49176e-15,3.9603123e-17
6546.0,1.4709199e-15,3.9407377e-17
6547.5,1.4438899e-15,3.9213138e-17
6549.0,1.41802e-15,3.9160798e-17
6550.5,1.44723e-15,3.9824004e-17
6552.0,1.45166e-15,4.0166033e-17
6553.5,1.43856e-15,4.0033602e-17
6555.0,1.5015499e-15,4.0284103e-17
6556.5,1.4701101e-15,3.9773821e-17
6558.0,1.41741e-15,3.916408e-17
6559.5,1.40144e-15,3.9078477e-17
6561.0,1.42618e-15,3.937116e-17
6562.5,1.46707e-15,3.9763851e-17
6564.0,1.44701e-15,3.955641e-17
6565.5,1.42748e-15,3.929206e-17
6567.0,1.43135e-15,3.9210609e-17
6568.5,1.4161701e-15,3.9145225e-17
6570.0,1.3901201e-15,3.8987564e-17
6571.5,1.43169e-15,3.9264762e-17
6573.0,1.43619e-15,3.932907e-17
6574.5,1.3898701e-15,3.9068065e-17
6576.0,1.4361e-15,3.9581396e-17
6577.5,1.4090399e-15,3.9588055e-17
6579.0,1.3673001e-15,3.9225017e-17
6580.5,1.3794e-15,3.8973336e-17
6582.0,1.4409699e-15,3.9066524e-17
6583.5,1.4655301e-15,3.9156702e-17
6585.0,1.4234801e-15,3.8960333e-17
6586.5,1.38554e-15,3.8594972e-17
6588.0,1.34342e-15,3.8225328e-17
6589.5,1.3446701e-15,3.8157124e-17
6591.0,1.403e-15,3.8680863e-17
6592.5,1.38699e-15,3.8689229e-17
6594.0,1.4035899e-15,3.8956096e-17
6595.5,1.4263801e-15,3.8991236e-17
6597.0,1.41764e-15,3.888888e-17
6598.5,1.3807301e-15,3.8826479e-17
6600.0,1.41053e-15,3.9013701e-17
6601.5,1.4063701e-15,3.9002537e-17
6603.0,1.37705e-15,3.8983184e-17
6604.5,1.33443e-15,3.8843037e-17
6606.0,1.40704e-15,3.9069477e-17
6607.5,1.36467e-15,3.8606538e-17
6609.0,1.32802e-15,3.8097078e-17
6610.5,1.32967e-15,3.8340482e-17
6612.0,1.30849e-15,3.80036e-17
6613.5,1.3443001e-15,3.8158064e-17
6615.0,1.30738e-15,3.798619e-17
6616.5,1.32358e-15,3.8066333e-17
6618.0,1.3683099e-15,3.8497523e-17
6619.5,1.35242e-15,3.8382167e-17
6621.0,1.39352e-15,3.857649e-17
6622.5,1.38773e-15,3.8910522e-17
6624.0,1.3500201e-15,3.847028e-17
6625.5,1.3529299e-15,3.8235508e-17
6627.0,1.36338e-15,3.841248e-17
6628.5,1.34586e-15,3.8422833e-17
6630.0,1.32681e-15,3.8297754e-17
6631.5,1.33322e-15,3.8355621e-17
6633.0,1.32198e-15,3.8150318e-17
6634.5,1.32958e-15,3.8186191e-17
6636.0,1.3564101e-15,3.8388066e-17
6637.5,1.3402999e-15,3.8397353e-17
6639.0,1.29732e-15,3.804802e-17
6640.5,1.3392299e-15,3.8186626e-17
6642.0,1.3356901e-15,3.8180462e-17
6643.5,1.29377e-15,3.7750197e-17
6645.0,1.27464e-15,3.7706739e-17
6646.5,1.27729e-15,3.7874701e-17
6648.0,1.29174e-15,3.7789998e-17
6649.5,1.25964e-15,3.7419494e-17
6651.0,1.2250599e-15,3.7149489e-17
6652.5,1.2272499e-15,3.724261e-17
6654.0,1.21749e-15,3.7344395e-17
6655.5,1.23268e-15,3.7460356e-17
6657.0,1.2411799e-15,3.7416382e-17
6658.5,1.27334e-15,3.7697795e-17
6660.0,1.3041701e-15,3.8047445e-17
6661.5,1.2657699e-15,3.7851698e-17
6663.0,1.28966e-15,3.8105035e-17
6664.5,1.31415e-15,3.8195645e-17
6666.0,1.29596e-15,3.8013779e-17
6667.5,1.34386e-15,3.8505081e-17
6669.0,1.30166e-15,3.8253072e-17
6670.5,1.31049e-15,3.8140072e-17
6672.0,1.28269e-15,3.7830679e-17
6673.5,1.27897e-15,3.7807993e-17
6675.0,1.23792e-15,3.7662282e-17
6676.5,1.22761e-15,3.7490906e-17
6678.0,1.22164e-15,3.7473755e-17
6679.5,1.21745e-15,3.7423391e-17
6681.0,1.3168e-15,3.8299011e-17
6682.5,1.29529e-15,3.8091725e-17
6684.0,1.2910201e-15,3.7895698e-17
6685.5,1.24845e-15,3.7568066e-17
6687.0,1.27861e-15,3.7926842e-17
6688.5,1.2818801e-15,3.7929345e-17
6690.0,1.2171201e-15,3.7316507e-17
6691.5,1.2294801e-15,3.7530913e-17
6693.0,1.24857e-15,3.7811304e-17
6694.5,1.27088e-15,3.7895484e-17
6696.0,1.25021e-15,3.7625066e-17
6697.5,1.2713701e-15,3.7896454e-17
6699.0,1.2777701e-15,3.8084082e-17
6700.5,1.2839e-15,3.8202871e-17
6702.0,1.27936e-15,3.8132853e-17
6703.5,1.28018e-15,3.8015859e-17
6705.0,1.289e-15,3.8159992e-17
6706.5,1.27134e-15,3.7974967e-17
6708.0,1.22342e-15,3.7523904e-17
6709.5,1.18767e-15,3.7312839e-17
6711.0,1.1910301e-15,3.7325776e-17
6712.5,1.2156499e-15,3.7535739e-17
6714.0,1.2430201e-15,3.7850176e-17
6715.5,1.25324e-15,3.7936763e-17
6717.0,1.23678e-15,3.7894072e-17
6718.5,1.21576e-15,3.7725642e-17
6720.0,1.23063e-15,3.7735298e-17
6721.5,1.23448e-15,3.7786071e-17
6723.0,1.22442e-15,3.7672738e-17
6724.5,1.21129e-15,3.7572682e-17
6726.0,1.17318e-15,3.7281669e-17
6727.5,1.18344e-15,3.7212185e-17
6729.0,1.18589e-15,3.7213988e-17
6730.5,1.17839e-15,3.7237563e-17
6732.0,1.1422301e-15,3.6959856e-17
6733.5,1.11922e-15,3.6840089e-17
6735.0,1.1827e-15,3.7283734e-17
6736.5,1.1792999e-15,3.7234193e-17
6738.0,1.19763e-15,3.752042e-17
6739.5,1.23227e-15,3.7889902e-17
6741.0,1.27564e-15,3.8281277e-17
6742.5,1.2602001e-15,3.8168878e-17
6744.0,1.20475e-15,3.7665814e-17
6745.5,1.21923e-15,3.7710747e-17
6747.0,1.2039501e-15,3.7428158e-17
6748.5,1.2134e-15,3.7707996e-17
6750.0,1.19066e-15,3.7533778e-17
6751.5,1.17001e-15,3.7167127e-17
6753.0,1.1937601e-15,3.7620439e-17
6754.5,1.21901e-15,3.7705755e-17
6756.0,1.22871e-15,3.7581137e-17
6757.5,1.1794999e-15,3.7329426e-17
6759.0,1.1886601e-15,3.7583227e-17
6760.5,1.1516901e-15,3.726791e-17
6762.0,1.14365e-15,3.7069678e-17
6763.5,1.1495e-15,3.7179888e-17
6765.0,1.1713399e-15,3.7382595e-17
6766.5,1.17757e-15,3.7365945e-17
6768.0,1.198e-15,3.7485719e-17
6769.5,1.2249001e-15,3.7887137e-17
6771.0,1.2122901e-15,3.7711816e-17
6772.5,1.18966e-15,3.7441524e-17
6774.0,1.22945e-15,3.7872577e-17
6775.5,1.2055e-15,3.778735e-17
6777.0,1.1492999e-15,3.7233378e-17
6778.5,1.12584e-15,3.702643e-17
6780.0,1.1319e-15,3.7029752e-17
6781.5,1.1469701e-15,3.7149279e-17
6783.0,1.15064e-15,3.7213413e-17
6784.5,1.14707e-15,3.7245143e-17
6786.0,1.13561e-15,3.7190399e-17
6787.5,1.14113e-15,3.7163064e-17
6789.0,1.1727001e-15,3.7311401e-17
6790.5,1.1697e-15,3.7176053e-17
6792.0,1.18121e-15,3.7421312e-17
6793.5,1.20696e-15,3.7713166e-17
6795.0,1.19047e-15,3.7544909e-17
6796.5,1.16487e-15,3.7197475e-17
6798.0,1.1734e-15,3.7276825e-17
6799.5,1.1237201e-15,3.6946369e-17
6801.0,1.09892e-15,3.6764065e-17
6802.5,1.0906399e-15,3.6670354e-17
6804.0,1.0630701e-15,3.6534163e-17
6805.5,1.09695e-15,3.6696955e-17
6807.0,1.11175e-15,3.6937797e-17
6808.5,1.11051e-15,3.7045791e-17
6810.0,1.0866801e-15,3.6650563e-17
6811.5,1.1126e-15,3.6860091e-17
6813.0,1.1678299e-15,3.7423719e-17
6814.5,1.1232999e-15,3.6958702e-17
6816.0,1.13591e-15,3.7132662e-17
6817.5,1.09849e-15,3.6841546e-17
6819.0,1.07565e-15,3.6702917e-17
6820.5,1.16819e-15,3.7400075e-17
6822.0,1.18012e-15,3.7549945e-17
6823.5,1.1304099e-15,3.7492252e-17
6825.0,1.10473e-15,3.7710371e-17
6826.5,1.0558999e-15,3.8211122e-17
6828.0,1.1507501e-15,3.9402646e-17
6829.5,1.1363501e-15,3.9225165e-17
6831.0,1.15018e-15,3.9712942e-17
6832.5,1.1789401e-15,3.9708592e-17
6834.0,1.16809e-15,3.9284937e-17
6835.5,1.11516e-15,3.8510003e-17
6837.0,1.1211099e-15,3.8118271e-17
6838.5,1.09085e-15,3.7357019e-17
6840.0,1.06217e-15,3.7099701e-17
6841.5,1.09787e-15,3.7352038e-17
6843.0,1.11832e-15,3.7443817e-17
6844.5,1.07131e-15,3.7049625e-17
6846.0,1.0685001e-15,3.7033329e-17
6847.5,1.10744e-15,3.7145257e-17
6849.0,1.11331e-15,3.7046465e-17
6850.5,1.0654201e-15,3.69183e-17
6852.0,1.07046e-15,3.7448311e-17
6853.5,1.09181e-15,3.7823091e-17
6855.0,1.09719e-15,3.7560047e-17
6856.5,1.06978e-15,3.7057932e-17
6858.0,1.10228e-15,3.7451884e-17
6859.5,1.1146e-15,3.8234118e-17
6861.0,1.0902801e-15,3.9243998e-17
6862.5,1.0872101e-15,4.0130483e-17
6864.0,1.07631e-15,4.0892587e-17
6865.5,1.0725e-15,4.24846e-17
6867.0,1.0770901e-15,4.4504024e-17
6868.5,1.07997e-15,4.6101073e-17
6870.0,1.0828e-15,4.6735712e-17
6871.5,1.04019e-15,4.5924208e-17
6873.0,1.08483e-15,4.5137689e-17
6874.5,1.09595e-15,4.4248936e-17
6876.0,1.05522e-15,4.2809263e-17
6877.5,1.05883e-15,4.1320669e-17
6879.0,1.08461e-15,4.0387481e-17
6880.5,1.11857e-15,4.0196203e-17
6882.0,1.0917701e-15,3.9347855e-17
6883.5,1.0400701e-15,3.9133795e-17
6885.0,1.03466e-15,3.9278725e-17
6886.5,1.0275e-15,3.9669263e-17
6888.0,1.0346e-15,4.0126376e-17
6889.5,1.0303901e-15,3.9586112e-17
6891.0,1.07104e-15,3.9746242e-17
6892.5,1.0845e-15,4.0513305e-17
6894.0,1.0342899e-15,3.9620028e-17
6895.5,1.05828e-15,3.9140093e-17
6897.0,1.06093e-15,3.9342896e-17
6898.5,1.0091099e-15,3.9398653e-17
6900.0,9.8149202e-16,3.9277877e-17
6901.5,1.0164401e-15,3.9704809e-17
6903.0,1.0447299e-15,3.9913559e-17
6904.5,1.0666e-15,3.9305599e-17
6906.0,1.08365e-15,3.9412701e-17
6907.5,1.06525e-15,3.9371724e-17
6909.0,1.06783e-15,3.8894982e-17
6910.5,1.03634e-15,3.8272086e-17
6912.0,1.03735e-15,3.8368547e-17
6913.5,1.0675699e-15,3.8726924e-17
6915.0,1.06322e-15,3.8143876e-17
6916.5,1.01162e-15,3.7136445e-17
6918.0,9.8933596e-16,3.6968966e-17
6919.5,9.8675103e-16,3.7267666e-17
6921.0,9.8195704e-16,3.7847908e-17
6922.5,9.8435996e-16,3.8136669e-17
6924.0,1.03532e-15,3.8141063e-17
6925.5,1.0647e-15,3.8016349e-17
6927.0,1.02701e-15,3.7206209e-17
6928.5,1.01327e-15,3.6701059e-17
6930.0,1.01547e-15,3.6625668e-17
6931.5,9.8796398e-16,3.6286106e-17
6933.0,1.0225901e-15,3.6592132e-17
6934.5,1.03706e-15,3.7169786e-17
6936.0,9.9613203e-16,3.7091689e-17
6937.5,1.0003999e-15,3.7030634e-17
6939.0,1.0844099e-15,3.7645131e-17
6940.5,1.0565799e-15,3.9142095e-17
6942.0,1.02888e-15,4.0022423e-17
6943.5,1.0697e-15,3.835739e-17
6945.0,1.02516e-15,3.6622125e-17
6946.5,9.8166502e-16,3.6900898e-17
6948.0,9.9438693e-16,3.7679633e-17
6949.5,1.00875e-15,3.7627511e-17
6951.0,9.7709295e-16,3.7054197e-17
6952.5,9.5740695e-16,3.6576806e-17
6954.0,1.0133801e-15,3.646952e-17
6955.5,1.03914e-15,3.623016e-17
6957.0,1.01261e-15,3.6078882e-17
6958.5,9.81119e-16,3.5940604e-17
6960.0,9.6235998e-16,3.562936e-17
6961.5,1.01915e-15,3.6006249e-17
6963.0,1.02412e-15,3.5793768e-17
6964.5,9.8957398e-16,3.5295822e-17
6966.0,9.6177298e-16,3.5439996e-17
6967.5,9.2876602e-16,3.5449453e-17
6969.0,9.4371001e-16,3.5451016e-17
6970.5,9.3214801e-16,3.5413605e-17
6972.0,9.4357406e-16,3.5515615e-17
6973.5,9.6635003e-16,3.5511688e-17
6975.0,9.70805e-16,3.5805916e-17
6976.5,1.01586e-15,3.6634108e-17
6978.0,1.0000301e-15,3.8417959e-17
6979.5,9.8250803e-16,4.150093e-17
6981.0,9.9396998e-16,4.0579614e-17
6982.5,9.7966804e-16,3.8609256e-17
6984.0,1.01919e-15,3.8269704e-17
6985.5,1.0514999e-15,3.6584308e-17
6987.0,1.0364701e-15,3.6016705e-17
6988.5,9.9226204e-16,3.558643e-17
6990.0,9.2786297e-16,3.4797976e-17
6991.5,9.1959498e-16,3.4529781e-17
6993.0,9.2206397e-16,3.4550162e-17
6994.5,9.0950004e-16,3.4434961e-17
6996.0,9.4141804e-16,3.4645315e-17
6997.5,9.5296299e-16,3.4721343e-17
6999.0,9.3626099e-16,3.4669254e-17
7000.5,9.3651001e-16,3.4853752e-17
7002.0,9.2476495e-16,3.4732157e-17
7003.5,9.1605194e-16,3.45346e-17
7005.0,9.1894403e-16,3.4704689e-17
7006.5,9.0850001e-16,3.4746923e-17
7008.0,9.5498507e-16,3.5397342e-17
7009.5,9.9038502e-16,3.5875809e-17
7011.0,9.7764098e-16,3.5639923e-17
7012.5,9.3996697e-16,3.5153706e-17
7014.0,9.1969599e-16,3.4546656e-17
7015.5,9.5131604e-16,3.4452005e-17
7017.0,9.5289205e-16,3.4544042e-17
7018.5,9.3854999e-16,3.4381799e-17
7020.0,8.6606901e-16,3.3819877e-17
7021.5,8.5743499e-16,3.3762601e-17
7023.0,8.8431002e-16,3.3896986e-17
7024.5,9.0412699e-16,3.4046981e-17
7026.0,9.4455704e-16,3.459365e-17
7027.5,9.5968907e-16,3.4742093e-17
7029.0,9.8872303e-16,3.4828209e-17
7030.5,9.5485505e-16,3.4490847e-17
7032.0,8.9521493e-16,3.3986836e-17
7033.5,9.30763e-16,3.4266999e-17
7035.0,8.7005901e-16,3.3703385e-17
7036.5,8.70474e-16,3.3717495e-17
7038.0,9.2174295e-16,3.3985214e-17
7039.5,8.7031899e-16,3.3762807e-17
7041.0,8.9784804e-16,3.4198997e-17
7042.5,9.0079498e-16,3.4106075e-17
7044.0,9.2947001e-16,3.4421072e-17
7045.5,9.3215796e-16,3.4457458e-17
7047.0,9.0096099e-16,3.4363194e-17
7048.5,8.9142298e-16,3.4423007e-17
7050.0,9.0641504e-16,3.4511737e-17
7051.5,9.07549e-16,3.454353e-17
7053.0,8.5777804e-16,3.395111e-17
7054.5,8.5569301e-16,3.376308e-17
7056.0,9.2185094e-16,3.4138727e-17
7057.5,9.3958803e-16,3.4332235e-17
7059.0,8.58441e-16,3.3801926e-17
7060.5,8.2752101e-16,3.353654e-17
7062.0,8.2983103e-16,3.3292395e-17
7063.5,8.5053199e-16,3.3371487e-17
7065.0,8.8057503e-16,3.3688914e-17
7066.5,9.09773e-16,3.4112634e-17
7068.0,9.4472803e-16,3.4577656e-17
7069.5,9.0742206e-16,3.4145669e-17
7071.0,8.6456102e-16,3.3700317e-17
7072.5,9.0182899e-16,3.3959837e-17
7074.0,9.2194804e-16,3.3923314e-17
7075.5,8.9739297e-16,3.3899773e-17
7077.0,8.7842701e-16,3.4132031e-17
7078.5,8.5621002e-16,3.3839411e-17
7080.0,8.4757801e-16,3.3560177e-17
7081.5,8.6312403e-16,3.3537517e-17
7083.0,8.6171801e-16,3.3441668e-17
7084.5,8.5906399e-16,3.3474356e-17
7086.0,8.6175697e-16,3.3570268e-17
7087.5,8.5231203e-16,3.3635918e-17
7089.0,8.7165598e-16,3.3798784e-17
7090.5,8.9140805e-16,3.3707824e-17
7092.0,8.36312e-16,3.3575227e-17
7093.5,8.5754002e-16,3.3489705e-17
7095.0,8.5467303e-16,3.3424421e-17
7096.5,8.4926303e-16,3.3656321e-17
7098.0,8.1881796e-16,3.3148955e-17
7099.5,8.1210602e-16,3.2933034e-17
7101.0,8.0385502e-16,3.2875533e-17
7102.5,8.5903403e-16,3.379502e-17
7104.0,9.1116605e-16,3.4386525e-17
7105.5,8.69407e-16,3.3617642e-17
7107.0,8.88052e-16,3.3539892e-17
7108.5,8.9781501e-16,3.3439799e-17
7110.0,8.9222904e-16,3.3499428e-17
7111.5,8.4655199e-16,3.3083586e-17
7113.0,8.4940099e-16,3.3096948e-17
7114.5,8.76616e-16,3.3474611e-17
7116.0,8.6703997e-16,3.3478939e-17
7117.5,8.6110201e-16,3.3419041e-17
7119.0,8.4990799e-16,3.3508472e-17
7120.5,8.3761299e-16,3.3563407e-17
7122.0,8.4582698e-16,3.3329139e-17
7123.5,8.4166901e-16,3.3632002e-17
7125.0,8.6657103e-16,3.3919063e-17
7126.5,8.8432299e-16,3.3809325e-17
7128.0,8.95254e-16,3.3816404e-17
7129.5,8.8499898e-16,3.394621e-17
7131.0,8.8743504e-16,3.3643756e-17
7132.5,8.5822601e-16,3.3287466e-17
7134.0,8.9078601e-16,3.3939297e-17
7135.5,8.7602599e-16,3.3711806e-17
7137.0,8.7334502e-16,3.3412206e-17
7138.5,8.8318998e-16,3.3679755e-17
7140.0,8.6110402e-16,3.3882083e-17
7141.5,8.7129404e-16,3.4230915e-17
7143.0,9.0171803e-16,3.4419236e-17
7144.5,9.0672601e-16,3.467679e-17
7146.0,8.8048101e-16,3.4577077e-17
7147.5,8.1214101e-16,3.3721639e-17
7149.0,7.7953797e-16,3.2908107e-17
7150.5,8.2502301e-16,3.3063367e-17
7152.0,8.4749299e-16,3.3165432e-17
7153.5,8.5720597e-16,3.3190492e-17
7155.0,8.6046001e-16,3.3229106e-17
7156.5,8.4993599e-16,3.2917394e-17
7158.0,8.2385701e-16,3.2893772e-17
7159.5,8.3583999e-16,3.3102117e-17
7161.0,8.1377902e-16,3.3179841e-17
7162.5,8.12411e-16,3.3516587e-17
7164.0,7.9570503e-16,3.3296753e-17
7165.5,8.0072301e-16,3.3223557e-17
7167.0,7.6930301e-16,3.3121322e-17
7168.5,7.84609e-16,3.3144605e-17
7170.0,8.5074597e-16,3.4069822e-17
7171.5,8.3838501e-16,3.4142082e-17
7173.0,8.0475902e-16,3.3688324e-17
7174.5,8.5280198e-16,3.4092529e-17
7176.0,8.5162e-16,3.3952791e-17
7177.5,8.3701599e-16,3.2473908e-17
7179.0,8.2241203e-16,5.0451276e-17
7180.5,8.0780902e-16,5.4489844e-17
7182.0,7.9320501e-16,3.6128062e-17
7183.5,7.78601e-16,3.2927319e-17
7185.0,7.78601e-16,3.4131674e-17
7186.5,7.6095402e-16,3.3852049e-17
7188.0,7.6266905e-16,3.3494225e-17
7189.5,7.9219106e-16,3.4069781e-17
7191.0,8.0081099e-16,3.419892e-17
7192.5,7.6340401e-16,3.3293693e-17
7194.0,7.8503696e-16,3.3377895e-17
7195.5,7.8269799e-16,3.3236273e-17
7197.0,7.5607998e-16,3.2621717e-17
7198.5,7.7110703e-16,3.3102718e-17
7200.0,8.1901199e-16,3.4118474e-17
7201.5,8.2405104e-16,3.4313815e-17
7203.0,7.99572e-16,3.3783089e-17
7204.5,7.9503502e-16,3.3593323e-17
7206.0,7.86291e-16,3.3645095e-17
7207.5,8.2138701e-16,3.4397579e-17
7209.0,8.37606e-16,3.4632473e-17
7210.5,8.1565302e-16,3.3602249e-17
7212.0,8.0965698e-16,3.3006242e-17
7213.5,8.0757704e-16,3.2972805e-17
7215.0,8.0841603e-16,3.3151411e-17
7216.5,8.3174702e-16,3.3299552e-17
7218.0,8.3729101e-16,3.3093559e-17
7219.5,8.5283798e-16,3.3372822e-17
7221.0,8.7330002e-16,3.3657881e-17
7222.5,8.39199e-16,3.3150213e-17
7224.0,8.0472603e-16,3.2581496e-17
7225.5,8.11514e-16,3.2475493e-17
7227.0,8.2378899e-16,3.2870316e-17
7228.5,8.2249202e-16,3.3107584e-17
7230.0,7.9781504e-16,3.2861489e-17
7231.5,7.8699398e-16,3.3097718e-17
7233.0,8.0139704e-16,3.3970005e-17
7234.5,7.6947803e-16,3.4444701e-17
7236.0,7.2992302e-16,3.4843085e-17
7237.5,7.8647401e-16,3.674806e-17
7239.0,8.43124e-16,3.8578617e-17
7240.5,8.4246897e-16,3.8813644e-17
7242.0,8.32304e-16,3.9048126e-17
7243.5,7.68505e-16,3.8521698e-17
7245.0,7.8411502e-16,3.7594852e-17
7246.5,7.6562604e-16,3.6202582e-17
7248.0,7.4375898e-16,3.4481895e-17
7249.5,7.8559399e-16,3.3770059e-17
7251.0,7.8844797e-16,3.4142122e-17
7252.5,7.9104698e-16,3.4192685e-17
7254.0,7.5225404e-16,3.3300964e-17
7255.5,7.63077e-16,3.3272947e-17
7257.0,7.9315001e-16,3.34192e-17
7258.5,7.6054104e-16,3.2883548e-17
7260.0,7.5753703e-16,3.2351424e-17
7261.5,7.99038e-16,3.299323e-17
7263.0,7.6756003e-16,3.3459299e-17
7264.5,7.3087101e-16,3.3400113e-17
7266.0,7.53161e-16,3.3394929e-17
7267.5,7.3241102e-16,3.2928643e-17
7269.0,7.3237799e-16,3.2688646e-17
7270.5,7.5643896e-16,3.3035062e-17
7272.0,7.3547204e-16,3.4405078e-17
7273.5,6.8682201e-16,3.6260732e-17
7275.0,6.7201604e-16,3.7315722e-17
7276.5,7.0231303e-16,3.7745268e-17
7278.0,7.3244797e-16,3.7328715e-17
7279.5,7.4330201e-16,3.5953452e-17
7281.0,7.5669005e-16,3.4768362e-17
7282.5,7.8181898e-16,3.4424534e-17
7284.0,7.3995697e-16,3.4163824e-17
7285.5,6.98808e-16,3.3994177e-17
7287.0,7.2713602e-16,3.3732851e-17
7288.5,7.59376e-16,3.3410879e-17
7290.0,7.4694097e-16,3.3099724e-17
7291.5,7.1516501e-16,3.2858805e-17
7293.0,7.5658703e-16,3.3507085e-17
7294.5,7.9232198e-16,3.368422e-17
7296.0,7.5018002e-16,3.2948449e-17
7297.5,7.23207e-16,3.2456859e-17
7299.0,7.2535698e-16,3.2357556e-17
7300.5,7.3884e-16,3.2839253e-17
7302.0,7.6644496e-16,3.3446904e-17
7303.5,7.6681898e-16,3.3456597e-17
7305.0,7.4637298e-16,3.3126207e-17
7306.5,7.5416304e-16,3.2605421e-17
7308.0,7.6619101e-16,3.2102114e-17
7309.5,7.3823998e-16,3.2502378e-17
7311.0,7.01222e-16,3.3355689e-17
7312.5,7.07854e-16,3.4928253e-17
7314.0,7.4388599e-16,3.6214233e-17
7315.5,7.5272102e-16,3.613628e-17
7317.0,7.84002e-16,3.6194205e-17
7318.5,7.4759398e-16,3.5339018e-17
7320.0,7.22474e-16,3.3733802e-17
7321.5,7.1665102e-16,3.2174883e-17
7323.0,7.43554e-16,3.2179473e-17
7324.5,7.5683998e-16,3.2492608e-17
7326.0,7.6155801e-16,3.2986723e-17
7327.5,7.5707e-16,3.3584507e-17
7329.0,7.4289401e-16,3.3658294e-17
7330.5,7.3491199e-16,3.3568314e-17
7332.0,7.71228e-16,3.3135601e-17
7333.5,7.5513998e-16,3.2453825e-17
7335.0,7.4009101e-16,3.2882324e-17
7336.5,7.4050998e-16,3.3875152e-17
7338.0,7.43988e-16,3.5428633e-17
7339.5,7.4105398e-16,3.6584246e-17
7341.0,7.5579204e-16,3.6826145e-17
7342.5,7.32137e-16,3.5968536e-17
7344.0,6.9013502e-16,3.4079183e-17
7345.5,6.9669905e-16,3.2559787e-17
7347.0,7.0785898e-16,3.1956314e-17
7348.5,7.34236e-16,3.2056868e-17
7350.0,7.3287805e-16,3.1971202e-17
7351.5,7.2659804e-16,3.1876194e-17
7353.0,7.4879301e-16,3.2175141e-17
7354.5,7.3416798e-16,3.2603551e-17
7356.0,6.98572e-16,3.3147871e-17
7357.5,6.7569899e-16,3.297967e-17
7359.0,6.90629e-16,3.3039295e-17
7360.5,7.1174998e-16,3.3490015e-17
7362.0,7.4645901e-16,3.3432163e-17
7363.5,7.6608905e-16,3.3198692e-17
7365.0,6.9264499e-16,3.3074162e-17
7366.5,6.80215e-16,3.4237348e-17
7368.0,7.3518802e-16,3.5570926e-17
7369.5,7.2422302e-16,3.5740256e-17
7371.0,6.8754204e-16,3.5120313e-17
7372.5,6.7447502e-16,3.3709332e-17
7374.0,6.6409802e-16,3.2343269e-17
7375.5,6.4525096e-16,3.1885507e-17
7377.0,6.4232303e-16,3.163078e-17
7378.5,6.39396e-16,3.1395517e-17
7380.0,6.3646903e-16,3.135411e-17
7381.5,6.3354099e-16,3.1431694e-17
7383.0,6.3061396e-16,3.212532e-17
7384.5,6.2768699e-16,3.1823758e-17
7386.0,6.2768699e-16,3.1646524e-17
7387.5,6.7789402e-16,3.1889522e-17
7389.0,7.12957e-16,3.248686e-17
7390.5,7.1663101e-16,3.2803295e-17
7392.0,6.7173498e-16,3.243125e-17
7393.5,6.9606298e-16,3.2488833e-17
7395.0,7.1402702e-16,3.2331806e-17
7396.5,6.7273003e-16,3.1624804e-17
7398.0,6.5417699e-16,3.2281174e-17
7399.5,6.7427899e-16,3.3453831e-17
7401.0,6.7084596e-16,3.3885788e-17
7402.5,6.3160404e-16,3.3393989e-17
7404.0,6.5714399e-16,3.3482612e-17
7405.5,6.57661e-16,3.4210423e-17
7407.0,6.5817795e-16,3.677354e-17
7408.5,6.5869401e-16,4.0528705e-17
7410.0,6.5921096e-16,4.5720652e-17
7411.5,6.5972797e-16,5.2107522e-17
7413.0,6.6024503e-16,5.4964392e-17
7414.5,6.6076098e-16,5.6758051e-17
7416.0,6.6127799e-16,4.6941258e-17
7417.5,6.6179505e-16,3.5908e-17
7419.0,6.6231195e-16,3.3943942e-17
7420.5,6.6282806e-16,3.2320078e-17
7422.0,6.6334496e-16,3.1845806e-17
7423.5,6.6334496e-16,3.1220318e-17
7425.0,6.7615199e-16,3.1153493e-17
7426.5,6.78487e-16,3.1387767e-17
7428.0,6.6496004e-16,3.157294e-17
7429.5,6.8369403e-16,3.1906139e-17
7431.0,7.1291698e-16,3.2089925e-17
7432.5,6.8949197e-16,3.1629295e-17
7434.0,6.7402901e-16,3.1499478e-17
7435.5,6.5833005e-16,3.1806389e-17
7437.0,6.5641702e-16,3.2285561e-17
7438.5,6.6198097e-16,3.2527438e-17
7440.0,6.5816403e-16,3.2169301e-17
7441.5,6.2562102e-16,3.1456558e-17
7443.0,6.0079597e-16,3.0770361e-17
7444.5,5.9642501e-16,3.0502532e-17
7446.0,5.9205501e-16,3.0964784e-17
7447.5,5.8768395e-16,3.1063616e-17
7449.0,5.83313e-16,3.1327519e-17
7450.5,5.7894199e-16,3.1012925e-17
7452.0,5.7457104e-16,3.0532746e-17
7453.5,5.7457104e-16,3.1036753e-17
7455.0,6.2585904e-16,3.091782e-17
7456.5,5.9864202e-16,3.0445454e-17
7458.0,6.4224203e-16,3.0920093e-17
7459.5,6.0695199e-16,3.0800045e-17
7461.0,6.0789596e-16,3.1047674e-17
7462.5,6.4433997e-16,3.1469916e-17
7464.0,6.2639399e-16,3.1438219e-17
7465.5,6.2065e-16,3.1386359e-17
7467.0,6.3051703e-16,3.1649145e-17
7468.5,6.2855599e-16,3.1701319e-17
7470.0,7.0880903e-16,3.2520223e-17
7471.5,6.4353402e-16,3.2206152e-17
7473.0,6.1082299e-16,3.2216947e-17
7474.5,6.35912e-16,3.2458183e-17
7476.0,6.74516e-16,3.2306624e-17
7477.5,6.6533898e-16,3.2262857e-17
7479.0,6.6182401e-16,3.2533902e-17
7480.5,6.665e-16,3.2857555e-17
7482.0,6.5672e-16,3.2934936e-17
7483.5,6.5715405e-16,3.2565624e-17
7485.0,6.0991105e-16,3.1757618e-17
7486.5,5.8229396e-16,3.1189086e-17
7488.0,6.4168103e-16,3.1092046e-17
7489.5,6.7719697e-16,3.1264668e-17
7491.0,6.8432199e-16,3.1597779e-17
7492.5,6.8606503e-16,3.1791778e-17
7494.0,6.8134499e-16,3.1689443e-17
7495.5,6.6513998e-16,3.1570466e-17
7497.0,6.7263003e-16,3.1546895e-17
7498.5,6.5155601e-16,3.104249e-17
7500.0,6.1781598e-16,3.0536721e-17
7501.5,6.4538902e-16,3.0874608e-17
7503.0,6.7726801e-16,3.1215831e-17
7504.5,6.4629297e-16,3.0980815e-17
7506.0,6.19076e-16,3.0728308e-17
7507.5,6.1848996e-16,3.0660624e-17
7509.0,6.4258498e-16,3.0906688e-17
7510.5,6.64384e-16,3.1151856e-17
7512.0,6.5617001e-16,3.1059373e-17
7513.5,6.5931102e-16,3.1029136e-17
7515.0,6.5058303e-16,3.1280223e-17
7516.5,6.5499597e-16,3.1579569e-17
7518.0,6.2620098e-16,3.1544558e-17
7519.5,6.6206303e-16,3.2609148e-17
7521.0,6.3432302e-16,3.3668319e-17
7522.5,6.3774101e-16,3.4813675e-17
7524.0,6.8198503e-16,3.5647507e-17
7525.5,6.9762496e-16,3.5323378e-17
7527.0,7.0457603e-16,3.4328515e-17
7528.5,6.7869399e-16,3.3100262e-17
7530.0,6.7904699e-16,3.3092763e-17
7531.5,7.1233099e-16,3.3107617e-17
7533.0,6.2712504e-16,3.1918545e-17
7534.5,6.3001104e-16,3.1246798e-17
7536.0,6.4157304e-16,3.1280529e-17
7537.5,6.3300699e-16,3.1385659e-17
7539.0,6.74616e-16,3.1673401e-17
7540.5,6.0713098e-16,3.2254019e-17
