3720.0,1.65132e-15,8.0224879e-17
3721.5,1.67399e-15,8.0410457e-17
3723.0,1.6202701e-15,7.9247067e-17
3724.5,1.5280799e-15,7.775173e-17
3726.0,1.61237e-15,7.8493901e-17
3727.5,1.59676e-15,7.8328263e-17
3729.0,1.61049e-15,7.842308e-17
3730.5,1.6761e-15,7.9508554e-17
3732.0,1.62542e-15,7.9167456e-17
3733.5,1.56617e-15,7.8187712e-17
3735.0,1.52247e-15,7.633978e-17
3736.5,1.5279699e-15,7.657419e-17
3738.0,1.6149499e-15,7.8398635e-17
3739.5,1.6420899e-15,7.8504601e-17
3741.0,1.48032e-15,7.5833095e-17
3742.5,1.51197e-15,7.6009647e-17
3744.0,1.68813e-15,7.8251528e-17
3745.5,1.5206e-15,7.5364026e-17
3747.0,1.5911601e-15,7.5712757e-17
3748.5,1.6265301e-15,7.6289061e-17
3750.0,1.42679e-15,7.3441423e-17
3751.5,1.40968e-15,7.2380188e-17
3753.0,1.38095e-15,7.1490062e-17
3754.5,1.39107e-15,7.1274287e-17
3756.0,1.43453e-15,7.1752545e-17
3757.5,1.3380801e-15,7.0089829e-17
3759.0,1.2416901e-15,6.7578615e-17
3760.5,1.33878e-15,6.8455954e-17
3762.0,1.34375e-15,6.8889775e-17
3763.5,1.2625099e-15,6.7499645e-17
3765.0,1.17142e-15,6.5431514e-17
3766.5,1.1978001e-15,6.5234145e-17
3768.0,1.2087199e-15,6.5143141e-17
3769.5,1.1862499e-15,6.4647731e-17
3771.0,1.20268e-15,6.481227e-17
3772.5,1.19377e-15,6.4524089e-17
3774.0,1.14607e-15,6.3790708e-17
3775.5,1.14471e-15,6.3401699e-17
3777.0,1.1253001e-15,6.2622444e-17
3778.5,1.0779199e-15,6.1757124e-17
3780.0,1.16552e-15,6.2276839e-17
3781.5,1.22527e-15,6.3084935e-17
3783.0,1.18132e-15,6.2344438e-17
3784.5,1.0793299e-15,6.0352663e-17
3786.0,1.00076e-15,5.9012847e-17
3787.5,1.10683e-15,6.0328162e-17
3789.0,1.177e-15,6.1032401e-17
3790.5,1.1082701e-15,6.0672317e-17
3792.0,1.0107201e-15,5.8325713e-17
3793.5,9.7226899e-16,5.7751101e-17
3795.0,1.0198601e-15,5.9092126e-17
3796.5,1.04345e-15,5.8700703e-17
3798.0,1.03088e-15,5.7587332e-17
3799.5,1.02056e-15,5.7245083e-17
3801.0,9.2302101e-16,5.5785629e-17
3802.5,9.4674895e-16,5.5720662e-17
3804.0,9.3244097e-16,5.5116152e-17
3805.5,9.6206701e-16,5.5772606e-17
3807.0,9.9753196e-16,5.6009548e-17
3808.5,9.7653899e-16,5.611703e-17
3810.0,9.3779401e-16,5.5405049e-17
3811.5,9.0236305e-16,5.4436565e-17
3813.0,9.4716399e-16,5.4992989e-17
3814.5,9.2335803e-16,5.4753775e-17
3816.0,9.4567502e-16,5.5307312e-17
3817.5,9.8981899e-16,5.5841414e-17
3819.0,1.01039e-15,5.5461712e-17
3820.5,1.02381e-15,5.5603528e-17
3822.0,9.8161897e-16,5.5110197e-17
3823.5,9.7305398e-16,5.452254e-17
3825.0,9.7122598e-16,5.4617014e-17
3826.5,9.5297803e-16,5.4422761e-17
3828.0,9.1177104e-16,5.397244e-17
3829.5,9.1431203e-16,5.4137894e-17
3831.0,8.8987206e-16,5.3843942e-17
3832.5,8.8570101e-16,5.3735077e-17
3834.0,8.7523904e-16,5.2698346e-17
3835.5,9.5453604e-16,5.3304741e-17
3837.0,9.7141497e-16,5.3063289e-17
3838.5,8.1528901e-16,5.0555257e-17
3840.0,7.50755e-16,4.9915177e-17
3841.5,8.4390099e-16,5.1174604e-17
3843.0,8.8557199e-16,5.1846728e-17
3844.5,8.9581103e-16,5.1433613e-17
3846.0,8.7460498e-16,5.0167288e-17
3847.5,8.0429696e-16,4.958083e-17
3849.0,8.4747203e-16,5.0321105e-17
3850.5,7.92615e-16,4.9027297e-17
3852.0,7.76186e-16,4.8797341e-17
3853.5,9.3054298e-16,5.026459e-17
3855.0,9.7058806e-16,5.0392598e-17
3856.5,8.5701899e-16,4.8367819e-17
3858.0,8.2185103e-16,4.7580094e-17
3859.5,7.3891099e-16,4.6310325e-17
3861.0,7.4087002e-16,4.6770992e-17
3862.5,8.0486601e-16,4.7366119e-17
3864.0,7.9001805e-16,4.6713566e-17
3865.5,8.68356e-16,4.7598618e-17
3867.0,8.2372101e-16,4.6959372e-17
3868.5,7.97745e-16,4.6703349e-17
3870.0,7.5553602e-16,4.5736746e-17
3871.5,7.5354396e-16,4.5076269e-17
3873.0,7.8291499e-16,4.5690344e-17
3874.5,7.9444803e-16,4.5966591e-17
3876.0,7.5709997e-16,4.570253e-17
3877.5,8.4797802e-16,4.6791994e-17
3879.0,8.3854801e-16,4.6295238e-17
3880.5,7.9758105e-16,4.5327717e-17
3882.0,8.0869301e-16,4.4907165e-17
3883.5,8.2599699e-16,4.5463829e-17
3885.0,8.1708996e-16,4.5230558e-17
3886.5,8.0377799e-16,4.4998925e-17
3888.0,8.68276e-16,4.5736805e-17
3889.5,8.3458299e-16,4.5122406e-17
3891.0,7.8666904e-16,4.4430637e-17
3892.5,8.0071502e-16,4.4198912e-17
3894.0,8.4612e-16,4.5091508e-17
3895.5,9.0281494e-16,4.5913098e-17
3897.0,9.2188504e-16,4.5784397e-17
3898.5,8.8500798e-16,4.5482474e-17
3900.0,9.1871597e-16,4.6103875e-17
3901.5,9.5150599e-16,4.6613864e-17
3903.0,9.6178696e-16,4.6573129e-17
3904.5,9.4859304e-16,4.6531764e-17
3906.0,9.5195799e-16,4.7138674e-17
3907.5,9.6085501e-16,4.72078e-17
3909.0,9.4829002e-16,4.6825199e-17
3910.5,9.7381504e-16,4.7352421e-17
3912.0,9.8703807e-16,4.7535923e-17
3913.5,9.9112702e-16,4.7299969e-17
3915.0,1.07462e-15,4.8117312e-17
3916.5,1.14717e-15,4.8855685e-17
3918.0,1.03834e-15,4.7667294e-17
3919.5,1.0034799e-15,4.6835789e-17
3921.0,1.10022e-15,4.7710705e-17
3922.5,1.18436e-15,4.8477967e-17
3924.0,1.22958e-15,4.8581795e-17
3925.5,1.2310099e-15,4.8310909e-17
3927.0,1.1877701e-15,4.7545532e-17
3928.5,1.1468199e-15,4.7201591e-17
3930.0,1.14318e-15,4.7768187e-17
3931.5,1.1794501e-15,4.7636732e-17
3933.0,1.30818e-15,4.8998567e-17
3934.5,1.3157999e-15,4.9245077e-17
3936.0,1.22621e-15,4.82563e-17
3937.5,1.32218e-15,4.9448895e-17
3939.0,1.39136e-15,5.0264365e-17
3940.5,1.39031e-15,5.0970517e-17
3942.0,1.4085e-15,5.1062506e-17
3943.5,1.41796e-15,5.1150811e-17
3945.0,1.52454e-15,5.2135588e-17
3946.5,1.54753e-15,5.2469659e-17
3948.0,1.59178e-15,5.2951217e-17
3949.5,1.5709e-15,5.2643475e-17
3951.0,1.63392e-15,5.2589448e-17
3952.5,1.64666e-15,5.291112e-17
3954.0,1.62395e-15,5.2658168e-17
3955.5,1.6563701e-15,5.2796599e-17
3957.0,1.69777e-15,5.3413837e-17
3958.5,1.8038001e-15,5.430111e-17
3960.0,1.79461e-15,5.4000119e-17
3961.5,1.75242e-15,5.3258276e-17
3963.0,1.72666e-15,5.272851e-17
3964.5,1.77994e-15,5.3186876e-17
3966.0,1.75813e-15,5.2965545e-17
3967.5,1.77774e-15,5.3083037e-17
3969.0,1.77283e-15,5.3245703e-17
3970.5,1.71179e-15,5.2571437e-17
3972.0,1.78527e-15,5.3267166e-17
3973.5,1.83721e-15,5.3582101e-17
3975.0,1.85188e-15,5.3673138e-17
3976.5,1.91908e-15,5.465449e-17
3978.0,1.8941999e-15,5.4387925e-17
3979.5,1.88399e-15,5.421172e-17
3981.0,1.83846e-15,5.3527775e-17
3982.5,1.8838201e-15,5.3403027e-17
3984.0,1.89819e-15,5.3477314e-17
3985.5,1.8347401e-15,5.3218238e-17
3987.0,1.87244e-15,5.3688635e-17
3988.5,1.9307301e-15,5.3980227e-17
3990.0,1.9426499e-15,5.3899418e-17
3991.5,2.0099598e-15,5.4352485e-17
3993.0,2.0589099e-15,5.4770703e-17
3994.5,1.9829101e-15,5.4101598e-17
3996.0,1.9382799e-15,5.3500653e-17
3997.5,1.9304601e-15,5.353067e-17
3999.0,1.9450199e-15,5.3534512e-17
4000.5,2.00645e-15,5.4392099e-17
4002.0,2.01024e-15,5.4727645e-17
4003.5,1.9982001e-15,5.3944935e-17
4005.0,2.0030601e-15,5.3668054e-17
4006.5,1.9853201e-15,5.3866179e-17
4008.0,1.96123e-15,5.3922967e-17
4009.5,2.0179999e-15,5.4624919e-17
4011.0,2.0534101e-15,5.5070491e-17
4012.5,2.0935199e-15,5.5224762e-17
4014.0,2.0589399e-15,5.4684834e-17
4015.5,2.09813e-15,5.5038591e-17
4017.0,2.1006e-15,5.4634819e-17
4018.5,2.1403e-15,5.4975748e-17
4020.0,2.1918e-15,5.5326894e-17
4021.5,2.14482e-15,5.4928155e-17
4023.0,2.07543e-15,5.4310969e-17
4024.5,2.2008701e-15,5.5064754e-17
4026.0,2.0672e-15,5.4304723e-17
4027.5,2.00823e-15,5.3544323e-17
4029.0,1.9965399e-15,5.3080622e-17
4030.5,1.9179699e-15,5.2026023e-17
4032.0,1.88783e-15,5.1706807e-17
4033.5,1.9188301e-15,5.195338e-17
4035.0,1.93719e-15,5.1933382e-17
4036.5,1.90673e-15,5.1630946e-17
4038.0,1.8665298e-15,5.1183847e-17
4039.5,1.8284201e-15,5.0938602e-17
4041.0,1.8902701e-15,5.1593043e-17
4042.5,1.94241e-15,5.2314651e-17
4044.0,1.8861399e-15,5.195008e-17
4045.5,1.85809e-15,5.2097578e-17
4047.0,1.9196001e-15,5.2560803e-17
4048.5,1.83695e-15,5.1576071e-17
4050.0,1.7514401e-15,5.0674699e-17
4051.5,1.8163601e-15,5.0934306e-17
4053.0,1.86413e-15,5.0762647e-17
4054.5,1.8519101e-15,5.0346266e-17
4056.0,1.7835401e-15,4.993282e-17
4057.5,1.6977201e-15,4.8900609e-17
4059.0,1.68123e-15,4.8412197e-17
4060.5,1.72877e-15,4.8760452e-17
4062.0,1.8266501e-15,4.988206e-17
4063.5,1.81826e-15,5.0038875e-17
4065.0,1.74587e-15,4.9396837e-17
4066.5,1.64284e-15,4.8156502e-17
4068.0,1.5652e-15,4.7165612e-17
4069.5,1.64984e-15,4.8006265e-17
4071.0,1.68152e-15,4.8238311e-17
4072.5,1.66424e-15,4.795111e-17
4074.0,1.6396299e-15,4.7553673e-17
4075.5,1.63569e-15,4.7605111e-17
4077.0,1.5919401e-15,4.6972579e-17
4078.5,1.4938001e-15,4.6116901e-17
4080.0,1.55476e-15,4.6622823e-17
4081.5,1.67553e-15,4.7822051e-17
4083.0,1.703e-15,4.8193299e-17
4084.5,1.5713399e-15,4.6682263e-17
4086.0,1.5218801e-15,4.586048e-17
4087.5,1.58004e-15,4.6393185e-17
4089.0,1.51106e-15,4.5632593e-17
4090.5,1.5463801e-15,4.5640096e-17
4092.0,1.6744e-15,4.6919725e-17
4093.5,1.62795e-15,4.6726253e-17
4095.0,1.6132701e-15,4.6501404e-17
4096.5,1.6929e-15,4.6959803e-17
4098.0,1.65765e-15,4.6790567e-17
4099.5,1.62763e-15,4.6637317e-17
4101.0,1.60084e-15,4.5956875e-17
4102.5,1.6216101e-15,4.6052263e-17
4104.0,1.70981e-15,4.6888853e-17
4105.5,1.62195e-15,4.5955824e-17
4107.0,1.63072e-15,4.6001806e-17
4108.5,1.70709e-15,4.6623826e-17
4110.0,1.67889e-15,4.6512126e-17
4111.5,1.6671701e-15,4.6393557e-17
4113.0,1.7739801e-15,4.7108451e-17
4114.5,1.80717e-15,4.7548795e-17
4116.0,1.75264e-15,4.7052471e-17
4117.5,1.76512e-15,4.7257077e-17
4119.0,1.82287e-15,4.7779495e-17
4120.5,1.8688901e-15,4.8319526e-17
4122.0,1.79796e-15,4.7771645e-17
4123.5,1.8303899e-15,4.7833913e-17
4125.0,1.8732e-15,4.8069015e-17
4126.5,1.8716599e-15,4.8140998e-17
4128.0,1.9145001e-15,4.8546628e-17
4129.5,1.88344e-15,4.8177389e-17
4131.0,1.8839999e-15,4.8210477e-17
4132.5,1.9121801e-15,4.8400667e-17
4134.0,1.8923999e-15,4.8049514e-17
4135.5,1.95287e-15,4.8577584e-17
4137.0,2.0209001e-15,4.9123916e-17
4138.5,1.95614e-15,4.8488663e-17
4140.0,1.9284101e-15,4.8072735e-17
4141.5,1.9914001e-15,4.8637112e-17
4143.0,1.94363e-15,4.8263777e-17
4144.5,2.01457e-15,4.8936407e-17
4146.0,2.0216099e-15,4.9017895e-17
4147.5,2.0499301e-15,4.8950605e-17
4149.0,2.0145899e-15,4.8657667e-17
4150.5,2.0278202e-15,4.8678968e-17
4152.0,2.0068301e-15,4.8592926e-17
4153.5,2.0178699e-15,4.8841007e-17
4155.0,2.0701301e-15,4.9415678e-17
4156.5,2.0380299e-15,4.9030254e-17
4158.0,2.03197e-15,4.8923863e-17
4159.5,2.0188799e-15,4.8775348e-17
4161.0,2.0718e-15,4.961183e-17
4162.5,2.1550301e-15,5.022081e-17
4164.0,2.0979299e-15,4.949731e-17
4165.5,2.07181e-15,4.9512962e-17
4167.0,2.0591401e-15,4.911058e-17
4168.5,2.0983702e-15,4.9473042e-17
4170.0,2.0919399e-15,4.9459193e-17
4171.5,2.0502801e-15,4.9052723e-17
4173.0,2.04919e-15,4.8863045e-17
4174.5,2.1505402e-15,4.9467024e-17
4176.0,2.0764699e-15,4.8815917e-17
4177.5,1.9603699e-15,4.7658614e-17
4179.0,2.0371301e-15,4.8221291e-17
4180.5,2.07919e-15,4.8611867e-17
4182.0,2.0999501e-15,4.8598405e-17
4183.5,2.02566e-15,4.7787341e-17
4185.0,2.0144301e-15,4.7632425e-17
4186.5,2.1414499e-15,4.8456534e-17
4188.0,2.1090801e-15,4.8156115e-17
4189.5,2.04999e-15,4.7793738e-17
4191.0,2.06818e-15,4.784191e-17
4192.5,2.1123299e-15,4.8096985e-17
4194.0,2.1347401e-15,4.8313811e-17
4195.5,2.03161e-15,4.7439178e-17
4197.0,1.9991799e-15,4.6984721e-17
4198.5,2.06332e-15,4.731624e-17
4200.0,2.06483e-15,4.7293675e-17
4201.5,2.0539998e-15,4.7255086e-17
4203.0,2.05186e-15,4.7260528e-17
4204.5,2.0133802e-15,4.6932652e-17
4206.0,2.0235801e-15,4.6972903e-17
4207.5,2.0322101e-15,4.7013329e-17
4209.0,2.0284601e-15,4.6845854e-17
4210.5,2.0165e-15,4.6698158e-17
4212.0,1.98002e-15,4.6339044e-17
4213.5,1.95682e-15,4.5984145e-17
4215.0,1.92086e-15,4.5597242e-17
4216.5,1.9005501e-15,4.5234799e-17
4218.0,1.8817701e-15,4.4833826e-17
4219.5,1.92395e-15,4.5127674e-17
4221.0,1.9341701e-15,4.5261253e-17
4222.5,1.94627e-15,4.5365229e-17
4224.0,1.9488e-15,4.5485763e-17
4225.5,1.8784601e-15,4.4910395e-17
4227.0,1.86211e-15,4.4474642e-17
4228.5,1.92005e-15,4.4900779e-17
4230.0,1.89189e-15,4.4774785e-17
4231.5,1.8729101e-15,4.4579738e-17
4233.0,1.88591e-15,4.4949677e-17
4234.5,1.96169e-15,4.5410543e-17
4236.0,1.9127601e-15,4.4720297e-17
4237.5,1.9012999e-15,4.4476401e-17
4239.0,1.8952201e-15,4.4299794e-17
4240.5,1.86971e-15,4.3996384e-17
4242.0,1.8826499e-15,4.4435747e-17
4243.5,1.83408e-15,4.3984217e-17
4245.0,1.82819e-15,4.3634882e-17
4246.5,1.8741999e-15,4.4258959e-17
4248.0,1.93378e-15,4.4929037e-17
4249.5,1.9313601e-15,4.4652023e-17
4251.0,1.88546e-15,4.4212941e-17
4252.5,1.8134499e-15,4.33853e-17
4254.0,1.77553e-15,4.3107217e-17
4255.5,1.79214e-15,4.3152137e-17
4257.0,1.82084e-15,4.3234823e-17
4258.5,1.85783e-15,4.3430533e-17
4260.0,1.80851e-15,4.3118289e-17
4261.5,1.7778201e-15,4.291671e-17
4263.0,1.82412e-15,4.3215949e-17
4264.5,1.8448799e-15,4.3340207e-17
4266.0,1.86753e-15,4.3484014e-17
4267.5,1.80682e-15,4.2947486e-17
4269.0,1.75278e-15,4.246532e-17
4270.5,1.7801401e-15,4.2525275e-17
4272.0,1.7925599e-15,4.2621784e-17
4273.5,1.7508499e-15,4.2197598e-17
4275.0,1.76693e-15,4.2119078e-17
4276.5,1.7643699e-15,4.2123786e-17
4278.0,1.73274e-15,4.1989558e-17
4279.5,1.75755e-15,4.203412e-17
4281.0,1.70608e-15,4.1346227e-17
4282.5,1.72231e-15,4.1559867e-17
4284.0,1.75038e-15,4.1914655e-17
4285.5,1.7250499e-15,4.1584507e-17
4287.0,1.6904201e-15,4.1142678e-17
4288.5,1.63632e-15,4.0765339e-17
4290.0,1.67979e-15,4.0888038e-17
4291.5,1.70619e-15,4.1142737e-17
4293.0,1.7193701e-15,4.1311314e-17
4294.5,1.72689e-15,4.1395902e-17
4296.0,1.67215e-15,4.089095e-17
4297.5,1.5803699e-15,3.997267e-17
4299.0,1.59044e-15,3.9849035e-17
4300.5,1.6281399e-15,4.0428949e-17
4302.0,1.60051e-15,3.9800797e-17
4303.5,1.5601e-15,3.9212325e-17
4305.0,1.54407e-15,3.9265121e-17
4306.5,1.60689e-15,3.9815309e-17
4308.0,1.59715e-15,3.9530457e-17
4309.5,1.55777e-15,3.9294695e-17
4311.0,1.52957e-15,3.9018094e-17
4312.5,1.56835e-15,3.9379578e-17
4314.0,1.5140399e-15,3.9122431e-17
4315.5,1.55423e-15,3.9582777e-17
4317.0,1.50482e-15,3.897084e-17
4318.5,1.51896e-15,3.907621e-17
4320.0,1.49461e-15,3.8849938e-17
4321.5,1.45083e-15,3.8390274e-17
4323.0,1.49119e-15,3.8437586e-17
4324.5,1.4941601e-15,3.8326926e-17
4326.0,1.44188e-15,3.7807171e-17
4327.5,1.41641e-15,3.7498614e-17
4329.0,1.42901e-15,3.7535135e-17
4330.5,1.43911e-15,3.7608961e-17
4332.0,1.4534301e-15,3.7800338e-17
4333.5,1.4389e-15,3.7427546e-17
4335.0,1.46222e-15,3.7503363e-17
4336.5,1.46681e-15,3.7712258e-17
4338.0,1.43308e-15,3.7323191e-17
4339.5,1.38801e-15,3.6753892e-17
4341.0,1.4146e-15,3.7049765e-17
4342.5,1.40433e-15,3.7028239e-17
4344.0,1.36518e-15,3.6542154e-17
4345.5,1.38261e-15,3.6635717e-17
4347.0,1.38053e-15,3.6649411e-17
4348.5,1.35877e-15,3.650042e-17
4350.0,1.35492e-15,3.6322084e-17
4351.5,1.35181e-15,3.62126e-17
4353.0,1.36571e-15,3.6648655e-17
4354.5,1.3709001e-15,3.7010822e-17
4356.0,1.33003e-15,3.7239664e-17
4357.5,1.3250901e-15,3.7627982e-17
4359.0,1.30888e-15,3.7431915e-17
4360.5,1.32363e-15,3.7257362e-17
4362.0,1.32826e-15,3.6480278e-17
4363.5,1.2878099e-15,3.5509711e-17
4365.0,1.24745e-15,3.4936511e-17
4366.5,1.2202501e-15,3.4660475e-17
4368.0,1.2017899e-15,3.4257791e-17
4369.5,1.14513e-15,3.3617055e-17
4371.0,1.18032e-15,3.3909816e-17
4372.5,1.22883e-15,3.4391702e-17
4374.0,1.2100801e-15,3.4276558e-17
4375.5,1.18247e-15,3.412669e-17
4377.0,1.1936299e-15,3.4084845e-17
4378.5,1.17604e-15,3.3564835e-17
4380.0,1.2153701e-15,3.4143794e-17
4381.5,1.1644501e-15,3.3481116e-17
4383.0,1.11227e-15,3.289343e-17
4384.5,1.06598e-15,3.2415725e-17
4386.0,1.0441199e-15,3.2038453e-17
4387.5,1.1424e-15,3.3071386e-17
4389.0,1.12089e-15,3.2821753e-17
4390.5,1.12052e-15,3.2698575e-17
4392.0,1.0800801e-15,3.2458016e-17
4393.5,1.0646e-15,3.2212472e-17
4395.0,1.0905401e-15,3.2430061e-17
4396.5,1.1108701e-15,3.2581507e-17
4398.0,1.08128e-15,3.2328939e-17
4399.5,1.0754301e-15,3.2511401e-17
4401.0,1.13017e-15,3.2896402e-17
4402.5,1.11209e-15,3.2697403e-17
4404.0,1.0697e-15,3.2256481e-17
4405.5,1.09327e-15,3.2543254e-17
4407.0,1.10254e-15,3.2754132e-17
4408.5,1.1146099e-15,3.279438e-17
4410.0,1.10724e-15,3.2813468e-17
4411.5,1.06922e-15,3.2462588e-17
4413.0,1.08882e-15,3.2530965e-17
4414.5,1.1396399e-15,3.2830503e-17
4416.0,1.16684e-15,3.3094615e-17
4417.5,1.1602e-15,3.3183702e-17
4419.0,1.11788e-15,3.2565243e-17
4420.5,1.07858e-15,3.2163504e-17
4422.0,1.10279e-15,3.2663316e-17
4423.5,1.1551101e-15,3.307886e-17
4425.0,1.16697e-15,3.3109754e-17
4426.5,1.13595e-15,3.2754947e-17
4428.0,1.0898e-15,3.2246444e-17
4429.5,1.1496e-15,3.2522234e-17
4431.0,1.12299e-15,3.2208276e-17
4432.5,1.14871e-15,3.2482638e-17
4434.0,1.2012499e-15,3.3006457e-17
4435.5,1.21846e-15,3.3031356e-17
4437.0,1.22102e-15,3.3025482e-17
4438.5,1.2134e-15,3.301142e-17
4440.0,1.20141e-15,3.3098051e-17
4441.5,1.1718399e-15,3.2578745e-17
4443.0,1.1627701e-15,3.2342408e-17
4444.5,1.1773501e-15,3.2545761e-17
4446.0,1.2093101e-15,3.2764862e-17
4447.5,1.16654e-15,3.2301868e-17
4449.0,1.2260601e-15,3.2906401e-17
4450.5,1.24798e-15,3.3089184e-17
4452.0,1.2299101e-15,3.2767922e-17
4453.5,1.1889301e-15,3.2378287e-17
4455.0,1.27811e-15,3.3034449e-17
4456.5,1.31563e-15,3.3528584e-17
4458.0,1.2783001e-15,3.3017227e-17
4459.5,1.23562e-15,3.2781413e-17
4461.0,1.22667e-15,3.2708446e-17
4462.5,1.26974e-15,3.281984e-17
4464.0,1.3465e-15,3.3335466e-17
4465.5,1.32779e-15,3.3366828e-17
4467.0,1.30809e-15,3.3349443e-17
4468.5,1.29405e-15,3.3137068e-17
4470.0,1.24507e-15,3.2781118e-17
4471.5,1.21636e-15,3.2413336e-17
4473.0,1.26616e-15,3.2778069e-17
4474.5,1.29656e-15,3.3188879e-17
4476.0,1.31665e-15,3.3283448e-17
4477.5,1.26696e-15,3.277603e-17
4479.0,1.2736301e-15,3.2833467e-17
4480.5,1.29955e-15,3.2950602e-17
4482.0,1.3125101e-15,3.3100536e-17
4483.5,1.31093e-15,3.3250084e-17
4485.0,1.28353e-15,3.2821812e-17
4486.5,1.32296e-15,3.307712e-17
4488.0,1.3191001e-15,3.3144689e-17
4489.5,1.2826001e-15,3.2769544e-17
4491.0,1.32241e-15,3.3074144e-17
4492.5,1.30092e-15,3.2779024e-17
4494.0,1.21954e-15,3.1977207e-17
4495.5,1.25031e-15,3.2256654e-17
4497.0,1.28522e-15,3.2381096e-17
4498.5,1.26557e-15,3.2149747e-17
4500.0,1.26475e-15,3.220148e-17
4501.5,1.29832e-15,3.2642598e-17
4503.0,1.26835e-15,3.2340553e-17
4504.5,1.2329201e-15,3.1905818e-17
4506.0,1.24802e-15,3.2161763e-17
4507.5,1.235e-15,3.2052995e-17
4509.0,1.23733e-15,3.1883146e-17
4510.5,1.224e-15,3.1802742e-17
4512.0,1.20721e-15,3.156733e-17
4513.5,1.20795e-15,3.1564539e-17
4515.0,1.1784499e-15,3.1168318e-17
4516.5,1.1764899e-15,3.1219174e-17
4518.0,1.23439e-15,3.173244e-17
4519.5,1.26587e-15,3.1920312e-17
4521.0,1.21966e-15,3.1441973e-17
4522.5,1.2178101e-15,3.1526363e-17
4524.0,1.2313401e-15,3.1738834e-17
4525.5,1.1836701e-15,3.1364006e-17
4527.0,1.1835999e-15,3.1258924e-17
4528.5,1.18234e-15,3.1250252e-17
4530.0,1.22862e-15,3.165346e-17
4531.5,1.26666e-15,3.1968468e-17
4533.0,1.21128e-15,3.1285641e-17
4534.5,1.1987799e-15,3.1400191e-17
4536.0,1.2035201e-15,3.1415337e-17
4537.5,1.21488e-15,3.1395755e-17
4539.0,1.2585699e-15,3.1823692e-17
4540.5,1.2863701e-15,3.2032955e-17
4542.0,1.30763e-15,3.2139685e-17
4543.5,1.27389e-15,3.1926757e-17
4545.0,1.28072e-15,3.213015e-17
4546.5,1.3348499e-15,3.2579464e-17
4548.0,1.30279e-15,3.2058868e-17
4549.5,1.28758e-15,3.1967746e-17
4551.0,1.31313e-15,3.2202222e-17
4552.5,1.30291e-15,3.2123989e-17
4554.0,1.3333e-15,3.2419552e-17
4555.5,1.38162e-15,3.2621434e-17
4557.0,1.37445e-15,3.2560509e-17
4558.5,1.38514e-15,3.2699733e-17
4560.0,1.39218e-15,3.2659529e-17
4561.5,1.40475e-15,3.276154e-17
4563.0,1.42519e-15,3.300941e-17
4564.5,1.41232e-15,3.2864169e-17
4566.0,1.42928e-15,3.2895981e-17
4567.5,1.4241701e-15,3.2719559e-17
4569.0,1.3978601e-15,3.2488316e-17
4570.5,1.42559e-15,3.2778906e-17
4572.0,1.48156e-15,3.3302669e-17
4573.5,1.48143e-15,3.3346892e-17
4575.0,1.46011e-15,3.3164102e-17
4576.5,1.43391e-15,3.275897e-17
4578.0,1.4615001e-15,3.2824662e-17
4579.5,1.50142e-15,3.3350586e-17
4581.0,1.47515e-15,3.3322034e-17
4582.5,1.4496599e-15,3.299457e-17
4584.0,1.5024101e-15,3.3253528e-17
4585.5,1.50647e-15,3.339749e-17
4587.0,1.49208e-15,3.3386816e-17
4588.5,1.5297101e-15,3.35012e-17
4590.0,1.4917701e-15,3.3172903e-17
4591.5,1.46827e-15,3.3094154e-17
4593.0,1.55966e-15,3.3638879e-17
4594.5,1.6096701e-15,3.3981032e-17
4596.0,1.58066e-15,3.3800225e-17
4597.5,1.49844e-15,3.3099939e-17
4599.0,1.4772e-15,3.2928619e-17
4600.5,1.5548801e-15,3.3502435e-17
4602.0,1.5774699e-15,3.3681818e-17
4603.5,1.59177e-15,3.371502e-17
4605.0,1.56116e-15,3.3415892e-17
4606.5,1.55378e-15,3.3404252e-17
4608.0,1.5875201e-15,3.3660138e-17
4609.5,1.5914e-15,3.3629303e-17
4611.0,1.5604901e-15,3.3286092e-17
4612.5,1.58436e-15,3.3503847e-17
4614.0,1.59418e-15,3.3697072e-17
4615.5,1.56828e-15,3.3554153e-17
4617.0,1.57839e-15,3.3627906e-17
4618.5,1.56084e-15,3.3345399e-17
4620.0,1.54466e-15,3.3184263e-17
4621.5,1.5269399e-15,3.3144398e-17
4623.0,1.55995e-15,3.3486013e-17
4624.5,1.58592e-15,3.3600382e-17
4626.0,1.54711e-15,3.3137083e-17
4627.5,1.53421e-15,3.3108183e-17
4629.0,1.56574e-15,3.3396074e-17
4630.5,1.54246e-15,3.3083108e-17
4632.0,1.50964e-15,3.2663017e-17
4633.5,1.50462e-15,3.2568956e-17
4635.0,1.51789e-15,3.2745291e-17
4636.5,1.54525e-15,3.2980817e-17
4638.0,1.53446e-15,3.2881709e-17
4639.5,1.49806e-15,3.2574203e-17
4641.0,1.53828e-15,3.2911622e-17
4642.5,1.5811e-15,3.3219662e-17
4644.0,1.5834301e-15,3.3190704e-17
4645.5,1.56902e-15,3.2948865e-17
4647.0,1.4898501e-15,3.2297905e-17
4648.5,1.51644e-15,3.2531385e-17
4650.0,1.5416e-15,3.262295e-17
4651.5,1.5259301e-15,3.2545031e-17
4653.0,1.56311e-15,3.2961906e-17
4654.5,1.51932e-15,3.2648276e-17
4656.0,1.55141e-15,3.3042078e-17
4657.5,1.5331e-15,3.2930828e-17
4659.0,1.5164301e-15,3.2800136e-17
4660.5,1.49813e-15,3.2554337e-17
4662.0,1.49005e-15,3.2580272e-17
4663.5,1.5524201e-15,3.2907835e-17
4665.0,1.5355099e-15,3.2881034e-17
4666.5,1.5543899e-15,3.2924269e-17
4668.0,1.5372601e-15,3.280459e-17
4669.5,1.56003e-15,3.3004341e-17
4671.0,1.5728101e-15,3.2947685e-17
4672.5,1.5104801e-15,3.2357233e-17
4674.0,1.5125801e-15,3.2404856e-17
4675.5,1.51383e-15,3.2514388e-17
4677.0,1.51262e-15,3.2414678e-17
4678.5,1.4920699e-15,3.2209013e-17
4680.0,1.51154e-15,3.2242742e-17
4681.5,1.5068199e-15,3.221218e-17
4683.0,1.4956e-15,3.2189896e-17
4684.5,1.4754501e-15,3.1942998e-17
4686.0,1.4631601e-15,3.183573e-17
4687.5,1.46785e-15,3.1908447e-17
4689.0,1.5023201e-15,3.2140729e-17
4690.5,1.54459e-15,3.2358904e-17
4692.0,1.49394e-15,3.19253e-17
4693.5,1.4868701e-15,3.1836261e-17
4695.0,1.48322e-15,3.1791972e-17
4696.5,1.5334801e-15,3.2190187e-17
4698.0,1.50957e-15,3.1977262e-17
4699.5,1.46451e-15,3.158759e-17
4701.0,1.4646501e-15,3.1608931e-17
4702.5,1.52273e-15,3.2018108e-17
4704.0,1.50598e-15,3.1907315e-17
4705.5,1.4543999e-15,3.1491221e-17
4707.0,1.49948e-15,3.1804796e-17
4708.5,1.49846e-15,3.1741603e-17
4710.0,1.46106e-15,3.1478368e-17
4711.5,1.4603601e-15,3.1405205e-17
4713.0,1.49506e-15,3.155681e-17
4714.5,1.49488e-15,3.1500276e-17
4716.0,1.4988101e-15,3.1609252e-17
4717.5,1.44811e-15,3.1210602e-17
4719.0,1.4569201e-15,3.1185813e-17
4720.5,1.47267e-15,3.1176352e-17
4722.0,1.38475e-15,3.0498172e-17
4723.5,1.38719e-15,3.0455246e-17
4725.0,1.40052e-15,3.0536085e-17
4726.5,1.39537e-15,3.0590574e-17
4728.0,1.3973201e-15,3.0706534e-17
4729.5,1.41654e-15,3.0605958e-17
4731.0,1.3601201e-15,2.9978693e-17
4732.5,1.31606e-15,2.9838393e-17
4734.0,1.36782e-15,3.0168395e-17
4735.5,1.35674e-15,3.0013772e-17
4737.0,1.34208e-15,2.9836208e-17
4738.5,1.30583e-15,2.9631308e-17
4740.0,1.32267e-15,2.9839556e-17
4741.5,1.28697e-15,2.94213e-17
4743.0,1.2608499e-15,2.9271905e-17
4744.5,1.26958e-15,2.9101155e-17
4746.0,1.2445299e-15,2.8909582e-17
4747.5,1.29316e-15,2.9364912e-17
4749.0,1.27906e-15,2.9101323e-17
4750.5,1.27541e-15,2.9077792e-17
4752.0,1.2927901e-15,2.9253988e-17
4753.5,1.27142e-15,2.8977258e-17
4755.0,1.2474101e-15,2.8760119e-17
4756.5,1.2260401e-15,2.848753e-17
4758.0,1.24098e-15,2.8527666e-17
4759.5,1.2572401e-15,2.8665684e-17
4761.0,1.2366399e-15,2.8530042e-17
4762.5,1.2041e-15,2.8391764e-17
4764.0,1.1749601e-15,2.8063487e-17
4765.5,1.18607e-15,2.8106943e-17
4767.0,1.19655e-15,2.8181346e-17
4768.5,1.18402e-15,2.8040076e-17
4770.0,1.2059601e-15,2.8160595e-17
4771.5,1.20479e-15,2.8030901e-17
4773.0,1.1948101e-15,2.8027247e-17
4774.5,1.2041301e-15,2.810189e-17
4776.0,1.2225501e-15,2.815415e-17
4777.5,1.23943e-15,2.8406472e-17
4779.0,1.22551e-15,2.8366592e-17
4780.5,1.21357e-15,2.8182146e-17
4782.0,1.19979e-15,2.8051624e-17
4783.5,1.21188e-15,2.8120797e-17
4785.0,1.21637e-15,2.8164778e-17
4786.5,1.2173001e-15,2.8085381e-17
4788.0,1.21136e-15,2.8038026e-17
4789.5,1.21961e-15,2.8138703e-17
4791.0,1.22367e-15,2.808443e-17
4792.5,1.21481e-15,2.8057147e-17
4794.0,1.22463e-15,2.8136701e-17
4795.5,1.22323e-15,2.808572e-17
4797.0,1.23359e-15,2.817051e-17
4798.5,1.2597999e-15,2.8461698e-17
4800.0,1.20452e-15,2.7939045e-17
4801.5,1.1678501e-15,2.7754225e-17
4803.0,1.2004499e-15,2.8028547e-17
4804.5,1.19749e-15,2.7978443e-17
4806.0,1.19893e-15,2.7879845e-17
4807.5,1.2443e-15,2.8198045e-17
4809.0,1.25e-15,2.8224531e-17
4810.5,1.22674e-15,2.786577e-17
4812.0,1.20151e-15,2.770911e-17
4813.5,1.2316099e-15,2.8022516e-17
4815.0,1.2186199e-15,2.7801572e-17
4816.5,1.20387e-15,2.7900732e-17
4818.0,1.21246e-15,2.8134408e-17
4819.5,1.16967e-15,2.7643587e-17
4821.0,1.20019e-15,2.788851e-17
4822.5,1.22985e-15,2.8103094e-17
4824.0,1.18003e-15,2.7692807e-17
4825.5,1.14326e-15,2.7297404e-17
4827.0,1.11768e-15,2.70847e-17
4828.5,1.1480201e-15,2.7370939e-17
4830.0,1.17609e-15,2.7561802e-17
4831.5,1.11649e-15,2.7075783e-17
4833.0,1.0794801e-15,2.6768786e-17
4834.5,1.1266201e-15,2.719607e-17
4836.0,1.1646301e-15,2.7436788e-17
4837.5,1.16282e-15,2.7345079e-17
4839.0,1.11282e-15,2.6900835e-17
4840.5,1.12356e-15,2.7046135e-17
4842.0,1.16723e-15,2.7298913e-17
4843.5,1.1255501e-15,2.6960687e-17
4845.0,1.11052e-15,2.6868639e-17
4846.5,1.09101e-15,2.6597783e-17
4848.0,1.06904e-15,2.6295812e-17
4849.5,1.09376e-15,2.6405021e-17
4851.0,1.13523e-15,2.679082e-17
4852.5,1.15811e-15,2.6912154e-17
4854.0,1.14242e-15,2.6705097e-17
4855.5,1.1246601e-15,2.6509054e-17
4857.0,1.08408e-15,2.6167441e-17
4858.5,1.0872199e-15,2.623831e-17
4860.0,1.06731e-15,2.601242e-17
4861.5,1.0735801e-15,2.6116782e-17
4863.0,1.08987e-15,2.6267845e-17
4864.5,1.07263e-15,2.6117339e-17
4866.0,1.09269e-15,2.6209105e-17
4867.5,1.09704e-15,2.6185159e-17
4869.0,1.0775e-15,2.6110992e-17
4870.5,1.0874401e-15,2.6102681e-17
4872.0,1.1190701e-15,2.6364454e-17
4873.5,1.08718e-15,2.6075756e-17
4875.0,1.14161e-15,2.6720596e-17
4876.5,1.15216e-15,2.6612834e-17
4878.0,1.1270501e-15,2.6316122e-17
4879.5,1.13983e-15,2.6522766e-17
4881.0,1.13972e-15,2.6634027e-17
4882.5,1.1355e-15,2.651277e-17
4884.0,1.1139e-15,2.6234396e-17
4885.5,1.1295399e-15,2.6626102e-17
4887.0,1.11805e-15,2.6423386e-17
4888.5,1.10872e-15,2.6231908e-17
4890.0,1.08877e-15,2.6139299e-17
4891.5,1.12879e-15,2.6478394e-17
4893.0,1.12073e-15,2.6157961e-17
4894.5,1.1536e-15,2.6328439e-17
4896.0,1.08708e-15,2.5903203e-17
4897.5,1.0688601e-15,2.585133e-17
4899.0,1.08332e-15,2.5914371e-17
4900.5,1.10489e-15,2.5954249e-17
4902.0,1.15235e-15,2.6428583e-17
4903.5,1.0816701e-15,2.5825655e-17
4905.0,1.08172e-15,2.5719032e-17
4906.5,1.0894701e-15,2.5771576e-17
4908.0,1.08642e-15,2.561332e-17
4909.5,1.0663e-15,2.5479079e-17
4911.0,1.0864e-15,2.5593273e-17
4912.5,1.1161e-15,2.5926887e-17
4914.0,1.0372099e-15,2.5264331e-17
4915.5,9.6389999e-16,2.4580443e-17
4917.0,9.7759598e-16,2.4676683e-17
4918.5,9.8561505e-16,2.4563138e-17
4920.0,9.8438696e-16,2.4495689e-17
4921.5,9.58899e-16,2.4428589e-17
4923.0,9.5206196e-16,2.4370118e-17
4924.5,9.7497304e-16,2.4427738e-17
4926.0,9.8357201e-16,2.4546981e-17
4927.5,9.6047099e-16,2.4251103e-17
4929.0,9.3585695e-16,2.4015099e-17
4930.5,9.2990295e-16,2.3952446e-17
4932.0,9.1684805e-16,2.3829445e-17
4933.5,9.2628093e-16,2.3848661e-17
4935.0,9.1187798e-16,2.3688175e-17
4936.5,8.55654e-16,2.3251412e-17
4938.0,8.9866193e-16,2.3653318e-17
4939.5,8.8975697e-16,2.3537313e-17
4941.0,8.9174199e-16,2.3481349e-17
4942.5,8.5282199e-16,2.3152338e-17
4944.0,8.3991898e-16,2.3042936e-17
4945.5,8.6190198e-16,2.3241715e-17
4947.0,8.4702501e-16,2.2980346e-17
4948.5,8.1032095e-16,2.2562383e-17
4950.0,7.9023203e-16,2.2438252e-17
4951.5,8.4192004e-16,2.2861959e-17
4953.0,8.4212397e-16,2.2876781e-17
4954.5,8.3467802e-16,2.2783952e-17
4956.0,7.8449603e-16,2.2255701e-17
4957.5,7.7442401e-16,2.2304088e-17
4959.0,7.8977198e-16,2.2382133e-17
4960.5,7.9853099e-16,2.2348302e-17
4962.0,7.8520298e-16,2.2273576e-17
4963.5,7.84581e-16,2.2332108e-17
4965.0,7.7063799e-16,2.2321198e-17
4966.5,7.88536e-16,2.2391489e-17
4968.0,8.0314203e-16,2.2549541e-17
4969.5,8.0456801e-16,2.2628877e-17
4971.0,8.0026296e-16,2.2561459e-17
4972.5,7.93566e-16,2.2463145e-17
4974.0,8.03897e-16,2.2601831e-17
4975.5,7.8858603e-16,2.252395e-17
4977.0,7.9383896e-16,2.2676208e-17
4978.5,8.37135e-16,2.2953718e-17
4980.0,8.0138602e-16,2.2700259e-17
4981.5,7.8677704e-16,2.2653505e-17
4983.0,7.9494704e-16,2.2678996e-17
4984.5,8.1680499e-16,2.2949105e-17
4986.0,8.3866003e-16,2.3025733e-17
4987.5,8.1197796e-16,2.2826858e-17
4989.0,8.09397e-16,2.281095e-17
4990.5,8.40799e-16,2.305396e-17
4992.0,8.2938602e-16,2.288653e-17
4993.5,8.1722199e-16,2.2638336e-17
4995.0,8.1871902e-16,2.2648083e-17
4996.5,8.3935602e-16,2.2853307e-17
4998.0,8.3925803e-16,2.2766709e-17
4999.5,8.39181e-16,2.2768197e-17
5001.0,8.5838404e-16,2.2943226e-17
5002.5,8.6922198e-16,2.303989e-17
5004.0,8.3852201e-16,2.2719824e-17
5005.5,8.4959697e-16,2.2776712e-17
5007.0,8.6250596e-16,2.2910418e-17
5008.5,8.6132504e-16,2.2862439e-17
5010.0,8.7345302e-16,2.301642e-17
5011.5,8.76924e-16,2.2989796e-17
5013.0,8.7798703e-16,2.2874803e-17
5014.5,8.3990003e-16,2.2617622e-17
5016.0,8.9057002e-16,2.314325e-17
5017.5,8.9022199e-16,2.3115438e-17
5019.0,8.9512102e-16,2.3143762e-17
5020.5,8.9189404e-16,2.3151743e-17
5022.0,8.9484298e-16,2.318432e-17
5023.5,9.0795103e-16,2.3287412e-17
5025.0,8.9231903e-16,2.3081093e-17
5026.5,8.9803894e-16,2.3077784e-17
5028.0,9.1292597e-16,2.3258729e-17
5029.5,9.2297104e-16,2.3316074e-17
5031.0,8.9975397e-16,2.3239903e-17
5032.5,9.2511604e-16,2.3357297e-17
5034.0,8.8131999e-16,2.2904619e-17
5035.5,9.1207798e-16,2.3078435e-17
5037.0,9.1596396e-16,2.3175338e-17
5038.5,8.8923499e-16,2.292338e-17
5040.0,9.2638702e-16,2.3282947e-17
5041.5,9.0700299e-16,2.3264962e-17
5043.0,9.18097e-16,2.3222242e-17
5044.5,9.2870408e-16,2.3408197e-17
5046.0,9.2587202e-16,2.3302129e-17
5047.5,9.3846899e-16,2.3378116e-17
5049.0,9.6750994e-16,2.3667434e-17
5050.5,9.57035e-16,2.3526943e-17
5052.0,9.11394e-16,2.3203685e-17
5053.5,9.2729504e-16,2.3424347e-17
5055.0,9.5122901e-16,2.3606494e-17
5056.5,9.3799105e-16,2.3464475e-17
5058.0,9.10652e-16,2.315758e-17
5059.5,9.09728e-16,2.3003108e-17
5061.0,9.2386699e-16,2.3204934e-17
5062.5,9.4172498e-16,2.3446382e-17
5064.0,9.1615306e-16,2.3235852e-17
5065.5,8.9944904e-16,2.303096e-17
5067.0,9.1340698e-16,2.3126446e-17
5068.5,8.9815996e-16,2.300042e-17
5070.0,8.9621295e-16,2.2977577e-17
5071.5,9.2159398e-16,2.3159392e-17
5073.0,9.4499104e-16,2.3335678e-17
5074.5,9.5359996e-16,2.3429855e-17
5076.0,9.1514096e-16,2.3138281e-17
5077.5,9.2051295e-16,2.3278787e-17
5079.0,9.4927004e-16,2.358801e-17
5080.5,9.3199999e-16,2.3406507e-17
5082.0,9.3902401e-16,2.3408442e-17
5083.5,9.0417199e-16,2.3155847e-17
5085.0,9.3249794e-16,2.339464e-17
5086.5,9.7243395e-16,2.3682901e-17
5088.0,9.6547198e-16,2.3676498e-17
5089.5,9.5977303e-16,2.3633551e-17
5091.0,9.31053e-16,2.3275352e-17
5092.5,9.7169301e-16,2.3553529e-17
5094.0,9.57995e-16,2.3379178e-17
5095.5,9.5575503e-16,2.3394863e-17
5097.0,9.2466998e-16,2.3269392e-17
5098.5,9.3550406e-16,2.330222e-17
5100.0,8.98402e-16,2.295267e-17
5101.5,9.28908e-16,2.3185293e-17
5103.0,9.3372296e-16,2.3334467e-17
5104.5,9.4329104e-16,2.3361469e-17
5106.0,9.4090495e-16,2.3198609e-17
5107.5,8.9569997e-16,2.2777593e-17
5109.0,9.4272904e-16,2.3159102e-17
5110.5,9.56448e-16,2.3322486e-17
5112.0,9.60129e-16,2.3539645e-17
5113.5,9.4106906e-16,2.3343959e-17
5115.0,9.3648397e-16,2.3123085e-17
5116.5,9.6205695e-16,2.3461064e-17
5118.0,9.9340501e-16,2.3738841e-17
5119.5,9.9698795e-16,2.3699694e-17
5121.0,1.00836e-15,2.3782008e-17
5122.5,9.7936099e-16,2.351039e-17
5124.0,9.6049206e-16,2.3310694e-17
5125.5,9.6714995e-16,2.3233636e-17
5127.0,9.5084403e-16,2.3206994e-17
5128.5,9.7242103e-16,2.3423126e-17
5130.0,1.0011701e-15,2.3720732e-17
5131.5,1.0021301e-15,2.3866506e-17
5133.0,1.0025199e-15,2.3837881e-17
5134.5,9.8953099e-16,2.3799584e-17
5136.0,9.4852105e-16,2.3519818e-17
5137.5,9.7454793e-16,2.3691575e-17
5139.0,1.02895e-15,2.409306e-17
5140.5,1.0163799e-15,2.3818384e-17
5142.0,1.0066901e-15,2.3684934e-17
5143.5,1.00447e-15,2.3790604e-17
5145.0,9.9979195e-16,2.3792853e-17
5146.5,9.9292304e-16,2.3799785e-17
5148.0,1.0094001e-15,2.3883421e-17
5149.5,1.01174e-15,2.3936501e-17
5151.0,9.7871999e-16,2.384405e-17
5152.5,1.02304e-15,2.4133211e-17
5154.0,1.02457e-15,2.4150261e-17
5155.5,1.01113e-15,2.3989511e-17
5157.0,1.01957e-15,2.3924563e-17
5158.5,1.0584701e-15,2.4304975e-17
5160.0,1.05062e-15,2.4152761e-17
5161.5,1.06103e-15,2.4274886e-17
5163.0,1.10911e-15,2.4628442e-17
5164.5,1.08815e-15,2.447967e-17
5166.0,1.06639e-15,2.4195631e-17
5167.5,1.04478e-15,2.3953685e-17
5169.0,1.0500199e-15,2.4085966e-17
5170.5,1.09192e-15,2.4384809e-17
5172.0,1.09527e-15,2.4301407e-17
5173.5,1.09593e-15,2.4392148e-17
5175.0,1.07027e-15,2.4177973e-17
5176.5,1.07436e-15,2.4296489e-17
5178.0,1.1039199e-15,2.442389e-17
5179.5,1.10297e-15,2.4547691e-17
5181.0,1.1043299e-15,2.4409496e-17
5182.5,1.1206501e-15,2.4604973e-17
5184.0,1.07658e-15,2.4275913e-17
5185.5,1.10802e-15,2.4535267e-17
5187.0,1.1229e-15,2.4671252e-17
5188.5,1.09518e-15,2.4617945e-17
5190.0,1.1082799e-15,2.4599227e-17
5191.5,1.1223801e-15,2.4641829e-17
5193.0,1.1706099e-15,2.4995125e-17
5194.5,1.13842e-15,2.4753848e-17
5196.0,1.15052e-15,2.4882968e-17
5197.5,1.17195e-15,2.5166498e-17
5199.0,1.18099e-15,2.5306041e-17
5200.5,1.1791101e-15,2.5239159e-17
5202.0,1.17998e-15,2.5218759e-17
5203.5,1.1619299e-15,2.5090037e-17
5205.0,1.1655299e-15,2.5111227e-17
5206.5,1.17231e-15,2.5191849e-17
5208.0,1.1447199e-15,2.4825438e-17
5209.5,1.17258e-15,2.4974096e-17
5211.0,1.19651e-15,2.5222046e-17
5212.5,1.17671e-15,2.5121617e-17
5214.0,1.1634099e-15,2.4904371e-17
5215.5,1.17522e-15,2.4966694e-17
5217.0,1.1715401e-15,2.5160814e-17
5218.5,1.17793e-15,2.5203527e-17
5220.0,1.19045e-15,2.5236938e-17
5221.5,1.18712e-15,2.5296622e-17
5223.0,1.17481e-15,2.5168624e-17
5224.5,1.1683299e-15,2.5011239e-17
5226.0,1.1392699e-15,2.4729139e-17
5227.5,1.14926e-15,2.487959e-17
5229.0,1.1826201e-15,2.5080125e-17
5230.5,1.17782e-15,2.5048512e-17
5232.0,1.15836e-15,2.4960601e-17
5233.5,1.14781e-15,2.4820551e-17
5235.0,1.1555e-15,2.4874091e-17
5236.5,1.1269401e-15,2.4565555e-17
5238.0,1.13892e-15,2.4778989e-17
5239.5,1.1545399e-15,2.4970665e-17
5241.0,1.17389e-15,2.4970066e-17
5242.5,1.1547901e-15,2.4771777e-17
5244.0,1.14973e-15,2.468502e-17
5245.5,1.1376701e-15,2.4679303e-17
5247.0,1.1465401e-15,2.4728929e-17
5248.5,1.13104e-15,2.452421e-17
5250.0,1.0924701e-15,2.4307801e-17
5251.5,1.15521e-15,2.486715e-17
5253.0,1.15847e-15,2.4732922e-17
5254.5,1.0819401e-15,2.4142142e-17
5256.0,1.07416e-15,2.412568e-17
5257.5,1.1025799e-15,2.442106e-17
5259.0,1.12518e-15,2.4607117e-17
5260.5,1.06928e-15,2.4129942e-17
5262.0,1.0644601e-15,2.3856945e-17
5263.5,1.08951e-15,2.4028793e-17
5265.0,1.07649e-15,2.3958145e-17
5266.5,1.1200101e-15,2.4242753e-17
5268.0,1.11708e-15,2.432838e-17
5269.5,1.08801e-15,2.4156708e-17
5271.0,1.0923199e-15,2.4120324e-17
5272.5,1.0871901e-15,2.4075637e-17
5274.0,1.0945299e-15,2.4173921e-17
5275.5,1.1108001e-15,2.431139e-17
5277.0,1.12554e-15,2.4436782e-17
5278.5,1.11928e-15,2.441717e-17
5280.0,1.1023099e-15,2.4209487e-17
5281.5,1.1212699e-15,2.4326719e-17
5283.0,1.12032e-15,2.4331236e-17
5284.5,1.09338e-15,2.4091261e-17
5286.0,1.10965e-15,2.4205309e-17
5287.5,1.1037801e-15,2.4186126e-17
5289.0,1.1016e-15,2.4222355e-17
5290.5,1.12836e-15,2.4439864e-17
5292.0,1.10676e-15,2.4330605e-17
5293.5,1.09785e-15,2.4330856e-17
5295.0,1.15004e-15,2.4588664e-17
5296.5,1.14452e-15,2.4484557e-17
5298.0,1.11792e-15,2.4326738e-17
5299.5,1.1281701e-15,2.4314441e-17
5301.0,1.11164e-15,2.4195474e-17
5302.5,1.10579e-15,2.4198853e-17
5304.0,1.12288e-15,2.4414678e-17
5305.5,1.15256e-15,2.4605368e-17
5307.0,1.17193e-15,2.4639925e-17
5308.5,1.1747599e-15,2.4732817e-17
5310.0,1.1516699e-15,2.4483748e-17
5311.5,1.1444901e-15,2.4436686e-17
5313.0,1.12999e-15,2.4405442e-17
5314.5,1.14399e-15,2.4403292e-17
5316.0,1.14953e-15,2.4499079e-17
5317.5,1.14963e-15,2.4504237e-17
5319.0,1.16819e-15,2.4676857e-17
5320.5,1.1493201e-15,2.4513589e-17
5322.0,1.14347e-15,2.447494e-17
5323.5,1.10516e-15,2.4038753e-17
5325.0,1.10641e-15,2.4077237e-17
5326.5,1.0854e-15,2.3986596e-17
5328.0,1.0619e-15,2.3735429e-17
5329.5,1.0726e-15,2.3862485e-17
5331.0,1.07416e-15,2.3870204e-17
5332.5,1.06723e-15,2.3737835e-17
5334.0,1.05931e-15,2.3765018e-17
5335.5,1.05047e-15,2.3688417e-17
5337.0,1.01087e-15,2.3237257e-17
5338.5,1.02569e-15,2.3367568e-17
5340.0,1.00086e-15,2.3047067e-17
5341.5,9.6325095e-16,2.2694973e-17
5343.0,9.9722999e-16,2.3045741e-17
5344.5,9.6066401e-16,2.2831574e-17
5346.0,9.3878599e-16,2.2645286e-17
5347.5,9.5693706e-16,2.2719594e-17
5349.0,9.1783601e-16,2.2383543e-17
5350.5,9.3364005e-16,2.2504595e-17
5352.0,9.4935601e-16,2.2575698e-17
5353.5,9.0412604e-16,2.2188001e-17
5355.0,8.8110797e-16,2.1976612e-17
5356.5,8.6715903e-16,2.1804136e-17
5358.0,8.54415e-16,2.1741329e-17
5359.5,8.6032999e-16,2.1786455e-17
5361.0,8.6986101e-16,2.1659745e-17
5362.5,8.70084e-16,2.1701213e-17
5364.0,8.6632402e-16,2.1696982e-17
5365.5,8.4435897e-16,2.1463213e-17
5367.0,8.1030999e-16,2.1267571e-17
5368.5,8.2284899e-16,2.1395529e-17
5370.0,8.23411e-16,2.1339449e-17
5371.5,8.0679502e-16,2.1244254e-17
5373.0,7.9064798e-16,2.1081167e-17
5374.5,8.2886203e-16,2.1311134e-17
5376.0,8.4489202e-16,2.1486163e-17
5377.5,8.1772799e-16,2.126904e-17
5379.0,7.9947798e-16,2.1121716e-17
5380.5,7.7554797e-16,2.0832238e-17
5382.0,7.70468e-16,2.0838377e-17
5383.5,7.6400699e-16,2.0758062e-17
5385.0,7.6507801e-16,2.0743883e-17
5386.5,7.8552401e-16,2.0867334e-17
5388.0,7.6575399e-16,2.0505434e-17
5389.5,7.5502198e-16,2.0576046e-17
5391.0,7.8206001e-16,2.0904001e-17
5392.5,7.9632003e-16,2.095268e-17
5394.0,8.0254604e-16,2.1033056e-17
5395.5,7.8316703e-16,2.0851193e-17
5397.0,7.5031899e-16,2.0438564e-17
5398.5,7.4736099e-16,2.0437037e-17
5400.0,7.54817e-16,2.0596584e-17
5401.5,7.3501602e-16,2.0222595e-17
5403.0,7.6471601e-16,2.0326342e-17
5404.5,7.7844297e-16,2.0607249e-17
5406.0,7.34525e-16,2.0260567e-17
5407.5,7.5028998e-16,2.0374796e-17
5409.0,7.5167297e-16,2.0715684e-17
5410.5,7.5305496e-16,2.0813362e-17
5412.0,7.5443801e-16,2.2273535e-17
5413.5,7.5581999e-16,2.9086292e-17
5415.0,7.5720299e-16,3.7258995e-17
5416.5,7.5858497e-16,3.7442843e-17
5418.0,7.5996701e-16,3.075826e-17
5419.5,7.6134995e-16,2.3416737e-17
5421.0,7.6273205e-16,2.0191699e-17
5422.5,7.6411499e-16,2.0869155e-17
5424.0,7.6411499e-16,2.052523e-17
5425.5,7.5327799e-16,2.0463461e-17
5427.0,7.6590598e-16,2.058667e-17
5428.5,7.6802404e-16,2.05956e-17
5430.0,7.6617598e-16,2.0591913e-17
5431.5,7.6242902e-16,2.0664528e-17
5433.0,7.65691e-16,2.0638252e-17
5434.5,7.6856704e-16,2.0499275e-17
5436.0,7.7476399e-16,2.0598054e-17
5437.5,7.79407e-16,2.0685321e-17
5439.0,7.7072195e-16,2.0677541e-17
5440.5,7.6742101e-16,2.0715522e-17
5442.0,8.0886003e-16,2.1014015e-17
5443.5,7.9432897e-16,2.0780671e-17
5445.0,7.6815099e-16,2.0564184e-17
5446.5,7.8181199e-16,2.0777474e-17
5448.0,7.9548697e-16,2.0916659e-17
5449.5,8.2035204e-16,2.1058425e-17
5451.0,8.1960999e-16,2.1095995e-17
5452.5,8.42554e-16,2.1479395e-17
5454.0,8.56776e-16,2.1805651e-17
5455.5,8.2492798e-16,2.1756805e-17
5457.0,8.1990402e-16,2.1775795e-17
5458.5,8.5688002e-16,2.2256357e-17
5460.0,8.4831001e-16,2.2518962e-17
5461.5,8.5065698e-16,2.2516549e-17
5463.0,8.9000399e-16,2.2508245e-17
5464.5,8.6279602e-16,2.1954801e-17
5466.0,8.6719403e-16,2.1681465e-17
5467.5,8.6730202e-16,2.149402e-17
5469.0,8.4847301e-16,2.1356756e-17
5470.5,8.4977299e-16,2.1283221e-17
5472.0,8.45829e-16,2.1210991e-17
5473.5,8.6980802e-16,2.1347569e-17
5475.0,8.5706198e-16,2.136219e-17
5476.5,8.5756998e-16,2.1381072e-17
5478.0,8.7256702e-16,2.1562703e-17
5479.5,8.5865006e-16,2.1419569e-17
5481.0,8.4094003e-16,2.1153913e-17
5482.5,8.5357998e-16,2.1236953e-17
5484.0,8.79104e-16,2.1441606e-17
5485.5,8.72374e-16,2.1457793e-17
5487.0,8.7131601e-16,2.1427677e-17
5488.5,8.9460804e-16,2.1573685e-17
5490.0,8.6070401e-16,2.1344397e-17
5491.5,8.5140099e-16,2.1297084e-17
5493.0,8.9585699e-16,2.1653812e-17
5494.5,8.7667603e-16,2.1490263e-17
5496.0,8.4172999e-16,2.1083359e-17
5497.5,8.41143e-16,2.1137238e-17
5499.0,8.2489098e-16,2.098718e-17
5500.5,8.4484098e-16,2.1121917e-17
5502.0,8.7103098e-16,2.1423468e-17
5503.5,8.5101903e-16,2.1243227e-17
5505.0,8.3365798e-16,2.1028001e-17
5506.5,8.2819599e-16,2.0895707e-17
5508.0,8.3684404e-16,2.0962635e-17
5509.5,8.2889495e-16,2.0978899e-17
5511.0,7.9896499e-16,2.0698668e-17
5512.5,8.19964e-16,2.0936475e-17
5514.0,8.47395e-16,2.1165568e-17
5515.5,8.3496204e-16,2.0990277e-17
5517.0,8.4171199e-16,2.1082611e-17
5518.5,8.36828e-16,2.1036664e-17
5520.0,8.3762903e-16,2.1052415e-17
5521.5,8.2197401e-16,2.0456315e-17
5523.0,8.1549103e-16,2.3231024e-17
5524.5,8.09008e-16,3.3399149e-17
5526.0,8.0252497e-16,2.7888563e-17
5527.5,7.9604204e-16,2.1727909e-17
5529.0,7.9604204e-16,2.0476992e-17
5530.5,7.6331105e-16,2.03418e-17
5532.0,7.8035404e-16,2.0354589e-17
5533.5,7.5405197e-16,2.0123116e-17
5535.0,7.7667198e-16,2.0287079e-17
5536.5,7.5131298e-16,2.0123872e-17
5538.0,7.6994596e-16,2.0250527e-17
5539.5,7.5175101e-16,2.019045e-17
5541.0,7.3753297e-16,2.0113432e-17
5542.5,7.73174e-16,2.0464488e-17
5544.0,7.77417e-16,2.0416574e-17
5545.5,7.6891899e-16,2.0344352e-17
5547.0,7.45689e-16,2.0081161e-17
5548.5,7.3515599e-16,1.9976526e-17
5550.0,7.2747599e-16,1.9879998e-17
5551.5,7.27496e-16,1.9890401e-17
5553.0,7.1260702e-16,1.9727718e-17
5554.5,7.4674795e-16,1.9947833e-17
5556.0,7.2773699e-16,1.9757576e-17
5557.5,7.1729397e-16,1.9624655e-17
5559.0,6.91334e-16,1.947889e-17
5560.5,6.8507898e-16,1.9511329e-17
5562.0,7.2006297e-16,1.9790749e-17
5563.5,7.1787297e-16,1.9892147e-17
5565.0,7.2964e-16,2.0041755e-17
5566.5,7.2278301e-16,1.9993138e-17
5568.0,6.9172104e-16,1.9913375e-17
5569.5,6.9949902e-16,2.0412682e-17
5571.0,7.1008403e-16,2.2428265e-17
5572.5,7.03059e-16,2.9286574e-17
5574.0,6.9995896e-16,4.1281541e-17
5575.5,6.9685898e-16,5.0293567e-17
5577.0,6.9375799e-16,5.3310223e-17
5578.5,6.9065796e-16,5.1648891e-17
5580.0,6.8755798e-16,4.3517124e-17
5581.5,6.8445699e-16,3.1311782e-17
5583.0,6.8445699e-16,2.3247067e-17
5584.5,7.09112e-16,2.0664191e-17
5586.0,7.3270902e-16,2.0028406e-17
5587.5,7.2282202e-16,1.972736e-17
5589.0,6.8209202e-16,1.9363467e-17
5590.5,7.1575396e-16,1.9519988e-17
5592.0,7.0308298e-16,1.9518178e-17
5593.5,7.32163e-16,1.9703426e-17
5595.0,7.0528299e-16,1.9501116e-17
5596.5,7.1356602e-16,1.9507993e-17
5598.0,7.3137801e-16,1.9650181e-17
5599.5,7.8037902e-16,2.0056113e-17
5601.0,7.1478098e-16,1.9672799e-17
5602.5,7.3361598e-16,1.9922337e-17
5604.0,7.5523798e-16,2.000659e-17
5605.5,7.5309001e-16,2.0043227e-17
5607.0,7.7395301e-16,2.0215284e-17
5608.5,8.0007498e-16,2.0437837e-17
5610.0,8.39189e-16,2.0634952e-17
5611.5,8.3412602e-16,2.0580035e-17
5613.0,8.0067303e-16,2.0317923e-17
5614.5,7.9556204e-16,2.0280945e-17
5616.0,8.1364698e-16,2.0386318e-17
5617.5,7.9577798e-16,2.0210428e-17
5619.0,8.0333701e-16,2.0276574e-17
5620.5,8.2035898e-16,2.0524943e-17
5622.0,8.3938996e-16,2.0696624e-17
5623.5,8.2527796e-16,2.0541671e-17
5625.0,8.3585799e-16,2.0589454e-17
5626.5,8.4575303e-16,2.061318e-17
5628.0,8.6887502e-16,2.0890984e-17
5629.5,8.9184703e-16,2.1116274e-17
5631.0,8.7916202e-16,2.1014909e-17
5632.5,8.66041e-16,2.0941215e-17
5634.0,8.7598999e-16,2.09984e-17
5635.5,8.9938604e-16,2.1225634e-17
5637.0,9.1382298e-16,2.1294085e-17
5638.5,9.0040502e-16,2.1156948e-17
5640.0,9.1980896e-16,2.1269355e-17
5641.5,9.1463899e-16,2.1273929e-17
5643.0,9.0732602e-16,2.1314773e-17
5644.5,9.0022397e-16,2.1267431e-17
5646.0,9.0284405e-16,2.1308219e-17
5647.5,9.0151506e-16,2.1372887e-17
5649.0,9.2588102e-16,2.1487204e-17
5650.5,9.49001e-16,2.1449828e-17
5652.0,9.4958397e-16,2.1405071e-17
5653.5,9.69737e-16,2.1664027e-17
5655.0,9.7595104e-16,2.1707878e-17
5656.5,9.5950399e-16,2.1615727e-17
5658.0,9.7342e-16,2.1760232e-17
5659.5,9.7171302e-16,2.1803985e-17
5661.0,9.7134202e-16,2.1772667e-17
5662.5,9.8096802e-16,2.1838634e-17
5664.0,9.7263597e-16,2.1813169e-17
5665.5,9.5409696e-16,2.170193e-17
5667.0,9.6378903e-16,2.1918267e-17
5668.5,9.9570999e-16,2.2225257e-17
5670.0,1.01318e-15,2.2260612e-17
5671.5,9.7758402e-16,2.2080819e-17
5673.0,9.6170797e-16,2.2019883e-17
5674.5,9.78079e-16,2.2054239e-17
5676.0,1.01511e-15,2.2284044e-17
5677.5,9.9666598e-16,2.2300831e-17
5679.0,9.7472803e-16,2.2216303e-17
5680.5,9.8008795e-16,2.221572e-17
5682.0,9.7429202e-16,2.2385328e-17
5683.5,9.8028499e-16,2.2618926e-17
5685.0,9.6311405e-16,2.2618929e-17
5686.5,9.6919098e-16,2.272468e-17
5688.0,9.7712598e-16,2.2847911e-17
5689.5,9.7343705e-16,2.2850695e-17
5691.0,9.7683503e-16,2.2743637e-17
5692.5,9.6024695e-16,2.2465462e-17
5694.0,9.5149699e-16,2.2232474e-17
5695.5,9.6469006e-16,2.2203595e-17
5697.0,9.6547007e-16,2.2140832e-17
5698.5,9.6624902e-16,2.2097817e-17
5700.0,9.7485107e-16,2.2124222e-17
5701.5,9.7680602e-16,2.2022289e-17
5703.0,9.6676201e-16,2.1845062e-17
5704.5,9.7193494e-16,2.191869e-17
5706.0,1.01208e-15,2.2179895e-17
5707.5,9.8741002e-16,2.1950161e-17
5709.0,9.4079102e-16,2.1649417e-17
5710.5,9.3616601e-16,2.1564854e-17
5712.0,9.40072e-16,2.1570894e-17
5713.5,9.50078e-16,2.1695482e-17
5715.0,9.6377802e-16,2.1757574e-17
5716.5,9.7521593e-16,2.1828452e-17
5718.0,9.8172696e-16,2.1953886e-17
5719.5,1.00799e-15,2.2136057e-17
5721.0,9.9866201e-16,2.1959205e-17
5722.5,9.8352902e-16,2.1878071e-17
5724.0,9.8099798e-16,2.1988267e-17
5725.5,9.7586698e-16,2.1859062e-17
5727.0,9.7634904e-16,2.1778297e-17
5728.5,9.9748495e-16,2.1943581e-17
5730.0,1.00581e-15,2.1975146e-17
5731.5,1.00396e-15,2.1965829e-17
5733.0,1.00224e-15,2.201165e-17
5734.5,1.01974e-15,2.2090644e-17
5736.0,1.0065399e-15,2.2018908e-17
5737.5,1.0201301e-15,2.2073971e-17
5739.0,1.00368e-15,2.1824557e-17
5740.5,9.8750701e-16,2.1775543e-17
5742.0,9.8090799e-16,2.1841283e-17
5743.5,9.9308197e-16,2.1859803e-17
5745.0,1.0303701e-15,2.2084914e-17
5746.5,1.0069199e-15,2.1813221e-17
5748.0,9.7782002e-16,2.1674775e-17
5749.5,1.03799e-15,2.2095208e-17
5751.0,1.02956e-15,2.2048764e-17
5752.5,1.0038199e-15,2.184184e-17
5754.0,9.6916695e-16,2.1536906e-17
5755.5,9.6028697e-16,2.1570293e-17
5757.0,9.7011202e-16,2.176544e-17
5758.5,1.00244e-15,2.1937776e-17
5760.0,1.03363e-15,2.2152607e-17
5761.5,1.02886e-15,2.2078342e-17
5763.0,1.02345e-15,2.2099625e-17
5764.5,1.0129799e-15,2.2095166e-17
5766.0,9.9587199e-16,2.2079763e-17
5767.5,9.9426104e-16,2.2232941e-17
5769.0,9.9801996e-16,2.2274098e-17
5770.5,1.01267e-15,2.2173007e-17
5772.0,1.01974e-15,2.2223013e-17
5773.5,9.7400996e-16,2.1861442e-17
5775.0,9.5494505e-16,2.1680278e-17
5776.5,9.8573703e-16,2.1829702e-17
5778.0,9.9317197e-16,2.1756036e-17
5779.5,9.9122601e-16,2.1761012e-17
5781.0,9.8219696e-16,2.1786007e-17
5782.5,9.88429e-16,2.1868527e-17
5784.0,1.02005e-15,2.2106472e-17
5785.5,1.0038399e-15,2.1959187e-17
5787.0,9.8720102e-16,2.191809e-17
5788.5,1.01693e-15,2.2245857e-17
5790.0,1.02652e-15,2.2323374e-17
5791.5,9.9345096e-16,2.2196463e-17
5793.0,1.02276e-15,2.2344364e-17
5794.5,1.04196e-15,2.2338363e-17
5796.0,9.8090905e-16,2.1838728e-17
5797.5,9.7752398e-16,2.1797632e-17
5799.0,9.9791503e-16,2.1942047e-17
5800.5,9.9818799e-16,2.1880882e-17
5802.0,1.0318901e-15,2.2090764e-17
5803.5,1.02461e-15,2.2093686e-17
5805.0,1.0359599e-15,2.221613e-17
5806.5,9.9322999e-16,2.2007933e-17
5808.0,9.6986405e-16,2.1786359e-17
5809.5,9.8714204e-16,2.1800784e-17
5811.0,9.9409798e-16,2.1857847e-17
5812.5,1.00481e-15,2.1982955e-17
5814.0,9.9953805e-16,2.1978313e-17
5815.5,1.0124101e-15,2.2116748e-17
5817.0,1.0070799e-15,2.2046615e-17
5818.5,9.5711801e-16,2.1760389e-17
5820.0,9.5370997e-16,2.1666107e-17
5821.5,1.00002e-15,2.1996299e-17
5823.0,9.6730104e-16,2.1791836e-17
5824.5,9.7726395e-16,2.1780566e-17
5826.0,9.8133394e-16,2.198981e-17
5827.5,9.4186093e-16,2.1635852e-17
5829.0,9.5198499e-16,2.1663076e-17
5830.5,9.8629205e-16,2.1792225e-17
5832.0,9.7028397e-16,2.1686046e-17
5833.5,9.3211296e-16,2.1379922e-17
5835.0,9.1816e-16,2.1464214e-17
5836.5,9.4007698e-16,2.1630344e-17
5838.0,9.2265901e-16,2.1475223e-17
5839.5,8.9043407e-16,2.1243688e-17
5841.0,8.7486703e-16,2.1144207e-17
5842.5,8.8826693e-16,2.1110999e-17
5844.0,9.3250302e-16,2.1454131e-17
5845.5,9.3342099e-16,2.15013e-17
5847.0,9.1499199e-16,2.1352834e-17
5848.5,8.9164194e-16,2.1252376e-17
5850.0,9.1510803e-16,2.1371349e-17
5851.5,9.3626999e-16,2.1477e-17
5853.0,9.0890902e-16,2.1389914e-17
5854.5,8.6691101e-16,2.1185196e-17
5856.0,8.5082797e-16,2.1048284e-17
5857.5,8.6700598e-16,2.1044097e-17
5859.0,8.8253501e-16,2.1151596e-17
5860.5,8.7472997e-16,2.1167082e-17
5862.0,8.7213699e-16,2.1216326e-17
5863.5,8.8875006e-16,2.1590879e-17
5865.0,8.6857898e-16,2.1641575e-17
5866.5,8.6994201e-16,2.1762887e-17
5868.0,8.6490502e-16,2.1748647e-17
5869.5,8.4918499e-16,2.1559819e-17
5871.0,8.6589499e-16,2.1442987e-17
5872.5,8.6635398e-16,2.118756e-17
5874.0,8.3020505e-16,2.0959686e-17
5875.5,7.95366e-16,2.0729059e-17
5877.0,8.4652605e-16,2.0948458e-17
5878.5,8.4184799e-16,2.0859886e-17
5880.0,8.2525097e-16,2.0756106e-17
5881.5,8.3892202e-16,2.0906181e-17
5883.0,8.4461599e-16,2.1110076e-17
5884.5,8.33517e-16,2.1995945e-17
5886.0,8.1860398e-16,2.42591e-17
5887.5,8.2846201e-16,2.7193153e-17
5889.0,7.9889601e-16,2.8653489e-17
5890.5,7.5768902e-16,2.8848911e-17
5892.0,7.96017e-16,2.8785613e-17
5893.5,7.9540698e-16,2.7645856e-17
5895.0,7.9047402e-16,2.6436752e-17
5896.5,8.3850301e-16,2.5936123e-17
5898.0,8.4235399e-16,2.4982686e-17
5899.5,7.9136504e-16,2.288702e-17
5901.0,8.28713e-16,2.1686225e-17
5902.5,8.3391204e-16,2.1200912e-17
5904.0,8.3276997e-16,2.1063727e-17
5905.5,8.2676705e-16,2.0987759e-17
5907.0,7.9689506e-16,2.0804714e-17
5908.5,8.0911202e-16,2.0973153e-17
5910.0,8.2525404e-16,2.1046634e-17
5911.5,8.1677598e-16,2.1053125e-17
5913.0,8.33327e-16,2.1326747e-17
5914.5,8.6365803e-16,2.1716658e-17
5916.0,8.6199203e-16,2.1764105e-17
5917.5,8.4585298e-16,2.1487551e-17
5919.0,8.4326603e-16,2.1343357e-17
5920.5,8.4104199e-16,2.1226549e-17
5922.0,8.5368004e-16,2.1331217e-17
5923.5,8.6031098e-16,2.1550211e-17
5925.0,8.7685899e-16,2.1770252e-17
5926.5,8.8484598e-16,2.1820877e-17
5928.0,8.5530301e-16,2.1563899e-17
5929.5,8.2772102e-16,2.1404935e-17
5931.0,8.2646296e-16,2.1567975e-17
5932.5,8.4422302e-16,2.1882569e-17
5934.0,8.6066404e-16,2.2046941e-17
5935.5,8.60495e-16,2.1868866e-17
5937.0,8.44021e-16,2.1495957e-17
5938.5,8.5666504e-16,2.1451515e-17
5940.0,8.7789401e-16,2.1608618e-17
5941.5,8.7826596e-16,2.1615321e-17
5943.0,8.9785799e-16,2.1793145e-17
5944.5,8.8520803e-16,2.1829903e-17
5946.0,8.7537599e-16,2.1772215e-17
5947.5,8.9935004e-16,2.1960072e-17
5949.0,9.3108201e-16,2.2213182e-17
5950.5,9.2114102e-16,2.2327981e-17
5952.0,9.0027394e-16,2.2360504e-17
5953.5,8.8751297e-16,2.2214579e-17
5955.0,8.8042701e-16,2.2046707e-17
5956.5,8.9319e-16,2.2003087e-17
5958.0,8.7503199e-16,2.1754834e-17
5959.5,8.9163601e-16,2.1821438e-17
5961.0,9.0934598e-16,2.1834033e-17
5962.5,9.0059804e-16,2.1736449e-17
5964.0,8.9686104e-16,2.1734039e-17
5965.5,8.6869401e-16,2.1522965e-17
5967.0,8.9703997e-16,2.1826424e-17
5968.5,9.2528704e-16,2.2051533e-17
5970.0,9.01831e-16,2.1956851e-17
5971.5,9.1630701e-16,2.2122148e-17
5973.0,9.0890902e-16,2.2088271e-17
5974.5,8.6040098e-16,2.1694702e-17
5976.0,8.7104998e-16,2.1855751e-17
5977.5,8.9434704e-16,2.211307e-17
5979.0,8.8609599e-16,2.1933726e-17
5980.5,9.0668704e-16,2.1963847e-17
5982.0,9.0340193e-16,2.177981e-17
5983.5,8.7190903e-16,2.1476499e-17
5985.0,8.9724104e-16,2.1688694e-17
5986.5,9.6652801e-16,2.2133714e-17
5988.0,9.5200998e-16,2.2133537e-17
5989.5,9.2078802e-16,2.188633e-17
5991.0,9.0271499e-16,2.1688574e-17
5992.5,9.1148697e-16,2.1787695e-17
5994.0,9.2713103e-16,2.1849511e-17
5995.5,9.1510803e-16,2.1745718e-17
5997.0,9.2734205e-16,2.1985016e-17
5998.5,9.3927198e-16,2.2120494e-17
6000.0,9.1250701e-16,2.1844978e-17
6001.5,8.9215799e-16,2.1654977e-17
6003.0,8.9405598e-16,2.1678652e-17
6004.5,9.1976205e-16,2.1849151e-17
6006.0,9.2753898e-16,2.1899052e-17
6007.5,9.0630503e-16,2.1660537e-17
6009.0,9.1366395e-16,2.1593849e-17
6010.5,9.4121496e-16,2.1746948e-17
6012.0,9.3921798e-16,2.1741375e-17
6013.5,9.2658003e-16,2.1642694e-17
6015.0,9.5613005e-16,2.1839141e-17
6016.5,9.6363201e-16,2.1907953e-17
6018.0,9.6156006e-16,2.1909275e-17
6019.5,9.4218895e-16,2.17213e-17
6021.0,9.3100705e-16,2.1663387e-17
6022.5,9.1007899e-16,2.1497152e-17
6024.0,9.54031e-16,2.1742167e-17
6025.5,9.5794704e-16,2.1810306e-17
6027.0,9.3604796e-16,2.1704104e-17
6028.5,9.4770705e-16,2.1804905e-17
6030.0,9.8410501e-16,2.1994138e-17
6031.5,9.3866603e-16,2.1675092e-17
6033.0,9.6808603e-16,2.1883873e-17
6034.5,9.32256e-16,2.1575882e-17
6036.0,9.4604496e-16,2.1618993e-17
6037.5,9.2620702e-16,2.1472358e-17
6039.0,8.93887e-16,2.1173969e-17
6040.5,9.3071599e-16,2.1345757e-17
6042.0,9.0137202e-16,2.1033298e-17
6043.5,9.0157001e-16,2.1136226e-17
6045.0,8.9978203e-16,2.1026925e-17
6046.5,9.2987002e-16,2.1380146e-17
6048.0,9.5142108e-16,2.1610141e-17
6049.5,9.2929202e-16,2.131947e-17
6051.0,9.1501698e-16,2.1262234e-17
6052.5,9.3595997e-16,2.136919e-17
6054.0,9.6159902e-16,2.1540016e-17
6055.5,9.5542902e-16,2.146616e-17
6057.0,9.5445504e-16,1.9472403e-17
6058.5,9.5348106e-16,1.694647e-17
6060.0,9.5250602e-16,2.0538884e-17
6061.5,9.5250602e-16,2.1496627e-17
6063.0,9.6079498e-16,2.1568329e-17
6064.5,9.5616795e-16,2.149977e-17
6066.0,9.3115994e-16,2.1308667e-17
6067.5,9.2404603e-16,2.126129e-17
6069.0,9.2784402e-16,2.1335806e-17
6070.5,9.35368e-16,2.134584e-17
6072.0,9.4684996e-16,2.1262702e-17
6073.5,9.4769297e-16,2.1202988e-17
6075.0,9.2971596e-16,2.1151775e-17
6076.5,9.1892805e-16,2.1171449e-17
6078.0,9.4178597e-16,2.1267853e-17
6079.5,9.6824103e-16,2.139297e-17
6081.0,9.4485096e-16,2.128987e-17
6082.5,9.4936003e-16,2.1231143e-17
6084.0,9.4247006e-16,2.1180764e-17
6085.5,9.61134e-16,2.1288995e-17
6087.0,9.5755497e-16,2.1146987e-17
6088.5,9.5084499e-16,2.1255392e-17
6090.0,9.4925998e-16,2.1410281e-17
6091.5,9.44034e-16,2.1329628e-17
6093.0,9.5466796e-16,2.125601e-17
6094.5,9.2998998e-16,2.0982509e-17
6096.0,9.23579e-16,2.1086775e-17
6097.5,9.2453996e-16,2.1139084e-17
6099.0,9.43555e-16,2.1125115e-17
6100.5,9.2449104e-16,2.1056849e-17
6102.0,9.40904e-16,2.1227039e-17
6103.5,9.4093608e-16,2.1141982e-17
6105.0,9.0725604e-16,2.0889307e-17
6106.5,9.0706196e-16,2.0847751e-17
6108.0,9.3137001e-16,2.1046636e-17
6109.5,9.2045101e-16,2.1080131e-17
6111.0,9.4830601e-16,2.1169637e-17
6112.5,9.4688204e-16,2.1116364e-17
6114.0,9.52774e-16,2.1160939e-17
6115.5,9.3465395e-16,2.1039053e-17
6117.0,8.8319702e-16,2.0487137e-17
6118.5,9.0706493e-16,2.0709236e-17
6120.0,9.1278801e-16,2.0725971e-17
6121.5,8.9999601e-16,2.0571509e-17
6123.0,8.9839004e-16,2.0603136e-17
6124.5,9.0461901e-16,2.0566129e-17
6126.0,8.8942705e-16,2.0482873e-17
6127.5,8.5363901e-16,2.0221412e-17
6129.0,8.6445202e-16,2.0299956e-17
6130.5,9.08815e-16,2.0588322e-17
6132.0,9.1033394e-16,2.0614155e-17
6133.5,8.9260205e-16,2.0531246e-17
6135.0,8.97986e-16,2.0543915e-17
6136.5,9.0089895e-16,2.0550433e-17
6138.0,9.1039302e-16,2.0610665e-17
6139.5,9.0592302e-16,2.0592396e-17
6141.0,8.7126397e-16,2.043465e-17
6142.5,8.6012104e-16,2.0317254e-17
6144.0,8.55574e-16,2.0146793e-17
6145.5,8.5599498e-16,2.0088642e-17
6147.0,8.7331299e-16,2.0257774e-17
6148.5,8.5788e-16,2.0180535e-17
6150.0,8.314e-16,1.9962738e-17
6151.5,8.33435e-16,1.9979029e-17
6153.0,8.4408803e-16,1.9978297e-17
6154.5,8.3446298e-16,1.9877542e-17
6156.0,8.2306303e-16,1.9918406e-17
6157.5,8.4638703e-16,2.0032254e-17
6159.0,8.3019298e-16,1.9873083e-17
6160.5,8.2157304e-16,1.9822732e-17
6162.0,8.2363896e-16,1.9769048e-17
6163.5,8.0069797e-16,1.9540321e-17
6165.0,8.0290597e-16,1.9454819e-17
6166.5,8.0110004e-16,1.9421125e-17
6168.0,7.7912002e-16,1.9344954e-17
6169.5,7.7858903e-16,1.9265872e-17
6171.0,7.5783995e-16,1.9200076e-17
6172.5,7.3551201e-16,1.8991826e-17
6174.0,7.3673396e-16,1.8916457e-17
6175.5,7.1500804e-16,1.8694104e-17
6177.0,7.1257901e-16,1.8545948e-17
6178.5,7.0276e-16,1.8412897e-17
6180.0,6.8812401e-16,1.8170154e-17
6181.5,6.6350902e-16,1.7882113e-17
6183.0,6.7593298e-16,1.8048787e-17
6184.5,6.6207404e-16,1.794681e-17
6186.0,6.46262e-16,1.7756684e-17
6187.5,6.02041e-16,1.7431108e-17
6189.0,5.9491497e-16,1.7385223e-17
6190.5,6.1707298e-16,1.7649778e-17
6192.0,6.0538604e-16,1.7452466e-17
6193.5,6.2134303e-16,1.7543501e-17
6195.0,5.9873101e-16,1.7230559e-17
6196.5,5.6217005e-16,1.6913609e-17
6198.0,5.7419702e-16,1.7060943e-17
6199.5,5.8726901e-16,1.7204049e-17
6201.0,5.7476596e-16,1.7078969e-17
6202.5,5.3349798e-16,1.6681521e-17
6204.0,5.31411e-16,1.6601397e-17
6205.5,5.2659302e-16,1.6493495e-17
6207.0,5.2692501e-16,1.651853e-17
6208.5,5.1411803e-16,1.6376797e-17
6210.0,5.0519697e-16,1.6198826e-17
6211.5,4.9781699e-16,1.6145745e-17
6213.0,4.8414302e-16,1.6043515e-17
6214.5,4.7771901e-16,1.6031499e-17
6216.0,4.5958997e-16,1.5879868e-17
6217.5,4.4515599e-16,1.5762637e-17
6219.0,4.6450101e-16,1.5962066e-17
6220.5,4.7315202e-16,1.6022469e-17
6222.0,4.6127201e-16,1.5936564e-17
6223.5,4.5747598e-16,1.5842894e-17
6225.0,4.3955401e-16,1.5497765e-17
6226.5,4.1966599e-16,1.5114062e-17
6228.0,4.1818101e-16,1.5186233e-17
6229.5,4.2302501e-16,1.5374631e-17
6231.0,4.0718801e-16,1.5447654e-17
6232.5,4.2025598e-16,1.6006716e-17
6234.0,4.3457099e-16,1.6567496e-17
6235.5,3.8682499e-16,1.6299791e-17
6237.0,3.47707e-16,1.5936649e-17
6238.5,3.6658998e-16,1.5789142e-17
6240.0,3.8808702e-16,1.5693103e-17
6241.5,3.7635699e-16,1.5336207e-17
6243.0,3.75468e-16,1.5204367e-17
6244.5,3.6910199e-16,1.492816e-17
6246.0,3.6199501e-16,1.4697714e-17
6247.5,3.4893001e-16,1.442935e-17
6249.0,3.51534e-16,1.4324186e-17
6250.5,3.5534999e-16,1.4414123e-17
6252.0,3.38624e-16,1.4386493e-17
6253.5,3.4589898e-16,1.4525916e-17
6255.0,3.45256e-16,1.4989847e-17
6256.5,3.5745799e-16,1.5438657e-17
6258.0,3.4638102e-16,1.5421254e-17
6259.5,3.4938299e-16,1.521346e-17
6261.0,3.49119e-16,1.506963e-17
6262.5,3.1621598e-16,1.4552896e-17
6264.0,3.0821602e-16,1.447703e-17
6265.5,3.0561798e-16,1.4559845e-17
6267.0,3.3095899e-16,1.4601042e-17
6268.5,3.53022e-16,1.4741296e-17
6270.0,3.41347e-16,1.4438101e-17
6271.5,3.2617201e-16,1.4076514e-17
6273.0,3.1778402e-16,1.4197887e-17
6274.5,3.28125e-16,1.4533115e-17
6276.0,3.3806101e-16,1.4643671e-17
6277.5,3.51647e-16,1.4761628e-17
6279.0,3.45613e-16,1.4773406e-17
6280.5,3.7024199e-16,1.4861015e-17
6282.0,3.98714e-16,1.5194595e-17
6283.5,3.93431e-16,1.5237377e-17
6285.0,3.6343801e-16,1.5161031e-17
6286.5,3.3677302e-16,1.5081613e-17
6288.0,3.4746001e-16,1.519368e-17
6289.5,3.63486e-16,1.516188e-17
6291.0,3.7317402e-16,1.4940512e-17
6292.5,3.7075601e-16,1.4813179e-17
6294.0,3.6534699e-16,1.4970582e-17
6295.5,3.7479601e-16,1.5718109e-17
6297.0,4.18573e-16,1.6890194e-17
6298.5,4.3314801e-16,1.7405931e-17
6300.0,4.0812099e-16,1.7320754e-17
6301.5,4.0642398e-16,1.7301021e-17
6303.0,3.9605201e-16,1.6793997e-17
6304.5,3.7846899e-16,1.6146604e-17
6306.0,4.1959302e-16,1.6288641e-17
6307.5,4.29614e-16,1.6137581e-17
6309.0,4.06309e-16,1.5784006e-17
6310.5,4.5017901e-16,1.5990102e-17
6312.0,4.4919999e-16,1.5530304e-17
6313.5,4.43496e-16,1.5320416e-17
6315.0,4.46514e-16,1.5261651e-17
6316.5,4.5997102e-16,1.5315065e-17
6318.0,4.7370699e-16,1.5713417e-17
6319.5,4.7229403e-16,1.5824193e-17
6321.0,4.7547501e-16,1.5893752e-17
6322.5,5.0283004e-16,1.6202728e-17
6324.0,4.8208298e-16,1.5990829e-17
6325.5,4.8008102e-16,1.5834277e-17
6327.0,4.91966e-16,1.6219551e-17
6328.5,5.1750796e-16,1.6685064e-17
6330.0,5.27729e-16,1.6854179e-17
6331.5,5.3048996e-16,1.6738735e-17
6333.0,5.3705701e-16,1.6474477e-17
6334.5,5.1449697e-16,1.6142541e-17
6336.0,5.3394003e-16,1.6083063e-17
6337.5,5.4519397e-16,1.6034448e-17
6339.0,5.2135402e-16,1.598634e-17
6340.5,5.4328799e-16,1.6233077e-17
6342.0,5.7985599e-16,1.6386828e-17
6343.5,5.6981997e-16,1.6311178e-17
6345.0,5.5646099e-16,1.6327021e-17
6346.5,5.6608599e-16,1.6570754e-17
6348.0,5.8549204e-16,1.6878694e-17
6349.5,5.9236302e-16,1.7041311e-17
6351.0,6.05442e-16,1.7076904e-17
6352.5,6.1554202e-16,1.7117582e-17
6354.0,6.21266e-16,1.7263614e-17
6355.5,6.3516401e-16,1.7455432e-17
6357.0,6.2323202e-16,1.7601425e-17
6358.5,6.0742496e-16,1.7460413e-17
6360.0,6.1918198e-16,1.7294386e-17
6361.5,6.3448104e-16,1.7445232e-17
6363.0,6.3158398e-16,1.7563898e-17
6364.5,6.4628603e-16,1.7622475e-17
6366.0,6.5562499e-16,1.7401433e-17
6367.5,6.3755201e-16,1.7027241e-17
6369.0,6.4290298e-16,1.6950093e-17
6370.5,6.50723e-16,1.6937181e-17
6372.0,6.6335099e-16,1.6938029e-17
6373.5,6.8912202e-16,1.7149904e-17
6375.0,7.0439498e-16,1.7444236e-17
6376.5,7.0295296e-16,1.7482537e-17
6378.0,6.9708302e-16,1.7333738e-17
6379.5,6.8685298e-16,1.7340961e-17
6381.0,6.9414096e-16,1.7475641e-17
6382.5,7.0728802e-16,1.7577857e-17
6384.0,7.0176002e-16,1.7614136e-17
6385.5,7.1268203e-16,1.7751921e-17
6387.0,7.0724001e-16,1.7608565e-17
6388.5,6.9419803e-16,1.748432e-17
6390.0,7.2857502e-16,1.7582942e-17
6391.5,7.38623e-16,1.7733942e-17
6393.0,7.2429104e-16,1.7730668e-17
6394.5,7.3074903e-16,1.7597069e-17
6396.0,7.06433e-16,1.7385962e-17
6397.5,7.5790502e-16,1.7725831e-17
6399.0,7.8487201e-16,1.7993503e-17
6400.5,7.5174301e-16,1.7759737e-17
6402.0,7.3204304e-16,1.7585038e-17
6403.5,7.5730601e-16,1.7758299e-17
6405.0,7.6841098e-16,1.7784075e-17
6406.5,7.57639e-16,1.7710327e-17
6408.0,7.7358201e-16,1.7904313e-17
6409.5,7.7577699e-16,1.8071404e-17
6411.0,7.9579995e-16,1.8234033e-17
6412.5,7.9980901e-16,1.8143053e-17
6414.0,8.0026603e-16,1.8092787e-17
6415.5,8.2634999e-16,1.8278593e-17
6417.0,7.9056105e-16,1.8239582e-17
6418.5,7.6511904e-16,1.8034365e-17
6420.0,7.8799496e-16,1.8099597e-17
6421.5,7.7055699e-16,1.7985814e-17
6423.0,8.0018901e-16,1.8202805e-17
6424.5,8.2666498e-16,1.8360922e-17
6426.0,8.0769303e-16,1.8231028e-17
6427.5,8.18299e-16,1.8280164e-17
6429.0,8.30567e-16,1.8286028e-17
6430.5,7.9819202e-16,1.8046068e-17
6432.0,7.9485604e-16,1.8110927e-17
6433.5,8.2117404e-16,1.825719e-17
6435.0,8.1980597e-16,1.8220297e-17
6436.5,8.1702204e-16,1.8235178e-17
6438.0,7.8746498e-16,1.797434e-17
6439.5,7.6813903e-16,1.7782763e-17
6441.0,7.9675196e-16,1.8023783e-17
6442.5,8.4395096e-16,1.8329952e-17
6444.0,8.08782e-16,1.8082975e-17
6445.5,7.9474402e-16,1.8089548e-17
6447.0,8.1826697e-16,1.8213909e-17
6448.5,8.3817002e-16,1.8296804e-17
6450.0,8.35435e-16,1.8356269e-17
6451.5,8.0782702e-16,1.8274654e-17
6453.0,8.2474296e-16,1.8353782e-17
6454.5,7.9623596e-16,1.8101e-17
6456.0,8.08791e-16,1.8150082e-17
6457.5,7.8239798e-16,1.8069219e-17
6459.0,7.9741196e-16,1.8263613e-17
6460.5,7.9523201e-16,1.8321138e-17
6462.0,8.1442303e-16,1.866998e-17
6463.5,8.0243703e-16,1.8779193e-17
6465.0,8.1497201e-16,1.8956071e-17
6466.5,8.1208003e-16,1.8943317e-17
6468.0,8.3245498e-16,1.9087353e-17
6469.5,8.0777001e-16,1.8771741e-17
6471.0,7.8782704e-16,1.8599675e-17
6472.5,7.9319696e-16,1.8435609e-17
6474.0,7.95294e-16,1.8435775e-17
6475.5,7.7738799e-16,1.8013677e-17
6477.0,8.3192199e-16,1.8478814e-17
6478.5,8.3405698e-16,1.8535131e-17
6480.0,7.8071498e-16,1.794181e-17
6481.5,7.5787601e-16,1.7719917e-17
6483.0,7.7993703e-16,1.7919568e-17
6484.5,8.0636102e-16,1.8152888e-17
6486.0,8.0361801e-16,1.817103e-17
6487.5,7.9262696e-16,1.8008128e-17
6489.0,8.0250903e-16,1.8136978e-17
6490.5,8.1221402e-16,1.8208957e-17
6492.0,8.1587103e-16,1.8258187e-17
6493.5,8.0405598e-16,1.8265146e-17
6495.0,8.3137999e-16,1.8589909e-17
6496.5,8.4374604e-16,1.892486e-17
6498.0,8.2455703e-16,1.9049851e-17
6499.5,7.8824198e-16,1.8953553e-17
6501.0,7.8725201e-16,1.8821769e-17
6502.5,8.3295002e-16,1.879645e-17
6504.0,8.3758202e-16,1.870304e-17
6505.5,8.1807098e-16,1.8554086e-17
6507.0,8.2948798e-16,1.8598933e-17
6508.5,8.3101799e-16,1.8546583e-17
6510.0,8.1467004e-16,1.8331875e-17
6511.5,7.9769e-16,1.8216199e-17
6513.0,8.0204803e-16,1.8214045e-17
6514.5,8.0762797e-16,1.8183743e-17
6516.0,8.0264503e-16,1.8162082e-17
6517.5,8.2950503e-16,1.8392998e-17
6519.0,8.3357698e-16,1.8516312e-17
6520.5,8.1062001e-16,1.8417271e-17
6522.0,8.0334002e-16,1.832486e-17
6523.5,8.1209898e-16,1.8378992e-17
6525.0,8.2354404e-16,1.8447081e-17
6526.5,8.2068202e-16,1.8354648e-17
6528.0,7.9414601e-16,1.8175833e-17
6529.5,8.1016102e-16,1.861747e-17
6531.0,8.3680598e-16,1.9093176e-17
6532.5,7.9838599e-16,1.8828432e-17
6534.0,7.6660198e-16,1.8587627e-17
6535.5,8.01373e-16,1.8690207e-17
6537.0,8.28649e-16,1.8573754e-17
6538.5,8.1567102e-16,1.84334e-17
6540.0,8.0622899e-16,1.8555655e-17
6541.5,7.7792004e-16,1.8498099e-17
6543.0,7.8244801e-16,1.8525749e-17
6544.5,8.1460201e-16,1.8700461e-17
6546.0,8.0174601e-16,1.8642559e-17
6547.5,8.1526498e-16,1.8526129e-17
6549.0,8.0128597e-16,1.8415529e-17
6550.5,7.5080503e-16,1.8505418e-17
6552.0,7.8757298e-16,1.8911769e-17
6553.5,8.0912695e-16,1.9090822e-17
6555.0,7.8149997e-16,1.8903519e-17
6556.5,7.9584405e-16,1.8668658e-17
6558.0,7.8640095e-16,1.8280638e-17
6559.5,7.6972001e-16,1.8122772e-17
6561.0,7.8463002e-16,1.820984e-17
6562.5,7.9447302e-16,1.8361797e-17
6564.0,7.7320201e-16,1.838943e-17
6565.5,7.6650103e-16,1.835347e-17
6567.0,7.8027897e-16,1.8341777e-17
6568.5,7.65646e-16,1.8234004e-17
6570.0,7.7281703e-16,1.8338084e-17
6571.5,7.73138e-16,1.8302415e-17
6573.0,7.6594299e-16,1.833886e-17
6574.5,7.6786099e-16,1.8592881e-17
6576.0,7.5756403e-16,1.8698204e-17
6577.5,7.3204399e-16,1.858272e-17
6579.0,7.2407399e-16,1.8453998e-17
6580.5,7.4781003e-16,1.8348843e-17
6582.0,7.4415201e-16,1.8065786e-17
6583.5,7.3212499e-16,1.7933269e-17
6585.0,7.56392e-16,1.8120196e-17
6586.5,7.5779601e-16,1.8011385e-17
6588.0,7.3405601e-16,1.7751144e-17
6589.5,7.20773e-16,1.7713304e-17
6591.0,7.3828202e-16,1.7853027e-17
6592.5,7.4994704e-16,1.7959711e-17
6594.0,7.3444903e-16,1.7922824e-17
6595.5,7.25857e-16,1.7945317e-17
6597.0,7.3817005e-16,1.7994143e-17
6598.5,7.0647e-16,1.7723128e-17
6600.0,7.2299101e-16,1.7908179e-17
6601.5,7.38053e-16,1.8106528e-17
6603.0,7.1391203e-16,1.8002623e-17
6604.5,7.2395403e-16,1.8143943e-17
6606.0,7.1494398e-16,1.7978899e-17
6607.5,7.5839e-16,1.8195678e-17
6609.0,7.4011399e-16,1.7852257e-17
6610.5,7.1518703e-16,1.7549447e-17
6612.0,6.8030203e-16,1.7311916e-17
6613.5,7.34352e-16,1.7666089e-17
6615.0,7.5383598e-16,1.7859583e-17
6616.5,7.06398e-16,1.7593832e-17
6618.0,6.9705899e-16,1.7469747e-17
6619.5,6.79944e-16,1.7331104e-17
6621.0,6.9036902e-16,1.7482163e-17
6622.5,7.1494197e-16,1.7676111e-17
6624.0,7.08297e-16,1.7520391e-17
6625.5,7.0122898e-16,1.7551128e-17
6627.0,7.3276301e-16,1.7871542e-17
6628.5,7.1874795e-16,1.7832631e-17
6630.0,7.0305201e-16,1.7665031e-17
6631.5,7.4086001e-16,1.7958089e-17
6633.0,7.0619704e-16,1.7793127e-17
6634.5,6.97957e-16,1.7786212e-17
6636.0,6.9639804e-16,1.765585e-17
6637.5,7.18738e-16,1.7628737e-17
6639.0,7.2760898e-16,1.7657773e-17
6640.5,7.3438799e-16,1.7668578e-17
6642.0,7.24437e-16,1.7506002e-17
6643.5,7.0267598e-16,1.7317928e-17
6645.0,7.0543302e-16,1.744138e-17
6646.5,7.1177799e-16,1.7598149e-17
6648.0,6.92872e-16,1.734741e-17
6649.5,6.9221401e-16,1.7270212e-17
6651.0,7.1340101e-16,1.7436504e-17
6652.5,6.9691097e-16,1.7379908e-17
6654.0,6.8889396e-16,1.7374248e-17
6655.5,6.8101401e-16,1.7111526e-17
6657.0,6.7124698e-16,1.6998751e-17
6658.5,6.6787304e-16,1.7145314e-17
6660.0,6.7410302e-16,1.7126228e-17
6661.5,6.67911e-16,1.709818e-17
6663.0,6.6259301e-16,1.7066071e-17
6664.5,6.7145196e-16,1.7130239e-17
6666.0,7.0116699e-16,1.7443703e-17
6667.5,6.76127e-16,1.7286811e-17
6669.0,6.86133e-16,1.7251719e-17
6670.5,6.8839998e-16,1.7117451e-17
6672.0,6.6502203e-16,1.6912674e-17
6673.5,6.3705602e-16,1.6744052e-17
6675.0,6.7239397e-16,1.7117093e-17
6676.5,6.5886098e-16,1.6988431e-17
6678.0,6.3887603e-16,1.6720749e-17
6679.5,6.8535103e-16,1.7018484e-17
6681.0,6.6401798e-16,1.6802886e-17
6682.5,6.8146506e-16,1.6969806e-17
6684.0,6.5049203e-16,1.6864228e-17
6685.5,6.5542001e-16,1.6777477e-17
6687.0,6.54947e-16,1.6765083e-17
6688.5,6.6527201e-16,1.6789841e-17
6690.0,6.4662998e-16,1.6692423e-17
6691.5,6.4497604e-16,1.6591999e-17
6693.0,6.46271e-16,1.6600519e-17
6694.5,6.2579604e-16,1.6560555e-17
6696.0,6.59896e-16,1.6858207e-17
6697.5,6.57372e-16,1.6620522e-17
6699.0,6.3932903e-16,1.6547862e-17
6700.5,6.5551398e-16,1.6774627e-17
6702.0,6.7474904e-16,1.6888452e-17
6703.5,6.6079497e-16,1.6675002e-17
6705.0,6.3562697e-16,1.6406382e-17
6706.5,6.0622196e-16,1.6212897e-17
6708.0,5.92387e-16,1.6105334e-17
6709.5,6.0517799e-16,1.6161317e-17
6711.0,6.2052898e-16,1.6282424e-17
6712.5,6.3001802e-16,1.6429376e-17
6714.0,6.39179e-16,1.6553048e-17
6715.5,6.5629203e-16,1.6579273e-17
6717.0,6.38003e-16,1.6366923e-17
6718.5,6.1893703e-16,1.6225299e-17
6720.0,6.32068e-16,1.6323915e-17
6721.5,6.4070499e-16,1.6386415e-17
6723.0,6.1441801e-16,1.6186712e-17
6724.5,6.0584497e-16,1.6137137e-17
6726.0,6.3960098e-16,1.6316989e-17
6727.5,6.7137997e-16,1.6606717e-17
6729.0,6.7542799e-16,1.6831173e-17
6730.5,6.3102298e-16,1.6542317e-17
6732.0,6.0538901e-16,1.6299713e-17
6733.5,6.1009803e-16,1.6267213e-17
6735.0,6.4512004e-16,1.6368569e-17
6736.5,6.4501104e-16,1.6343143e-17
6738.0,6.1137901e-16,1.608027e-17
6739.5,6.0124098e-16,1.5990366e-17
6741.0,5.9338602e-16,1.6018303e-17
6742.5,5.8351803e-16,1.5851409e-17
6744.0,6.1804495e-16,1.5998323e-17
6745.5,6.4527298e-16,1.6267269e-17
6747.0,6.5270903e-16,1.6318751e-17
6748.5,6.4218904e-16,1.6231019e-17
6750.0,6.4222096e-16,1.6349509e-17
6751.5,6.4040498e-16,1.6251704e-17
6753.0,5.6996799e-16,1.5656564e-17
6754.5,5.72384e-16,1.5771925e-17
6756.0,6.2890296e-16,1.6110813e-17
6757.5,6.0469799e-16,1.5905355e-17
6759.0,6.0267199e-16,1.587857e-17
6760.5,6.16435e-16,1.5854287e-17
6762.0,5.8398904e-16,1.5615647e-17
6763.5,5.9761203e-16,1.5762999e-17
6765.0,6.1334503e-16,1.581011e-17
6766.5,5.9518496e-16,1.5684145e-17
6768.0,6.0717799e-16,1.5790405e-17
6769.5,5.9299501e-16,1.5671613e-17
6771.0,5.8364101e-16,1.5623402e-17
6772.5,5.8362698e-16,1.5537232e-17
6774.0,5.8621001e-16,1.5516922e-17
6775.5,5.9934802e-16,1.5650431e-17
6777.0,5.8654898e-16,1.5560142e-17
6778.5,5.7700197e-16,1.5442529e-17
6780.0,5.8105497e-16,1.5425559e-17
6781.5,5.9783797e-16,1.5564994e-17
6783.0,6.0644499e-16,1.5694858e-17
6784.5,5.9994698e-16,1.5700232e-17
6786.0,5.8931603e-16,1.5662506e-17
6787.5,5.8333804e-16,1.5632534e-17
6789.0,5.55955e-16,1.5281557e-17
6790.5,5.4432201e-16,1.5130677e-17
6792.0,5.7644398e-16,1.5440717e-17
6793.5,5.9187401e-16,1.5469043e-17
6795.0,5.9597598e-16,1.5459422e-17
6796.5,6.0367297e-16,1.5589397e-17
6798.0,6.0456998e-16,1.5570843e-17
6799.5,6.1262399e-16,1.5699478e-17
6801.0,5.8993399e-16,1.554948e-17
6802.5,5.5948596e-16,1.5251507e-17
6804.0,5.7629501e-16,1.5367897e-17
6805.5,5.7836198e-16,1.5421124e-17
6807.0,5.5357097e-16,1.5219419e-17
6808.5,5.8831197e-16,1.5458061e-17
6810.0,5.8329701e-16,1.5449076e-17
6811.5,5.4487501e-16,1.5180614e-17
6813.0,5.3249298e-16,1.5005796e-17
6814.5,5.6589901e-16,1.522974e-17
6816.0,5.6947703e-16,1.526484e-17
6817.5,5.66975e-16,1.5343487e-17
6819.0,5.7998199e-16,1.5432126e-17
6820.5,5.9387899e-16,1.5452261e-17
6822.0,5.9739201e-16,1.5475175e-17
6823.5,5.7151902e-16,1.5556025e-17
6825.0,5.6830003e-16,1.6029617e-17
6826.5,5.68223e-16,1.6772134e-17
6828.0,5.5249397e-16,1.7165276e-17
6829.5,5.7500498e-16,1.7556334e-17
6831.0,6.0679699e-16,1.7973079e-17
6832.5,5.4354205e-16,1.7410468e-17
6834.0,5.5209602e-16,1.7009069e-17
6835.5,5.5282802e-16,1.6725487e-17
6837.0,5.7252e-16,1.6281532e-17
6838.5,5.6890603e-16,1.5859099e-17
6840.0,5.39626e-16,1.5508856e-17
6841.5,5.2762302e-16,1.5599514e-17
6843.0,5.3394596e-16,1.5482628e-17
6844.5,5.3020504e-16,1.5221014e-17
6846.0,5.5204102e-16,1.5278708e-17
6847.5,5.7961501e-16,1.538426e-17
6849.0,5.4138201e-16,1.5072007e-17
6850.5,5.33022e-16,1.5032037e-17
6852.0,5.4452095e-16,1.5092237e-17
6853.5,5.4703802e-16,1.5349227e-17
6855.0,5.5109499e-16,1.5329616e-17
6856.5,5.4383999e-16,1.5043759e-17
6858.0,5.4339403e-16,1.5077361e-17
6859.5,5.3711804e-16,1.5700759e-17
6861.0,5.4039299e-16,1.6767232e-17
6862.5,5.4613503e-16,1.733395e-17
6864.0,5.5949597e-16,1.7616758e-17
6865.5,5.6679601e-16,1.7997363e-17
6867.0,5.5184504e-16,1.7865079e-17
6868.5,5.3248499e-16,1.7383256e-17
6870.0,5.6847801e-16,1.7481549e-17
6871.5,5.6149798e-16,1.7390974e-17
6873.0,5.49061e-16,1.7311404e-17
6874.5,5.8718002e-16,1.7243292e-17
6876.0,6.0009801e-16,1.7018892e-17
6877.5,5.3754595e-16,1.6490434e-17
6879.0,5.31347e-16,1.5956937e-17
6880.5,5.02768e-16,1.5511105e-17
6882.0,5.2573196e-16,1.5727581e-17
6883.5,5.4321001e-16,1.5884307e-17
6885.0,5.5326e-16,1.5929107e-17
6886.5,5.2397601e-16,1.6070711e-17
6888.0,5.6231399e-16,1.6633664e-17
6889.5,5.4509598e-16,1.6561809e-17
6891.0,5.4094303e-16,1.6376131e-17
6892.5,4.9721596e-16,1.585206e-17
6894.0,5.0932504e-16,1.5706402e-17
6895.5,5.3147601e-16,1.5952072e-17
6897.0,4.9796299e-16,1.5971676e-17
6898.5,5.1511504e-16,1.6082226e-17
6900.0,5.2350199e-16,1.6119633e-17
6901.5,5.27738e-16,1.6046773e-17
6903.0,5.3322799e-16,1.6154889e-17
6904.5,5.3085101e-16,1.57554e-17
6906.0,5.1497602e-16,1.5327856e-17
6907.5,5.1529302e-16,1.5283686e-17
6909.0,5.3004495e-16,1.5614788e-17
6910.5,5.1765699e-16,1.6047805e-17
6912.0,4.86863e-16,1.5920099e-17
6913.5,5.1574804e-16,1.6073288e-17
6915.0,5.2712401e-16,1.5983917e-17
6916.5,5.0484e-16,1.5473453e-17
6918.0,5.04007e-16,1.534496e-17
6919.5,4.8963999e-16,1.564909e-17
6921.0,4.69593e-16,1.5938767e-17
6922.5,4.9731904e-16,1.6214818e-17
6924.0,5.0844402e-16,1.641301e-17
6925.5,4.8731298e-16,1.6059502e-17
6927.0,4.8967901e-16,1.5458359e-17
6928.5,5.2125402e-16,1.5256188e-17
6930.0,5.1170801e-16,1.4911711e-17
6931.5,4.8611099e-16,1.4678664e-17
6933.0,4.9029798e-16,1.4985828e-17
6934.5,5.02985e-16,1.5155035e-17
6936.0,5.00696e-16,1.5285927e-17
6937.5,4.9140399e-16,1.5675567e-17
6939.0,4.79246e-16,1.5668156e-17
6940.5,4.8228399e-16,1.5494414e-17
6942.0,4.8824202e-16,1.5377814e-17
6943.5,5.0944696e-16,1.524856e-17
6945.0,5.2207797e-16,1.557663e-17
6946.5,5.1054503e-16,1.6200671e-17
6948.0,5.3356299e-16,1.6736755e-17
6949.5,4.8229601e-16,1.6426534e-17
6951.0,4.5827998e-16,1.5904499e-17
6952.5,4.9348701e-16,1.549554e-17
6954.0,4.9332803e-16,1.4991548e-17
6955.5,4.90328e-16,1.4717104e-17
6957.0,4.8478602e-16,1.4783057e-17
6958.5,4.8843498e-16,1.4729589e-17
6960.0,4.8991502e-16,1.4885122e-17
6961.5,5.1509498e-16,1.5123891e-17
6963.0,5.0435603e-16,1.4745392e-17
6964.5,4.944e-16,1.4608195e-17
6966.0,5.0087102e-16,1.4984332e-17
6967.5,4.90717e-16,1.5364956e-17
6969.0,4.92057e-16,1.5387153e-17
6970.5,5.0173404e-16,1.5259152e-17
6972.0,4.9715699e-16,1.524451e-17
6973.5,5.01158e-16,1.5336276e-17
6975.0,5.1074599e-16,1.5559705e-17
6976.5,4.97068e-16,1.5838578e-17
6978.0,5.1194899e-16,1.6093064e-17
6979.5,4.9175202e-16,1.5953355e-17
6981.0,4.5369303e-16,1.5212356e-17
6982.5,4.6719802e-16,1.4634494e-17
6984.0,4.8017403e-16,1.4556428e-17
6985.5,4.71059e-16,1.4451618e-17
6987.0,4.5742299e-16,1.4398731e-17
6988.5,4.6562799e-16,1.4515218e-17
6990.0,4.6369003e-16,1.4418076e-17
6991.5,4.5538302e-16,1.4436494e-17
6993.0,4.57958e-16,1.437299e-17
6994.5,4.6020999e-16,1.4432787e-17
6996.0,4.40376e-16,1.439407e-17
6997.5,4.60112e-16,1.4392438e-17
6999.0,4.71403e-16,1.4460352e-17
7000.5,4.70154e-16,1.4598447e-17
7002.0,4.7564701e-16,1.4747924e-17
7003.5,4.71023e-16,1.4739074e-17
7005.0,4.9188103e-16,1.4936165e-17
7006.5,4.8207498e-16,1.4930338e-17
7008.0,4.6536101e-16,1.4960379e-17
7009.5,4.5715999e-16,1.4961121e-17
7011.0,4.5590299e-16,1.500323e-17
7012.5,4.8357799e-16,1.5358666e-17
7014.0,4.8264101e-16,1.525085e-17
7015.5,4.60735e-16,1.4717278e-17
7017.0,4.5940701e-16,1.4562257e-17
7018.5,4.6934498e-16,1.4717106e-17
7020.0,4.6840996e-16,1.4634281e-17
7021.5,4.6936499e-16,1.5063945e-17
7023.0,4.7532201e-16,1.5480101e-17
7024.5,4.5941204e-16,1.4783464e-17
7026.0,4.6439799e-16,1.4513983e-17
7027.5,4.8014401e-16,1.4598106e-17
7029.0,4.7383801e-16,1.4443782e-17
7030.5,4.7040096e-16,1.4494266e-17
7032.0,4.7931101e-16,1.4770971e-17
7033.5,4.7896097e-16,1.4669486e-17
7035.0,4.4819398e-16,1.4123163e-17
7036.5,4.6213498e-16,1.4287371e-17
7038.0,4.6833399e-16,1.4649291e-17
7039.5,4.5665701e-16,1.4688628e-17
7041.0,4.5322801e-16,1.4633585e-17
7042.5,4.4428699e-16,1.4439264e-17
7044.0,4.56863e-16,1.4782648e-17
7045.5,4.4027701e-16,1.4966679e-17
7047.0,4.5191897e-16,1.5099678e-17
7048.5,4.4755601e-16,1.5282792e-17
7050.0,4.4432897e-16,1.5214887e-17
7051.5,4.6968999e-16,1.4981608e-17
7053.0,4.61442e-16,1.489836e-17
7054.5,4.5347899e-16,1.4768031e-17
7056.0,4.5395799e-16,1.4601459e-17
7057.5,4.5577498e-16,1.4631535e-17
7059.0,4.5012501e-16,1.4497948e-17
7060.5,4.5756402e-16,1.4598317e-17
7062.0,4.53353e-16,1.4575824e-17
7063.5,4.3316e-16,1.4453969e-17
7065.0,4.36739e-16,1.4528237e-17
7066.5,4.58312e-16,1.4752583e-17
7068.0,4.5173501e-16,1.4711683e-17
7069.5,4.5999299e-16,1.4725331e-17
7071.0,4.4671898e-16,1.4572953e-17
7072.5,4.4034202e-16,1.4582544e-17
7074.0,4.6876402e-16,1.471748e-17
7075.5,4.6212397e-16,1.4519617e-17
7077.0,4.4381498e-16,1.4481885e-17
7078.5,4.5549901e-16,1.4690631e-17
7080.0,4.4633099e-16,1.4760569e-17
7081.5,4.3967199e-16,1.4780106e-17
7083.0,4.4702603e-16,1.4854443e-17
7084.5,4.20097e-16,1.4659716e-17
7086.0,4.38335e-16,1.4826524e-17
7087.5,4.5822503e-16,1.5033118e-17
7089.0,4.46242e-16,1.4810249e-17
7090.5,4.2999199e-16,1.4490999e-17
7092.0,4.2968499e-16,1.4306265e-17
7093.5,4.28605e-16,1.4217461e-17
7095.0,4.5369599e-16,1.4437108e-17
7096.5,4.7052897e-16,1.4442685e-17
7098.0,4.9448799e-16,1.4828221e-17
7099.5,4.8647701e-16,1.4979644e-17
7101.0,4.7036899e-16,1.4835816e-17
7102.5,4.6978999e-16,1.4628459e-17
7104.0,4.4062e-16,1.4181936e-17
7105.5,4.3446901e-16,1.4216019e-17
7107.0,4.2837799e-16,1.4231135e-17
7108.5,4.2647601e-16,1.4253129e-17
7110.0,4.3902999e-16,1.4357087e-17
7111.5,4.6887101e-16,1.4368454e-17
7113.0,4.3169701e-16,1.4201039e-17
7114.5,4.6445702e-16,1.4627526e-17
7116.0,4.37924e-16,1.4342007e-17
7117.5,4.6517599e-16,1.433301e-17
7119.0,4.4737199e-16,1.4167927e-17
7120.5,4.24832e-16,1.4209724e-17
7122.0,4.5547397e-16,1.4452445e-17
7123.5,4.4161902e-16,1.4235079e-17
7125.0,4.5202803e-16,1.4520238e-17
7126.5,4.3541901e-16,1.4549388e-17
7128.0,4.22349e-16,1.4297443e-17
7129.5,4.5861397e-16,1.4370772e-17
7131.0,4.4646101e-16,1.4462919e-17
7132.5,4.4161299e-16,1.4447015e-17
7134.0,4.5423899e-16,1.4413548e-17
7135.5,4.5460099e-16,1.4285332e-17
7137.0,4.5403099e-16,1.4290583e-17
7138.5,4.39389e-16,1.4504919e-17
7140.0,4.50069e-16,1.4589808e-17
7141.5,4.5910398e-16,1.4747512e-17
7143.0,4.5185301e-16,1.4807476e-17
7144.5,4.3650498e-16,1.4761815e-17
7146.0,4.3798901e-16,1.4738016e-17
7147.5,4.31003e-16,1.4613656e-17
7149.0,4.3886201e-16,1.4562513e-17
7150.5,4.2121601e-16,1.4280568e-17
7152.0,4.1320401e-16,1.4221879e-17
7153.5,4.2284798e-16,1.431896e-17
7155.0,4.2386299e-16,1.4340307e-17
7156.5,4.2999e-16,1.4446409e-17
7158.0,4.30917e-16,1.4249869e-17
7159.5,4.4402902e-16,1.4315095e-17
7161.0,4.22512e-16,1.4587426e-17
7162.5,4.1519099e-16,1.4682581e-17
7164.0,4.35978e-16,1.4443603e-17
7165.5,4.3561502e-16,1.4125365e-17
7167.0,4.5669301e-16,1.4605778e-17
7168.5,4.5503801e-16,1.4991992e-17
7170.0,4.1734298e-16,1.4630562e-17
7171.5,4.3899102e-16,1.4748176e-17
7173.0,4.3267899e-16,1.4861986e-17
7174.5,4.37065e-16,1.4765797e-17
7176.0,4.7962801e-16,1.5296513e-17
7177.5,4.8039204e-16,1.5654763e-17
7179.0,4.4114e-16,1.5104072e-17
7180.5,4.5325199e-16,1.5070565e-17
7182.0,4.30505e-16,1.4873469e-17
7183.5,4.30315e-16,1.5062135e-17
7185.0,4.3652499e-16,1.4738207e-17
7186.5,4.4273401e-16,9.469627e-18
7188.0,4.4894297e-16,1.3195629e-17
7189.5,4.5515199e-16,1.531929e-17
7191.0,4.5515199e-16,1.497276e-17
7192.5,4.4519501e-16,1.4674172e-17
7194.0,4.4239199e-16,1.4700844e-17
7195.5,4.3352801e-16,1.4745559e-17
7197.0,4.07589e-16,1.4496113e-17
7198.5,4.6891601e-16,1.4953654e-17
7200.0,4.5631899e-16,1.4828196e-17
7201.5,4.3088299e-16,1.4750115e-17
7203.0,4.27872e-16,1.4854062e-17
7204.5,4.4192099e-16,1.4920275e-17
7206.0,4.5116098e-16,1.4710176e-17
7207.5,4.5674298e-16,1.4627807e-17
7209.0,4.2178199e-16,1.4277986e-17
7210.5,3.9478999e-16,1.4086904e-17
7212.0,4.26981e-16,1.4422229e-17
7213.5,4.2880699e-16,1.4344151e-17
7215.0,4.14768e-16,1.4212491e-17
7216.5,4.1106199e-16,1.4106378e-17
7218.0,4.18052e-16,1.4113717e-17
7219.5,4.0433599e-16,1.4137363e-17
7221.0,4.05169e-16,1.4161513e-17
7222.5,4.2454901e-16,1.4388932e-17
7224.0,4.1719999e-16,1.4441149e-17
7225.5,4.1562101e-16,1.4449612e-17
7227.0,4.3255003e-16,1.4699328e-17
7228.5,4.4815899e-16,1.4714728e-17
7230.0,4.27638e-16,1.4487695e-17
7231.5,4.2053301e-16,1.4614037e-17
7233.0,4.4922001e-16,1.513619e-17
7234.5,4.4494397e-16,1.5634869e-17
7236.0,4.3098802e-16,1.6756634e-17
7237.5,4.39141e-16,1.8518286e-17
7239.0,4.3541398e-16,1.9861109e-17
7240.5,4.0212601e-16,2.0735618e-17
7242.0,3.98692e-16,2.1254351e-17
7243.5,3.9414899e-16,2.0871334e-17
7245.0,4.0997099e-16,2.0146793e-17
7246.5,4.3446901e-16,1.9308275e-17
7248.0,4.2261002e-16,1.7574554e-17
7249.5,3.94914e-16,1.6196978e-17
7251.0,4.0926401e-16,1.5928381e-17
7252.5,4.6693602e-16,1.6451077e-17
7254.0,4.5711298e-16,1.6569045e-17
7255.5,4.2436599e-16,1.5817755e-17
7257.0,4.1002501e-16,1.5212068e-17
7258.5,4.0069801e-16,1.4726859e-17
7260.0,4.14116e-16,1.4616235e-17
7261.5,3.98727e-16,1.4644087e-17
7263.0,4.3922901e-16,1.4785034e-17
7264.5,4.2325601e-16,1.4772826e-17
7266.0,4.2495601e-16,1.5082975e-17
7267.5,4.3470901e-16,1.5105855e-17
7269.0,4.3315701e-16,1.5055404e-17
7270.5,4.2555301e-16,1.5086106e-17
7272.0,4.3481401e-16,1.6296773e-17
7273.5,4.4194799e-16,1.8536777e-17
7275.0,4.18522e-16,1.9936473e-17
7276.5,4.3823402e-16,2.037977e-17
7278.0,4.2653199e-16,1.9756243e-17
7279.5,4.0574e-16,1.7975038e-17
7281.0,4.2124899e-16,1.6963451e-17
7282.5,4.3453701e-16,1.7158718e-17
7284.0,4.1632101e-16,1.7114883e-17
7285.5,4.09439e-16,1.6670856e-17
7287.0,3.9575801e-16,1.6074503e-17
7288.5,3.8607299e-16,1.5453469e-17
7290.0,3.9828e-16,1.5133241e-17
7291.5,4.3796199e-16,1.5252192e-17
7293.0,4.4459097e-16,1.525232e-17
7294.5,4.00329e-16,1.5155108e-17
7296.0,3.8208198e-16,1.521506e-17
7297.5,3.9147099e-16,1.5022274e-17
7299.0,4.12262e-16,1.4953976e-17
7300.5,4.1471498e-16,1.5289921e-17
7302.0,3.9722402e-16,1.5715074e-17
7303.5,3.87207e-16,1.5988535e-17
7305.0,4.13484e-16,1.6100408e-17
7306.5,4.23806e-16,1.5678688e-17
7308.0,4.08792e-16,1.5079777e-17
7309.5,4.0259799e-16,1.4759057e-17
7311.0,4.22015e-16,1.5035034e-17
7312.5,4.5569801e-16,1.6505172e-17
7314.0,4.7889999e-16,1.8251239e-17
7315.5,4.5070602e-16,1.8785105e-17
7317.0,4.0180998e-16,1.817351e-17
7318.5,4.1071299e-16,1.7398988e-17
7320.0,3.9520601e-16,1.6111739e-17
7321.5,4.0040902e-16,1.4811779e-17
7323.0,4.11977e-16,1.4240221e-17
7324.5,3.98044e-16,1.4482822e-17
7326.0,4.5813699e-16,1.5532955e-17
7327.5,4.6973303e-16,1.7783922e-17
7329.0,4.5050601e-16,1.9861937e-17
7330.5,4.6017701e-16,1.8363755e-17
7332.0,4.0889999e-16,1.5592903e-17
7333.5,4.00836e-16,1.4994277e-17
7335.0,4.1520398e-16,1.4899407e-17
7336.5,3.9536499e-16,1.5606564e-17
7338.0,3.9729e-16,1.7461283e-17
7339.5,4.1350902e-16,1.9024007e-17
7341.0,3.90436e-16,1.9438891e-17
7342.5,4.1267202e-16,1.9242951e-17
7344.0,4.1668298e-16,1.7482985e-17
7345.5,3.7828698e-16,1.5296807e-17
7347.0,3.72745e-16,1.4489726e-17
7348.5,3.9365599e-16,1.4513247e-17
7350.0,3.86989e-16,1.4586967e-17
7351.5,3.8694998e-16,1.4546133e-17
7353.0,3.94503e-16,1.4581882e-17
7354.5,3.9938101e-16,1.4829286e-17
7356.0,4.4663899e-16,1.5768183e-17
7357.5,4.4461299e-16,1.6492438e-17
7359.0,4.1578799e-16,1.6732369e-17
7360.5,3.9899299e-16,1.6378159e-17
7362.0,4.16912e-16,1.5816141e-17
7363.5,4.3718999e-16,1.5343134e-17
7365.0,4.09389e-16,1.5519187e-17
7366.5,3.7540098e-16,1.6958405e-17
7368.0,3.7594102e-16,1.8151739e-17
7369.5,3.8971801e-16,1.8570851e-17
7371.0,3.82362e-16,1.8236562e-17
7372.5,3.9187299e-16,1.6736781e-17
7374.0,3.88876e-16,1.5151098e-17
7375.5,3.8771099e-16,1.4609684e-17
7377.0,4.08508e-16,1.4539271e-17
7378.5,3.9844999e-16,1.4240342e-17
7380.0,3.8142299e-16,1.4158626e-17
7381.5,4.0375999e-16,1.432956e-17
7383.0,4.11348e-16,1.4243125e-17
7384.5,4.0027201e-16,1.4265817e-17
7386.0,3.8993e-16,1.5025686e-17
7387.5,3.77879e-16,1.5747911e-17
7389.0,3.8837599e-16,1.5773529e-17
7390.5,4.2175099e-16,1.6224554e-17
7392.0,4.0348602e-16,1.6143848e-17
7393.5,4.1288399e-16,1.6095036e-17
7395.0,4.3489599e-16,1.553402e-17
7396.5,3.8628699e-16,1.4934234e-17
7398.0,4.1680101e-16,1.5850506e-17
7399.5,4.0970002e-16,1.6656701e-17
7401.0,4.0089699e-16,1.7280443e-17
7402.5,4.2129902e-16,1.7682957e-17
7404.0,4.0838701e-16,1.6961934e-17
7405.5,4.01483e-16,1.5607841e-17
7407.0,3.9358601e-16,1.4621091e-17
7408.5,3.84877e-16,1.439087e-17
7410.0,3.8096101e-16,1.4182106e-17
7411.5,3.81158e-16,1.4030991e-17
7413.0,4.2226699e-16,1.4386421e-17
7414.5,4.1384598e-16,1.4446168e-17
7416.0,3.6268402e-16,1.4157367e-17
7417.5,3.7896299e-16,1.418844e-17
7419.0,3.8448599e-16,1.4133657e-17
7420.5,3.9518402e-16,1.4036689e-17
7422.0,4.0817999e-16,1.4187291e-17
7423.5,3.80832e-16,1.3932019e-17
7425.0,3.9162799e-16,1.4249087e-17
7426.5,3.9442701e-16,1.4716109e-17
7428.0,4.0098301e-16,1.5042995e-17
7429.5,3.7477402e-16,1.496335e-17
7431.0,3.7882799e-16,1.5034555e-17
7432.5,3.90988e-16,1.4917795e-17
7434.0,3.9258098e-16,1.4831252e-17
7435.5,4.0290099e-16,1.5389973e-17
7437.0,4.06494e-16,1.6104818e-17
7438.5,3.9598301e-16,1.6218037e-17
7440.0,3.93046e-16,1.5969534e-17
7441.5,3.9181899e-16,1.5352342e-17
7443.0,3.8332502e-16,1.4594921e-17
7444.5,3.3251898e-16,1.3814647e-17
7446.0,3.3702901e-16,1.3676371e-17
7447.5,3.67461e-16,1.3801298e-17
7449.0,3.4845599e-16,1.3675072e-17
7450.5,3.5687899e-16,1.3907286e-17
7452.0,3.62802e-16,1.3959464e-17
7453.5,3.6261001e-16,1.3860112e-17
7455.0,3.6852299e-16,1.3971994e-17
7456.5,3.74414e-16,1.4038256e-17
7458.0,3.9511001e-16,1.4307484e-17
7459.5,3.8420901e-16,1.4384763e-17
7461.0,4.0538499e-16,1.4790834e-17
7462.5,3.9081298e-16,1.4908093e-17
7464.0,3.6364099e-16,1.4771348e-17
7465.5,3.98284e-16,1.499092e-17
7467.0,4.0564601e-16,1.5104052e-17
7468.5,3.61916e-16,1.5062855e-17
7470.0,3.83054e-16,1.5502907e-17
7471.5,3.8124799e-16,1.5792882e-17
7473.0,3.3750298e-16,1.5485528e-17
7474.5,3.7350802e-16,1.5618408e-17
7476.0,3.4124199e-16,1.5314584e-17
7477.5,3.7617202e-16,1.5765491e-17
7479.0,3.59667e-16,1.5650696e-17
7480.5,3.32052e-16,1.5577991e-17
7482.0,3.7756099e-16,1.5996892e-17
7483.5,3.7668402e-16,1.5608027e-17
7485.0,3.62423e-16,1.5192608e-17
7486.5,3.45889e-16,1.4762055e-17
7488.0,3.5417603e-16,1.4364604e-17
7489.5,3.6017299e-16,1.4289832e-17
7491.0,3.7261702e-16,1.446823e-17
7492.5,3.6744898e-16,1.4394505e-17
7494.0,3.35136e-16,1.4135462e-17
7495.5,3.41682e-16,1.4223875e-17
7497.0,3.4510499e-16,1.4064395e-17
7498.5,3.6073802e-16,1.4159124e-17
7500.0,3.6184999e-16,1.414791e-17
7501.5,3.54949e-16,1.3995065e-17
7503.0,3.6246401e-16,1.4037598e-17
7504.5,3.65715e-16,1.4207571e-17
7506.0,3.4565601e-16,1.4037062e-17
7507.5,3.3227001e-16,1.3817705e-17
7509.0,3.3830602e-16,1.3799435e-17
7510.5,3.46594e-16,1.395853e-17
7512.0,3.54393e-16,1.4158026e-17
7513.5,3.5429599e-16,1.448339e-17
7515.0,3.4436699e-16,1.4460212e-17
7516.5,3.4843002e-16,1.4378997e-17
7518.0,3.5164602e-16,1.4561801e-17
7519.5,3.41564e-16,1.4997199e-17
7521.0,3.5177498e-16,1.6033228e-17
7522.5,3.2958499e-16,1.6642532e-17
7524.0,3.351e-16,1.6953892e-17
7525.5,3.4797998e-16,1.6939509e-17
7527.0,3.3005099e-16,1.6221964e-17
7528.5,3.3726801e-16,1.5442787e-17
7530.0,3.55189e-16,1.51836e-17
7531.5,3.1583699e-16,1.4828408e-17
7533.0,3.48807e-16,1.4926615e-17
7534.5,3.8103499e-16,1.4834532e-17
7536.0,3.26235e-16,1.431211e-17
7537.5,3.27194e-16,1.4332253e-17
7539.0,3.5523302e-16,1.4595801e-17
7540.5,3.5787698e-16,1.4718935e-17
