3720.0,3.5540431e-15,1.1858739e-16
3721.5,3.4421691e-15,1.1705913e-16
3723.0,3.4152171e-15,1.1689257e-16
3724.5,3.3993882e-15,1.16157e-16
3726.0,3.3323172e-15,1.1514114e-16
3727.5,3.194272e-15,1.1347727e-16
3729.0,3.1176807e-15,1.1273641e-16
3730.5,3.4164741e-15,1.1592726e-16
3732.0,3.4026726e-15,1.1534271e-16
3733.5,3.3351054e-15,1.1413201e-16
3735.0,3.3339636e-15,1.1343112e-16
3736.5,3.094939e-15,1.1033359e-16
3738.0,3.1361533e-15,1.1104843e-16
3739.5,3.0941103e-15,1.1040115e-16
3741.0,3.1782584e-15,1.1131515e-16
3742.5,3.1552386e-15,1.1078937e-16
3744.0,3.0448954e-15,1.0901584e-16
3745.5,3.1519278e-15,1.0946093e-16
3747.0,3.1478218e-15,1.0842463e-16
3748.5,3.0212149e-15,1.0612245e-16
3750.0,3.0806809e-15,1.0646188e-16
3751.5,3.1565502e-15,1.0776115e-16
3753.0,3.0522114e-15,1.0666938e-16
3754.5,2.9260969e-15,1.0458158e-16
3756.0,2.8586074e-15,1.0344232e-16
3757.5,2.8295868e-15,1.0273245e-16
3759.0,2.7916798e-15,1.0178114e-16
3760.5,2.723666e-15,1.0064514e-16
3762.0,2.6742359e-15,9.9670287e-17
3763.5,2.6411205e-15,9.8572654e-17
3765.0,2.6823111e-15,9.8821599e-17
3766.5,2.6066274e-15,9.7546802e-17
3768.0,2.4414837e-15,9.4702339e-17
3769.5,2.3784806e-15,9.3508487e-17
3771.0,2.376122e-15,9.3414363e-17
3772.5,2.3159357e-15,9.2811232e-17
3774.0,2.2414074e-15,9.1591339e-17
3775.5,2.1873756e-15,9.0834151e-17
3777.0,2.2498593e-15,9.1647077e-17
3778.5,2.2829253e-15,9.1851352e-17
3780.0,2.1283994e-15,8.9239092e-17
3781.5,2.1558712e-15,8.8981194e-17
3783.0,1.9906295e-15,8.6644077e-17
3784.5,1.909661e-15,8.5151703e-17
3786.0,1.8953876e-15,8.453958e-17
3787.5,2.0134782e-15,8.5771832e-17
3789.0,1.8976344e-15,8.3380137e-17
3790.5,1.8220155e-15,8.2193156e-17
3792.0,1.7443556e-15,8.0857446e-17
3793.5,1.7015906e-15,7.9667961e-17
3795.0,1.7887538e-15,8.0601409e-17
3796.5,1.8754038e-15,8.1524734e-17
3798.0,1.8499989e-15,8.1154365e-17
3799.5,1.8027739e-15,8.0227149e-17
3801.0,1.7752953e-15,7.9393971e-17
3802.5,1.8176855e-15,7.988735e-17
3804.0,1.7746312e-15,7.9281671e-17
3805.5,1.8661106e-15,8.0682623e-17
3807.0,1.8525121e-15,7.9953803e-17
3808.5,1.7684147e-15,7.8306108e-17
3810.0,1.6455654e-15,7.6281815e-17
3811.5,1.7079057e-15,7.711751e-17
3813.0,1.8193656e-15,7.8439581e-17
3814.5,1.8385134e-15,7.8259299e-17
3816.0,1.93455e-15,7.9474788e-17
3817.5,2.0022262e-15,7.9952636e-17
3819.0,1.8808104e-15,7.7823033e-17
3820.5,1.8897686e-15,7.8022298e-17
3822.0,1.9817507e-15,7.8588181e-17
3823.5,1.8686256e-15,7.6360565e-17
3825.0,1.7975458e-15,7.5494025e-17
3826.5,1.9051471e-15,7.6629793e-17
3828.0,1.9196221e-15,7.6716305e-17
3829.5,1.978658e-15,7.7505688e-17
3831.0,2.0903164e-15,7.9213545e-17
3832.5,2.0257507e-15,7.8664749e-17
3834.0,2.0035241e-15,7.7822651e-17
3835.5,2.0143958e-15,7.7233961e-17
3837.0,1.9259977e-15,7.5950942e-17
3838.5,1.8678142e-15,7.4927038e-17
3840.0,1.8819782e-15,7.477796e-17
3841.5,1.9759707e-15,7.6094892e-17
3843.0,1.9443527e-15,7.5429094e-17
3844.5,1.890499e-15,7.4492633e-17
3846.0,1.8665248e-15,7.4224356e-17
3847.5,1.8883861e-15,7.4536382e-17
3849.0,1.9129761e-15,7.4427519e-17
3850.5,1.9865241e-15,7.4659862e-17
3852.0,1.8810573e-15,7.3098654e-17
3853.5,1.862008e-15,7.2825727e-17
3855.0,1.9907474e-15,7.393319e-17
3856.5,1.9393567e-15,7.2918612e-17
3858.0,1.9095119e-15,7.2000012e-17
3859.5,1.946306e-15,7.2423059e-17
3861.0,1.9030018e-15,7.1776353e-17
3862.5,1.8888348e-15,7.1520214e-17
3864.0,1.9525261e-15,7.2228769e-17
3865.5,1.8654863e-15,7.0908929e-17
3867.0,1.9193743e-15,7.1686773e-17
3868.5,1.8480078e-15,7.0128073e-17
3870.0,1.9075891e-15,7.040062e-17
3871.5,1.8177903e-15,6.9195857e-17
3873.0,1.6773406e-15,6.7041411e-17
3874.5,1.8258138e-15,6.9129532e-17
3876.0,2.0156754e-15,7.1609374e-17
3877.5,1.8457847e-15,6.9023535e-17
3879.0,1.7875256e-15,6.7874869e-17
3880.5,1.9097099e-15,6.9371459e-17
3882.0,1.9349286e-15,6.9821138e-17
3883.5,1.9476347e-15,6.9585108e-17
3885.0,1.9934016e-15,6.9943353e-17
3886.5,1.9388809e-15,6.9173515e-17
3888.0,1.8211966e-15,6.7538778e-17
3889.5,1.8355875e-15,6.750398e-17
3891.0,1.9145933e-15,6.8541582e-17
3892.5,1.8691423e-15,6.808762e-17
3894.0,1.920312e-15,6.8796213e-17
3895.5,2.0053471e-15,6.9677429e-17
3897.0,2.0039463e-15,6.954287e-17
3898.5,2.0864694e-15,7.0805271e-17
3900.0,2.2257694e-15,7.2364412e-17
3901.5,2.1596058e-15,7.1238269e-17
3903.0,2.1107326e-15,7.0385904e-17
3904.5,2.1781008e-15,7.1325905e-17
3906.0,2.2175979e-15,7.2155982e-17
3907.5,2.2468648e-15,7.2376939e-17
3909.0,2.2848938e-15,7.2842129e-17
3910.5,2.2521867e-15,7.2774841e-17
3912.0,2.2915759e-15,7.317482e-17
3913.5,2.2532957e-15,7.2338755e-17
3915.0,2.2300834e-15,7.1746895e-17
3916.5,2.4181634e-15,7.3456005e-17
3918.0,2.5724477e-15,7.4671365e-17
3919.5,2.5150301e-15,7.3604113e-17
3921.0,2.4538413e-15,7.2576234e-17
3922.5,2.6188952e-15,7.4238319e-17
3924.0,2.6638081e-15,7.4754793e-17
3925.5,2.6635866e-15,7.4391792e-17
3927.0,2.65371e-15,7.4032779e-17
3928.5,2.788409e-15,7.4952946e-17
3930.0,2.8054995e-15,7.4574168e-17
3931.5,2.8259624e-15,7.4506763e-17
3933.0,2.8815498e-15,7.5113464e-17
3934.5,2.9347517e-15,7.5516604e-17
3936.0,3.0144581e-15,7.6276364e-17
3937.5,3.1455106e-15,7.7731215e-17
3939.0,3.1839844e-15,7.8184966e-17
3940.5,3.308225e-15,7.9566067e-17
3942.0,3.3935793e-15,8.0741426e-17
3943.5,3.3940051e-15,8.0608064e-17
3945.0,3.5975662e-15,8.2723528e-17
3946.5,3.4156034e-15,8.0964407e-17
3948.0,3.5083842e-15,8.1708352e-17
3949.5,3.7134051e-15,8.3444793e-17
3951.0,3.7598416e-15,8.3961275e-17
3952.5,3.7290452e-15,8.3339689e-17
3954.0,3.9472476e-15,8.5166076e-17
3955.5,3.9741477e-15,8.5252843e-17
3957.0,3.9290076e-15,8.464758e-17
3958.5,4.0244056e-15,8.5307171e-17
3960.0,4.0200781e-15,8.4844514e-17
3961.5,4.1009469e-15,8.5452886e-17
3963.0,4.1589169e-15,8.5747115e-17
3964.5,4.1230205e-15,8.4964041e-17
3966.0,4.1763582e-15,8.4948706e-17
3967.5,4.1704112e-15,8.4423575e-17
3969.0,4.2364023e-15,8.4905668e-17
3970.5,4.3385476e-15,8.5936585e-17
3972.0,4.4295287e-15,8.6876228e-17
3973.5,4.4831756e-15,8.7424233e-17
3975.0,4.4344898e-15,8.7200382e-17
3976.5,4.3493499e-15,8.6770143e-17
3978.0,4.4592892e-15,8.7766774e-17
3979.5,4.5848339e-15,8.8721763e-17
3981.0,4.5755525e-15,8.8539085e-17
3982.5,4.5375563e-15,8.8194222e-17
3984.0,4.4403009e-15,8.7482627e-17
3985.5,4.5283207e-15,8.8187408e-17
3987.0,4.6133997e-15,8.86784e-17
3988.5,4.5331539e-15,8.7847982e-17
3990.0,4.5310253e-15,8.7702914e-17
3991.5,4.554367e-15,8.7914752e-17
3993.0,4.599989e-15,8.8328039e-17
3994.5,4.5856729e-15,8.7887289e-17
3996.0,4.6292184e-15,8.8124515e-17
3997.5,4.595111e-15,8.7822372e-17
3999.0,4.5465552e-15,8.7378571e-17
4000.5,4.6304106e-15,8.8015275e-17
4002.0,4.7008783e-15,8.8419199e-17
4003.5,4.7827961e-15,8.9161138e-17
4005.0,4.8810168e-15,8.9858428e-17
4006.5,4.7918932e-15,8.8953478e-17
4008.0,4.657738e-15,8.7973712e-17
4009.5,4.9153843e-15,8.9937663e-17
4011.0,4.7099674e-15,8.8361927e-17
4012.5,4.6934532e-15,8.8002887e-17
4014.0,4.7525066e-15,8.8430827e-17
4015.5,4.8353342e-15,8.8950179e-17
4017.0,4.9239524e-15,8.9617192e-17
4018.5,4.9879322e-15,8.9917061e-17
4020.0,4.8825613e-15,8.9007055e-17
4021.5,4.9184188e-15,8.9387607e-17
4023.0,4.7965083e-15,8.8396659e-17
4024.5,5.0373363e-15,8.9978461e-17
4026.0,5.1173136e-15,9.0360021e-17
4027.5,5.1848572e-15,9.0842695e-17
4029.0,5.3405465e-15,9.192928e-17
4030.5,5.1147644e-15,8.9812153e-17
4032.0,5.1316758e-15,8.9750534e-17
4033.5,5.2065942e-15,9.0264872e-17
4035.0,5.0039412e-15,8.8705305e-17
4036.5,5.0424697e-15,8.892497e-17
4038.0,4.8396257e-15,8.754469e-17
4039.5,4.9137813e-15,8.8185738e-17
4041.0,5.1450268e-15,8.9840148e-17
4042.5,5.0245025e-15,8.8962791e-17
4044.0,4.8661971e-15,8.7923701e-17
4045.5,4.8336033e-15,8.7814312e-17
4047.0,4.8371494e-15,8.782224e-17
4048.5,4.7231857e-15,8.7036272e-17
4050.0,4.7226038e-15,8.6657054e-17
4051.5,4.8006431e-15,8.6751094e-17
4053.0,4.5914145e-15,8.4811492e-17
4054.5,4.3630481e-15,8.2640919e-17
4056.0,4.3426375e-15,8.2413907e-17
4057.5,4.2923678e-15,8.1942408e-17
4059.0,4.2943918e-15,8.1789398e-17
4060.5,4.2850766e-15,8.1730868e-17
4062.0,4.211109e-15,8.1169846e-17
4063.5,4.1514436e-15,8.0559479e-17
4065.0,4.093955e-15,7.9970259e-17
4066.5,4.2317948e-15,8.0988024e-17
4068.0,4.1933891e-15,8.0697793e-17
4069.5,4.1292966e-15,8.016157e-17
4071.0,4.1204036e-15,8.0006786e-17
4072.5,4.0467452e-15,7.9249364e-17
4074.0,3.8516634e-15,7.74089e-17
4075.5,3.9891915e-15,7.8561151e-17
4077.0,3.9557955e-15,7.8284117e-17
4078.5,3.7492457e-15,7.6543313e-17
4080.0,3.8239874e-15,7.7128102e-17
4081.5,3.8444314e-15,7.7110392e-17
4083.0,3.8405973e-15,7.6968862e-17
4084.5,3.927184e-15,7.764908e-17
4086.0,3.8821752e-15,7.7321012e-17
4087.5,3.8821214e-15,7.7167485e-17
4089.0,3.9674367e-15,7.7690635e-17
4090.5,3.8844872e-15,7.7001143e-17
4092.0,3.8357514e-15,7.6359741e-17
4093.5,3.934831e-15,7.694758e-17
4095.0,3.8476705e-15,7.6079471e-17
4096.5,3.7540568e-15,7.5133636e-17
4098.0,3.8378305e-15,7.5623435e-17
4099.5,3.9894451e-15,7.6675208e-17
4101.0,3.9307004e-15,7.6074817e-17
4102.5,3.8581605e-15,7.5368172e-17
4104.0,3.9941301e-15,7.6444215e-17
4105.5,3.9743768e-15,7.6303833e-17
4107.0,3.95914e-15,7.6243613e-17
4108.5,4.1096738e-15,7.7487427e-17
4110.0,4.1412309e-15,7.7620323e-17
4111.5,4.1315375e-15,7.7547072e-17
4113.0,4.1300564e-15,7.7521462e-17
4114.5,4.1224213e-15,7.7416188e-17
4116.0,4.1656153e-15,7.7567819e-17
4117.5,4.2243354e-15,7.7949433e-17
4119.0,4.1815539e-15,7.7735863e-17
4120.5,4.1666872e-15,7.7552346e-17
4122.0,4.2424149e-15,7.8005428e-17
4123.5,4.2955442e-15,7.8398036e-17
4125.0,4.2936443e-15,7.8357856e-17
4126.5,4.350711e-15,7.8688965e-17
4128.0,4.4533714e-15,7.924729e-17
4129.5,4.5286481e-15,7.9725892e-17
4131.0,4.5588961e-15,7.9846903e-17
4132.5,4.5073821e-15,7.9433329e-17
4134.0,4.5523718e-15,7.9715317e-17
4135.5,4.7046391e-15,8.0794167e-17
4137.0,4.6559881e-15,8.0364755e-17
4138.5,4.5183448e-15,7.9153992e-17
4140.0,4.6028109e-15,7.9718811e-17
4141.5,4.6981906e-15,8.0403129e-17
4143.0,4.6486519e-15,7.986913e-17
4144.5,4.5452148e-15,7.8931261e-17
4146.0,4.6966291e-15,7.9957652e-17
4147.5,4.6944798e-15,7.9842457e-17
4149.0,4.5623803e-15,7.8906412e-17
4150.5,4.6418685e-15,7.9269519e-17
4152.0,4.6039811e-15,7.8799604e-17
4153.5,4.5839293e-15,7.8863302e-17
4155.0,4.684334e-15,7.9655502e-17
4156.5,4.7777867e-15,8.013294e-17
4158.0,4.7159618e-15,7.9705155e-17
4159.5,4.6703931e-15,7.9364273e-17
4161.0,4.8667811e-15,8.0669063e-17
4162.5,4.7262325e-15,7.968026e-17
4164.0,4.4788913e-15,7.7866185e-17
4165.5,4.5315153e-15,7.830839e-17
4167.0,4.79896e-15,8.0137876e-17
4168.5,4.7631941e-15,7.9727338e-17
4170.0,4.6250299e-15,7.8584452e-17
4171.5,4.6544363e-15,7.8744677e-17
4173.0,4.6224409e-15,7.8184265e-17
4174.5,4.6091802e-15,7.7872341e-17
4176.0,4.6018635e-15,7.7833386e-17
4177.5,4.6386116e-15,7.7954051e-17
4179.0,4.5688822e-15,7.735483e-17
4180.5,4.4664924e-15,7.6643425e-17
4182.0,4.5091875e-15,7.6739575e-17
4183.5,4.6687232e-15,7.7809093e-17
4185.0,4.6832168e-15,7.7827669e-17
4186.5,4.5545902e-15,7.6752304e-17
4188.0,4.5054822e-15,7.6242931e-17
4189.5,4.4708652e-15,7.5907031e-17
4191.0,4.429555e-15,7.564247e-17
4192.5,4.5020458e-15,7.6140694e-17
4194.0,4.5544547e-15,7.6332802e-17
4195.5,4.5498015e-15,7.6112485e-17
4197.0,4.5207173e-15,7.5807235e-17
4198.5,4.4614881e-15,7.5270632e-17
4200.0,4.4124614e-15,7.4723526e-17
4201.5,4.4292069e-15,7.4789747e-17
4203.0,4.3813711e-15,7.4469134e-17
4204.5,4.3587502e-15,7.4334004e-17
4206.0,4.4201953e-15,7.4850986e-17
4207.5,4.4490384e-15,7.5085778e-17
4209.0,4.326707e-15,7.4071221e-17
4210.5,4.3273994e-15,7.3847799e-17
4212.0,4.3783125e-15,7.4124904e-17
4213.5,4.2488846e-15,7.314914e-17
4215.0,4.1952483e-15,7.2657413e-17
4216.5,4.1318204e-15,7.2071295e-17
4218.0,4.122882e-15,7.1955171e-17
4219.5,4.1747891e-15,7.2169887e-17
4221.0,4.0413369e-15,7.1030878e-17
4222.5,4.0792831e-15,7.1212241e-17
4224.0,4.1645628e-15,7.1678247e-17
4225.5,4.1439202e-15,7.1350482e-17
4227.0,4.123918e-15,7.1113373e-17
4228.5,3.9761929e-15,7.0101542e-17
4230.0,4.0228386e-15,7.053557e-17
4231.5,4.036743e-15,7.0533497e-17
4233.0,4.0013282e-15,7.0255211e-17
4234.5,4.0449381e-15,7.0567829e-17
4236.0,3.9683379e-15,6.9832303e-17
4237.5,4.0097752e-15,6.9948244e-17
4239.0,4.0164604e-15,6.9883135e-17
4240.5,3.9818536e-15,6.9756278e-17
4242.0,3.9163229e-15,6.9173631e-17
4243.5,3.9687712e-15,6.9538979e-17
4245.0,4.0761529e-15,7.0235396e-17
4246.5,3.982732e-15,6.9597103e-17
4248.0,4.0145211e-15,6.9737576e-17
4249.5,4.0313144e-15,6.9696456e-17
4251.0,4.008918e-15,6.9554179e-17
4252.5,4.013464e-15,6.9356814e-17
4254.0,4.0301527e-15,6.9431187e-17
4255.5,4.0476863e-15,6.9592728e-17
4257.0,3.9696271e-15,6.8818117e-17
4258.5,3.909082e-15,6.8339633e-17
4260.0,3.9001725e-15,6.8175944e-17
4261.5,3.9423967e-15,6.8311968e-17
4263.0,3.908523e-15,6.8076133e-17
4264.5,3.8898303e-15,6.8055949e-17
4266.0,3.946584e-15,6.8413271e-17
4267.5,3.947257e-15,6.8198373e-17
4269.0,3.8955782e-15,6.7738613e-17
4270.5,3.9248267e-15,6.7899875e-17
4272.0,3.9423645e-15,6.7817596e-17
4273.5,3.835427e-15,6.68313e-17
4275.0,3.8186913e-15,6.6736932e-17
4276.5,3.8020666e-15,6.6656034e-17
4278.0,3.8046289e-15,6.667853e-17
4279.5,3.7874375e-15,6.6455755e-17
4281.0,3.801691e-15,6.6404604e-17
4282.5,3.7254347e-15,6.5830062e-17
4284.0,3.7080057e-15,6.5576186e-17
4285.5,3.6740012e-15,6.5250188e-17
4287.0,3.6804856e-15,6.5143666e-17
4288.5,3.6697249e-15,6.4825338e-17
4290.0,3.5579513e-15,6.3959948e-17
4291.5,3.5838472e-15,6.4134389e-17
4293.0,3.5669692e-15,6.4075902e-17
4294.5,3.5115034e-15,6.3608057e-17
4296.0,3.4590856e-15,6.3015015e-17
4297.5,3.4338337e-15,6.2566979e-17
4299.0,3.3710884e-15,6.210757e-17
4300.5,3.4148387e-15,6.2210058e-17
4302.0,3.4613377e-15,6.2352301e-17
4303.5,3.3429333e-15,6.1316466e-17
4305.0,3.3910045e-15,6.1620396e-17
4306.5,3.4465453e-15,6.2058444e-17
4308.0,3.3985647e-15,6.167308e-17
4309.5,3.3768559e-15,6.143836e-17
4311.0,3.2416705e-15,6.0516049e-17
4312.5,3.2512763e-15,6.0820204e-17
4314.0,3.2707248e-15,6.1103851e-17
4315.5,3.2224992e-15,6.0756822e-17
4317.0,3.1316739e-15,6.0110755e-17
4318.5,3.0891679e-15,5.9848882e-17
4320.0,3.2110936e-15,6.0748121e-17
4321.5,3.2412705e-15,6.0655514e-17
4323.0,3.1903231e-15,5.9918916e-17
4324.5,3.1735627e-15,5.9687528e-17
4326.0,3.0963311e-15,5.8975472e-17
4327.5,3.1022721e-15,5.9100576e-17
4329.0,3.1333261e-15,5.9459579e-17
4330.5,3.043268e-15,5.8671151e-17
4332.0,3.0079724e-15,5.8325255e-17
4333.5,3.0413091e-15,5.8526588e-17
4335.0,3.0308668e-15,5.8398703e-17
4336.5,3.0488017e-15,5.8318031e-17
4338.0,3.0679273e-15,5.8119488e-17
4339.5,2.9984299e-15,5.7495394e-17
4341.0,2.9256764e-15,5.6929223e-17
4342.5,2.9257558e-15,5.6980556e-17
4344.0,2.9909724e-15,5.7623351e-17
4345.5,2.9736955e-15,5.7488061e-17
4347.0,2.931472e-15,5.7169346e-17
4348.5,2.9658882e-15,5.7503594e-17
4350.0,2.8777788e-15,5.6746069e-17
4351.5,2.7946755e-15,5.6039078e-17
4353.0,2.838414e-15,5.6539756e-17
4354.5,2.8598937e-15,5.7259308e-17
4356.0,2.8479708e-15,5.8010866e-17
4357.5,2.8843049e-15,5.8759819e-17
4359.0,2.8725263e-15,5.8684454e-17
4360.5,2.8845025e-15,5.8389647e-17
4362.0,2.8867887e-15,5.7565353e-17
4363.5,2.7838509e-15,5.6018535e-17
4365.0,2.7842299e-15,5.5670225e-17
4366.5,2.7462142e-15,5.5127926e-17
4368.0,2.6535859e-15,5.4277346e-17
4369.5,2.6798401e-15,5.431474e-17
4371.0,2.6994527e-15,5.4400533e-17
4372.5,2.6755624e-15,5.4196061e-17
4374.0,2.6745679e-15,5.4134434e-17
4375.5,2.6136195e-15,5.3690164e-17
4377.0,2.5591644e-15,5.3162195e-17
4378.5,2.5605018e-15,5.2986839e-17
4380.0,2.6291168e-15,5.3511836e-17
4381.5,2.67802e-15,5.3738317e-17
4383.0,2.5821283e-15,5.2753159e-17
4384.5,2.4976971e-15,5.1917554e-17
4386.0,2.4639276e-15,5.1570964e-17
4387.5,2.4603201e-15,5.1619482e-17
4389.0,2.4144346e-15,5.1216582e-17
4390.5,2.4231633e-15,5.134368e-17
4392.0,2.4221182e-15,5.1372692e-17
4393.5,2.3820157e-15,5.095184e-17
4395.0,2.3543698e-15,5.0659155e-17
4396.5,2.3542779e-15,5.0576303e-17
4398.0,2.4059427e-15,5.0989108e-17
4399.5,2.4787358e-15,5.1519815e-17
4401.0,2.424739e-15,5.1075729e-17
4402.5,2.3721461e-15,5.0599877e-17
4404.0,2.3994245e-15,5.0751355e-17
4405.5,2.4134882e-15,5.0845948e-17
4407.0,2.4452401e-15,5.1130815e-17
4408.5,2.4035996e-15,5.0830087e-17
4410.0,2.375257e-15,5.064913e-17
4411.5,2.4070434e-15,5.0824013e-17
4413.0,2.421732e-15,5.0945102e-17
4414.5,2.4182007e-15,5.0978183e-17
4416.0,2.4285136e-15,5.1022852e-17
4417.5,2.4872915e-15,5.138963e-17
4419.0,2.5487067e-15,5.1838452e-17
4420.5,2.5129869e-15,5.151971e-17
4422.0,2.5470598e-15,5.1682468e-17
4423.5,2.5240404e-15,5.14812e-17
4425.0,2.4847781e-15,5.1081405e-17
4426.5,2.4577694e-15,5.0816315e-17
4428.0,2.4698267e-15,5.0903535e-17
4429.5,2.5991702e-15,5.2075165e-17
4431.0,2.5493771e-15,5.14494e-17
4432.5,2.5814854e-15,5.1394229e-17
4434.0,2.561017e-15,5.1247624e-17
4435.5,2.5905942e-15,5.1632468e-17
4437.0,2.6850898e-15,5.2141536e-17
4438.5,2.663011e-15,5.2013524e-17
4440.0,2.6308147e-15,5.1902685e-17
4441.5,2.6306736e-15,5.179703e-17
4443.0,2.6002359e-15,5.1256435e-17
4444.5,2.5744904e-15,5.1158845e-17
4446.0,2.6393691e-15,5.1619078e-17
4447.5,2.6484706e-15,5.1643849e-17
4449.0,2.5968389e-15,5.1250272e-17
4450.5,2.6050168e-15,5.11803e-17
4452.0,2.6892066e-15,5.174415e-17
4453.5,2.7780309e-15,5.2294403e-17
4455.0,2.6856859e-15,5.1365026e-17
4456.5,2.6743816e-15,5.1284408e-17
4458.0,2.7128053e-15,5.1634575e-17
4459.5,2.7927068e-15,5.2199684e-17
4461.0,2.755766e-15,5.1868661e-17
4462.5,2.7299224e-15,5.1679978e-17
4464.0,2.7397763e-15,5.1874922e-17
4465.5,2.6869702e-15,5.1380272e-17
4467.0,2.5926812e-15,5.0520043e-17
4468.5,2.6102798e-15,5.0655127e-17
4470.0,2.7272134e-15,5.1500715e-17
4471.5,2.7720087e-15,5.1875716e-17
4473.0,2.7382536e-15,5.1645205e-17
4474.5,2.6924014e-15,5.1196915e-17
4476.0,2.6838446e-15,5.1109265e-17
4477.5,2.7386936e-15,5.152263e-17
4479.0,2.7697086e-15,5.176557e-17
4480.5,2.7608372e-15,5.1687517e-17
4482.0,2.755136e-15,5.1466056e-17
4483.5,2.7396052e-15,5.1237544e-17
4485.0,2.7498465e-15,5.1356281e-17
4486.5,2.7352551e-15,5.128952e-17
4488.0,2.7223014e-15,5.1034768e-17
4489.5,2.7580898e-15,5.1311813e-17
4491.0,2.7538648e-15,5.1327025e-17
4492.5,2.726868e-15,5.1083286e-17
4494.0,2.7922047e-15,5.1495827e-17
4495.5,2.7907527e-15,5.1361216e-17
4497.0,2.7380755e-15,5.1008183e-17
4498.5,2.7432862e-15,5.1008984e-17
4500.0,2.6469295e-15,5.0199375e-17
4501.5,2.7146838e-15,5.1186933e-17
4503.0,2.7310987e-15,5.2214272e-17
4504.5,2.698248e-15,5.0971441e-17
4506.0,2.6483948e-15,5.0218675e-17
4507.5,2.7019233e-15,5.0527784e-17
4509.0,2.6393619e-15,5.0118085e-17
4510.5,2.6393269e-15,5.002537e-17
4512.0,2.6018741e-15,4.9567132e-17
4513.5,2.5897969e-15,4.9346072e-17
4515.0,2.6376667e-15,4.9673763e-17
4516.5,2.645963e-15,4.980133e-17
4518.0,2.5706188e-15,4.9271433e-17
4519.5,2.5947891e-15,4.9321231e-17
4521.0,2.6125852e-15,4.9398392e-17
4522.5,2.5697332e-15,4.905795e-17
4524.0,2.5590511e-15,4.8967772e-17
4525.5,2.5517166e-15,4.8747611e-17
4527.0,2.5597687e-15,4.8687322e-17
4528.5,2.5732048e-15,4.8765298e-17
4530.0,2.5706802e-15,4.8898778e-17
4531.5,2.5822496e-15,4.8920173e-17
4533.0,2.6018351e-15,4.9070511e-17
4534.5,2.5740073e-15,4.8788197e-17
4536.0,2.6258369e-15,4.9227871e-17
4537.5,2.5274354e-15,4.8435113e-17
4539.0,2.5177978e-15,4.829697e-17
4540.5,2.6084305e-15,4.9009398e-17
4542.0,2.661166e-15,4.9412535e-17
4543.5,2.6334532e-15,4.9222744e-17
4545.0,2.5903826e-15,4.884324e-17
4546.5,2.6556689e-15,4.9168857e-17
4548.0,2.7544732e-15,4.9803134e-17
4549.5,2.7591014e-15,4.9770513e-17
4551.0,2.7004111e-15,4.9290413e-17
4552.5,2.66274e-15,4.9015661e-17
4554.0,2.7189698e-15,4.9445012e-17
4555.5,2.8123201e-15,5.0144294e-17
4557.0,2.8363908e-15,5.0237676e-17
4558.5,2.8332691e-15,5.0191008e-17
4560.0,2.7927021e-15,4.9918258e-17
4561.5,2.7529399e-15,4.958279e-17
4563.0,2.8524298e-15,5.0203499e-17
4564.5,2.9787502e-15,5.1035442e-17
4566.0,2.9252391e-15,5.0554704e-17
4567.5,2.9644025e-15,5.0830815e-17
4569.0,2.9968517e-15,5.1097104e-17
4570.5,3.0047014e-15,5.1089909e-17
4572.0,3.0323511e-15,5.1191995e-17
4573.5,3.1327012e-15,5.1909284e-17
4575.0,3.1111281e-15,5.1719336e-17
4576.5,2.9971901e-15,5.0855746e-17
4578.0,3.1385749e-15,5.1848431e-17
4579.5,3.1761582e-15,5.2021775e-17
4581.0,3.0731168e-15,5.12706e-17
4582.5,3.1095763e-15,5.1463165e-17
4584.0,3.1698489e-15,5.1777181e-17
4585.5,3.1340018e-15,5.1568258e-17
4587.0,3.0991688e-15,5.1304278e-17
4588.5,3.0610375e-15,5.098764e-17
4590.0,3.1041869e-15,5.1271191e-17
4591.5,3.1352209e-15,5.1404187e-17
4593.0,3.1332661e-15,5.1355712e-17
4594.5,3.0997438e-15,5.1069976e-17
4596.0,3.1256771e-15,5.1106576e-17
4597.5,3.1752578e-15,5.134226e-17
4599.0,3.1213945e-15,5.0981588e-17
4600.5,3.1119222e-15,5.091249e-17
4602.0,3.1374628e-15,5.0974719e-17
4603.5,3.1509907e-15,5.1020084e-17
4605.0,3.2163023e-15,5.1445995e-17
4606.5,3.2780076e-15,5.1819681e-17
4608.0,3.2489111e-15,5.1619284e-17
4609.5,3.2169344e-15,5.1426091e-17
4611.0,3.2543857e-15,5.1686379e-17
4612.5,3.2527319e-15,5.1614499e-17
4614.0,3.2450546e-15,5.1468928e-17
4615.5,3.2558123e-15,5.1442847e-17
4617.0,3.2566926e-15,5.1425762e-17
4618.5,3.2736038e-15,5.1499652e-17
4620.0,3.261635e-15,5.1360958e-17
4621.5,3.2310644e-15,5.118153e-17
4623.0,3.2963958e-15,5.161961e-17
4624.5,3.3251629e-15,5.1738431e-17
4626.0,3.315591e-15,5.1591851e-17
4627.5,3.3011419e-15,5.1468005e-17
4629.0,3.2206903e-15,5.0888614e-17
4630.5,3.1855819e-15,5.0591395e-17
4632.0,3.212815e-15,5.0711178e-17
4633.5,3.1899206e-15,5.054131e-17
4635.0,3.1553841e-15,5.0274616e-17
4636.5,3.1983384e-15,5.0478546e-17
4638.0,3.2053857e-15,5.0421258e-17
4639.5,3.1702631e-15,5.0114653e-17
4641.0,3.1921976e-15,5.025821e-17
4642.5,3.2336764e-15,5.0546261e-17
4644.0,3.1816324e-15,5.010673e-17
4645.5,3.1957312e-15,5.0116704e-17
4647.0,3.1124821e-15,4.9521683e-17
4648.5,3.0525221e-15,4.9040766e-17
4650.0,3.1490313e-15,4.9737105e-17
4651.5,3.101366e-15,4.9373246e-17
4653.0,3.0943261e-15,4.9306944e-17
4654.5,3.0889318e-15,4.9381444e-17
4656.0,3.0687701e-15,4.9264488e-17
4657.5,3.1176704e-15,4.9553091e-17
4659.0,3.1077724e-15,4.9483057e-17
4660.5,3.1002837e-15,4.9415473e-17
4662.0,3.1425801e-15,4.9693101e-17
4663.5,3.1031251e-15,4.9356485e-17
4665.0,3.0975559e-15,4.914096e-17
4666.5,3.0723446e-15,4.9011793e-17
4668.0,3.118298e-15,4.9239651e-17
4669.5,3.1147972e-15,4.9197982e-17
4671.0,3.061929e-15,4.8870867e-17
4672.5,3.0763817e-15,4.8969823e-17
4674.0,3.0899321e-15,4.8987615e-17
4675.5,3.0727842e-15,4.8856472e-17
4677.0,3.1151526e-15,4.9029427e-17
4678.5,3.1036196e-15,4.8874273e-17
4680.0,3.0858143e-15,4.8724041e-17
4681.5,3.0991997e-15,4.8802906e-17
4683.0,3.1425259e-15,4.9040337e-17
4684.5,3.1622787e-15,4.9109435e-17
4686.0,3.2362342e-15,4.9557639e-17
4687.5,3.2150715e-15,4.9419163e-17
4689.0,3.2029668e-15,4.9293433e-17
4690.5,3.2247876e-15,4.9395028e-17
4692.0,3.2421933e-15,4.9487666e-17
4693.5,3.1919136e-15,4.9113117e-17
4695.0,3.1527748e-15,4.8814757e-17
4696.5,3.1739114e-15,4.8889433e-17
4698.0,3.2009672e-15,4.8997655e-17
4699.5,3.1769749e-15,4.8785915e-17
4701.0,3.1268196e-15,4.8394698e-17
4702.5,3.1804948e-15,4.8706362e-17
4704.0,3.189694e-15,4.8784531e-17
4705.5,3.1040399e-15,4.819439e-17
4707.0,3.0727746e-15,4.808296e-17
4708.5,3.1102794e-15,4.8314829e-17
4710.0,3.1893181e-15,4.8767048e-17
4711.5,3.2038759e-15,4.8776479e-17
4713.0,3.1605542e-15,4.858536e-17
4714.5,3.0948983e-15,4.8070193e-17
4716.0,3.0561876e-15,4.782291e-17
4717.5,3.0647463e-15,4.7861728e-17
4719.0,3.010288e-15,4.746568e-17
4720.5,3.041743e-15,4.7670878e-17
4722.0,3.0993238e-15,4.8081861e-17
4723.5,3.0234261e-15,4.7474896e-17
4725.0,2.930604e-15,4.68509e-17
4726.5,2.9457995e-15,4.6872159e-17
4728.0,2.8718044e-15,4.632922e-17
4729.5,2.8505147e-15,4.6205839e-17
4731.0,2.9037624e-15,4.6523123e-17
4732.5,2.8076131e-15,4.5821812e-17
4734.0,2.7429714e-15,4.5407075e-17
4735.5,2.72493e-15,4.527999e-17
4737.0,2.7733589e-15,4.5604552e-17
4738.5,2.7646385e-15,4.5513065e-17
4740.0,2.7265578e-15,4.5249348e-17
4741.5,2.719707e-15,4.5144578e-17
4743.0,2.6774061e-15,4.4822175e-17
4744.5,2.6357071e-15,4.4534743e-17
4746.0,2.5505805e-15,4.390865e-17
4747.5,2.5790559e-15,4.3911755e-17
4749.0,2.5825084e-15,4.3908883e-17
4750.5,2.4975997e-15,4.3324733e-17
4752.0,2.5182688e-15,4.3391333e-17
4753.5,2.5295997e-15,4.3406219e-17
4755.0,2.5105498e-15,4.3241416e-17
4756.5,2.4749672e-15,4.2935653e-17
4758.0,2.4354535e-15,4.2593191e-17
4759.5,2.4200875e-15,4.2477585e-17
4761.0,2.4174102e-15,4.2416852e-17
4762.5,2.3747083e-15,4.2046556e-17
4764.0,2.3822488e-15,4.2035902e-17
4765.5,2.3976197e-15,4.2167109e-17
4767.0,2.3331482e-15,4.1712843e-17
4768.5,2.3050053e-15,4.1484844e-17
4770.0,2.3612327e-15,4.1914147e-17
4771.5,2.4023345e-15,4.2194943e-17
4773.0,2.4231245e-15,4.2368301e-17
4774.5,2.3977813e-15,4.2161837e-17
4776.0,2.3810158e-15,4.1957666e-17
4777.5,2.3220657e-15,4.1497866e-17
4779.0,2.3196967e-15,4.1429979e-17
4780.5,2.3342841e-15,4.1552115e-17
4782.0,2.4158845e-15,4.2098568e-17
4783.5,2.3382785e-15,4.1552168e-17
4785.0,2.341143e-15,4.1459429e-17
4786.5,2.3763118e-15,4.1682501e-17
4788.0,2.3575623e-15,4.1557803e-17
4789.5,2.3636732e-15,4.1515029e-17
4791.0,2.4040961e-15,4.1860211e-17
4792.5,2.4805373e-15,4.2411107e-17
4794.0,2.4343966e-15,4.2030789e-17
4795.5,2.4033139e-15,4.1904334e-17
4797.0,2.3550262e-15,4.1396622e-17
4798.5,2.3157728e-15,4.1056748e-17
4800.0,2.371662e-15,4.1480286e-17
4801.5,2.3860126e-15,4.1406745e-17
4803.0,2.4600986e-15,4.1997152e-17
4804.5,2.4209667e-15,4.1708033e-17
4806.0,2.4241335e-15,4.1728409e-17
4807.5,2.4113626e-15,4.1592449e-17
4809.0,2.4200504e-15,4.1678502e-17
4810.5,2.4106638e-15,4.1555237e-17
4812.0,2.354917e-15,4.1113729e-17
4813.5,2.4158237e-15,4.1596394e-17
4815.0,2.362081e-15,4.1220614e-17
4816.5,2.3805008e-15,4.132074e-17
4818.0,2.3810439e-15,4.1359985e-17
4819.5,2.4060174e-15,4.1582045e-17
4821.0,2.3927218e-15,4.1387147e-17
4822.5,2.3635595e-15,4.1127434e-17
4824.0,2.3194373e-15,4.0813724e-17
4825.5,2.3276525e-15,4.0826418e-17
4827.0,2.3320551e-15,4.0821588e-17
4828.5,2.3016721e-15,4.0590568e-17
4830.0,2.2668412e-15,4.0345572e-17
4831.5,2.2905251e-15,4.0527632e-17
4833.0,2.185205e-15,3.9706347e-17
4834.5,2.1866067e-15,3.9651287e-17
4836.0,2.2550855e-15,4.0163794e-17
4837.5,2.1944705e-15,3.9661179e-17
4839.0,2.1312916e-15,3.9154094e-17
4840.5,2.1152511e-15,3.9000851e-17
4842.0,2.1779631e-15,3.9352743e-17
4843.5,2.1265711e-15,3.8958361e-17
4845.0,2.03645e-15,3.8237927e-17
4846.5,2.0626637e-15,3.8364969e-17
4848.0,2.1008268e-15,3.8625586e-17
4849.5,2.1014612e-15,3.863667e-17
4851.0,2.0928742e-15,3.8532991e-17
4852.5,2.0786493e-15,3.8308017e-17
4854.0,2.0474277e-15,3.8009058e-17
4855.5,2.0294363e-15,3.7835065e-17
4857.0,2.0286674e-15,3.768459e-17
4858.5,2.0603621e-15,3.7744538e-17
4860.0,2.0336035e-15,3.759118e-17
4861.5,1.999538e-15,3.7281879e-17
4863.0,1.9919801e-15,3.7201705e-17
4864.5,2.0098944e-15,3.7388046e-17
4866.0,2.045114e-15,3.7680158e-17
4867.5,2.0311259e-15,3.7658434e-17
4869.0,2.0717954e-15,3.7884938e-17
4870.5,2.1137502e-15,3.817097e-17
4872.0,2.0753067e-15,3.7878706e-17
4873.5,2.0741992e-15,3.7868326e-17
4875.0,2.0878494e-15,3.79375e-17
4876.5,2.0331531e-15,3.7518133e-17
4878.0,2.0374823e-15,3.7636814e-17
4879.5,2.063349e-15,3.7837396e-17
4881.0,2.1275202e-15,3.8298189e-17
4882.5,2.0913894e-15,3.7996289e-17
4884.0,2.0930908e-15,3.7913982e-17
4885.5,2.1378599e-15,3.8129819e-17
4887.0,2.1521616e-15,3.8220288e-17
4888.5,2.2035956e-15,3.8595295e-17
4890.0,2.2524897e-15,3.8932051e-17
4891.5,2.1680977e-15,3.8307499e-17
4893.0,2.1674347e-15,3.8296373e-17
4894.5,2.2076067e-15,3.8610097e-17
4896.0,2.2169514e-15,3.8658059e-17
4897.5,2.1752931e-15,3.8419896e-17
4899.0,2.1895219e-15,3.8432456e-17
4900.5,2.2163869e-15,3.8506462e-17
4902.0,2.1598965e-15,3.8134969e-17
4903.5,2.1566808e-15,3.8149175e-17
4905.0,2.2134254e-15,3.8525419e-17
4906.5,2.1555284e-15,3.8032555e-17
4908.0,2.0848431e-15,3.7461955e-17
4909.5,2.0978601e-15,3.7482382e-17
4911.0,2.1018547e-15,3.7491076e-17
4912.5,2.085288e-15,3.7404411e-17
4914.0,2.0869808e-15,3.7388451e-17
4915.5,2.1497719e-15,3.782177e-17
4917.0,2.1172527e-15,3.7543276e-17
4918.5,2.0662179e-15,3.7106834e-17
4920.0,2.0370524e-15,3.6805165e-17
4921.5,2.0164519e-15,3.6658188e-17
4923.0,1.974797e-15,3.6365665e-17
4924.5,1.9603407e-15,3.6527226e-17
4926.0,1.9938954e-15,3.6896424e-17
4927.5,2.0327707e-15,3.6960002e-17
4929.0,1.9542598e-15,3.6357733e-17
4930.5,1.9436632e-15,3.618907e-17
4932.0,1.8610953e-15,3.5558433e-17
4933.5,1.8662095e-15,3.5605282e-17
4935.0,1.8740737e-15,3.5650654e-17
4936.5,1.8189596e-15,3.5132332e-17
4938.0,1.8519935e-15,3.5340175e-17
4939.5,1.795619e-15,3.4820969e-17
4941.0,1.744128e-15,3.4419172e-17
4942.5,1.7785809e-15,3.48441e-17
4944.0,1.7395511e-15,3.3825274e-17
4945.5,1.7747643e-15,3.7333596e-17
4947.0,1.7851867e-15,6.1632596e-17
4948.5,1.7956091e-15,8.0122724e-17
4950.0,1.7956091e-15,4.6681428e-17
4951.5,1.6884875e-15,3.3105387e-17
4953.0,1.619986e-15,3.3341215e-17
4954.5,1.6504326e-15,3.3669453e-17
4956.0,1.663951e-15,3.3633095e-17
4957.5,1.6025041e-15,3.3140519e-17
4959.0,1.5938833e-15,3.3066056e-17
4960.5,1.5826688e-15,3.2984212e-17
4962.0,1.5827121e-15,3.3041611e-17
4963.5,1.5942566e-15,3.3104578e-17
4965.0,1.5781345e-15,3.2951078e-17
4966.5,1.5687764e-15,3.2883128e-17
4968.0,1.569547e-15,3.2924837e-17
4969.5,1.5740531e-15,3.2997259e-17
4971.0,1.5536667e-15,3.2884776e-17
4972.5,1.5346507e-15,3.2755722e-17
4974.0,1.5305325e-15,3.2771325e-17
4975.5,1.563517e-15,3.302049e-17
4977.0,1.5679703e-15,3.3131487e-17
4978.5,1.5467546e-15,3.3125155e-17
4980.0,1.5635386e-15,3.3226279e-17
4981.5,1.6159823e-15,3.3556954e-17
4983.0,1.6250682e-15,3.3675081e-17
4984.5,1.6239185e-15,3.3607393e-17
4986.0,1.616279e-15,3.3507623e-17
4987.5,1.6393043e-15,3.3664542e-17
4989.0,1.6641354e-15,3.3781458e-17
4990.5,1.6869616e-15,3.3853292e-17
4992.0,1.6643693e-15,3.3713902e-17
4993.5,1.7139892e-15,3.4096075e-17
4995.0,1.7329596e-15,3.4061826e-17
4996.5,1.7674072e-15,3.4606676e-17
4998.0,1.8160979e-15,3.7929302e-17
4999.5,1.8074997e-15,3.8910962e-17
5001.0,1.7819953e-15,3.6115189e-17
5002.5,1.8218918e-15,3.4711085e-17
5004.0,1.8204769e-15,3.4584802e-17
5005.5,1.8158771e-15,3.4523317e-17
5007.0,1.8002381e-15,3.4436825e-17
5008.5,1.7271759e-15,3.3898665e-17
5010.0,1.8410706e-15,3.469447e-17
5011.5,1.854992e-15,3.4685549e-17
5013.0,1.8026972e-15,3.4300479e-17
5014.5,1.8979389e-15,3.5058589e-17
5016.0,1.8507448e-15,3.4613619e-17
5017.5,1.8240677e-15,3.4440526e-17
5019.0,1.8641385e-15,3.481888e-17
5020.5,1.8706369e-15,3.4846877e-17
5022.0,1.8483305e-15,3.4662419e-17
5023.5,1.8664121e-15,3.4692406e-17
5025.0,1.8775015e-15,3.479117e-17
5026.5,1.9057566e-15,3.5027042e-17
5028.0,1.8798234e-15,3.4858633e-17
5029.5,1.8832617e-15,3.487714e-17
5031.0,1.9163093e-15,3.5130982e-17
5032.5,1.9051937e-15,3.5060677e-17
5034.0,1.9103647e-15,3.5078621e-17
5035.5,1.8928427e-15,3.4855868e-17
5037.0,1.8913378e-15,3.4832262e-17
5038.5,1.8846483e-15,3.4744926e-17
5040.0,1.8516602e-15,3.446801e-17
5041.5,1.9010384e-15,3.4850607e-17
5043.0,1.9140444e-15,3.4956007e-17
5044.5,1.8185581e-15,3.4243585e-17
5046.0,1.8068094e-15,3.418888e-17
5047.5,1.7971195e-15,3.4101197e-17
5049.0,1.8398405e-15,3.4368485e-17
5050.5,1.8611635e-15,3.4516676e-17
5052.0,1.8687514e-15,3.4571029e-17
5053.5,1.8734423e-15,3.4597962e-17
5055.0,1.8163965e-15,3.4249238e-17
5056.5,1.7943402e-15,3.4146676e-17
5058.0,1.8299615e-15,3.4363165e-17
5059.5,1.8678796e-15,3.4666073e-17
5061.0,1.7969599e-15,3.4136199e-17
5062.5,1.743179e-15,3.3692381e-17
5064.0,1.8060847e-15,3.4143993e-17
5065.5,1.8360921e-15,3.438476e-17
5067.0,1.817028e-15,3.4210571e-17
5068.5,1.8040764e-15,3.4100687e-17
5070.0,1.8400101e-15,3.4354755e-17
5071.5,1.8548446e-15,3.4459717e-17
5073.0,1.8346056e-15,3.429006e-17
5074.5,1.7717616e-15,3.3757449e-17
5076.0,1.8042471e-15,3.3913629e-17
5077.5,1.7381784e-15,3.3441647e-17
5079.0,1.7693927e-15,3.3767399e-17
5080.5,1.6973016e-15,3.32456e-17
5082.0,1.7808739e-15,3.3944398e-17
5083.5,1.7957727e-15,3.4192437e-17
5085.0,1.7515135e-15,3.3875819e-17
5086.5,1.7746269e-15,3.3980782e-17
5088.0,1.7434128e-15,3.366035e-17
5089.5,1.7476269e-15,3.3646784e-17
5091.0,1.7944302e-15,3.3935495e-17
5092.5,1.7600605e-15,3.3647198e-17
5094.0,1.778705e-15,3.3798382e-17
5095.5,1.7600721e-15,3.3555034e-17
5097.0,1.8127219e-15,3.3926526e-17
5098.5,1.7749284e-15,3.3699972e-17
5100.0,1.7427617e-15,3.3479806e-17
5101.5,1.7440761e-15,3.3445998e-17
5103.0,1.7614547e-15,3.3565799e-17
5104.5,1.773819e-15,3.3575909e-17
5106.0,1.7902433e-15,3.3642822e-17
5107.5,1.7782654e-15,3.3578024e-17
5109.0,1.8068462e-15,3.3800022e-17
5110.5,1.8338863e-15,3.4014459e-17
5112.0,1.8685371e-15,3.426722e-17
5113.5,1.8505084e-15,3.4175153e-17
5115.0,1.7819426e-15,3.3663978e-17
5116.5,1.7854214e-15,3.3680751e-17
5118.0,1.8585588e-15,3.4209892e-17
5119.5,1.8469583e-15,3.4111457e-17
5121.0,1.8251038e-15,3.3908713e-17
5122.5,1.800691e-15,3.3676543e-17
5124.0,1.8011918e-15,3.3674765e-17
5125.5,1.865783e-15,3.4153835e-17
5127.0,1.8840586e-15,3.4261301e-17
5128.5,1.8513773e-15,3.4042037e-17
5130.0,1.8536192e-15,3.40507e-17
5131.5,1.8918955e-15,3.4348559e-17
5133.0,1.8852014e-15,3.430466e-17
5134.5,1.8930665e-15,3.4333366e-17
5136.0,1.8695019e-15,3.4138232e-17
5137.5,1.8153602e-15,3.3723951e-17
5139.0,1.8322627e-15,3.3821393e-17
5140.5,1.824635e-15,3.3794041e-17
5142.0,1.8350577e-15,3.3934632e-17
5143.5,1.8105391e-15,3.3681112e-17
5145.0,1.8604145e-15,3.4093479e-17
5146.5,1.9106463e-15,3.4545529e-17
5148.0,1.9142627e-15,3.4546903e-17
5149.5,1.9156955e-15,3.459252e-17
5151.0,1.9097823e-15,3.4528882e-17
5152.5,1.9637593e-15,3.4944103e-17
5154.0,1.9034404e-15,3.4477851e-17
5155.5,1.9176885e-15,3.4598819e-17
5157.0,1.8983971e-15,3.4365532e-17
5158.5,1.9747705e-15,3.4909376e-17
5160.0,2.005439e-15,3.5077015e-17
5161.5,1.9780752e-15,3.4832703e-17
5163.0,1.989652e-15,3.4883877e-17
5164.5,2.0197187e-15,3.5037615e-17
5166.0,2.0125496e-15,3.4916435e-17
5167.5,1.9557527e-15,3.4412165e-17
5169.0,1.962943e-15,3.4418073e-17
5170.5,2.0011721e-15,3.4614597e-17
5172.0,1.9943948e-15,3.4558621e-17
5173.5,2.0263618e-15,3.4853938e-17
5175.0,2.0698635e-15,3.5248988e-17
5176.5,2.0716884e-15,3.5322592e-17
5178.0,2.0615397e-15,3.5275692e-17
5179.5,2.0679371e-15,3.5266258e-17
5181.0,2.0605641e-15,3.515253e-17
5182.5,2.0798691e-15,3.5234589e-17
5184.0,2.1081494e-15,3.542096e-17
5185.5,2.1094945e-15,3.5480288e-17
5187.0,2.1037003e-15,3.5462679e-17
5188.5,2.1013528e-15,3.5473719e-17
5190.0,2.1154298e-15,3.5644349e-17
5191.5,2.1050876e-15,3.5548163e-17
5193.0,2.1157911e-15,3.5643124e-17
5194.5,2.1368456e-15,3.5912043e-17
5196.0,2.1189027e-15,3.59123e-17
5197.5,2.134573e-15,3.6099616e-17
5199.0,2.1430495e-15,3.6160141e-17
5200.5,2.2085997e-15,3.6589399e-17
5202.0,2.1987525e-15,3.6454578e-17
5203.5,2.1757028e-15,3.6117556e-17
5205.0,2.2154282e-15,3.6235022e-17
5206.5,2.17706e-15,3.595024e-17
5208.0,2.1673299e-15,3.5866129e-17
5209.5,2.149675e-15,3.5826392e-17
5211.0,2.2065733e-15,3.6188725e-17
5212.5,2.173048e-15,3.5977235e-17
5214.0,2.1627695e-15,3.5873263e-17
5215.5,2.1993285e-15,3.6120363e-17
5217.0,2.2393758e-15,3.6412157e-17
5218.5,2.3012708e-15,3.6856887e-17
5220.0,2.2368967e-15,3.6464188e-17
5221.5,2.2647698e-15,3.6571383e-17
5223.0,2.2512721e-15,3.647802e-17
5224.5,2.2305681e-15,3.6287856e-17
5226.0,2.1997833e-15,3.5995228e-17
5227.5,2.2206451e-15,3.6107669e-17
5229.0,2.2369022e-15,3.6179288e-17
5230.5,2.2288399e-15,3.6182617e-17
5232.0,2.2447216e-15,3.6312515e-17
5233.5,2.2538503e-15,3.6319504e-17
5235.0,2.2315102e-15,3.6232884e-17
5236.5,2.1945311e-15,3.6064104e-17
5238.0,2.1870619e-15,3.6037707e-17
5239.5,2.1847148e-15,3.5931272e-17
5241.0,2.1824047e-15,3.5845819e-17
5242.5,2.2091047e-15,3.6028184e-17
5244.0,2.1761115e-15,3.5745921e-17
5245.5,2.1704038e-15,3.573493e-17
5247.0,2.1648013e-15,3.5723762e-17
5248.5,2.1385159e-15,3.5493582e-17
5250.0,2.099087e-15,3.5162849e-17
5251.5,2.0838929e-15,3.5038439e-17
5253.0,2.0983706e-15,3.5134096e-17
5254.5,2.0853178e-15,3.5138681e-17
5256.0,2.0877183e-15,3.5225442e-17
5257.5,2.1602288e-15,3.5678252e-17
5259.0,2.1331182e-15,3.5440277e-17
5260.5,2.0986724e-15,3.5088164e-17
5262.0,2.0929267e-15,3.4992768e-17
5263.5,2.0837292e-15,3.4924834e-17
5265.0,2.0780308e-15,3.4840316e-17
5266.5,2.0756256e-15,3.4741411e-17
5268.0,2.1036915e-15,3.493503e-17
5269.5,2.1322574e-15,3.52055e-17
5271.0,2.0993716e-15,3.4953531e-17
5272.5,2.0638828e-15,3.4739419e-17
5274.0,2.0500355e-15,3.466164e-17
5275.5,2.0587015e-15,3.4713531e-17
5277.0,2.0551296e-15,3.4543219e-17
5278.5,2.0515576e-15,3.4024044e-17
5280.0,2.0479855e-15,3.4204177e-17
5281.5,2.0444135e-15,3.4811037e-17
5283.0,2.0408416e-15,3.5135562e-17
5284.5,2.0408416e-15,3.4607291e-17
5286.0,2.0583225e-15,3.4732509e-17
5287.5,2.0906239e-15,3.5029774e-17
5289.0,2.1094545e-15,3.515343e-17
5290.5,2.063724e-15,3.485144e-17
5292.0,2.1100393e-15,3.5158088e-17
5293.5,2.1260525e-15,3.5245451e-17
5295.0,2.0980667e-15,3.4971306e-17
5296.5,2.0747221e-15,3.4844535e-17
5298.0,2.0975395e-15,3.5004916e-17
5299.5,2.1178653e-15,3.5152622e-17
5301.0,2.0722513e-15,3.486215e-17
5302.5,2.1161261e-15,3.5180528e-17
5304.0,2.18424e-15,3.5669298e-17
5305.5,2.1674904e-15,3.5544271e-17
5307.0,2.1597968e-15,3.5479169e-17
5308.5,2.1601587e-15,3.552614e-17
5310.0,2.1635096e-15,3.5536444e-17
5311.5,2.1728557e-15,3.560254e-17
5313.0,2.170717e-15,3.5557042e-17
5314.5,2.1466434e-15,3.5349375e-17
5316.0,2.1095029e-15,3.506261e-17
5317.5,2.1146127e-15,3.5069827e-17
5319.0,2.0930542e-15,3.4920178e-17
5320.5,2.0834762e-15,3.4871639e-17
5322.0,2.0566191e-15,3.4696494e-17
5323.5,2.0483906e-15,3.4567905e-17
5325.0,2.0617424e-15,3.4602155e-17
5326.5,2.0307657e-15,3.4386934e-17
5328.0,2.0366473e-15,3.4461856e-17
5329.5,2.0323503e-15,3.4406823e-17
5331.0,2.0010262e-15,3.415558e-17
5332.5,2.0472265e-15,3.4584687e-17
5334.0,2.0355777e-15,3.468469e-17
5335.5,1.967903e-15,3.4435777e-17
5337.0,1.9667446e-15,3.4600115e-17
5338.5,1.9059296e-15,3.4088428e-17
5340.0,1.87548e-15,3.3499171e-17
5341.5,1.8271981e-15,3.2922892e-17
5343.0,1.7771734e-15,3.2534275e-17
5344.5,1.8133533e-15,3.2789885e-17
5346.0,1.8236672e-15,3.2818533e-17
5347.5,1.8025947e-15,3.2693303e-17
5349.0,1.7404617e-15,3.2244919e-17
5350.5,1.6569751e-15,3.1574891e-17
5352.0,1.6583866e-15,3.1599581e-17
5353.5,1.6751019e-15,3.178529e-17
5355.0,1.631193e-15,3.1432905e-17
5356.5,1.6223449e-15,3.1372028e-17
5358.0,1.6415691e-15,3.1465792e-17
5359.5,1.5893874e-15,3.0981568e-17
5361.0,1.546349e-15,3.0619382e-17
5362.5,1.5073662e-15,3.0235462e-17
5364.0,1.4828359e-15,3.0015278e-17
5365.5,1.5122417e-15,3.0254251e-17
5367.0,1.478362e-15,2.9965671e-17
5368.5,1.4674519e-15,2.9867864e-17
5370.0,1.4716273e-15,2.9805952e-17
5371.5,1.4338254e-15,2.9588479e-17
5373.0,1.4125849e-15,2.9552161e-17
5374.5,1.3744889e-15,2.9176855e-17
5376.0,1.4166925e-15,2.9478444e-17
5377.5,1.4270282e-15,2.9568816e-17
5379.0,1.367483e-15,2.9045322e-17
5380.5,1.326358e-15,2.8732983e-17
5382.0,1.3548653e-15,2.8949795e-17
5383.5,1.369249e-15,2.8950456e-17
5385.0,1.3255328e-15,2.860572e-17
5386.5,1.328191e-15,2.8693045e-17
5388.0,1.3209098e-15,2.8615069e-17
5389.5,1.3021015e-15,2.8415498e-17
5391.0,1.3179819e-15,2.8551464e-17
5392.5,1.3407001e-15,2.872905e-17
5394.0,1.3192849e-15,2.848064e-17
5395.5,1.2875055e-15,2.8145289e-17
5397.0,1.3120139e-15,2.8355297e-17
5398.5,1.3137999e-15,2.8405591e-17
5400.0,1.3079759e-15,2.8322438e-17
5401.5,1.3042683e-15,2.8298966e-17
5403.0,1.3258651e-15,2.8499882e-17
5404.5,1.356943e-15,2.8707789e-17
5406.0,1.3332285e-15,2.8503009e-17
5407.5,1.3214244e-15,2.845639e-17
5409.0,1.2996046e-15,2.83027e-17
5410.5,1.3003402e-15,2.8260367e-17
5412.0,1.3326629e-15,2.8498904e-17
5413.5,1.3605226e-15,2.8773941e-17
5415.0,1.3423332e-15,2.8671596e-17
5416.5,1.3206744e-15,2.8511394e-17
5418.0,1.3360009e-15,2.8663732e-17
5419.5,1.3600201e-15,2.8624975e-17
5421.0,1.3637021e-15,3.1143979e-17
5422.5,1.3673841e-15,3.65468e-17
5424.0,1.3710661e-15,5.3887675e-17
5425.5,1.3747481e-15,5.2050316e-17
5427.0,1.3747481e-15,3.0137865e-17
5428.5,1.3887766e-15,2.8402526e-17
5430.0,1.387432e-15,2.8939272e-17
5431.5,1.3727616e-15,2.8757468e-17
5433.0,1.3756697e-15,2.8779259e-17
5434.5,1.3772201e-15,2.8859124e-17
5436.0,1.4160986e-15,2.9175962e-17
5437.5,1.4014197e-15,2.9065957e-17
5439.0,1.3715877e-15,2.8810828e-17
5440.5,1.4054213e-15,2.9046181e-17
5442.0,1.3770961e-15,2.8780793e-17
5443.5,1.4116863e-15,2.9020049e-17
5445.0,1.4122734e-15,2.908303e-17
5446.5,1.4038044e-15,2.9020345e-17
5448.0,1.4223956e-15,2.9109342e-17
5449.5,1.449841e-15,2.9363697e-17
5451.0,1.472118e-15,2.9519475e-17
5452.5,1.4470331e-15,2.9399163e-17
5454.0,1.39285e-15,2.9026527e-17
5455.5,1.397339e-15,2.9206086e-17
5457.0,1.4460246e-15,3.0002923e-17
5458.5,1.4802006e-15,3.0814368e-17
5460.0,1.5030847e-15,3.1324284e-17
5461.5,1.4736981e-15,3.1112643e-17
5463.0,1.4666525e-15,3.0713414e-17
5464.5,1.5088298e-15,3.0412402e-17
5466.0,1.4930527e-15,2.9852938e-17
5467.5,1.4814137e-15,2.9636544e-17
5469.0,1.5030114e-15,2.9756948e-17
5470.5,1.5337372e-15,2.9895064e-17
5472.0,1.5272863e-15,2.9791553e-17
5473.5,1.508679e-15,2.9633931e-17
5475.0,1.5153449e-15,2.9627794e-17
5476.5,1.5026434e-15,2.9521932e-17
5478.0,1.5272872e-15,2.972781e-17
5479.5,1.5382489e-15,2.9840249e-17
5481.0,1.5430144e-15,2.9871097e-17
5482.5,1.560751e-15,3.0036052e-17
5484.0,1.5440972e-15,2.9938506e-17
5485.5,1.5269216e-15,2.9761738e-17
5487.0,1.5613525e-15,2.9939919e-17
5488.5,1.5736682e-15,2.9929923e-17
5490.0,1.542434e-15,2.9723444e-17
5491.5,1.5112285e-15,2.9520926e-17
5493.0,1.4655369e-15,2.9131079e-17
5494.5,1.4775732e-15,2.9197992e-17
5496.0,1.5714987e-15,2.99354e-17
5497.5,1.5686864e-15,2.9875545e-17
5499.0,1.5343612e-15,2.9643703e-17
5500.5,1.5163462e-15,2.9525563e-17
5502.0,1.5119359e-15,2.9456135e-17
5503.5,1.5137896e-15,2.9445148e-17
5505.0,1.4795916e-15,2.910215e-17
5506.5,1.5437069e-15,2.9552776e-17
5508.0,1.4842677e-15,2.9109961e-17
5509.5,1.5177117e-15,2.9449157e-17
5511.0,1.5398737e-15,2.9604604e-17
5512.5,1.5181352e-15,2.9461764e-17
5514.0,1.4863032e-15,2.924629e-17
5515.5,1.4903359e-15,2.9161311e-17
5517.0,1.4805258e-15,2.9123888e-17
5518.5,1.4702502e-15,2.904484e-17
5520.0,1.488075e-15,2.9144617e-17
5521.5,1.4926735e-15,2.9187094e-17
5523.0,1.4500661e-15,2.878243e-17
5524.5,1.4585328e-15,2.8792614e-17
5526.0,1.448147e-15,2.8659833e-17
5527.5,1.4365773e-15,2.8568174e-17
5529.0,1.4307616e-15,2.8532426e-17
5530.5,1.4388351e-15,2.8565571e-17
5532.0,1.4222239e-15,2.8402144e-17
5533.5,1.4331049e-15,2.8438069e-17
5535.0,1.4221614e-15,2.8347939e-17
5536.5,1.386871e-15,2.8105803e-17
5538.0,1.3614147e-15,2.7906568e-17
5539.5,1.3584011e-15,2.7879213e-17
5541.0,1.3816435e-15,2.80738e-17
5542.5,1.3572256e-15,2.7944099e-17
5544.0,1.3241544e-15,2.7740476e-17
5545.5,1.316556e-15,2.7651032e-17
5547.0,1.3118082e-15,2.7593625e-17
5548.5,1.3177847e-15,2.7574945e-17
5550.0,1.2932785e-15,2.7346681e-17
5551.5,1.2733961e-15,2.7170947e-17
5553.0,1.2852381e-15,2.7248368e-17
5554.5,1.2981573e-15,2.7303457e-17
5556.0,1.2654093e-15,2.7041134e-17
5557.5,1.2163957e-15,2.6631473e-17
5559.0,1.2107411e-15,2.6523267e-17
5560.5,1.1814853e-15,2.6375761e-17
5562.0,1.2064127e-15,2.6587521e-17
5563.5,1.2218799e-15,2.6772818e-17
5565.0,1.2016682e-15,2.6630335e-17
5566.5,1.1973868e-15,2.6637322e-17
5568.0,1.1578059e-15,2.6375017e-17
5569.5,1.1489268e-15,2.6681568e-17
5571.0,1.1823366e-15,2.8537277e-17
5572.5,1.2341103e-15,3.4300772e-17
5574.0,1.206089e-15,4.3379174e-17
5575.5,1.099492e-15,4.9843992e-17
5577.0,1.1726431e-15,5.2293744e-17
5578.5,1.1208666e-15,5.0328175e-17
5580.0,1.1105995e-15,4.3503491e-17
5581.5,1.101294e-15,3.4091886e-17
5583.0,1.1124431e-15,2.8406056e-17
5584.5,1.1737325e-15,2.7016542e-17
5586.0,1.1526728e-15,2.6299061e-17
5587.5,1.1775729e-15,2.6260011e-17
5589.0,1.1757292e-15,2.6201213e-17
5590.5,1.2027843e-15,2.6420242e-17
5592.0,1.2047516e-15,2.6355433e-17
5593.5,1.1456943e-15,2.5834915e-17
5595.0,1.2048422e-15,2.6319219e-17
5596.5,1.2194769e-15,2.6432214e-17
5598.0,1.2419739e-15,2.6650814e-17
5599.5,1.2940981e-15,2.7044066e-17
5601.0,1.2844113e-15,2.6931109e-17
5602.5,1.2572498e-15,2.6746045e-17
5604.0,1.2750877e-15,2.6973053e-17
5605.5,1.3071315e-15,2.7238083e-17
5607.0,1.3226884e-15,2.732711e-17
5608.5,1.3251085e-15,2.734213e-17
5610.0,1.331719e-15,2.7347143e-17
5611.5,1.3522498e-15,2.745394e-17
5613.0,1.3311322e-15,2.7314032e-17
5614.5,1.3486189e-15,2.7431854e-17
5616.0,1.4025962e-15,2.7809733e-17
5617.5,1.3907031e-15,2.7753657e-17
5619.0,1.3875833e-15,2.7748299e-17
5620.5,1.4147597e-15,2.7958495e-17
5622.0,1.4675286e-15,2.8393725e-17
5623.5,1.4712185e-15,2.8434619e-17
5625.0,1.4793377e-15,2.8537653e-17
5626.5,1.5284553e-15,2.8861427e-17
5628.0,1.5125692e-15,2.8649451e-17
5629.5,1.5155642e-15,2.8634678e-17
5631.0,1.5504144e-15,2.8891774e-17
5632.5,1.5594742e-15,2.8946762e-17
5634.0,1.5622551e-15,2.8962199e-17
5635.5,1.5951546e-15,2.9193575e-17
5637.0,1.556265e-15,2.8910877e-17
5638.5,1.5883403e-15,2.9158076e-17
5640.0,1.6159999e-15,2.9365113e-17
5641.5,1.5896998e-15,2.9224679e-17
5643.0,1.6446437e-15,2.9618141e-17
5644.5,1.6916513e-15,3.0009557e-17
5646.0,1.6699309e-15,2.9825934e-17
5647.5,1.6769363e-15,2.9854817e-17
5649.0,1.7133912e-15,3.0077719e-17
5650.5,1.7051096e-15,3.0013973e-17
5652.0,1.746434e-15,3.0345505e-17
5653.5,1.6936726e-15,2.9898233e-17
5655.0,1.6953399e-15,2.9902907e-17
5656.5,1.7349492e-15,3.0206391e-17
5658.0,1.7146499e-15,3.0072698e-17
5659.5,1.7338925e-15,3.027286e-17
5661.0,1.7296257e-15,3.0281969e-17
5662.5,1.7106205e-15,3.0153164e-17
5664.0,1.7306579e-15,3.0294256e-17
5665.5,1.7868014e-15,3.0728458e-17
5667.0,1.75688e-15,3.0596617e-17
5668.5,1.7334777e-15,3.0526042e-17
5670.0,1.7249302e-15,3.0541776e-17
5671.5,1.735116e-15,3.0639925e-17
5673.0,1.7728723e-15,3.0885878e-17
5674.5,1.7747511e-15,3.0895383e-17
5676.0,1.7609479e-15,3.0820366e-17
5677.5,1.745244e-15,3.0727312e-17
5679.0,1.743731e-15,3.0825381e-17
5680.5,1.755691e-15,3.1107835e-17
5682.0,1.7521768e-15,3.1284466e-17
5683.5,1.7592659e-15,3.1508408e-17
5685.0,1.760764e-15,3.167542e-17
5686.5,1.7638934e-15,3.1762939e-17
5688.0,1.7440121e-15,3.1659179e-17
5689.5,1.6980256e-15,3.1319484e-17
5691.0,1.6938675e-15,3.1147727e-17
5692.5,1.6984685e-15,3.0974538e-17
5694.0,1.6841504e-15,3.0690855e-17
5695.5,1.6881774e-15,3.0540916e-17
5697.0,1.6921033e-15,3.0405435e-17
5698.5,1.6758624e-15,3.0202128e-17
5700.0,1.6746845e-15,3.0163972e-17
5701.5,1.6848015e-15,3.0194086e-17
5703.0,1.6679529e-15,2.9967755e-17
5704.5,1.6502921e-15,2.9745632e-17
5706.0,1.69077e-15,3.0029735e-17
5707.5,1.6787793e-15,2.9925402e-17
5709.0,1.6422048e-15,2.9627781e-17
5710.5,1.6689927e-15,2.977403e-17
5712.0,1.6893319e-15,2.9913371e-17
5713.5,1.6830108e-15,2.9890207e-17
5715.0,1.7085348e-15,3.0065282e-17
5716.5,1.7322114e-15,3.022421e-17
5718.0,1.6939643e-15,2.9972499e-17
5719.5,1.7054495e-15,3.003506e-17
5721.0,1.7566686e-15,3.0384011e-17
5722.5,1.7293156e-15,3.0195469e-17
5724.0,1.7090798e-15,3.0011736e-17
5725.5,1.7239181e-15,3.0085603e-17
5727.0,1.723589e-15,3.0089597e-17
5728.5,1.7262846e-15,3.0046768e-17
5730.0,1.7475123e-15,3.0195106e-17
5731.5,1.7690642e-15,3.0363523e-17
5733.0,1.7646036e-15,3.0287575e-17
5734.5,1.7252293e-15,3.0034731e-17
5736.0,1.7109628e-15,2.9937337e-17
5737.5,1.6906481e-15,2.9759935e-17
5739.0,1.6977535e-15,2.980709e-17
5740.5,1.7538767e-15,3.0192625e-17
5742.0,1.7219758e-15,2.9987852e-17
5743.5,1.725152e-15,3.0005844e-17
5745.0,1.7376001e-15,3.0037004e-17
5746.5,1.6891005e-15,2.9703785e-17
5748.0,1.697955e-15,2.9776503e-17
5749.5,1.6919316e-15,2.9684782e-17
5751.0,1.7228208e-15,2.9901894e-17
5752.5,1.7580218e-15,3.0170005e-17
5754.0,1.7081352e-15,2.9849393e-17
5755.5,1.7122242e-15,2.9911635e-17
5757.0,1.7394263e-15,3.0082631e-17
5758.5,1.7274133e-15,2.9971829e-17
5760.0,1.7031175e-15,2.9809431e-17
5761.5,1.6936335e-15,2.9768938e-17
5763.0,1.7101982e-15,2.9973938e-17
5764.5,1.7357912e-15,3.023332e-17
5766.0,1.7200442e-15,3.0225594e-17
5767.5,1.7010493e-15,3.0229127e-17
5769.0,1.7100398e-15,3.0330642e-17
5770.5,1.6649009e-15,2.9926685e-17
5772.0,1.6943623e-15,3.0008687e-17
5773.5,1.7498222e-15,3.0294029e-17
5775.0,1.724153e-15,3.0026315e-17
5776.5,1.6906953e-15,2.9790012e-17
5778.0,1.7003824e-15,2.9825649e-17
5779.5,1.7184888e-15,2.9870158e-17
5781.0,1.7211267e-15,2.9901976e-17
5782.5,1.6690294e-15,2.949327e-17
5784.0,1.6379024e-15,2.9278969e-17
5785.5,1.6538607e-15,2.9514611e-17
5787.0,1.7060098e-15,3.0076899e-17
5788.5,1.696337e-15,3.0124692e-17
5790.0,1.6928199e-15,3.0145392e-17
5791.5,1.6764534e-15,3.0024649e-17
5793.0,1.6791808e-15,2.9908991e-17
5794.5,1.7024359e-15,2.9981975e-17
5796.0,1.6625562e-15,2.9609036e-17
5797.5,1.6848789e-15,2.9684972e-17
5799.0,1.6870397e-15,2.9673414e-17
5800.5,1.6926175e-15,2.9738561e-17
5802.0,1.6774271e-15,2.9641279e-17
5803.5,1.7142116e-15,2.987056e-17
5805.0,1.685386e-15,2.9685708e-17
5806.5,1.6967192e-15,2.9752811e-17
5808.0,1.7341296e-15,2.9989043e-17
5809.5,1.7476862e-15,3.0104772e-17
5811.0,1.7274592e-15,2.9976878e-17
5812.5,1.7208672e-15,2.9912439e-17
5814.0,1.7097762e-15,2.9860341e-17
5815.5,1.7211454e-15,2.9943629e-17
5817.0,1.7164654e-15,2.9882061e-17
5818.5,1.7307957e-15,2.9990234e-17
5820.0,1.7128355e-15,2.9915429e-17
5821.5,1.6874657e-15,2.9766421e-17
5823.0,1.6867327e-15,2.9754581e-17
5824.5,1.690882e-15,2.9770768e-17
5826.0,1.6975017e-15,2.9795927e-17
5827.5,1.6848315e-15,2.9731574e-17
5829.0,1.7006333e-15,2.9894342e-17
5830.5,1.7031223e-15,2.9897735e-17
5832.0,1.6996295e-15,2.9840243e-17
5833.5,1.7011026e-15,2.9867731e-17
5835.0,1.6943185e-15,2.985839e-17
5836.5,1.7181764e-15,3.0043455e-17
5838.0,1.7092893e-15,2.9937076e-17
5839.5,1.6464792e-15,2.9484947e-17
5841.0,1.6268498e-15,2.942466e-17
5842.5,1.6345296e-15,2.9466219e-17
5844.0,1.6561023e-15,2.9626331e-17
5845.5,1.6711179e-15,2.9756369e-17
5847.0,1.6571128e-15,2.9676506e-17
5848.5,1.6244228e-15,2.9420937e-17
5850.0,1.6345813e-15,2.9456562e-17
5851.5,1.6291518e-15,2.9436471e-17
5853.0,1.6176494e-15,2.9372008e-17
5854.5,1.5859039e-15,2.9122951e-17
5856.0,1.5818589e-15,2.9130191e-17
5857.5,1.5528465e-15,2.881698e-17
5859.0,1.5820103e-15,2.9064943e-17
5860.5,1.5883244e-15,2.9175135e-17
5862.0,1.5777532e-15,2.9204107e-17
5863.5,1.5102727e-15,2.8909835e-17
5865.0,1.5490815e-15,2.9255027e-17
5866.5,1.5448473e-15,2.9259562e-17
5868.0,1.5761778e-15,2.9490243e-17
5869.5,1.5589159e-15,2.9340716e-17
5871.0,1.5516836e-15,2.9113374e-17
5872.5,1.5247738e-15,2.8813911e-17
5874.0,1.5231442e-15,2.8697315e-17
5875.5,1.5019854e-15,2.8471808e-17
5877.0,1.4860006e-15,2.8303182e-17
5878.5,1.5072806e-15,2.8364058e-17
5880.0,1.5109019e-15,2.8350629e-17
5881.5,1.5067564e-15,2.8368733e-17
5883.0,1.5116298e-15,2.8570283e-17
5884.5,1.4662538e-15,2.8642061e-17
5886.0,1.4816422e-15,2.9742386e-17
5887.5,1.5058919e-15,3.1037793e-17
5889.0,1.4252198e-15,3.10782e-17
5890.5,1.4176659e-15,3.112557e-17
5892.0,1.4262069e-15,3.1023633e-17
5893.5,1.4278081e-15,3.0693142e-17
5895.0,1.4474462e-15,3.0443299e-17
5896.5,1.4542051e-15,3.0141565e-17
5898.0,1.4306741e-15,2.9428447e-17
5899.5,1.4232804e-15,2.8574199e-17
5901.0,1.4686337e-15,2.8372996e-17
5902.5,1.4482025e-15,2.805821e-17
5904.0,1.4186726e-15,2.7878793e-17
5905.5,1.4214423e-15,2.7918867e-17
5907.0,1.4292175e-15,2.7936071e-17
5908.5,1.4453551e-15,2.8049625e-17
5910.0,1.4525479e-15,2.8099443e-17
5911.5,1.4712379e-15,2.8352256e-17
5913.0,1.4867745e-15,2.8631708e-17
5914.5,1.4773575e-15,2.862771e-17
5916.0,1.5081096e-15,2.8851941e-17
5917.5,1.49946e-15,2.8729675e-17
5919.0,1.4575702e-15,2.828257e-17
5920.5,1.4620863e-15,2.8232733e-17
5922.0,1.4763056e-15,2.8400551e-17
5923.5,1.5090451e-15,2.8743117e-17
5925.0,1.5361875e-15,2.8941838e-17
5926.5,1.5308043e-15,2.8863204e-17
5928.0,1.5041462e-15,2.8711568e-17
5929.5,1.5132968e-15,2.8893957e-17
5931.0,1.5336154e-15,2.9172005e-17
5932.5,1.513824e-15,2.9084439e-17
5934.0,1.4888342e-15,2.885103e-17
5935.5,1.5002579e-15,2.8798923e-17
5937.0,1.5083466e-15,2.8731645e-17
5938.5,1.5425998e-15,2.8872043e-17
5940.0,1.5517698e-15,2.8903895e-17
5941.5,1.5164042e-15,2.8657205e-17
5943.0,1.5013287e-15,2.8539374e-17
5944.5,1.4910505e-15,2.8524442e-17
5946.0,1.531829e-15,2.8870124e-17
5947.5,1.5609481e-15,2.9003069e-17
5949.0,1.5337001e-15,2.8838137e-17
5950.5,1.4925175e-15,2.8620088e-17
5952.0,1.5652671e-15,2.921381e-17
5953.5,1.5565765e-15,2.9163414e-17
5955.0,1.5128215e-15,2.876645e-17
5956.5,1.5344006e-15,2.8815042e-17
5958.0,1.525233e-15,2.8671358e-17
5959.5,1.5311082e-15,2.866705e-17
5961.0,1.5295229e-15,2.8602901e-17
5962.5,1.5436273e-15,2.868712e-17
5964.0,1.5279676e-15,2.8579967e-17
5965.5,1.5226195e-15,2.8517547e-17
5967.0,1.5483043e-15,2.8713885e-17
5968.5,1.5765633e-15,2.8961546e-17
5970.0,1.5603164e-15,2.8830457e-17
5971.5,1.5327524e-15,2.8625751e-17
5973.0,1.5622388e-15,2.8843092e-17
5974.5,1.5540562e-15,2.8848756e-17
5976.0,1.5209112e-15,2.8630647e-17
5977.5,1.5270911e-15,2.86225e-17
5979.0,1.5339332e-15,2.8566055e-17
5980.5,1.5354733e-15,2.848962e-17
5982.0,1.5558833e-15,2.8605493e-17
5983.5,1.5322127e-15,2.8432972e-17
5985.0,1.5162142e-15,2.8255207e-17
5986.5,1.5457499e-15,2.8430356e-17
5988.0,1.5759073e-15,2.8654182e-17
5989.5,1.4988009e-15,2.8130989e-17
5991.0,1.495651e-15,2.8100408e-17
5992.5,1.502364e-15,2.8103459e-17
5994.0,1.5043748e-15,2.8109637e-17
5995.5,1.51002e-15,2.8155314e-17
5997.0,1.4532022e-15,2.772081e-17
5998.5,1.497644e-15,2.8053758e-17
6000.0,1.5298068e-15,2.8260358e-17
6001.5,1.5394408e-15,2.8349203e-17
6003.0,1.558255e-15,2.8522493e-17
6004.5,1.4995499e-15,2.8071561e-17
6006.0,1.5130994e-15,2.8076938e-17
6007.5,1.5191617e-15,2.8032429e-17
6009.0,1.5693854e-15,2.8404633e-17
6010.5,1.6197902e-15,2.8724583e-17
6012.0,1.5980807e-15,2.8536787e-17
6013.5,1.5250037e-15,2.8068733e-17
6015.0,1.5123704e-15,2.7891869e-17
6016.5,1.5357497e-15,2.8042689e-17
6018.0,1.4703949e-15,2.7556018e-17
6019.5,1.5267249e-15,2.7980302e-17
6021.0,1.5550935e-15,2.815831e-17
6022.5,1.5149709e-15,2.7885751e-17
6024.0,1.5105974e-15,2.7840823e-17
6025.5,1.5512475e-15,2.8131463e-17
6027.0,1.5472498e-15,2.8107409e-17
6028.5,1.549197e-15,2.8142073e-17
6030.0,1.5551424e-15,2.819603e-17
6031.5,1.5737471e-15,2.8292759e-17
6033.0,1.5741205e-15,2.8269922e-17
6034.5,1.5632803e-15,2.8182605e-17
6036.0,1.5592444e-15,2.8135698e-17
6037.5,1.5324692e-15,2.79336e-17
6039.0,1.5585918e-15,2.8070352e-17
6040.5,1.5562895e-15,2.7997384e-17
6042.0,1.5656261e-15,2.8061336e-17
6043.5,1.5620806e-15,2.8049963e-17
6045.0,1.5308862e-15,2.7856893e-17
6046.5,1.5559506e-15,2.8035061e-17
6048.0,1.5497294e-15,2.8471111e-17
6049.5,1.5435079e-15,2.2205471e-17
6051.0,1.5372866e-15,2.312889e-17
6052.5,1.5310651e-15,2.7781781e-17
6054.0,1.5248437e-15,2.8165945e-17
6055.5,1.5248437e-15,2.7673533e-17
6057.0,1.5114421e-15,2.758189e-17
6058.5,1.5030763e-15,2.75036e-17
6060.0,1.5175238e-15,2.7622753e-17
6061.5,1.5193378e-15,2.7627666e-17
6063.0,1.5356101e-15,2.769856e-17
6064.5,1.5201862e-15,2.7545549e-17
6066.0,1.5298377e-15,2.7658272e-17
6067.5,1.4934156e-15,2.73708e-17
6069.0,1.5161835e-15,2.7573838e-17
6070.5,1.5516106e-15,2.7832551e-17
6072.0,1.5255486e-15,2.7647238e-17
6073.5,1.5032803e-15,2.744263e-17
6075.0,1.5141472e-15,2.7490986e-17
6076.5,1.5752103e-15,2.7907836e-17
6078.0,1.5319797e-15,2.7545875e-17
6079.5,1.5218998e-15,2.7456535e-17
6081.0,1.511834e-15,2.7413959e-17
6082.5,1.4967907e-15,2.7283984e-17
6084.0,1.5560676e-15,2.771985e-17
6085.5,1.5574726e-15,2.768419e-17
6087.0,1.5166128e-15,2.7346347e-17
6088.5,1.514939e-15,2.7292987e-17
6090.0,1.4983236e-15,2.7161317e-17
6091.5,1.5227485e-15,2.7517928e-17
6093.0,1.5547508e-15,2.8124434e-17
6094.5,1.5512597e-15,2.8800892e-17
6096.0,1.5525539e-15,2.8076227e-17
6097.5,1.5154072e-15,2.7259044e-17
6099.0,1.5191845e-15,2.7404518e-17
6100.5,1.5693426e-15,2.7748252e-17
6102.0,1.526782e-15,2.7384312e-17
6103.5,1.4647905e-15,2.6909464e-17
6105.0,1.4657134e-15,2.6923757e-17
6106.5,1.4815359e-15,2.7073318e-17
6108.0,1.4656699e-15,2.69748e-17
6109.5,1.5096137e-15,2.7308274e-17
6111.0,1.5257339e-15,2.7428033e-17
6112.5,1.4931554e-15,2.719719e-17
6114.0,1.4759038e-15,2.707486e-17
6115.5,1.4909587e-15,2.7120425e-17
6117.0,1.4703337e-15,2.6923521e-17
6118.5,1.4520679e-15,2.6737657e-17
6120.0,1.4908387e-15,2.6957808e-17
6121.5,1.4896847e-15,2.692983e-17
6123.0,1.4812695e-15,2.6817501e-17
6124.5,1.4895121e-15,2.6881849e-17
6126.0,1.4820785e-15,2.6825129e-17
6127.5,1.4748049e-15,2.673595e-17
6129.0,1.4448923e-15,2.6502405e-17
6130.5,1.4452377e-15,2.6472163e-17
6132.0,1.4700893e-15,2.6647564e-17
6133.5,1.4949923e-15,2.6833425e-17
6135.0,1.4906941e-15,2.6865276e-17
6136.5,1.4887691e-15,2.6834443e-17
6138.0,1.4939332e-15,2.6826372e-17
6139.5,1.4511454e-15,2.6603128e-17
6141.0,1.4593908e-15,2.6667262e-17
6142.5,1.4556669e-15,2.6593401e-17
6144.0,1.4119533e-15,2.6302092e-17
6145.5,1.4712483e-15,2.6713965e-17
6147.0,1.461531e-15,2.6606007e-17
6148.5,1.4491987e-15,2.6469828e-17
6150.0,1.4342258e-15,2.6313027e-17
6151.5,1.4201301e-15,2.6193316e-17
6153.0,1.4236381e-15,2.629572e-17
6154.5,1.4126803e-15,2.6306404e-17
6156.0,1.4314062e-15,2.6444639e-17
6157.5,1.4442937e-15,2.6510301e-17
6159.0,1.4516679e-15,2.6554614e-17
6160.5,1.4213839e-15,2.6349411e-17
6162.0,1.4147992e-15,2.6226044e-17
6163.5,1.4028377e-15,2.6017877e-17
6165.0,1.389303e-15,2.5864624e-17
6166.5,1.402773e-15,2.5938516e-17
6168.0,1.3921872e-15,2.587299e-17
6169.5,1.3800583e-15,2.5824169e-17
6171.0,1.3438217e-15,2.5533048e-17
6172.5,1.3465486e-15,2.5487362e-17
6174.0,1.3587881e-15,2.5499458e-17
6175.5,1.3459221e-15,2.5310874e-17
6177.0,1.3104932e-15,2.5018724e-17
6178.5,1.2796611e-15,2.4765989e-17
6180.0,1.277531e-15,2.4688231e-17
6181.5,1.2743074e-15,2.466338e-17
6183.0,1.2366715e-15,2.4388007e-17
6184.5,1.2233033e-15,2.4239273e-17
6186.0,1.247005e-15,2.4410875e-17
6187.5,1.2273847e-15,2.4221364e-17
6189.0,1.2017495e-15,2.3987627e-17
6190.5,1.1676272e-15,2.3744964e-17
6192.0,1.1517412e-15,2.3630275e-17
6193.5,1.1288586e-15,2.3465917e-17
6195.0,1.111985e-15,2.3243217e-17
6196.5,1.1155235e-15,2.3238801e-17
6198.0,1.0984025e-15,2.3079e-17
6199.5,1.0614711e-15,2.284089e-17
6201.0,1.0320271e-15,2.2658703e-17
6202.5,1.0135807e-15,2.2445897e-17
6204.0,9.755721e-16,2.214703e-17
6205.5,9.5411115e-16,2.1903554e-17
6207.0,9.380082e-16,2.1668025e-17
6208.5,9.3235182e-16,2.1599433e-17
6210.0,9.0725805e-16,2.1388453e-17
6211.5,9.4286753e-16,2.1719966e-17
6213.0,9.1898437e-16,2.1443999e-17
6214.5,8.3212601e-16,2.0658051e-17
6216.0,8.5070012e-16,2.0767069e-17
6217.5,8.126811e-16,2.0455061e-17
6219.0,8.501568e-16,2.0793728e-17
6220.5,7.777861e-16,2.0283967e-17
6222.0,7.8464966e-16,2.0243519e-17
6223.5,7.8863611e-16,2.0227982e-17
6225.0,7.789234e-16,2.0023935e-17
6226.5,7.6074835e-16,1.9792934e-17
6228.0,7.3780995e-16,1.9575373e-17
6229.5,7.3700421e-16,1.9591403e-17
6231.0,6.8595926e-16,1.9285246e-17
6232.5,6.7218512e-16,1.938209e-17
6234.0,6.9467141e-16,1.99963e-17
6235.5,6.836441e-16,2.0056122e-17
6237.0,6.4934832e-16,1.9698894e-17
6238.5,6.6300646e-16,1.964791e-17
6240.0,6.5587206e-16,1.925661e-17
6241.5,6.2771473e-16,1.8884777e-17
6243.0,6.1399343e-16,1.8633898e-17
6244.5,6.3539022e-16,1.8650516e-17
6246.0,6.3335396e-16,1.8530223e-17
6247.5,6.3005101e-16,1.8457991e-17
6249.0,5.9632988e-16,1.8008972e-17
6250.5,5.6820961e-16,1.7664879e-17
6252.0,5.7906762e-16,1.803101e-17
6253.5,5.9961875e-16,1.8425848e-17
6255.0,5.7382983e-16,1.8257702e-17
6256.5,5.4089433e-16,1.8202655e-17
6258.0,5.5274183e-16,1.8710791e-17
6259.5,5.6070855e-16,1.8532324e-17
6261.0,5.6043734e-16,1.8034335e-17
6262.5,5.7749044e-16,1.8316524e-17
6264.0,5.7554735e-16,1.8303297e-17
6265.5,5.6990018e-16,1.8172802e-17
6267.0,5.5825586e-16,1.7988246e-17
6268.5,5.7071428e-16,1.7814108e-17
6270.0,5.6869384e-16,1.7763394e-17
6271.5,5.4451672e-16,1.7418377e-17
6273.0,5.4785556e-16,1.7366483e-17
6274.5,5.5732137e-16,1.7443736e-17
6276.0,5.31004e-16,1.7440467e-17
6277.5,5.3025549e-16,1.7626031e-17
6279.0,5.6043808e-16,1.7977227e-17
6280.5,5.6718724e-16,1.7900462e-17
6282.0,5.848294e-16,1.8274156e-17
6283.5,5.9311677e-16,1.8617128e-17
6285.0,6.0859084e-16,1.8474041e-17
6286.5,6.1059386e-16,1.8401563e-17
6288.0,5.621647e-16,1.8030783e-17
6289.5,5.9363351e-16,1.8388552e-17
6291.0,6.487878e-16,1.848194e-17
6292.5,6.2785751e-16,1.8386831e-17
6294.0,6.2233676e-16,1.9203379e-17
6295.5,6.2525023e-16,2.0470546e-17
6297.0,6.2366205e-16,2.3385407e-17
6298.5,6.3694998e-16,2.5939528e-17
6300.0,6.2180853e-16,2.6373304e-17
6301.5,6.2685451e-16,2.5671337e-17
6303.0,6.3495951e-16,2.3890135e-17
6304.5,6.6985568e-16,2.1506567e-17
6306.0,6.8303694e-16,2.0117365e-17
6307.5,6.6676485e-16,1.9897556e-17
6309.0,6.597439e-16,1.9630378e-17
6310.5,7.002675e-16,1.9439675e-17
6312.0,7.1109713e-16,1.8902969e-17
6313.5,6.8649109e-16,1.8408859e-17
6315.0,7.2836072e-16,1.8737957e-17
6316.5,7.6598746e-16,1.9083869e-17
6318.0,7.7110232e-16,1.9368515e-17
6319.5,7.6788931e-16,1.9518441e-17
6321.0,7.7186476e-16,1.9528056e-17
6322.5,7.9562234e-16,1.9678317e-17
6324.0,8.1131399e-16,1.9802053e-17
6325.5,7.8643806e-16,1.9981968e-17
6327.0,7.9587766e-16,2.0404207e-17
6328.5,8.6736031e-16,2.0924516e-17
6330.0,8.7798978e-16,2.0767653e-17
6331.5,8.3517824e-16,2.0192159e-17
6333.0,8.5047577e-16,2.0089422e-17
6334.5,8.7903136e-16,2.0102546e-17
6336.0,9.0817253e-16,2.03283e-17
6337.5,9.1149417e-16,2.0375976e-17
6339.0,9.0873464e-16,2.0333234e-17
6340.5,9.2252222e-16,2.0403131e-17
6342.0,9.5812079e-16,2.0713546e-17
6343.5,9.8947128e-16,2.1061501e-17
6345.0,9.8681911e-16,2.0971601e-17
6346.5,1.0111417e-15,2.1159033e-17
6348.0,1.0254969e-15,2.1312951e-17
6349.5,1.0189846e-15,2.1340115e-17
6351.0,1.0235333e-15,2.153033e-17
6352.5,1.0344559e-15,2.1511189e-17
6354.0,1.0388574e-15,2.1683209e-17
6355.5,1.0418212e-15,2.2198989e-17
6357.0,1.0778976e-15,2.2045672e-17
6358.5,1.0739129e-15,2.2080689e-17
6360.0,1.0428819e-15,2.2617999e-17
6361.5,1.10904e-15,2.4019643e-17
6363.0,1.1194274e-15,2.4430485e-17
6364.5,1.1145789e-15,2.4331232e-17
6366.0,1.0932804e-15,2.3652194e-17
6367.5,1.1038593e-15,2.2736707e-17
6369.0,1.1005574e-15,2.2043073e-17
6370.5,1.0954909e-15,2.1758168e-17
6372.0,1.0771152e-15,2.1573365e-17
6373.5,1.1207619e-15,2.1839039e-17
6375.0,1.1209591e-15,2.1835643e-17
6376.5,1.2005513e-15,2.2477831e-17
6378.0,1.1911764e-15,2.2464037e-17
6379.5,1.1623339e-15,2.2172354e-17
6381.0,1.2050288e-15,2.2496046e-17
6382.5,1.2028699e-15,2.255791e-17
6384.0,1.2010058e-15,2.2597414e-17
6385.5,1.1998274e-15,2.2600138e-17
6387.0,1.2214338e-15,2.2707344e-17
6388.5,1.2558066e-15,2.287485e-17
6390.0,1.249448e-15,2.2762548e-17
6391.5,1.217888e-15,2.2434295e-17
6393.0,1.2038614e-15,2.2259946e-17
6394.5,1.2140561e-15,2.2331452e-17
6396.0,1.2405537e-15,2.2515575e-17
6397.5,1.2502799e-15,2.2578065e-17
6399.0,1.2519038e-15,2.2608166e-17
6400.5,1.253353e-15,2.2635715e-17
6402.0,1.2333267e-15,2.2488466e-17
6403.5,1.2330463e-15,2.2471808e-17
6405.0,1.2391043e-15,2.2465235e-17
6406.5,1.2426552e-15,2.2434253e-17
6408.0,1.2506294e-15,2.2502976e-17
6409.5,1.2411701e-15,2.2447646e-17
6411.0,1.2561159e-15,2.2544027e-17
6412.5,1.2960977e-15,2.2818989e-17
6414.0,1.3259934e-15,2.3051014e-17
6415.5,1.3140418e-15,2.2962157e-17
6417.0,1.3198138e-15,2.3036567e-17
6418.5,1.3264633e-15,2.3085503e-17
6420.0,1.2859802e-15,2.2758592e-17
6421.5,1.290457e-15,2.2781271e-17
6423.0,1.3511479e-15,2.3155838e-17
6424.5,1.3550971e-15,2.3169098e-17
6426.0,1.3342129e-15,2.2997869e-17
6427.5,1.3105444e-15,2.2813246e-17
6429.0,1.2965822e-15,2.2712149e-17
6430.5,1.2561825e-15,2.2447699e-17
6432.0,1.3122759e-15,2.280769e-17
6433.5,1.3685275e-15,2.3130764e-17
6435.0,1.3568248e-15,2.3065305e-17
6436.5,1.3290656e-15,2.2881258e-17
6438.0,1.3683066e-15,2.3106831e-17
6439.5,1.3650239e-15,2.3088684e-17
6441.0,1.3429051e-15,2.2921182e-17
6442.5,1.3425626e-15,2.2923486e-17
6444.0,1.3528002e-15,2.2997803e-17
6445.5,1.369938e-15,2.3091829e-17
6447.0,1.3396346e-15,2.2891998e-17
6448.5,1.3279179e-15,2.2788725e-17
6450.0,1.339332e-15,2.2911011e-17
6451.5,1.3501592e-15,2.2998831e-17
6453.0,1.4010157e-15,2.3312856e-17
6454.5,1.3819434e-15,2.3207127e-17
6456.0,1.3857941e-15,2.3250685e-17
6457.5,1.3785615e-15,2.3236376e-17
6459.0,1.3367998e-15,2.2936737e-17
6460.5,1.3507526e-15,2.3076023e-17
6462.0,1.385187e-15,2.3465494e-17
6463.5,1.363909e-15,2.3454786e-17
6465.0,1.3174777e-15,2.3200336e-17
6466.5,1.3086809e-15,2.3206065e-17
6468.0,1.3419019e-15,2.3389321e-17
6469.5,1.3342451e-15,2.3204603e-17
6471.0,1.3129567e-15,2.3022866e-17
6472.5,1.3153138e-15,2.2993971e-17
6474.0,1.3124477e-15,2.2841301e-17
6475.5,1.31042e-15,2.2724339e-17
6477.0,1.3099971e-15,2.2708252e-17
6478.5,1.3184838e-15,2.2754746e-17
6480.0,1.3230421e-15,2.2750632e-17
6481.5,1.2956148e-15,2.2514198e-17
6483.0,1.2847474e-15,2.2411054e-17
6484.5,1.2793209e-15,2.2342283e-17
6486.0,1.3075178e-15,2.2530694e-17
6487.5,1.2936766e-15,2.2419945e-17
6489.0,1.2581273e-15,2.215451e-17
6490.5,1.2799895e-15,2.2367758e-17
6492.0,1.2697654e-15,2.2294496e-17
6493.5,1.2763966e-15,2.2411149e-17
6495.0,1.2773699e-15,2.2722064e-17
6496.5,1.2792659e-15,2.30044e-17
6498.0,1.2573983e-15,2.29474e-17
6499.5,1.2501541e-15,2.2889713e-17
6501.0,1.3023334e-15,2.3180579e-17
6502.5,1.3173796e-15,2.314935e-17
6504.0,1.301706e-15,2.2940432e-17
6505.5,1.2857368e-15,2.2771634e-17
6507.0,1.2568174e-15,2.2450367e-17
6508.5,1.2716865e-15,2.2489775e-17
6510.0,1.2756102e-15,2.2523787e-17
6511.5,1.2857199e-15,2.2549875e-17
6513.0,1.2893239e-15,2.249132e-17
6514.5,1.2712914e-15,2.2356912e-17
6516.0,1.2882698e-15,2.2516187e-17
6517.5,1.3042196e-15,2.261036e-17
6519.0,1.2582861e-15,2.2354019e-17
6520.5,1.2397618e-15,2.2343819e-17
6522.0,1.2666774e-15,2.2545879e-17
6523.5,1.2752393e-15,2.2608867e-17
6525.0,1.2950573e-15,2.2747549e-17
6526.5,1.2936717e-15,2.2698404e-17
6528.0,1.2733158e-15,2.2602775e-17
6529.5,1.3003697e-15,2.2980975e-17
6531.0,1.3171908e-15,2.3293537e-17
6532.5,1.2723137e-15,2.3043474e-17
6534.0,1.2334357e-15,2.2773185e-17
6535.5,1.2323879e-15,2.2616902e-17
6537.0,1.2331829e-15,2.2386772e-17
6538.5,1.2558712e-15,2.24893e-17
6540.0,1.2774558e-15,2.2690371e-17
6541.5,1.2697549e-15,2.2667663e-17
6543.0,1.2484103e-15,2.2533884e-17
6544.5,1.2423786e-15,2.2505442e-17
6546.0,1.2404967e-15,2.2480964e-17
6547.5,1.2264725e-15,2.2304079e-17
6549.0,1.2304657e-15,2.2360323e-17
6550.5,1.2097416e-15,2.2464482e-17
6552.0,1.2056505e-15,2.2667841e-17
6553.5,1.190416e-15,2.2608945e-17
6555.0,1.191801e-15,2.256749e-17
6556.5,1.2004785e-15,2.2421099e-17
6558.0,1.2089263e-15,2.2271297e-17
6559.5,1.2288252e-15,2.2373459e-17
6561.0,1.2596069e-15,2.2611188e-17
6562.5,1.219019e-15,2.2365092e-17
6564.0,1.2158939e-15,2.2442771e-17
6565.5,1.1932519e-15,2.2185604e-17
6567.0,1.1665568e-15,2.1973553e-17
6568.5,1.1988262e-15,2.2250384e-17
6570.0,1.1744914e-15,2.1993589e-17
6571.5,1.1868703e-15,2.2087723e-17
6573.0,1.1946025e-15,2.2390347e-17
6574.5,1.1680553e-15,2.2204056e-17
6576.0,1.2101418e-15,2.2583061e-17
6577.5,1.2296051e-15,2.274818e-17
6579.0,1.1645771e-15,2.2258962e-17
6580.5,1.1241424e-15,2.1733461e-17
6582.0,1.1488712e-15,2.1732903e-17
6583.5,1.1908528e-15,2.2037642e-17
6585.0,1.1714251e-15,2.1867455e-17
6586.5,1.1244625e-15,2.1521477e-17
6588.0,1.1767758e-15,2.1913822e-17
6589.5,1.1436195e-15,2.1607243e-17
6591.0,1.1264243e-15,2.1520214e-17
6592.5,1.1895143e-15,2.2069761e-17
6594.0,1.2063631e-15,2.2217918e-17
6595.5,1.1205842e-15,2.1593493e-17
6597.0,1.1000226e-15,2.145506e-17
6598.5,1.1184648e-15,2.1559228e-17
6600.0,1.1285623e-15,2.1635575e-17
6601.5,1.1265458e-15,2.170532e-17
6603.0,1.1186589e-15,2.1717915e-17
6604.5,1.1125178e-15,2.1651613e-17
6606.0,1.1354171e-15,2.1750873e-17
6607.5,1.1104413e-15,2.143266e-17
6609.0,1.0899495e-15,2.1194568e-17
6610.5,1.1099578e-15,2.1348702e-17
6612.0,1.124259e-15,2.1399267e-17
6613.5,1.1295944e-15,2.1433517e-17
6615.0,1.1245324e-15,2.1420001e-17
6616.5,1.1315694e-15,2.1452676e-17
6618.0,1.0942578e-15,2.1200475e-17
6619.5,1.0895728e-15,2.1157486e-17
6621.0,1.090614e-15,2.1161397e-17
6622.5,1.0981648e-15,2.1239876e-17
6624.0,1.0954279e-15,2.1233521e-17
6625.5,1.1327378e-15,2.1525663e-17
6627.0,1.1286535e-15,2.1433978e-17
6628.5,1.0739388e-15,2.1044343e-17
6630.0,1.0674383e-15,2.1010395e-17
6631.5,1.0830373e-15,2.1105958e-17
6633.0,1.1003337e-15,2.1285422e-17
6634.5,1.0839834e-15,2.1181828e-17
6636.0,1.0486286e-15,2.0882235e-17
6637.5,1.055634e-15,2.0897348e-17
6639.0,1.015819e-15,2.05294e-17
6640.5,1.05155e-15,2.0739191e-17
6642.0,1.062786e-15,2.0826632e-17
6643.5,1.0737235e-15,2.0861215e-17
6645.0,1.0738029e-15,2.0883934e-17
6646.5,1.0669241e-15,2.0819644e-17
6648.0,1.0901048e-15,2.0982397e-17
6649.5,1.0527432e-15,2.0759341e-17
6651.0,1.0504526e-15,2.0657211e-17
6652.5,1.0392552e-15,2.057739e-17
6654.0,1.0554676e-15,2.0676613e-17
6655.5,1.0746889e-15,2.0832631e-17
6657.0,1.0693305e-15,2.0782146e-17
6658.5,1.042637e-15,2.055301e-17
6660.0,1.0371124e-15,2.0537655e-17
6661.5,1.029536e-15,2.0468575e-17
6663.0,1.0432451e-15,2.0543161e-17
6664.5,1.0676309e-15,2.075245e-17
6666.0,1.0619345e-15,2.0683633e-17
6667.5,1.0456353e-15,2.0550068e-17
6669.0,1.022607e-15,2.0368914e-17
6670.5,1.016106e-15,2.0269395e-17
6672.0,1.0096494e-15,2.0206258e-17
6673.5,1.0040127e-15,2.0155793e-17
6675.0,1.0160698e-15,2.0260487e-17
6676.5,1.0286892e-15,2.0334174e-17
6678.0,1.0283607e-15,2.0323556e-17
6679.5,1.0250456e-15,2.0305641e-17
6681.0,1.031158e-15,2.0286291e-17
6682.5,1.0404431e-15,2.0331832e-17
6684.0,1.0162285e-15,2.0174295e-17
6685.5,9.9971519e-16,2.0059935e-17
6687.0,1.0077489e-15,2.0144665e-17
6688.5,1.0063877e-15,2.0058734e-17
6690.0,9.9047713e-16,1.9838113e-17
6691.5,1.0008443e-15,1.9922196e-17
6693.0,9.9205473e-16,1.9904092e-17
6694.5,9.757792e-16,1.9733953e-17
6696.0,9.8448829e-16,1.977639e-17
6697.5,9.8271894e-16,1.9771087e-17
6699.0,9.7899888e-16,1.9782083e-17
6700.5,9.9910067e-16,1.9976959e-17
6702.0,9.9390613e-16,1.9927773e-17
6703.5,9.5066669e-16,1.9562805e-17
6705.0,9.6259418e-16,1.9649543e-17
6706.5,9.845227e-16,1.9839944e-17
6708.0,9.90961e-16,1.9885079e-17
6709.5,9.8739171e-16,1.9804338e-17
6711.0,9.7355405e-16,1.9677335e-17
6712.5,9.3727298e-16,1.9369059e-17
6714.0,9.4509258e-16,1.9428082e-17
6715.5,9.9113305e-16,1.97452e-17
6717.0,9.4240748e-16,1.9327749e-17
6718.5,9.3281579e-16,1.9249479e-17
6720.0,9.8646442e-16,1.9635674e-17
6721.5,9.3668588e-16,1.9266764e-17
6723.0,9.2703839e-16,1.9196254e-17
6724.5,9.4033987e-16,1.9271952e-17
6726.0,9.1661607e-16,1.9065854e-17
6727.5,9.5191881e-16,1.9345754e-17
6729.0,9.4664455e-16,1.933174e-17
6730.5,9.3285369e-16,1.9237325e-17
6732.0,9.3376393e-16,1.925824e-17
6733.5,9.2382665e-16,1.915108e-17
6735.0,9.2779193e-16,1.9161525e-17
6736.5,9.0136439e-16,1.897894e-17
6738.0,8.9799479e-16,1.8951548e-17
6739.5,9.1681576e-16,1.9084622e-17
6741.0,9.0938929e-16,1.9015122e-17
6742.5,9.2990549e-16,1.9155582e-17
6744.0,9.4287165e-16,1.9259758e-17
6745.5,9.1015649e-16,1.9038415e-17
6747.0,8.9863642e-16,1.8971913e-17
6748.5,8.932981e-16,1.8872266e-17
6750.0,8.7744794e-16,1.8688826e-17
6751.5,8.8119739e-16,1.8741062e-17
6753.0,8.8812304e-16,1.8802962e-17
6754.5,9.252719e-16,1.9084207e-17
6756.0,9.0761539e-16,1.8925323e-17
6757.5,8.6911965e-16,1.8613121e-17
6759.0,8.9369875e-16,1.8792848e-17
6760.5,8.856027e-16,1.8709148e-17
6762.0,8.9425482e-16,1.8808471e-17
6763.5,8.9718916e-16,1.8842327e-17
6765.0,8.9223444e-16,1.8775936e-17
6766.5,8.9083821e-16,1.872062e-17
6768.0,8.9411358e-16,1.8726627e-17
6769.5,9.085521e-16,1.886319e-17
6771.0,9.0395134e-16,1.8832396e-17
6772.5,8.5744388e-16,1.8417555e-17
6774.0,8.745693e-16,1.856437e-17
6775.5,8.850436e-16,1.8640334e-17
6777.0,8.8608037e-16,1.8682724e-17
6778.5,8.8738179e-16,1.8695626e-17
6780.0,8.7764609e-16,1.8586716e-17
6781.5,8.7712453e-16,1.859496e-17
6783.0,8.5314874e-16,1.8387241e-17
6784.5,8.5502301e-16,1.8379811e-17
6786.0,8.7946473e-16,1.8573118e-17
6787.5,8.3796149e-16,1.8243912e-17
6789.0,8.6442147e-16,1.8442962e-17
6790.5,8.4590205e-16,1.8276388e-17
6792.0,8.4690065e-16,1.829922e-17
6793.5,8.0916449e-16,1.7942417e-17
6795.0,8.4066961e-16,1.8212601e-17
6796.5,8.4503803e-16,1.8236212e-17
6798.0,8.3272021e-16,1.8147426e-17
6799.5,8.303824e-16,1.8125639e-17
6801.0,8.3582247e-16,1.8165616e-17
6802.5,8.5778312e-16,1.8336158e-17
6804.0,8.5839611e-16,1.8366426e-17
6805.5,8.4189267e-16,1.8180069e-17
6807.0,8.3644313e-16,1.8129715e-17
6808.5,8.5530417e-16,1.8245706e-17
6810.0,8.5246063e-16,1.8204923e-17
6811.5,8.4556949e-16,1.8152584e-17
6813.0,8.5078742e-16,1.8201702e-17
6814.5,8.3215937e-16,1.8055409e-17
6816.0,8.1205647e-16,1.7922991e-17
6817.5,8.4739002e-16,1.8200196e-17
6819.0,8.2559153e-16,1.7982603e-17
6820.5,8.2480532e-16,1.7986213e-17
6822.0,8.4731538e-16,1.823428e-17
6823.5,8.3964724e-16,1.8316135e-17
6825.0,8.2278928e-16,1.8527169e-17
6826.5,8.0369133e-16,1.8877765e-17
6828.0,8.246032e-16,1.9382815e-17
6829.5,8.2373319e-16,1.9583145e-17
6831.0,8.0733807e-16,1.9551673e-17
6832.5,8.0556401e-16,1.9432079e-17
6834.0,7.8884586e-16,1.9061177e-17
6835.5,7.782237e-16,1.8755283e-17
6837.0,8.2649849e-16,1.8720806e-17
6838.5,8.4889494e-16,1.8626328e-17
6840.0,8.0777885e-16,1.8420633e-17
6841.5,7.9207914e-16,1.7980355e-17
6843.0,7.9329194e-16,1.7893055e-17
6844.5,7.9122385e-16,1.7918609e-17
6846.0,7.8113543e-16,1.7657099e-17
6847.5,7.850078e-16,1.7596726e-17
6849.0,8.1646528e-16,1.7833948e-17
6850.5,8.2199116e-16,1.8044147e-17
6852.0,7.901972e-16,1.7962994e-17
6853.5,7.6003213e-16,1.7347744e-17
6855.0,7.7369122e-16,1.7488603e-17
6856.5,7.9189904e-16,1.7638312e-17
6858.0,7.6960551e-16,1.7853528e-17
6859.5,7.8964869e-16,1.8130347e-17
6861.0,7.9144413e-16,1.9101596e-17
6862.5,7.8413297e-16,1.9344887e-17
6864.0,8.0060845e-16,1.9859199e-17
6865.5,7.8700685e-16,1.9666748e-17
6867.0,7.8251879e-16,1.9476854e-17
6868.5,7.6707484e-16,2.0545793e-17
6870.0,7.5056532e-16,2.0539724e-17
6871.5,7.6678266e-16,1.9959986e-17
6873.0,7.7623709e-16,1.9902821e-17
6874.5,8.0270782e-16,1.9980032e-17
6876.0,7.9530433e-16,2.0299963e-17
6877.5,7.7011526e-16,1.9552936e-17
6879.0,7.6390762e-16,1.8740175e-17
6880.5,7.5909531e-16,1.8401884e-17
6882.0,7.5761491e-16,1.8329342e-17
6883.5,7.5629258e-16,1.7998979e-17
6885.0,7.6983357e-16,1.8355226e-17
6886.5,7.6098197e-16,1.8361243e-17
6888.0,7.4422665e-16,1.8470769e-17
6889.5,7.2798739e-16,1.8672059e-17
6891.0,7.3847699e-16,1.8429698e-17
6892.5,7.3589333e-16,1.8209611e-17
6894.0,7.2896243e-16,1.8174189e-17
6895.5,7.4451136e-16,1.8094982e-17
6897.0,7.1117972e-16,1.7861988e-17
6898.5,7.2583677e-16,1.803557e-17
6900.0,7.4963655e-16,1.850944e-17
6901.5,7.4107638e-16,1.8328779e-17
6903.0,7.2992736e-16,1.7960946e-17
6904.5,7.3687615e-16,1.8155088e-17
6906.0,7.3969958e-16,1.7953776e-17
6907.5,7.3009179e-16,1.7737225e-17
6909.0,7.3863046e-16,1.8227776e-17
6910.5,7.208837e-16,1.8221839e-17
6912.0,7.1948636e-16,1.8165605e-17
6913.5,7.102394e-16,1.7869288e-17
6915.0,6.7170734e-16,1.7068488e-17
6916.5,7.1249585e-16,1.7627124e-17
6918.0,6.9761766e-16,1.6762228e-17
6919.5,6.9109683e-16,1.7545592e-17
6921.0,7.2380606e-16,1.8348949e-17
6922.5,6.959931e-16,1.8277991e-17
6924.0,6.7178082e-16,1.8334511e-17
6925.5,7.4167677e-16,1.8131178e-17
6927.0,7.3407893e-16,1.7507491e-17
6928.5,7.1037789e-16,1.7588525e-17
6930.0,7.4892086e-16,1.7700387e-17
6931.5,7.3552297e-16,1.7024481e-17
6933.0,7.1548735e-16,1.7204728e-17
6934.5,6.985414e-16,1.6976364e-17
6936.0,6.7012874e-16,1.6975949e-17
6937.5,7.1108458e-16,1.7686176e-17
6939.0,7.325853e-16,1.7735578e-17
6940.5,7.2021925e-16,1.773758e-17
6942.0,7.2687465e-16,1.7632224e-17
6943.5,7.4114801e-16,1.7812978e-17
6945.0,7.2415817e-16,1.7890968e-17
6946.5,7.0294486e-16,1.7904463e-17
6948.0,6.9720637e-16,1.8330229e-17
6949.5,7.0690665e-16,1.8874271e-17
6951.0,7.0382212e-16,1.8160238e-17
6952.5,6.9297878e-16,1.7316927e-17
6954.0,6.9769696e-16,1.712951e-17
6955.5,6.9279074e-16,1.7155471e-17
6957.0,7.0147081e-16,1.6966719e-17
6958.5,6.9177636e-16,1.6882569e-17
6960.0,6.736263e-16,1.701497e-17
6961.5,6.639841e-16,1.6812179e-17
6963.0,6.7227184e-16,1.6719947e-17
6964.5,7.0628646e-16,1.7250636e-17
6966.0,7.1722441e-16,1.7451121e-17
6967.5,6.7618984e-16,1.6944939e-17
6969.0,6.442063e-16,1.6698211e-17
6970.5,6.9021618e-16,1.7416133e-17
6972.0,7.0868012e-16,1.7867478e-17
6973.5,6.8158285e-16,1.7531103e-17
6975.0,6.9068512e-16,1.7407256e-17
6976.5,7.1420246e-16,1.7766447e-17
6978.0,7.071966e-16,1.7911392e-17
6979.5,7.0185002e-16,1.766021e-17
6981.0,6.9526058e-16,1.7373631e-17
6982.5,6.7371539e-16,1.6985254e-17
6984.0,6.7024886e-16,1.6631429e-17
6985.5,6.5550281e-16,1.6457512e-17
6987.0,6.4583356e-16,1.6523305e-17
6988.5,6.8215253e-16,1.6768545e-17
6990.0,6.6200749e-16,1.6457345e-17
6991.5,6.6035345e-16,1.6451191e-17
6993.0,6.9518408e-16,1.6883561e-17
6994.5,7.171937e-16,1.6849014e-17
6996.0,6.9055589e-16,1.6578015e-17
6997.5,6.6534179e-16,1.6505279e-17
6999.0,6.595934e-16,1.6377505e-17
7000.5,6.7009332e-16,1.6594004e-17
7002.0,6.8004845e-16,1.6835828e-17
7003.5,6.5656287e-16,1.6575231e-17
7005.0,6.4312882e-16,1.6510559e-17
7006.5,6.6447977e-16,1.6931372e-17
7008.0,6.8896871e-16,1.7028002e-17
7009.5,6.9399183e-16,1.6951324e-17
7011.0,6.7488367e-16,1.7161869e-17
7012.5,6.7522486e-16,1.7162633e-17
7014.0,6.8524198e-16,1.7050483e-17
7015.5,6.5242596e-16,1.6671365e-17
7017.0,6.4270435e-16,1.6255267e-17
7018.5,6.4891861e-16,1.6398935e-17
7020.0,6.6918059e-16,1.6861801e-17
7021.5,6.8463503e-16,1.6632077e-17
7023.0,6.6809787e-16,1.6530062e-17
7024.5,6.6304892e-16,1.703956e-17
7026.0,6.627198e-16,1.6990926e-17
7027.5,6.6223651e-16,1.6806901e-17
7029.0,6.6103997e-16,1.6874265e-17
7030.5,6.5082354e-16,1.6532465e-17
7032.0,6.5008482e-16,1.6502575e-17
7033.5,6.4047009e-16,1.6568356e-17
7035.0,6.3302938e-16,1.6373563e-17
7036.5,6.2755157e-16,1.6178208e-17
7038.0,6.170364e-16,1.6290633e-17
7039.5,6.217918e-16,1.6556443e-17
7041.0,6.4687742e-16,1.6867913e-17
7042.5,6.6259782e-16,1.6771945e-17
7044.0,6.5362817e-16,1.6435316e-17
7045.5,6.5635212e-16,1.6449606e-17
7047.0,6.644245e-16,1.6652256e-17
7048.5,6.5699608e-16,1.6985495e-17
7050.0,6.5612459e-16,1.7101792e-17
7051.5,6.3466559e-16,1.6952381e-17
7053.0,6.4188586e-16,1.6796547e-17
7054.5,6.3145713e-16,1.6698927e-17
7056.0,6.3356879e-16,1.6938e-17
7057.5,6.2775952e-16,1.6960379e-17
7059.0,6.1110293e-16,1.6592636e-17
7060.5,5.9249441e-16,1.6248223e-17
7062.0,6.0150568e-16,1.6357453e-17
7063.5,6.3175545e-16,1.6586874e-17
7065.0,6.1352417e-16,1.6674461e-17
7066.5,6.2275752e-16,1.6737815e-17
7068.0,6.6361844e-16,1.7021018e-17
7069.5,6.6379653e-16,1.7138317e-17
7071.0,6.4982705e-16,1.6926589e-17
7072.5,6.3668401e-16,1.6639428e-17
7074.0,6.2418483e-16,1.65514e-17
7075.5,6.0980607e-16,1.6379714e-17
7077.0,6.6583735e-16,1.7106874e-17
7078.5,6.5808563e-16,1.7312405e-17
7080.0,6.5022087e-16,1.7318315e-17
7081.5,6.4426104e-16,1.6948068e-17
7083.0,6.5384035e-16,1.6780302e-17
7084.5,6.3222354e-16,1.6953513e-17
7086.0,6.4058571e-16,1.6959363e-17
7087.5,6.3797129e-16,1.7368487e-17
7089.0,6.3177398e-16,1.7479942e-17
7090.5,6.4791541e-16,1.7579517e-17
7092.0,6.4906372e-16,1.7502364e-17
7093.5,6.343083e-16,1.7149732e-17
7095.0,6.2842142e-16,1.6846054e-17
7096.5,6.0179383e-16,1.6541188e-17
7098.0,6.2227715e-16,1.6788165e-17
7099.5,6.4868631e-16,1.7338645e-17
7101.0,6.4495063e-16,1.718632e-17
7102.5,5.9866685e-16,1.6533866e-17
7104.0,5.9320311e-16,1.6389943e-17
7105.5,6.067829e-16,1.6525615e-17
7107.0,6.2621702e-16,1.6641421e-17
7108.5,6.4105005e-16,1.6723574e-17
7110.0,6.2909582e-16,1.671926e-17
7111.5,6.3734364e-16,1.6327567e-17
7113.0,6.4647974e-16,1.6090726e-17
7114.5,6.6014222e-16,1.6870029e-17
7116.0,6.4666317e-16,1.690836e-17
7117.5,6.5428811e-16,1.6694836e-17
7119.0,6.3882214e-16,1.6539617e-17
7120.5,6.2123577e-16,1.6540539e-17
7122.0,6.2527512e-16,1.6506341e-17
7123.5,6.3922993e-16,1.6562059e-17
7125.0,6.2689909e-16,1.6523295e-17
7126.5,6.4475412e-16,1.7139062e-17
7128.0,6.4371132e-16,1.7111552e-17
7129.5,6.3775678e-16,1.6915795e-17
7131.0,6.3188563e-16,1.676701e-17
7132.5,6.2598906e-16,1.6098545e-17
7134.0,6.2997265e-16,1.6376619e-17
7135.5,6.3174449e-16,1.6349628e-17
7137.0,6.4007961e-16,1.6898139e-17
7138.5,6.2052342e-16,1.6852671e-17
7140.0,6.2412267e-16,1.6621945e-17
7141.5,6.5161541e-16,1.6655711e-17
7143.0,5.9851682e-16,1.6668043e-17
7144.5,6.0874516e-16,1.6632747e-17
7146.0,6.1799725e-16,1.6411054e-17
7147.5,6.1407416e-16,1.6596356e-17
7149.0,6.1114978e-16,1.6687574e-17
7150.5,6.3927472e-16,1.6849269e-17
7152.0,6.3754386e-16,1.6532931e-17
7153.5,6.2166369e-16,1.6333373e-17
7155.0,6.2234105e-16,1.6438956e-17
7156.5,6.1441785e-16,1.595893e-17
7158.0,6.1957353e-16,1.6110204e-17
7159.5,6.3451005e-16,1.6306199e-17
7161.0,6.200269e-16,1.671337e-17
7162.5,6.291171e-16,1.6782167e-17
7164.0,6.4221916e-16,1.6571396e-17
7165.5,6.4353513e-16,1.672675e-17
7167.0,6.1889378e-16,1.6623197e-17
7168.5,6.3127899e-16,1.6870749e-17
7170.0,6.5358137e-16,1.7057502e-17
7171.5,6.3809215e-16,1.7058836e-17
7173.0,6.3687036e-16,1.667379e-17
7174.5,6.3564862e-16,1.6325817e-17
7176.0,6.3442683e-16,1.7179463e-17
7177.5,6.3320504e-16,1.3896866e-17
7179.0,6.3198335e-16,1.1254507e-17
7180.5,6.3076156e-16,1.6177279e-17
7182.0,6.2953977e-16,1.7419552e-17
7183.5,6.2831803e-16,1.6840547e-17
7185.0,6.2709624e-16,1.6914584e-17
7186.5,6.2587444e-16,1.7093025e-17
7188.0,6.2587444e-16,1.7376726e-17
7189.5,6.2884356e-16,1.6998401e-17
7191.0,6.2059595e-16,1.6793379e-17
7192.5,6.1864809e-16,1.7062452e-17
7194.0,6.2055338e-16,1.6886844e-17
7195.5,6.2473339e-16,1.6712005e-17
7197.0,6.1676222e-16,1.6401186e-17
7198.5,5.8925583e-16,1.6419524e-17
7200.0,6.1361629e-16,1.680677e-17
7201.5,6.1749877e-16,1.7216167e-17
7203.0,6.2138131e-16,1.8504036e-17
7204.5,6.2526373e-16,2.4197216e-17
7206.0,6.2914627e-16,3.1207037e-17
7207.5,6.3302875e-16,4.1349224e-17
7209.0,6.3691123e-16,2.935714e-17
7210.5,6.4079377e-16,1.650857e-17
7212.0,6.4467619e-16,1.6708462e-17
7213.5,6.4467619e-16,1.6485943e-17
7215.0,6.3752814e-16,1.63859e-17
7216.5,6.2040695e-16,1.6466286e-17
7218.0,6.1844374e-16,1.6589266e-17
7219.5,6.0558885e-16,1.6370693e-17
7221.0,5.9139787e-16,1.590394e-17
7222.5,5.8646078e-16,1.5906971e-17
7224.0,6.2405428e-16,1.6599054e-17
7225.5,6.5074884e-16,1.7193511e-17
7227.0,6.2012764e-16,1.6562519e-17
7228.5,6.1214806e-16,1.6298796e-17
7230.0,6.184988e-16,1.6681292e-17
7231.5,6.2376417e-16,1.6739148e-17
7233.0,6.2244491e-16,1.6704146e-17
7234.5,6.4140125e-16,1.7523701e-17
7236.0,6.2640448e-16,1.8329666e-17
7237.5,5.9512043e-16,1.8765514e-17
7239.0,6.2052734e-16,1.9809496e-17
7240.5,6.6421507e-16,2.1208011e-17
7242.0,6.4354996e-16,2.1676923e-17
7243.5,6.0585906e-16,2.1099331e-17
7245.0,6.2146474e-16,2.0647669e-17
7246.5,6.4378051e-16,2.0184176e-17
7248.0,6.186078e-16,1.8876864e-17
7249.5,6.1387066e-16,1.7412924e-17
7251.0,5.9729688e-16,1.6692689e-17
7252.5,5.6753283e-16,1.6978412e-17
7254.0,5.7456415e-16,1.7353622e-17
7255.5,5.9738687e-16,1.7291252e-17
7257.0,6.0736402e-16,1.6958719e-17
7258.5,6.0022745e-16,1.667363e-17
7260.0,6.1011683e-16,1.6707897e-17
7261.5,6.1379824e-16,1.6548587e-17
7263.0,5.9387815e-16,1.6529767e-17
7264.5,5.8070276e-16,1.6448786e-17
7266.0,5.7680588e-16,1.6513428e-17
7267.5,6.0201591e-16,1.677764e-17
7269.0,5.9158565e-16,1.6486963e-17
7270.5,6.0443329e-16,1.6792937e-17
7272.0,6.4813034e-16,1.8068906e-17
7273.5,6.0585429e-16,1.9547457e-17
7275.0,5.7895046e-16,2.0556815e-17
7276.5,5.8995993e-16,2.1059576e-17
7278.0,6.0529943e-16,2.0844777e-17
7279.5,6.2708544e-16,1.9364937e-17
7281.0,5.9323742e-16,1.8219449e-17
7282.5,5.8350575e-16,1.8624191e-17
7284.0,6.1364461e-16,1.8561356e-17
7285.5,5.5123067e-16,1.8071119e-17
7287.0,5.698762e-16,1.8054616e-17
7288.5,6.0037584e-16,1.7620215e-17
7290.0,5.9446863e-16,1.7214372e-17
7291.5,5.9414528e-16,1.7107183e-17
7293.0,5.5325286e-16,1.6871185e-17
7294.5,5.7309153e-16,1.6915985e-17
7296.0,6.0744655e-16,1.7332494e-17
7297.5,6.1557151e-16,1.7276714e-17
7299.0,5.6916416e-16,1.647738e-17
7300.5,5.5771773e-16,1.6835502e-17
7302.0,5.8683385e-16,1.7543684e-17
7303.5,6.1074014e-16,1.7267018e-17
7305.0,6.1916044e-16,1.735811e-17
7306.5,6.0591094e-16,1.7326332e-17
7308.0,6.1201937e-16,1.7086246e-17
7309.5,6.1127567e-16,1.6993668e-17
7311.0,5.8967067e-16,1.698559e-17
7312.5,6.1198183e-16,1.8247006e-17
7314.0,6.071809e-16,1.920141e-17
7315.5,5.8986771e-16,1.9549327e-17
7317.0,6.124053e-16,2.0050621e-17
7318.5,5.9037265e-16,1.9010765e-17
7320.0,5.7094097e-16,1.7306503e-17
7321.5,6.0042005e-16,1.6948031e-17
7323.0,5.9165347e-16,1.6772138e-17
7324.5,5.7439406e-16,1.6845762e-17
7326.0,5.8797771e-16,1.7362256e-17
7327.5,5.9244767e-16,1.7717059e-17
7329.0,5.7995277e-16,1.7934714e-17
7330.5,5.6741625e-16,1.7685339e-17
7332.0,5.8392996e-16,1.72302e-17
7333.5,5.9117728e-16,1.6807695e-17
7335.0,5.9936856e-16,1.6896079e-17
7336.5,5.8400714e-16,1.7550843e-17
7338.0,5.7008885e-16,1.881375e-17
7339.5,5.9193246e-16,2.0145313e-17
7341.0,5.8747828e-16,2.0901791e-17
7342.5,5.5323581e-16,2.0446129e-17
7344.0,5.8996067e-16,1.9262458e-17
7345.5,5.5572963e-16,1.7052872e-17
7347.0,5.9076101e-16,1.6861128e-17
7348.5,6.1169257e-16,1.7014994e-17
7350.0,5.8466592e-16,1.6405608e-17
7351.5,5.8351644e-16,1.6568388e-17
7353.0,6.103946e-16,1.6647583e-17
7354.5,5.7863494e-16,1.6682205e-17
7356.0,5.8339299e-16,1.7269061e-17
7357.5,6.3623387e-16,1.7894641e-17
7359.0,6.0353797e-16,1.8308928e-17
7360.5,5.9684747e-16,1.788955e-17
7362.0,5.8834485e-16,1.7103685e-17
7363.5,5.8706546e-16,1.7249472e-17
7365.0,5.880098e-16,1.7712836e-17
7366.5,6.0391496e-16,1.8679112e-17
7368.0,5.84724e-16,1.9113188e-17
7369.5,5.6930752e-16,1.9442912e-17
7371.0,5.6391356e-16,1.9341465e-17
7372.5,5.7312684e-16,1.8055002e-17
7374.0,5.8475888e-16,1.7045449e-17
7375.5,5.898514e-16,1.6716828e-17
7377.0,5.7653679e-16,1.6291838e-17
7378.5,5.6189619e-16,1.6122224e-17
7380.0,5.8251536e-16,1.627781e-17
7381.5,5.8050217e-16,1.6147188e-17
7383.0,5.7813794e-16,1.6281499e-17
7384.5,5.7648284e-16,1.6685112e-17
7386.0,5.7755789e-16,1.6726893e-17
7387.5,5.8869208e-16,1.675329e-17
7389.0,5.958385e-16,1.7109625e-17
7390.5,5.8411599e-16,1.7212252e-17
7392.0,5.758581e-16,1.7372368e-17
7393.5,5.7986684e-16,1.7270104e-17
7395.0,5.7723358e-16,1.6841521e-17
7396.5,5.7585847e-16,1.6833832e-17
7398.0,5.7322431e-16,1.7213553e-17
7399.5,5.8322623e-16,1.7960791e-17
7401.0,5.5205034e-16,1.8178102e-17
7402.5,5.6046349e-16,1.8313083e-17
7404.0,5.8186092e-16,1.8107026e-17
7405.5,5.7336385e-16,1.7189772e-17
7407.0,5.6283926e-16,1.6391791e-17
7408.5,5.4095929e-16,1.6158295e-17
7410.0,5.3990012e-16,1.5943564e-17
7411.5,5.4966832e-16,1.6019633e-17
7413.0,5.7778335e-16,1.6308823e-17
7414.5,5.8071541e-16,1.6372839e-17
7416.0,5.6843899e-16,1.6250226e-17
7417.5,5.81676e-16,1.633033e-17
7419.0,5.7681334e-16,1.6306105e-17
7420.5,5.6587841e-16,1.6197179e-17
7422.0,5.5290346e-16,1.5950619e-17
7423.5,5.5549607e-16,1.5999903e-17
7425.0,5.4486056e-16,1.6003402e-17
7426.5,5.4580744e-16,1.6285244e-17
7428.0,5.3118082e-16,1.6337966e-17
7429.5,5.7158122e-16,1.6839996e-17
7431.0,5.5633701e-16,1.6663547e-17
7432.5,5.3875404e-16,1.633417e-17
7434.0,5.1862546e-16,1.6105724e-17
7435.5,5.6710725e-16,1.7040243e-17
7437.0,5.767874e-16,1.7417515e-17
7438.5,5.3991235e-16,1.7150013e-17
7440.0,5.5854575e-16,1.720139e-17
7441.5,5.3867886e-16,1.6618353e-17
7443.0,5.1326216e-16,1.5906666e-17
7444.5,5.0766353e-16,1.5760694e-17
7446.0,5.2193397e-16,1.5827823e-17
7447.5,4.8926275e-16,1.5408473e-17
7449.0,4.7958518e-16,1.5384028e-17
7450.5,5.1711367e-16,1.5729994e-17
7452.0,5.5807375e-16,1.6116781e-17
7453.5,5.4085293e-16,1.5996104e-17
7455.0,5.292202e-16,1.5905679e-17
7456.5,5.5506424e-16,1.6163678e-17
7458.0,5.5326503e-16,1.6250157e-17
7459.5,5.3516082e-16,1.6183065e-17
7461.0,5.284322e-16,1.6132315e-17
7462.5,5.3610648e-16,1.6326034e-17
7464.0,5.4009378e-16,1.6632445e-17
7465.5,5.1882626e-16,1.6537516e-17
7467.0,4.9918828e-16,1.6389123e-17
7468.5,4.9960253e-16,1.654537e-17
7470.0,4.9752428e-16,1.6777065e-17
7471.5,5.1465012e-16,1.7162442e-17
7473.0,5.1252862e-16,1.7174093e-17
7474.5,5.0407857e-16,1.6932722e-17
7476.0,4.8186386e-16,1.6612866e-17
7477.5,4.5977615e-16,1.6446236e-17
7479.0,5.2182883e-16,1.7180379e-17
7480.5,4.8846315e-16,1.7286668e-17
7482.0,4.7125631e-16,1.722142e-17
7483.5,4.9575896e-16,1.7161181e-17
7485.0,5.082491e-16,1.697615e-17
7486.5,4.9911427e-16,1.6422874e-17
7488.0,4.8443757e-16,1.5882594e-17
7489.5,4.7008285e-16,1.5686628e-17
7491.0,4.7654153e-16,1.582905e-17
7492.5,4.9736213e-16,1.6076643e-17
7494.0,4.6496079e-16,1.5778492e-17
7495.5,4.6836343e-16,1.5793507e-17
7497.0,4.7001429e-16,1.5663206e-17
7498.5,4.8552013e-16,1.5625411e-17
7500.0,4.8722013e-16,1.5724494e-17
7501.5,5.0158078e-16,1.5834524e-17
7503.0,4.7407836e-16,1.5537944e-17
7504.5,4.5458548e-16,1.5262695e-17
7506.0,4.6128054e-16,1.5350603e-17
7507.5,5.097286e-16,1.5860105e-17
7509.0,5.0905955e-16,1.5841699e-17
7510.5,5.1284399e-16,1.5804226e-17
7512.0,4.8450735e-16,1.5574421e-17
7513.5,4.5415424e-16,1.539503e-17
7515.0,4.9541618e-16,1.594724e-17
7516.5,4.6899002e-16,1.580273e-17
7518.0,4.4751202e-16,1.5772778e-17
7519.5,4.7408259e-16,1.6711119e-17
7521.0,4.7732318e-16,1.7932315e-17
7522.5,4.5793095e-16,1.853479e-17
7524.0,4.4344279e-16,1.8592624e-17
7525.5,4.4636333e-16,1.8367201e-17
7527.0,4.5023793e-16,1.7557601e-17
7528.5,4.6842193e-16,1.7025456e-17
7530.0,4.6474379e-16,1.676337e-17
7531.5,4.6976087e-16,1.6558762e-17
7533.0,4.8149863e-16,1.6425742e-17
7534.5,4.4557813e-16,1.5776012e-17
7536.0,4.2459398e-16,1.5355374e-17
7537.5,4.0855557e-16,1.515421e-17
7539.0,4.2010801e-16,1.5394085e-17
7540.5,4.3307106e-16,1.5568584e-17
