3300.0,0.178146
3302.0,-0.0498723
3304.0,0.272548
3306.0,0.487303
3308.0,0.195671
3310.0,0.0461696
3312.0,0.00608907
3314.0,-0.194223
3316.0,-0.0643411
3318.0,0.0437592
3320.0,0.118249
3322.0,0.118806
3324.0,0.175153
3326.0,-0.00144376
3328.0,-0.149821
3330.0,0.156433
3332.0,0.0967381
3334.0,0.387836
3336.0,0.081699
3338.0,0.440143
3340.0,0.418879
3342.0,0.334962
3344.0,0.0235931
3346.0,-0.0691274
3348.0,0.433796
3350.0,0.440881
3352.0,0.447966
3354.0,0.447966
3356.0,0.00201518
3358.0,0.303283
3360.0,0.296206
3362.0,-0.0598026
3364.0,-0.141704
3366.0,0.241727
3368.0,-0.0256427
3370.0,-0.0568014
3372.0,-0.0574365
3374.0,0.264078
3376.0,0.134832
3378.0,0.107418
3380.0,0.204789
3382.0,0.0855061
3384.0,0.185164
3386.0,0.324311
3388.0,0.355923
3390.0,0.208362
3392.0,0.0990017
3394.0,-0.107477
3396.0,0.152791
3398.0,0.290116
3400.0,0.361144
3402.0,0.145588
3404.0,-0.0279507
3406.0,-0.0106045
3408.0,0.174796
3410.0,-0.105224
3412.0,0.019021
3414.0,0.252185
3416.0,0.180623
3418.0,0.322792
3420.0,0.217813
3422.0,-0.0796226
3424.0,-0.0515478
3426.0,0.046837
3428.0,0.510547
3430.0,0.200353
3432.0,-0.00380494
3434.0,0.0289128
3436.0,0.00317753
3438.0,0.0303173
3440.0,0.145312
3442.0,0.13979
3444.0,0.183674
3446.0,0.265413
3448.0,0.201372
3450.0,0.136679
3452.0,0.333301
3454.0,0.00902719
3456.0,0.280711
3458.0,0.208942
3460.0,0.344195
3462.0,0.235833
3464.0,0.173883
3466.0,0.162561
3468.0,0.205299
3470.0,0.0308181
3472.0,-0.03365
3474.0,-0.0293234
3476.0,0.00211262
3478.0,0.200648
3480.0,0.301688
3482.0,0.289434
3484.0,0.343142
3486.0,0.268265
3488.0,0.336849
3490.0,-0.0529182
3492.0,-0.00347871
3494.0,-0.0550453
3496.0,0.0922081
3498.0,0.286635
3500.0,0.183598
3502.0,-0.0630895
3504.0,0.0806065
3506.0,0.168236
3508.0,0.246939
3510.0,0.169286
3512.0,-0.0176748
3514.0,0.265785
3516.0,0.101543
3518.0,0.0158029
3520.0,0.053688
3522.0,0.227027
3524.0,0.188846
3526.0,0.126977
3528.0,0.11399
3530.0,0.225565
3532.0,0.200012
3534.0,0.209574
3536.0,0.183825
3538.0,0.149442
3540.0,0.166751
3542.0,0.1678
3544.0,0.0863441
3546.0,0.149999
3548.0,0.359533
3550.0,0.187341
3552.0,0.209874
3554.0,0.180147
3556.0,0.163812
3558.0,0.360696
3560.0,0.430701
3562.0,0.259518
3564.0,0.157752
3566.0,0.193256
3568.0,0.180278
3570.0,0.106095
3572.0,0.157849
3574.0,0.129598
3576.0,0.26234
3578.0,0.194664
3580.0,0.216972
3582.0,0.283128
3584.0,0.227428
3586.0,0.296924
3588.0,0.344002
3590.0,0.214627
3592.0,0.170787
3594.0,0.149433
3596.0,0.0721391
3598.0,0.249865
3600.0,0.194774
3602.0,0.0929338
3604.0,0.220761
3606.0,0.302499
3608.0,0.2223
3610.0,0.160124
3612.0,0.15284
3614.0,0.238409
3616.0,0.196218
3618.0,0.160717
3620.0,0.225295
3622.0,0.255299
3624.0,0.252665
3626.0,0.212221
3628.0,0.12673
3630.0,0.239423
3632.0,0.188398
3634.0,0.168297
3636.0,0.0694594
3638.0,0.108178
3640.0,0.200775
3642.0,0.301287
3644.0,0.41438
3646.0,0.331522
3648.0,0.229094
3650.0,0.189562
3652.0,0.30176
3654.0,0.262279
3656.0,0.165843
3658.0,0.272698
3660.0,0.317451
3662.0,0.244836
3664.0,0.30737
3666.0,0.282296
3668.0,0.229869
3670.0,0.191023
3672.0,0.305307
3674.0,0.304989
3676.0,0.240301
3678.0,0.25967
3680.0,0.29607
3682.0,0.261185
3684.0,0.308702
3686.0,0.23573
3688.0,0.307229
3690.0,0.229233
3692.0,0.297786
3694.0,0.438025
3696.0,0.284248
3698.0,0.305387
3700.0,0.388557
3702.0,0.367031
3704.0,0.293881
3706.0,0.32858
3708.0,0.349757
3710.0,0.349094
3712.0,0.37049
3714.0,0.346198
3716.0,0.356848
3718.0,0.340051
3720.0,0.367593
3722.0,0.302432
3724.0,0.191095
3726.0,0.343149
3728.0,0.293002
3730.0,0.271233
3732.0,0.285522
3734.0,0.243876
3736.0,0.312421
3738.0,0.206061
3740.0,0.168594
3742.0,0.299864
3744.0,0.287683
3746.0,0.249649
3748.0,0.296008
3750.0,0.21053
3752.0,0.18119
3754.0,0.242038
3756.0,0.242085
3758.0,0.297383
3760.0,0.241265
3762.0,0.183338
3764.0,0.213536
3766.0,0.269614
3768.0,0.238379
3770.0,0.288934
3772.0,0.284398
3774.0,0.1919
3776.0,0.218586
3778.0,0.279648
3780.0,0.249466
3782.0,0.209565
3784.0,0.227403
3786.0,0.234725
3788.0,0.211902
3790.0,0.177857
3792.0,0.233792
3794.0,0.23321
3796.0,0.250168
3798.0,0.256235
3800.0,0.257844
3802.0,0.274587
3804.0,0.266753
3806.0,0.231073
3808.0,0.351882
3810.0,0.35487
3812.0,0.324596
3814.0,0.350002
3816.0,0.306635
3818.0,0.254911
3820.0,0.273236
3822.0,0.309343
3824.0,0.329732
3826.0,0.317151
3828.0,0.363231
3830.0,0.315802
3832.0,0.331477
3834.0,0.361258
3836.0,0.333134
3838.0,0.339028
3840.0,0.459651
3842.0,0.417978
3844.0,0.324085
3846.0,0.314732
3848.0,0.375075
3850.0,0.347802
3852.0,0.361775
3854.0,0.404742
3856.0,0.352518
3858.0,0.330637
3860.0,0.319892
3862.0,0.334209
3864.0,0.299291
3866.0,0.344407
3868.0,0.375716
3870.0,0.334619
3872.0,0.32395
3874.0,0.302323
3876.0,0.299618
3878.0,0.325329
3880.0,0.342006
3882.0,0.359698
3884.0,0.356678
3886.0,0.306634
3888.0,0.356631
3890.0,0.390896
3892.0,0.374055
3894.0,0.313643
3896.0,0.373978
3898.0,0.41583
3900.0,0.371452
3902.0,0.282826
3904.0,0.337258
3906.0,0.297111
3908.0,0.245107
3910.0,0.164369
3912.0,0.20791
3914.0,0.305934
3916.0,0.286699
3918.0,0.304897
3920.0,0.296286
3922.0,0.266774
3924.0,0.249647
3926.0,0.296645
3928.0,0.230897
3930.0,0.271526
3932.0,0.312266
3934.0,0.296672
3936.0,0.242565
3938.0,0.29504
3940.0,0.328338
3942.0,0.338841
3944.0,0.31276
3946.0,0.30148
3948.0,0.244702
3950.0,0.2198
3952.0,0.238187
3954.0,0.204672
3956.0,0.230634
3958.0,0.226266
3960.0,0.200569
3962.0,0.218798
3964.0,0.257643
3966.0,0.250912
3968.0,0.216348
3970.0,0.262992
3972.0,0.273503
3974.0,0.222994
3976.0,0.20831
3978.0,0.248291
3980.0,0.255736
3982.0,0.265101
3984.0,0.277983
3986.0,0.319442
3988.0,0.316714
3990.0,0.30452
3992.0,0.319016
3994.0,0.371498
3996.0,0.339643
3998.0,0.323763
4000.0,0.280915
4002.0,0.29337
4004.0,0.325994
4006.0,0.336899
4008.0,0.307008
4010.0,0.284963
4012.0,0.253219
4014.0,0.266379
4016.0,0.297234
4018.0,0.34346
4020.0,0.319117
4022.0,0.259422
4024.0,0.27222
4026.0,0.308438
4028.0,0.298865
4030.0,0.313764
4032.0,0.299432
4034.0,0.280563
4036.0,0.280755
4038.0,0.272848
4040.0,0.291789
4042.0,0.275633
4044.0,0.256655
4046.0,0.298805
4048.0,0.304904
4050.0,0.241606
4052.0,0.225683
4054.0,0.250713
4056.0,0.300806
4058.0,0.319973
4060.0,0.329776
4062.0,0.287931
4064.0,0.26045
4066.0,0.257658
4068.0,0.327725
4070.0,0.295379
4072.0,0.303811
4074.0,0.348021
4076.0,0.314671
4078.0,0.229843
4080.0,0.284215
4082.0,0.29038
4084.0,0.283223
4086.0,0.281362
4088.0,0.294509
4090.0,0.329943
4092.0,0.331083
4094.0,0.310244
4096.0,0.300234
4098.0,0.343824
4100.0,0.39469
4102.0,0.317816
4104.0,0.314782
4106.0,0.335831
4108.0,0.236234
4110.0,0.187517
4112.0,0.285989
4114.0,0.342968
4116.0,0.333452
4118.0,0.375997
4120.0,0.292548
4122.0,0.291959
4124.0,0.29137
4126.0,0.290782
4128.0,0.290193
4130.0,0.290193
4132.0,0.332707
4134.0,0.293882
4136.0,0.286811
4138.0,0.275052
4140.0,0.320503
4142.0,0.336717
4144.0,0.306391
4146.0,0.269771
4148.0,0.280109
4150.0,0.310044
4152.0,0.296403
4154.0,0.307696
4156.0,0.293536
4158.0,0.274832
4160.0,0.26433
4162.0,0.307595
4164.0,0.284118
4166.0,0.267125
4168.0,0.291652
4170.0,0.284421
4172.0,0.271371
4174.0,0.317755
4176.0,0.295898
4178.0,0.328655
4180.0,0.307407
4182.0,0.275458
4184.0,0.302327
4186.0,0.24645
4188.0,0.248127
4190.0,0.299254
4192.0,0.31176
4194.0,0.307916
4196.0,0.298649
4198.0,0.29816
4200.0,0.312811
4202.0,0.331574
4204.0,0.279298
4206.0,0.28881
4208.0,0.340711
4210.0,0.378659
4212.0,0.318046
4214.0,0.296964
4216.0,0.290592
4218.0,0.280692
4220.0,0.297532
4222.0,0.296417
4224.0,0.278795
4226.0,0.287822
4228.0,0.303334
4230.0,0.292192
4232.0,0.26619
4234.0,0.26769
4236.0,0.23583
4238.0,0.290712
4240.0,0.305819
4242.0,0.270242
4244.0,0.281856
4246.0,0.25873
4248.0,0.243958
4250.0,0.284594
4252.0,0.339879
4254.0,0.323026
4256.0,0.295712
4258.0,0.289053
4260.0,0.266375
4262.0,0.300139
4264.0,0.302246
4266.0,0.268825
4268.0,0.275344
4270.0,0.268802
4272.0,0.27411
4274.0,0.302136
4276.0,0.307134
4278.0,0.279129
4280.0,0.266783
4282.0,0.267545
4284.0,0.283636
4286.0,0.332092
4288.0,0.301246
4290.0,0.308835
4292.0,0.364438
4294.0,0.313225
4296.0,0.298315
4298.0,0.313046
4300.0,0.325121
4302.0,0.33601
4304.0,0.313497
4306.0,0.322248
4308.0,0.3305
4310.0,0.316711
4312.0,0.316643
4314.0,0.339657
4316.0,0.348842
4318.0,0.297824
4320.0,0.320224
4322.0,0.27644
4324.0,0.23735
4326.0,0.299633
4328.0,0.299595
4330.0,0.261442
4332.0,0.274049
4334.0,0.251975
4336.0,0.267368
4338.0,0.269883
4340.0,0.244506
4342.0,0.245539
4344.0,0.248399
4346.0,0.265702
4348.0,0.300942
4350.0,0.281042
4352.0,0.257898
4354.0,0.281654
4356.0,0.254305
4358.0,0.161354
4360.0,0.171772
4362.0,0.297988
4364.0,0.26801
4366.0,0.281595
4368.0,0.244702
4370.0,0.211667
4372.0,0.209464
4374.0,0.195862
4376.0,0.192286
4378.0,0.162899
4380.0,0.219744
4382.0,0.207126
4384.0,0.193524
4386.0,0.172549
4388.0,0.171899
4390.0,0.189334
4392.0,0.224997
4394.0,0.203696
4396.0,0.196867
4398.0,0.176091
4400.0,0.163032
4402.0,0.165596
4404.0,0.169364
4406.0,0.174652
4408.0,0.180843
4410.0,0.172428
4412.0,0.149809
4414.0,0.153873
4416.0,0.170468
4418.0,0.156341
4420.0,0.15872
4422.0,0.16428
4424.0,0.173153
4426.0,0.174315
4428.0,0.201818
4430.0,0.208421
4432.0,0.167013
4434.0,0.185488
4436.0,0.193381
4438.0,0.196078
4440.0,0.187021
4442.0,0.196776
4444.0,0.209758
4446.0,0.1996
4448.0,0.192434
4450.0,0.200888
4452.0,0.188347
4454.0,0.224313
4456.0,0.221075
4458.0,0.240632
4460.0,0.256621
4462.0,0.227512
4464.0,0.219899
4466.0,0.240671
4468.0,0.235994
4470.0,0.220106
4472.0,0.210153
4474.0,0.220118
4476.0,0.231043
4478.0,0.221554
4480.0,0.255558
4482.0,0.25488
4484.0,0.23371
4486.0,0.24074
4488.0,0.227435
4490.0,0.240007
4492.0,0.252466
4494.0,0.23712
4496.0,0.248862
4498.0,0.278162
4500.0,0.261128
4502.0,0.232609
4504.0,0.224303
4506.0,0.239425
4508.0,0.248797
4510.0,0.264264
4512.0,0.220384
4514.0,0.226138
4516.0,0.236439
4518.0,0.219973
4520.0,0.211836
4522.0,0.273362
4524.0,0.259272
4526.0,0.262392
4528.0,0.249105
4530.0,0.25284
4532.0,0.230053
4534.0,0.211895
4536.0,0.212841
4538.0,0.236431
4540.0,0.242994
4542.0,0.233713
4544.0,0.248605
4546.0,0.259393
4548.0,0.228713
4550.0,0.225207
4552.0,0.237782
4554.0,0.26369
4556.0,0.249687
4558.0,0.21965
4560.0,0.200332
4562.0,0.230397
4564.0,0.244438
4566.0,0.221669
4568.0,0.215849
4570.0,0.221841
4572.0,0.227397
4574.0,0.226671
4576.0,0.221895
4578.0,0.200894
4580.0,0.18466
4582.0,0.213509
4584.0,0.236962
4586.0,0.240403
4588.0,0.267548
4590.0,0.246724
4592.0,0.24595
4594.0,0.257098
4596.0,0.242326
4598.0,0.267861
4600.0,0.258987
4602.0,0.263735
4604.0,0.259677
4606.0,0.259571
4608.0,0.278047
4610.0,0.302684
4612.0,0.283035
4614.0,0.309665
4616.0,0.29437
4618.0,0.286111
4620.0,0.287028
4622.0,0.284928
4624.0,0.308072
4626.0,0.313682
4628.0,0.286799
4630.0,0.316228
4632.0,0.303419
4634.0,0.276701
4636.0,0.291273
4638.0,0.266286
4640.0,0.272801
4642.0,0.277323
4644.0,0.293431
4646.0,0.261148
4648.0,0.260559
4650.0,0.280472
4652.0,0.291571
4654.0,0.286806
4656.0,0.313649
4658.0,0.310193
4660.0,0.268814
4662.0,0.280647
4664.0,0.308613
4666.0,0.287643
4668.0,0.297262
4670.0,0.32025
4672.0,0.293418
4674.0,0.288792
4676.0,0.285468
4678.0,0.281074
4680.0,0.283434
4682.0,0.28752
4684.0,0.307014
4686.0,0.303819
4688.0,0.291495
4690.0,0.267753
4692.0,0.293266
4694.0,0.30156
4696.0,0.268462
4698.0,0.294996
4700.0,0.278372
4702.0,0.285047
4704.0,0.295697
4706.0,0.289845
4708.0,0.289505
4710.0,0.327392
4712.0,0.323649
4714.0,0.328119
4716.0,0.303597
4718.0,0.296745
4720.0,0.328512
4722.0,0.314923
4724.0,0.322622
4726.0,0.328492
4728.0,0.315745
4730.0,0.328736
4732.0,0.354863
4734.0,0.359883
4736.0,0.372145
4738.0,0.376809
4740.0,0.3679
4742.0,0.327385
4744.0,0.32278
4746.0,0.328979
4748.0,0.325495
4750.0,0.333729
4752.0,0.355126
4754.0,0.360687
4756.0,0.339991
4758.0,0.292674
4760.0,0.327803
4762.0,0.350258
4764.0,0.322295
4766.0,0.317882
4768.0,0.33206
4770.0,0.335681
4772.0,0.334638
4774.0,0.318901
4776.0,0.320232
4778.0,0.32891
4780.0,0.320664
4782.0,0.29747
4784.0,0.312566
4786.0,0.312287
4788.0,0.308571
4790.0,0.304895
4792.0,0.310642
4794.0,0.308815
4796.0,0.322424
4798.0,0.308758
4800.0,0.314617
4802.0,0.299676
4804.0,0.278936
4806.0,0.278481
4808.0,0.268294
4810.0,0.250332
4812.0,0.256521
4814.0,0.271176
4816.0,0.270068
4818.0,0.281413
4820.0,0.310142
4822.0,0.298381
4824.0,0.280422
4826.0,0.242091
4828.0,0.225832
4830.0,0.265523
4832.0,0.261132
4834.0,0.252516
4836.0,0.243543
4838.0,0.225648
4840.0,0.22501
4842.0,0.248855
4844.0,0.262274
4846.0,0.269038
4848.0,0.262071
4850.0,0.264876
4852.0,0.228248
4854.0,0.219916
4856.0,0.252448
4858.0,0.269442
4860.0,0.256056
4862.0,0.246636
4864.0,0.231931
4866.0,0.268529
4868.0,0.272356
4870.0,0.259719
4872.0,0.251779
4874.0,0.256595
4876.0,0.257273
4878.0,0.256244
4880.0,0.239916
4882.0,0.238042
4884.0,0.212534
4886.0,0.22848
4888.0,0.245522
4890.0,0.21899
4892.0,0.226424
4894.0,0.251979
4896.0,0.269095
4898.0,0.244703
4900.0,0.19899
4902.0,0.212605
4904.0,0.206331
4906.0,0.212389
4908.0,0.196807
4910.0,0.23367
4912.0,0.247024
4914.0,0.24719
4916.0,0.226682
4918.0,0.21054
4920.0,0.227147
4922.0,0.229742
4924.0,0.218425
4926.0,0.205235
4928.0,0.203433
4930.0,0.211442
4932.0,0.212063
4934.0,0.229496
4936.0,0.250373
4938.0,0.219729
4940.0,0.230938
4942.0,0.242548
4944.0,0.230953
4946.0,0.218764
4948.0,0.227194
4950.0,0.228185
4952.0,0.231302
4954.0,0.221885
4956.0,0.210579
4958.0,0.229525
4960.0,0.240139
4962.0,0.231666
4964.0,0.223215
4966.0,0.248683
4968.0,0.223781
4970.0,0.224374
4972.0,0.2241
4974.0,0.222655
4976.0,0.248224
4978.0,0.251245
4980.0,0.258925
4982.0,0.266183
4984.0,0.269567
4986.0,0.290074
4988.0,0.281543
4990.0,0.232416
4992.0,0.203052
4994.0,0.225095
4996.0,0.243593
4998.0,0.238234
5000.0,0.261697
5002.0,0.236604
5004.0,0.216262
5006.0,0.222581
5008.0,0.230917
5010.0,0.213625
5012.0,0.210652
5014.0,0.215077
5016.0,0.197346
5018.0,0.224707
5020.0,0.219376
5022.0,0.214316
5024.0,0.210301
5026.0,0.210932
5028.0,0.202619
5030.0,0.195262
5032.0,0.219372
5034.0,0.231242
5036.0,0.207812
5038.0,0.197082
5040.0,0.215926
5042.0,0.209097
5044.0,0.200964
5046.0,0.18739
5048.0,0.205117
5050.0,0.225675
5052.0,0.202698
5054.0,0.171138
5056.0,0.203326
5058.0,0.232247
5060.0,0.215274
5062.0,0.207773
5064.0,0.196806
5066.0,0.186337
5068.0,0.194834
5070.0,0.2185
5072.0,0.187266
5074.0,0.149061
5076.0,0.180425
5078.0,0.163889
5080.0,0.162308
5082.0,0.206868
5084.0,0.182154
5086.0,0.15741
5088.0,0.203198
5090.0,0.199206
5092.0,0.180603
5094.0,0.165449
5096.0,0.165893
5098.0,0.172553
5100.0,0.175306
5102.0,0.169182
5104.0,0.179957
5106.0,0.170868
5108.0,0.168596
5110.0,0.167251
5112.0,0.181094
5114.0,0.174598
5116.0,0.171478
5118.0,0.152199
5120.0,0.153846
5122.0,0.132696
5124.0,0.140657
5126.0,0.17208
5128.0,0.160768
5130.0,0.138549
5132.0,0.130967
5134.0,0.133888
5136.0,0.155503
5138.0,0.150004
5140.0,0.157266
5142.0,0.147688
5144.0,0.155845
5146.0,0.137771
5148.0,0.144214
5150.0,0.138727
5152.0,0.13473
5154.0,0.151885
5156.0,0.152432
5158.0,0.147643
5160.0,0.136677
5162.0,0.161642
5164.0,0.160439
5166.0,0.131874
5168.0,0.135538
5170.0,0.15437
5172.0,0.141756
5174.0,0.140167
5176.0,0.151985
5178.0,0.159043
5180.0,0.160256
5182.0,0.160375
5184.0,0.150769
5186.0,0.143249
5188.0,0.144915
5190.0,0.162613
5192.0,0.158593
5194.0,0.162868
5196.0,0.150832
5198.0,0.17237
5200.0,0.172865
5202.0,0.159908
5204.0,0.165171
5206.0,0.157528
5208.0,0.15733
5210.0,0.14119
5212.0,0.15978
5214.0,0.166536
5216.0,0.178133
5218.0,0.175848
5220.0,0.158988
5222.0,0.175523
5224.0,0.203676
5226.0,0.204827
5228.0,0.1884
5230.0,0.188378
5232.0,0.182143
5234.0,0.181244
5236.0,0.194197
5238.0,0.207876
5240.0,0.20007
5242.0,0.193393
5244.0,0.189133
5246.0,0.193873
5248.0,0.209922
5250.0,0.220822
5252.0,0.199828
5254.0,0.199291
5256.0,0.207646
5258.0,0.200567
5260.0,0.20198
5262.0,0.188151
5264.0,0.185535
5266.0,0.212915
5268.0,0.213576
5270.0,0.215331
5272.0,0.206963
5274.0,0.199204
5276.0,0.203191
5278.0,0.202094
5280.0,0.214148
5282.0,0.222964
5284.0,0.225117
5286.0,0.216922
5288.0,0.20837
5290.0,0.223754
5292.0,0.220967
5294.0,0.205798
5296.0,0.209613
5298.0,0.20779
5300.0,0.210503
5302.0,0.204603
5304.0,0.207056
5306.0,0.208982
5308.0,0.208665
5310.0,0.208885
5312.0,0.21132
5314.0,0.223686
5316.0,0.219264
5318.0,0.220305
5320.0,0.216715
5322.0,0.205906
5324.0,0.202119
5326.0,0.217719
5328.0,0.214055
5330.0,0.205176
5332.0,0.215036
5334.0,0.226629
5336.0,0.220456
5338.0,0.221601
5340.0,0.222707
5342.0,0.24226
5344.0,0.234999
5346.0,0.226907
5348.0,0.233743
5350.0,0.218317
5352.0,0.227685
5354.0,0.241388
5356.0,0.229597
5358.0,0.212308
5360.0,0.207011
5362.0,0.210112
5364.0,0.207617
5366.0,0.228653
5368.0,0.241644
5370.0,0.238038
5372.0,0.243157
5374.0,0.243222
5376.0,0.229915
5378.0,0.220424
5380.0,0.225195
5382.0,0.220646
5384.0,0.22856
5386.0,0.21795
5388.0,0.215454
5390.0,0.232844
5392.0,0.229976
5394.0,0.230049
5396.0,0.23441
5398.0,0.231943
5400.0,0.225933
5402.0,0.22329
5404.0,0.220401
5406.0,0.221248
5408.0,0.225233
5410.0,0.230634
5412.0,0.238906
5414.0,0.247237
5416.0,0.251072
5418.0,0.253318
5420.0,0.247768
5422.0,0.230301
5424.0,0.219622
5426.0,0.216743
5428.0,0.214177
5430.0,0.205361
5432.0,0.192817
5434.0,0.19111
5436.0,0.199171
5438.0,0.204412
5440.0,0.210304
5442.0,0.215205
5444.0,0.218589
5446.0,0.220639
5448.0,0.220056
5450.0,0.222396
5452.0,0.209426
5454.0,0.175442
5456.0,0.151853
5458.0,0.141553
5460.0,0.141735
5462.0,0.158376
5464.0,0.197996
5466.0,0.212813
5468.0,0.215446
5470.0,0.213161
5472.0,0.201658
5474.0,0.18896
5476.0,0.182993
5478.0,0.17991
5480.0,0.182078
5482.0,0.194011
5484.0,0.198656
5486.0,0.197896
5488.0,0.195795
5490.0,0.192894
5492.0,0.189314
5494.0,0.191312
5496.0,0.203316
5498.0,0.202679
5500.0,0.191879
5502.0,0.182452
5504.0,0.176771
5506.0,0.172285
5508.0,0.167274
5510.0,0.160065
5512.0,0.161942
5514.0,0.175419
5516.0,0.182532
5518.0,0.179472
5520.0,0.177001
5522.0,0.186617
5524.0,0.205195
5526.0,0.212322
5528.0,0.215859
5530.0,0.212209
5532.0,0.196759
5534.0,0.182519
5536.0,0.176184
5538.0,0.174162
5540.0,0.178672
5542.0,0.197475
5544.0,0.201907
5546.0,0.196689
5548.0,0.190489
5550.0,0.183071
5552.0,0.176239
5554.0,0.179468
5556.0,0.19358
5558.0,0.199013
5560.0,0.201266
5562.0,0.201819
5564.0,0.198974
5566.0,0.196109
5568.0,0.197455
5570.0,0.200794
5572.0,0.209186
5574.0,0.234238
5576.0,0.236438
5578.0,0.208267
5580.0,0.183065
5582.0,0.183968
5584.0,0.198805
5586.0,0.202938
5588.0,0.204777
5590.0,0.20484
5592.0,0.202835
5594.0,0.199188
5596.0,0.192197
5598.0,0.184399
5600.0,0.18452
5602.0,0.194092
5604.0,0.193669
5606.0,0.183208
5608.0,0.179927
5610.0,0.189175
5612.0,0.200096
5614.0,0.198736
5616.0,0.187823
5618.0,0.18851
5620.0,0.197884
5622.0,0.203948
5624.0,0.209189
5626.0,0.211625
5628.0,0.207894
5630.0,0.1994
5632.0,0.196811
5634.0,0.197967
5636.0,0.197975
5638.0,0.197101
5640.0,0.197707
5642.0,0.201823
5644.0,0.207323
5646.0,0.207874
5648.0,0.205207
5650.0,0.201626
5652.0,0.195364
5654.0,0.189492
5656.0,0.182969
5658.0,0.177866
5660.0,0.179085
5662.0,0.186752
5664.0,0.188459
5666.0,0.187262
5668.0,0.185837
5670.0,0.181342
5672.0,0.179545
5674.0,0.188207
5676.0,0.204966
5678.0,0.205078
5680.0,0.190391
5682.0,0.181964
5684.0,0.172964
5686.0,0.169118
5688.0,0.176548
5690.0,0.189749
5692.0,0.189324
5694.0,0.173998
5696.0,0.173026
5698.0,0.18277
5700.0,0.189107
5702.0,0.188606
5704.0,0.185994
5706.0,0.18607
5708.0,0.186358
5710.0,0.189714
5712.0,0.197712
5714.0,0.202913
5716.0,0.205544
5718.0,0.206502
5720.0,0.205998
5722.0,0.203935
5724.0,0.200338
5726.0,0.193645
5728.0,0.18883
5730.0,0.182734
5732.0,0.180816
5734.0,0.188759
5736.0,0.202268
5738.0,0.203389
5740.0,0.192198
5742.0,0.190118
5744.0,0.192649
5746.0,0.195235
5748.0,0.19841
5750.0,0.200649
5752.0,0.195806
5754.0,0.181693
5756.0,0.179631
5758.0,0.189328
5760.0,0.192069
5762.0,0.184468
5764.0,0.175983
5766.0,0.175577
5768.0,0.179797
5770.0,0.183842
5772.0,0.191853
5774.0,0.195719
5776.0,0.196954
5778.0,0.195339
5780.0,0.188477
5782.0,0.178029
5784.0,0.178011
5786.0,0.18816
5788.0,0.192896
5790.0,0.195986
5792.0,0.198598
5794.0,0.202079
5796.0,0.204553
5798.0,0.200981
5800.0,0.190129
5802.0,0.185434
5804.0,0.184172
5806.0,0.182295
5808.0,0.179157
5810.0,0.176306
5812.0,0.17524
5814.0,0.175473
5816.0,0.175816
5818.0,0.177541
5820.0,0.177883
5822.0,0.176133
5824.0,0.174983
5826.0,0.176784
5828.0,0.180358
5830.0,0.180646
5832.0,0.179475
5834.0,0.176588
5836.0,0.168109
5838.0,0.16451
5840.0,0.171668
5842.0,0.183605
5844.0,0.18778
5846.0,0.190415
5848.0,0.185548
5850.0,0.16951
5852.0,0.158069
5854.0,0.151534
5856.0,0.149333
5858.0,0.154765
5860.0,0.169032
5862.0,0.175708
5864.0,0.180559
5866.0,0.181994
5868.0,0.179817
5870.0,0.174957
5872.0,0.166631
5874.0,0.154797
5876.0,0.151714
5878.0,0.156968
5880.0,0.158274
5882.0,0.157498
5884.0,0.157191
5886.0,0.158399
5888.0,0.160316
5890.0,0.162007
5892.0,0.17081
5894.0,0.161098
5896.0,0.122775
5898.0,0.106195
5900.0,0.126984
5902.0,0.159407
5904.0,0.170234
5906.0,0.170816
5908.0,0.173193
5910.0,0.172393
5912.0,0.171982
5914.0,0.17174
5916.0,0.171335
5918.0,0.170579
5920.0,0.169465
5922.0,0.169518
5924.0,0.171273
5926.0,0.171351
5928.0,0.169275
5930.0,0.168078
5932.0,0.17005
5934.0,0.173356
5936.0,0.172164
5938.0,0.166777
5940.0,0.163414
5942.0,0.156334
5944.0,0.156432
5946.0,0.170804
5948.0,0.188392
5950.0,0.188773
5952.0,0.1749
5954.0,0.172349
5956.0,0.175622
5958.0,0.177298
5960.0,0.177771
5962.0,0.177414
5964.0,0.175892
5966.0,0.173377
5968.0,0.169646
5970.0,0.162312
5972.0,0.159224
5974.0,0.157561
5976.0,0.160629
5978.0,0.173099
5980.0,0.191512
5982.0,0.198095
5984.0,0.193544
5986.0,0.196774
5988.0,0.207597
5990.0,0.21194
5992.0,0.203224
5994.0,0.18986
5996.0,0.186781
5998.0,0.19096
6000.0,0.189932
6002.0,0.187366
6004.0,0.183765
6006.0,0.177599
6008.0,0.172009
6010.0,0.171313
6012.0,0.174351
6014.0,0.174844
6016.0,0.174154
6018.0,0.174451
6020.0,0.175595
6022.0,0.177045
6024.0,0.179085
6026.0,0.181505
6028.0,0.180437
6030.0,0.171505
6032.0,0.173775
6034.0,0.189176
6036.0,0.199005
6038.0,0.196142
6040.0,0.187589
6042.0,0.183054
6044.0,0.178324
6046.0,0.175561
6048.0,0.173344
6050.0,0.173894
6052.0,0.178834
6054.0,0.184837
6056.0,0.187832
6058.0,0.189906
6060.0,0.188541
6062.0,0.180893
6064.0,0.178327
6066.0,0.180925
6068.0,0.184615
6070.0,0.187742
6072.0,0.191224
6074.0,0.189466
6076.0,0.180425
6078.0,0.177154
6080.0,0.178679
6082.0,0.179147
6084.0,0.175702
6086.0,0.170973
6088.0,0.170093
6090.0,0.172749
6092.0,0.17281
6094.0,0.170075
6096.0,0.170414
6098.0,0.175802
6100.0,0.182605
6102.0,0.186731
6104.0,0.191231
6106.0,0.187869
6108.0,0.171763
6110.0,0.165928
6112.0,0.172506
6114.0,0.180254
6116.0,0.180385
6118.0,0.17672
6120.0,0.178557
6122.0,0.184487
6124.0,0.18884
6126.0,0.195072
6128.0,0.197549
6130.0,0.1926
6132.0,0.183293
6134.0,0.177136
6136.0,0.171064
6138.0,0.166224
6140.0,0.160738
6142.0,0.158944
6144.0,0.162869
6146.0,0.169198
6148.0,0.172921
6150.0,0.175951
6152.0,0.178866
6154.0,0.181004
6156.0,0.183822
6158.0,0.188829
6160.0,0.192373
6162.0,0.189798
6164.0,0.182275
6166.0,0.183379
6168.0,0.192026
6170.0,0.197126
6172.0,0.20092
6174.0,0.203472
6176.0,0.204971
6178.0,0.205159
6180.0,0.201882
6182.0,0.194919
6184.0,0.187648
6186.0,0.175734
6188.0,0.168457
6190.0,0.168745
6192.0,0.172834
6194.0,0.176158
6196.0,0.182033
6198.0,0.183183
6200.0,0.178248
6202.0,0.17803
6204.0,0.185356
6206.0,0.192617
6208.0,0.192277
6210.0,0.18722
6212.0,0.18237
6214.0,0.172277
6216.0,0.169086
6218.0,0.173022
6220.0,0.178054
6222.0,0.181884
6224.0,0.185603
6226.0,0.184627
6228.0,0.17786
6230.0,0.174411
6232.0,0.173137
6234.0,0.170321
6236.0,0.162488
6238.0,0.154474
6240.0,0.157834
6242.0,0.173191
6244.0,0.17838
6246.0,0.176179
6248.0,0.178419
6250.0,0.189219
6252.0,0.199159
6254.0,0.19686
6256.0,0.185218
6258.0,0.180522
6260.0,0.176678
6262.0,0.176189
6264.0,0.181198
6266.0,0.185588
6268.0,0.184969
6270.0,0.181644
6272.0,0.179848
6274.0,0.178049
6276.0,0.176446
6278.0,0.17557
6280.0,0.173863
6282.0,0.169144
6284.0,0.16423
6286.0,0.167465
6288.0,0.180914
6290.0,0.183593
6292.0,0.178523
6294.0,0.175386
6296.0,0.174907
6298.0,0.175489
6300.0,0.177191
6302.0,0.181374
6304.0,0.178761
6306.0,0.167757
6308.0,0.162511
6310.0,0.163441
6312.0,0.165056
6314.0,0.163687
6316.0,0.161087
6318.0,0.159868
6320.0,0.15978
6322.0,0.158711
6324.0,0.156256
6326.0,0.154795
6328.0,0.155848
6330.0,0.157966
6332.0,0.15757
6334.0,0.155845
6336.0,0.153317
6338.0,0.14756
6340.0,0.145047
6342.0,0.147743
6344.0,0.152236
6346.0,0.154235
6348.0,0.155295
6350.0,0.156605
6352.0,0.159224
6354.0,0.158766
6356.0,0.153605
6358.0,0.148535
6360.0,0.148094
6362.0,0.150491
6364.0,0.148947
6366.0,0.143393
6368.0,0.141458
6370.0,0.142266
6372.0,0.143796
6374.0,0.145755
6376.0,0.148097
6378.0,0.148295
6380.0,0.144377
6382.0,0.146491
6384.0,0.154815
6386.0,0.160415
6388.0,0.161083
6390.0,0.159868
6392.0,0.160172
6394.0,0.16134
6396.0,0.159745
6398.0,0.154305
6400.0,0.151697
6402.0,0.152831
6404.0,0.154465
6406.0,0.153577
6408.0,0.151189
6410.0,0.151722
6412.0,0.154221
6414.0,0.157035
6416.0,0.161599
6418.0,0.16513
6420.0,0.166069
6422.0,0.16536
6424.0,0.163913
6426.0,0.166094
6428.0,0.165574
6430.0,0.165054
6432.0,0.164533
6434.0,0.164013
6436.0,0.163492
6438.0,0.162972
6440.0,0.162452
6442.0,0.161931
6444.0,0.161931
6446.0,0.168155
6448.0,0.164823
6450.0,0.159394
6452.0,0.161585
6454.0,0.167888
6456.0,0.17097
6458.0,0.173098
6460.0,0.17471
6462.0,0.175745
6464.0,0.176163
6466.0,0.175361
6468.0,0.173769
6470.0,0.175498
6472.0,0.184082
6474.0,0.182889
6476.0,0.171355
6478.0,0.16313
6480.0,0.162246
6482.0,0.165009
6484.0,0.16886
6486.0,0.178497
6488.0,0.178137
6490.0,0.166496
6492.0,0.161441
6494.0,0.165356
6496.0,0.172361
6498.0,0.177845
6500.0,0.184498
6502.0,0.186992
6504.0,0.185553
6506.0,0.18486
6508.0,0.186482
6510.0,0.184985
6512.0,0.174477
6514.0,0.157869
6516.0,0.153961
6518.0,0.157497
6520.0,0.164361
6522.0,0.182165
6524.0,0.193437
6526.0,0.189607
6528.0,0.17889
6530.0,0.176448
6532.0,0.177857
6534.0,0.178165
6536.0,0.179584
6538.0,0.180049
6540.0,0.17951
6542.0,0.178056
6544.0,0.175065
6546.0,0.169898
6548.0,0.168265
6550.0,0.169269
6552.0,0.170058
6554.0,0.171035
6556.0,0.172113
6558.0,0.17305
6560.0,0.173961
6562.0,0.174934
6564.0,0.17699
6566.0,0.176693
6568.0,0.173748
6570.0,0.17099
6572.0,0.170063
6574.0,0.169538
6576.0,0.166057
6578.0,0.158409
6580.0,0.155548
6582.0,0.155468
6584.0,0.156274
6586.0,0.158379
6588.0,0.160912
6590.0,0.161687
6592.0,0.161146
6594.0,0.161772
6596.0,0.163153
6598.0,0.164158
6600.0,0.164676
6602.0,0.165217
6604.0,0.166591
6606.0,0.168689
6608.0,0.167259
6610.0,0.161212
6612.0,0.158663
6614.0,0.157902
6616.0,0.158923
6618.0,0.162958
6620.0,0.168762
6622.0,0.169928
6624.0,0.16762
6626.0,0.165799
6628.0,0.161886
6630.0,0.159814
6632.0,0.160651
6634.0,0.162996
6636.0,0.165499
6638.0,0.169868
6640.0,0.170303
6642.0,0.166362
6644.0,0.164793
6646.0,0.166361
6648.0,0.168294
6650.0,0.168336
6652.0,0.16746
6654.0,0.166186
6656.0,0.161438
6658.0,0.162471
6660.0,0.171514
6662.0,0.178649
6664.0,0.178515
6666.0,0.174229
6668.0,0.168409
6670.0,0.155755
6672.0,0.150974
6674.0,0.151877
6676.0,0.153134
6678.0,0.153641
6680.0,0.154349
6682.0,0.155117
6684.0,0.155131
6686.0,0.158297
6688.0,0.167451
6690.0,0.170656
6692.0,0.166954
6694.0,0.159541
6696.0,0.14935
6698.0,0.133941
6700.0,0.130677
6702.0,0.136881
6704.0,0.143136
6706.0,0.151899
6708.0,0.161039
6710.0,0.17062
6712.0,0.180425
6714.0,0.178381
6716.0,0.162151
6718.0,0.153548
6720.0,0.145424
6722.0,0.141572
6724.0,0.144601
6726.0,0.15144
6728.0,0.15544
6730.0,0.15972
6732.0,0.161835
6734.0,0.161921
6736.0,0.161745
6738.0,0.161632
6740.0,0.160865
6742.0,0.158626
6744.0,0.155001
6746.0,0.151846
6748.0,0.147677
6750.0,0.145247
6752.0,0.143952
6754.0,0.144283
6756.0,0.147486
6758.0,0.153032
6760.0,0.154739
6762.0,0.154237
6764.0,0.153164
6766.0,0.149218
6768.0,0.147416
6770.0,0.150529
6772.0,0.155938
6774.0,0.158151
6776.0,0.158573
6778.0,0.159659
6780.0,0.161299
6782.0,0.161691
6784.0,0.160036
6786.0,0.15781
6788.0,0.157037
6790.0,0.156991
6792.0,0.156999
6794.0,0.157966
6796.0,0.157772
6798.0,0.155734
6800.0,0.153997
6802.0,0.154783
6804.0,0.157266
6806.0,0.156039
6808.0,0.150653
6810.0,0.148526
6812.0,0.148448
6814.0,0.149238
6816.0,0.151219
6818.0,0.153805
6820.0,0.153129
6822.0,0.147026
6824.0,0.148313
6826.0,0.158371
6828.0,0.162555
6830.0,0.155971
6832.0,0.146283
6834.0,0.144016
6836.0,0.14622
6838.0,0.146001
6840.0,0.146266
6842.0,0.144771
6844.0,0.140174
6846.0,0.135919
6848.0,0.13524
6850.0,0.136759
6852.0,0.13881
6854.0,0.144751
6856.0,0.145578
6858.0,0.140793
6860.0,0.136297
6862.0,0.134857
6864.0,0.134794
6866.0,0.135114
6868.0,0.136009
6870.0,0.138042
6872.0,0.142212
6874.0,0.14529
6876.0,0.146824
6878.0,0.147161
6880.0,0.145825
6882.0,0.142871
6884.0,0.138933
6886.0,0.131565
6888.0,0.127477
6890.0,0.127905
6892.0,0.129245
6894.0,0.12763
6896.0,0.124007
6898.0,0.126197
6900.0,0.133393
6902.0,0.139978
6904.0,0.149429
6906.0,0.155701
6908.0,0.153776
6910.0,0.146776
6912.0,0.144987
6914.0,0.145356
6916.0,0.145934
6918.0,0.149335
6920.0,0.149901
6922.0,0.144486
6924.0,0.137052
6926.0,0.13534
6928.0,0.137293
6930.0,0.13887
6932.0,0.143801
6934.0,0.144759
6936.0,0.1393
6938.0,0.133022
6940.0,0.132328
6942.0,0.135109
6944.0,0.136052
6946.0,0.136994
6948.0,0.137588
6950.0,0.137596
6952.0,0.137723
6954.0,0.138437
6956.0,0.139494
6958.0,0.140661
6960.0,0.142821
6962.0,0.143313
6964.0,0.142314
6966.0,0.141176
6968.0,0.140431
6970.0,0.139583
6972.0,0.137758
6974.0,0.133069
6976.0,0.134431
6978.0,0.142733
6980.0,0.147574
6982.0,0.146623
6984.0,0.144639
6986.0,0.147249
6988.0,0.153533
6990.0,0.153811
6992.0,0.149649
6994.0,0.145807
6996.0,0.141519
6998.0,0.137062
7000.0,0.132281
7002.0,0.127122
7004.0,0.126687
7006.0,0.131952
7008.0,0.134
7010.0,0.133672
7012.0,0.134318
7014.0,0.137659
7016.0,0.142168
7018.0,0.144764
7020.0,0.148364
7022.0,0.146323
7024.0,0.137339
7026.0,0.130804
7028.0,0.12741
7030.0,0.126259
7032.0,0.12882
7034.0,0.136817
7036.0,0.136795
7038.0,0.129035
7040.0,0.125693
7042.0,0.126512
7044.0,0.129014
7046.0,0.132625
7048.0,0.137988
7050.0,0.138339
7052.0,0.132837
7054.0,0.131593
7056.0,0.133367
7058.0,0.135692
7060.0,0.138281
7062.0,0.141002
7064.0,0.140444
7066.0,0.136712
7068.0,0.133787
7070.0,0.128537
7072.0,0.12644
7074.0,0.129776
7076.0,0.13505
7078.0,0.137279
7080.0,0.139517
7082.0,0.136324
7084.0,0.123715
7086.0,0.118819
7088.0,0.124105
7090.0,0.130978
7092.0,0.132498
7094.0,0.131869
7096.0,0.128742
7098.0,0.118101
7100.0,0.116367
7102.0,0.125345
7104.0,0.132413
7106.0,0.129983
7108.0,0.122984
7110.0,0.121899
7112.0,0.125382
7114.0,0.125336
7116.0,0.122648
7118.0,0.121274
7120.0,0.123208
7122.0,0.125728
7124.0,0.123633
7126.0,0.116214
7128.0,0.116163
7130.0,0.121874
7132.0,0.126464
7134.0,0.131264
7136.0,0.134297
7138.0,0.131985
7140.0,0.125261
7142.0,0.120107
7144.0,0.110911
7146.0,0.10921
7148.0,0.117135
7150.0,0.124538
7152.0,0.124678
7154.0,0.121391
7156.0,0.123002
7158.0,0.128466
7160.0,0.131509
7162.0,0.135091
7164.0,0.135767
7166.0,0.131805
7168.0,0.125203
7170.0,0.119296
7172.0,0.109523
7174.0,0.109804
7176.0,0.121089
7178.0,0.128156
7180.0,0.129645
7182.0,0.129185
7184.0,0.128854
7186.0,0.127089
7188.0,0.1289
7190.0,0.1368
7192.0,0.137885
7194.0,0.132274
7196.0,0.124351
7198.0,0.114515
7200.0,0.102472
7202.0,0.103875
7204.0,0.122688
7206.0,0.12795
7208.0,0.123648
7210.0,0.119786
7212.0,0.119227
7214.0,0.119978
7216.0,0.122304
7218.0,0.127715
7220.0,0.129905
7222.0,0.130864
7224.0,0.130343
7226.0,0.127613
7228.0,0.124084
7230.0,0.122027
7232.0,0.120893
7234.0,0.118153
7236.0,0.112804
7238.0,0.11042
7240.0,0.110251
7242.0,0.112384
7244.0,0.118685
7246.0,0.128701
7248.0,0.129577
7250.0,0.120986
7252.0,0.118286
7254.0,0.119654
7256.0,0.120602
7258.0,0.119053
7260.0,0.116674
7262.0,0.116462
7264.0,0.118495
7266.0,0.118457
7268.0,0.116682
7270.0,0.115876
7272.0,0.116862
7274.0,0.118295
7276.0,0.118438
7278.0,0.117842
7280.0,0.117372
7282.0,0.117492
7284.0,0.115964
7286.0,0.110737
7288.0,0.106926
7290.0,0.110459
7292.0,0.119486
7294.0,0.119514
7296.0,0.110639
7298.0,0.108234
7300.0,0.112026
7302.0,0.114463
7304.0,0.111075
7306.0,0.105152
7308.0,0.104639
7310.0,0.108727
7312.0,0.110335
7314.0,0.111883
7316.0,0.112452
7318.0,0.111541
7320.0,0.109909
7322.0,0.108679
7324.0,0.106653
7326.0,0.107551
7328.0,0.111674
7330.0,0.114646
7332.0,0.117423
7334.0,0.118651
7336.0,0.115597
7338.0,0.108593
7340.0,0.107521
7342.0,0.112161
7344.0,0.112798
7346.0,0.10902
7348.0,0.106432
7350.0,0.108536
7352.0,0.113136
7354.0,0.115045
7356.0,0.114219
7358.0,0.117005
7360.0,0.124793
7362.0,0.128889
7364.0,0.12547
7366.0,0.119314
7368.0,0.11859
7370.0,0.121601
7372.0,0.121742
7374.0,0.120212
7376.0,0.119477
7378.0,0.118862
7380.0,0.119528
7382.0,0.123925
7384.0,0.132084
7386.0,0.134603
7388.0,0.133667
7390.0,0.132058
7392.0,0.128363
7394.0,0.124879
7396.0,0.123179
7398.0,0.122425
7400.0,0.122056
7402.0,0.12331
7404.0,0.122715
7406.0,0.118785
7408.0,0.117972
7410.0,0.124823
7412.0,0.133859
7414.0,0.132122
7416.0,0.119839
7418.0,0.116369
7420.0,0.117711
7422.0,0.118366
7424.0,0.118059
7426.0,0.11754
7428.0,0.116842
7430.0,0.115794
7432.0,0.115491
7434.0,0.11479
7436.0,0.116147
7438.0,0.121305
7440.0,0.125317
7442.0,0.124151
7444.0,0.119751
7446.0,0.117238
7448.0,0.113668
7450.0,0.11293
7452.0,0.116748
7454.0,0.118075
7456.0,0.112421
7458.0,0.104282
7460.0,0.10456
7462.0,0.111578
7464.0,0.116223
7466.0,0.123502
7468.0,0.126918
7470.0,0.125122
7472.0,0.120525
7474.0,0.11499
7476.0,0.105998
7478.0,0.104108
7480.0,0.107281
7482.0,0.111471
7484.0,0.120074
7486.0,0.126416
7488.0,0.122803
7490.0,0.112133
7492.0,0.112143
7494.0,0.121474
7496.0,0.125004
7498.0,0.12642
7500.0,0.124963
7502.0,0.118556
7504.0,0.109371
7506.0,0.106098
7508.0,0.106749
7510.0,0.107075
7512.0,0.109517
7514.0,0.110754
7516.0,0.109914
7518.0,0.1083
7520.0,0.10756
7522.0,0.107633
7524.0,0.10531
7526.0,0.100234
7528.0,0.0965374
7530.0,0.0926702
7532.0,0.0912132
7534.0,0.0960321
7536.0,0.106148
7538.0,0.110533
7540.0,0.113062
7542.0,0.113116
7544.0,0.109742
7546.0,0.105662
7548.0,0.101569
7550.0,0.0972962
7552.0,0.0962902
7554.0,0.0979349
7556.0,0.100122
7558.0,0.105783
7560.0,0.108501
7562.0,0.106006
7564.0,0.101297
7566.0,0.098431
7568.0,0.0947929
7570.0,0.0952462
7572.0,0.100371
7574.0,0.103935
7576.0,0.105842
7578.0,0.107181
7580.0,0.10874
7582.0,0.1105
7584.0,0.109135
7586.0,0.104582
7588.0,0.100514
7590.0,0.0947089
7592.0,0.0909984
7594.0,0.0937061
7596.0,0.0999623
7598.0,0.0956405
7600.0,0.0808614
7602.0,0.0719432
7604.0,0.060818
7606.0,0.0572439
7608.0,0.0677299
7610.0,0.0837826
7612.0,0.0874517
7614.0,0.0822405
7616.0,0.0829958
7618.0,0.0858891
7620.0,0.0887908
7622.0,0.0924164
7624.0,0.0954617
7626.0,0.0952916
7628.0,0.0918869
7630.0,0.0944715
7632.0,0.10302
7634.0,0.108219
7636.0,0.112269
7638.0,0.113454
7640.0,0.109065
7642.0,0.100547
7644.0,0.097268
7646.0,0.0968772
7648.0,0.0963778
7650.0,0.097965
7652.0,0.0978274
7654.0,0.0934318
7656.0,0.0876218
7658.0,0.086991
7660.0,0.0900588
7662.0,0.0927828
7664.0,0.0982592
7666.0,0.10107
7668.0,0.0997723
7670.0,0.0972862
7672.0,0.0971484
7674.0,0.0985295
7676.0,0.0970387
7678.0,0.0911097
7680.0,0.089944
7682.0,0.094761
7684.0,0.0997964
7686.0,0.101545
7688.0,0.101812
7690.0,0.0979225
7692.0,0.085102
7694.0,0.0819929
7696.0,0.0871835
7698.0,0.0927778
7700.0,0.0971425
7702.0,0.100752
7704.0,0.0985538
7706.0,0.0898401
7708.0,0.0842417
7710.0,0.0761773
7712.0,0.073331
7714.0,0.0796352
7716.0,0.0880741
7718.0,0.0875562
7720.0,0.0793121
7722.0,0.0824713
7724.0,0.0961836
7726.0,0.10455
7728.0,0.109266
7730.0,0.110475
7732.0,0.105548
7734.0,0.0948716
7736.0,0.0940692
7738.0,0.103357
7740.0,0.10498
7742.0,0.102096
7744.0,0.0965076
7746.0,0.0857951
7748.0,0.0729093
7750.0,0.0744167
7752.0,0.0939418
7754.0,0.0976965
7756.0,0.0920196
7758.0,0.0872047
7760.0,0.0853158
7762.0,0.0837136
7764.0,0.0800219
7766.0,0.0734497
7768.0,0.0729122
7770.0,0.0795492
7772.0,0.0815314
7774.0,0.0776328
7776.0,0.0727261
7778.0,0.0703151
7780.0,0.0685646
7782.0,0.0702808
7784.0,0.0742463
7786.0,0.0813716
7788.0,0.0958261
7790.0,0.106716
7792.0,0.107873
7794.0,0.103087
7796.0,0.0972405
7798.0,0.0831381
7800.0,0.0791976
7802.0,0.0843339
7804.0,0.0869993
7806.0,0.0837328
7808.0,0.078575
7810.0,0.0760688
7812.0,0.0732231
7814.0,0.0756623
7816.0,0.0865249
7818.0,0.0913335
7820.0,0.0878516
7822.0,0.0825364
7824.0,0.0810256
7826.0,0.0807742
7828.0,0.0822547
7830.0,0.0874896
7832.0,0.0895986
7834.0,0.0889681
7836.0,0.08759
7838.0,0.0858216
7840.0,0.0835733
7842.0,0.0849619
7844.0,0.0902647
7846.0,0.0937276
7848.0,0.0993717
7850.0,0.100501
7852.0,0.0922171
7854.0,0.080733
7856.0,0.0800911
7858.0,0.0874243
7860.0,0.0921429
7862.0,0.10046
7864.0,0.103663
7866.0,0.098457
7868.0,0.0920062
7870.0,0.0930572
7872.0,0.099009
7874.0,0.10129
7876.0,0.105218
7878.0,0.102853
7880.0,0.0911797
7882.0,0.0802428
7884.0,0.0763015
7886.0,0.0761516
7888.0,0.0813716
7890.0,0.0999273
7892.0,0.103717
7894.0,0.0948521
7896.0,0.0863896
7898.0,0.0820206
7900.0,0.0792667
7902.0,0.0790275
7904.0,0.0822587
7906.0,0.0838989
7908.0,0.0885623
7910.0,0.0873584
7912.0,0.0749245
7914.0,0.0615872
7916.0,0.0624082
7918.0,0.0736853
7920.0,0.0791114
7922.0,0.0839097
7924.0,0.0880338
7926.0,0.0914022
7928.0,0.0942172
7930.0,0.0963346
7932.0,0.0977304
7934.0,0.10102
7936.0,0.108784
7938.0,0.109694
7940.0,0.103889
7942.0,0.0978044
7944.0,0.0936217
7946.0,0.0899995
7948.0,0.0874352
7950.0,0.0845709
7952.0,0.0856994
7954.0,0.0914224
7956.0,0.0964017
7958.0,0.100909
7960.0,0.104116
7962.0,0.102701
7964.0,0.0965136
7966.0,0.093848
7968.0,0.0918246
7970.0,0.0912452
7972.0,0.092265
7974.0,0.0943533
7976.0,0.0976896
7978.0,0.102571
7980.0,0.103092
7982.0,0.0993415
7984.0,0.0974192
7986.0,0.0955935
7988.0,0.0950026
7990.0,0.0968474
7992.0,0.100141
7994.0,0.101418
7996.0,0.10215
7998.0,0.101581
8000.0,0.0980101
8002.0,0.0968018
8004.0,0.100511
8006.0,0.105343
8008.0,0.104868
8010.0,0.100152
8012.0,0.0985208
8014.0,0.0970853
8016.0,0.0976643
8018.0,0.102136
8020.0,0.106139
8022.0,0.10464
8024.0,0.0992305
8026.0,0.0973498
8028.0,0.0961097
8030.0,0.096871
8032.0,0.100643
8034.0,0.104278
8036.0,0.106262
8038.0,0.107409
8040.0,0.107048
8042.0,0.103898
8044.0,0.10307
8046.0,0.104409
8048.0,0.104417
8050.0,0.101118
8052.0,0.0971368
8054.0,0.097613
8056.0,0.101779
8058.0,0.104142
8060.0,0.107835
8062.0,0.108598
8064.0,0.10393
8066.0,0.099459
8068.0,0.102299
8070.0,0.110686
8072.0,0.113174
8074.0,0.113313
8076.0,0.11169
8078.0,0.106747
8080.0,0.102022
8082.0,0.0998507
8084.0,0.098985
8086.0,0.0983527
8088.0,0.0968233
8090.0,0.0994043
8092.0,0.108321
8094.0,0.114056
8096.0,0.112469
8098.0,0.107839
8100.0,0.107302
8102.0,0.108579
8104.0,0.109896
8106.0,0.114767
8108.0,0.114534
8110.0,0.105272
8112.0,0.0951171
8114.0,0.0947929
8116.0,0.10157
8118.0,0.102637
8120.0,0.101757
8122.0,0.10006
8124.0,0.0961831
8126.0,0.0929574
8128.0,0.0922602
8130.0,0.0931231
8132.0,0.0970735
8134.0,0.107036
8136.0,0.111665
8138.0,0.113504
8140.0,0.113138
8142.0,0.110069
8144.0,0.105033
8146.0,0.100916
8148.0,0.094575
8150.0,0.0939134
8152.0,0.100505
8154.0,0.10303
8156.0,0.0987105
8158.0,0.0925467
8160.0,0.0901117
8162.0,0.0890998
8164.0,0.0895272
8166.0,0.0922198
8168.0,0.0946296
8170.0,0.0985918
8172.0,0.1006
8174.0,0.0961042
8176.0,0.086668
8178.0,0.0859333
8180.0,0.0934713
8182.0,0.0956555
8184.0,0.0946918
8186.0,0.0927669
8188.0,0.0894202
8190.0,0.0855742
8192.0,0.0876646
8194.0,0.0984756
8196.0,0.0996478
8198.0,0.0946477
8200.0,0.0890918
8202.0,0.0811453
8204.0,0.0745566
8206.0,0.079237
8208.0,0.0959792
8210.0,0.099363
8212.0,0.0935168
8214.0,0.0901014
8216.0,0.0868648
8218.0,0.0863931
8220.0,0.0931769
8222.0,0.10594
8224.0,0.113836
8226.0,0.122915
8228.0,0.125375
8230.0,0.120461
8232.0,0.114087
8234.0,0.107994
8236.0,0.101536
8238.0,0.100135
8240.0,0.104623
8242.0,0.105584
8244.0,0.105948
8246.0,0.105212
8248.0,0.102955
8250.0,0.0998207
8252.0,0.0969803
8254.0,0.0935755
8256.0,0.0915026
8258.0,0.0903501
8260.0,0.0895902
8262.0,0.0905505
8264.0,0.0904679
8266.0,0.0846357
8268.0,0.0732386
8270.0,0.0753245
8272.0,0.0929772
8274.0,0.0996869
8276.0,0.0968784
8278.0,0.0929179
8280.0,0.091712
8282.0,0.0911248
8284.0,0.0911696
8286.0,0.0936337
8288.0,0.0925103
8290.0,0.0866448
8292.0,0.083669
8294.0,0.0857964
8296.0,0.0908701
8298.0,0.0974734
8300.0,0.110205
8302.0,0.111435
8304.0,0.102072
8306.0,0.0953338
8308.0,0.0914265
8310.0,0.0889122
8312.0,0.0881122
8314.0,0.0892893
8316.0,0.089259
8318.0,0.0898062
8320.0,0.0885809
8322.0,0.0847288
8324.0,0.0811994
8326.0,0.0798099
8328.0,0.0796178
8330.0,0.0805821
8332.0,0.0840443
8334.0,0.0856061
8336.0,0.084272
8338.0,0.0857114
8340.0,0.09318
8342.0,0.10316
8344.0,0.108139
8346.0,0.111087
8348.0,0.111455
8350.0,0.109025
8352.0,0.104909
8354.0,0.0966714
8356.0,0.0890794
8358.0,0.0900878
8360.0,0.0981377
8362.0,0.101353
8364.0,0.105401
8366.0,0.104534
8368.0,0.0955067
8370.0,0.0877152
8372.0,0.0891231
8374.0,0.0960665
8376.0,0.0981615
8378.0,0.099074
8380.0,0.0984311
8382.0,0.0941643
8384.0,0.0919205
8386.0,0.094418
8388.0,0.0994081
8390.0,0.10319
8392.0,0.107889
8394.0,0.11068
8396.0,0.11203
8398.0,0.113021
8400.0,0.114451
8402.0,0.114875
8404.0,0.111739
8406.0,0.104929
8408.0,0.101118
8410.0,0.0976227
8412.0,0.0961831
8414.0,0.0986092
8416.0,0.100368
8418.0,0.0965313
8420.0,0.088841
8422.0,0.0880325
8424.0,0.0943595
8426.0,0.0952868
8428.0,0.0927262
8430.0,0.0887549
8432.0,0.0824871
8434.0,0.0752575
8436.0,0.0760094
8438.0,0.0843277
8440.0,0.0902951
8442.0,0.0987278
8444.0,0.104359
8446.0,0.106328
8448.0,0.105636
8450.0,0.102315
8452.0,0.0950344
8454.0,0.0905343
8456.0,0.0843908
8458.0,0.0835758
8460.0,0.091387
8462.0,0.0993223
8464.0,0.0990662
8466.0,0.0939954
8468.0,0.0892242
8470.0,0.0798056
8472.0,0.0761262
8474.0,0.0777914
8476.0,0.0806852
8478.0,0.0833864
8480.0,0.08656
8482.0,0.0876664
8484.0,0.0859573
8486.0,0.0870211
8488.0,0.0907373
8490.0,0.093032
8492.0,0.0926671
8494.0,0.0910909
8496.0,0.0899415
8498.0,0.0880244
8500.0,0.0879009
8502.0,0.0902813
8504.0,0.0907087
8506.0,0.0875614
8508.0,0.0847905
8510.0,0.0874518
8512.0,0.0947226
8514.0,0.0937066
8516.0,0.0845394
8518.0,0.0801472
8520.0,0.0781082
8522.0,0.0788364
8524.0,0.0845438
8526.0,0.0937759
8528.0,0.0955591
8530.0,0.0922539
8532.0,0.0888421
8534.0,0.0807913
8536.0,0.0767445
8538.0,0.0816343
8540.0,0.0895653
8542.0,0.0883484
8544.0,0.0793191
8546.0,0.0765255
8548.0,0.0760373
8550.0,0.0768028
8552.0,0.0796666
8554.0,0.0829782
8556.0,0.0841679
8558.0,0.0839407
8560.0,0.0852439
8562.0,0.0876095
8564.0,0.0895234
8566.0,0.0919897
8568.0,0.0931643
8570.0,0.0910612
8572.0,0.0866583
8574.0,0.0851799
8576.0,0.0855851
8578.0,0.0853508
8580.0,0.084235
8582.0,0.0845529
8584.0,0.088584
8586.0,0.0936584
8588.0,0.0920372
8590.0,0.0828553
8592.0,0.080833
8594.0,0.0842694
8596.0,0.085266
8598.0,0.0819242
8600.0,0.0778688
8602.0,0.0771985
8604.0,0.0785356
8606.0,0.0797939
8608.0,0.0818121
8610.0,0.0840589
8612.0,0.087362
8614.0,0.0899642
8616.0,0.0897153
8618.0,0.0874275
8620.0,0.0895685
8622.0,0.0987726
8624.0,0.0992624
8626.0,0.0894849
8628.0,0.0829304
8630.0,0.0862236
8632.0,0.0941046
8634.0,0.0974659
8636.0,0.100237
8638.0,0.100294
8640.0,0.0972372
8642.0,0.0939953
8644.0,0.0901222
8646.0,0.0866193
8648.0,0.0859119
8650.0,0.0864196
8652.0,0.0914304
8654.0,0.105866
8656.0,0.111625
8658.0,0.107875
8660.0,0.100593
8662.0,0.0919797
8664.0,0.0798232
8666.0,0.0822762
8668.0,0.105718
8670.0,0.109949
8672.0,0.0967852
8674.0,0.0830962
8676.0,0.0748886
8678.0,0.0689857
8680.0,0.0704388
8682.0,0.0824553
8684.0,0.0877758
8686.0,0.0921849
8688.0,0.0937545
8690.0,0.0901431
8692.0,0.0851641
8694.0,0.0867172
8696.0,0.0942842
8698.0,0.0949786
8700.0,0.0908699
8702.0,0.0877838
8704.0,0.0851582
8706.0,0.0832662
8708.0,0.0835366
8710.0,0.085898
8712.0,0.084125
8714.0,0.0769803
8716.0,0.0749632
8718.0,0.0777252
8720.0,0.081205
8722.0,0.0836273
8724.0,0.0859502
8726.0,0.0874914
8728.0,0.0889749
8730.0,0.0887793
8732.0,0.0861566
8734.0,0.0843989
8736.0,0.0842849
8738.0,0.0850889
8740.0,0.0866748
8742.0,0.0903518
8744.0,0.0904978
8746.0,0.086038
8748.0,0.0852571
8750.0,0.0903272
8752.0,0.0959217
8754.0,0.0966806
8756.0,0.0949249
8758.0,0.0908506
8760.0,0.0814468
8762.0,0.0759841
8764.0,0.0739059
8766.0,0.0728201
8768.0,0.0715705
8770.0,0.0707669
8772.0,0.0704426
8774.0,0.0708411
8776.0,0.0711142
8778.0,0.0703903
8780.0,0.0716099
8782.0,0.0768597
8784.0,0.0836332
8786.0,0.0861622
8788.0,0.0865827
8790.0,0.0851151
8792.0,0.0795403
8794.0,0.07612
8796.0,0.0755226
8798.0,0.076199
8800.0,0.0771655
8802.0,0.0790618
8804.0,0.0803331
8806.0,0.0815758
8808.0,0.0824925
8810.0,0.0836685
8812.0,0.0838249
8814.0,0.0816885
8816.0,0.0778509
8818.0,0.0751227
8820.0,0.070247
8822.0,0.0707561
8824.0,0.0764044
8826.0,0.0830073
8828.0,0.0921209
8830.0,0.100814
8832.0,0.0944023
8834.0,0.0688217
8836.0,0.0604457
8838.0,0.0614846
8840.0,0.0629225
8842.0,0.0640875
8844.0,0.0660278
8846.0,0.0684186
8848.0,0.0713875
8850.0,0.0749742
8852.0,0.0809289
8854.0,0.0838483
8856.0,0.0834258
8858.0,0.0818275
8860.0,0.0801722
8862.0,0.0777847
8864.0,0.0776293
8866.0,0.0801645
8868.0,0.0806384
8870.0,0.0791664
8872.0,0.0781944
8874.0,0.079669
8876.0,0.0818149
8878.0,0.0789603
8880.0,0.0704664
8882.0,0.066014
8884.0,0.0624208
8886.0,0.0605447
8888.0,0.0601397
8890.0,0.0617172
8892.0,0.0670736
8894.0,0.0778409
8896.0,0.0815303
8898.0,0.0795
8900.0,0.0795012
8902.0,0.0823188
8904.0,0.0846256
8906.0,0.0835102
8908.0,0.0800153
8910.0,0.078227
8912.0,0.0772599
8914.0,0.0755769
8916.0,0.0714133
8918.0,0.07001
8920.0,0.0760333
8922.0,0.0858732
8924.0,0.08612
8926.0,0.0773199
8928.0,0.0739337
8930.0,0.0715098
8932.0,0.0706934
8934.0,0.072787
8936.0,0.0756837
8938.0,0.0745
8940.0,0.0687203
8942.0,0.0699526
8944.0,0.0792081
8946.0,0.0827341
8948.0,0.0790126
8950.0,0.0732087
8952.0,0.0691004
8954.0,0.0645521
8956.0,0.0639911
8958.0,0.0699401
8960.0,0.0697743
8962.0,0.061488
8964.0,0.0556654
8966.0,0.0597761
8968.0,0.0692855
8970.0,0.0711157
8972.0,0.0669797
8974.0,0.0666047
8976.0,0.0664674
8978.0,0.0688966
8980.0,0.077207
8982.0,0.0866389
8984.0,0.0853656
8986.0,0.0748776
8988.0,0.0684699
8990.0,0.0568446
8992.0,0.0553487
8994.0,0.0674947
8996.0,0.0849109
8998.0,0.100833
9000.0,0.121031
9002.0,0.12305
9004.0,0.107319
9006.0,0.0953416
9008.0,0.0821693
9010.0,0.0714833
9012.0,0.0668125
9014.0,0.0663207
9016.0,0.0675242
9018.0,0.0740737
9020.0,0.0767314
9022.0,0.077019
9024.0,0.0771873
9026.0,0.0785984
9028.0,0.0797349
9030.0,0.0768722
9032.0,0.0681146
9034.0,0.066681
9036.0,0.0727202
9038.0,0.0742084
9040.0,0.0667176
9042.0,0.0591043
9044.0,0.0634792
9046.0,0.0780015
9048.0,0.0811171
9050.0,0.0778035
9052.0,0.0740396
9054.0,0.0672324
9056.0,0.0615507
9058.0,0.060826
9060.0,0.0632542
9062.0,0.0654999
9064.0,0.0701919
9066.0,0.0724567
9068.0,0.072635
9070.0,0.0728559
9072.0,0.0738908
9074.0,0.0751923
9076.0,0.0765071
9078.0,0.0795608
9080.0,0.0782685
9082.0,0.0714926
9084.0,0.0676667
9086.0,0.0692187
9088.0,0.0719972
9090.0,0.0705448
9092.0,0.0656974
9094.0,0.0654952
9096.0,0.0685366
9098.0,0.0713314
9100.0,0.0755387
9102.0,0.0782719
9104.0,0.0755236
9106.0,0.0685235
9108.0,0.06926
9110.0,0.0782258
9112.0,0.0807499
9114.0,0.0795788
9116.0,0.0758273
9118.0,0.0683863
9120.0,0.0586164
9122.0,0.054238
9124.0,0.0519933
9126.0,0.0534729
9128.0,0.0609112
9130.0,0.0667259
9132.0,0.0696222
9134.0,0.07113
9136.0,0.0717157
9138.0,0.0704108
9140.0,0.0712076
9142.0,0.0756051
9144.0,0.075334
9146.0,0.0680941
9148.0,0.0604309
9150.0,0.0584059
9152.0,0.0595036
9154.0,0.0606818
9156.0,0.0649061
9158.0,0.0659249
9160.0,0.0631734
9162.0,0.0611317
9164.0,0.0618441
9166.0,0.0641687
9168.0,0.0684622
9170.0,0.0786349
9172.0,0.0810535
9174.0,0.0781711
9176.0,0.073967
9178.0,0.0684855
9180.0,0.0622276
9182.0,0.0578445
9184.0,0.0530786
9186.0,0.0535672
9188.0,0.0614373
9190.0,0.0652092
9192.0,0.0642739
9194.0,0.0612697
9196.0,0.0571856
9198.0,0.0506851
9200.0,0.0499535
9202.0,0.053442
9204.0,0.05757
9206.0,0.0656953
9208.0,0.0711379
9210.0,0.0681352
9212.0,0.0600689
9214.0,0.0591457
9216.0,0.0647406
9218.0,0.0646373
9220.0,0.059632
9222.0,0.0564304
9224.0,0.0577778
9226.0,0.0607192
9228.0,0.0605655
9230.0,0.0593632
9232.0,0.0560375
9234.0,0.0468397
9236.0,0.0436899
9238.0,0.0483351
9240.0,0.0565911
9242.0,0.0658222
9244.0,0.079211
9246.0,0.0815433
9248.0,0.0732161
9250.0,0.0683365
9252.0,0.0661109
9254.0,0.0633667
9256.0,0.0565937
9258.0,0.047472
9260.0,0.051222
9262.0,0.0723249
9264.0,0.0786363
9266.0,0.0735233
9268.0,0.0693368
9270.0,0.0709831
9272.0,0.0741668
9274.0,0.0729088
9276.0,0.0700623
9278.0,0.0632285
9280.0,0.0465213
9282.0,0.0389732
9284.0,0.0452385
9286.0,0.0564533
9288.0,0.0629685
9290.0,0.0691949
9292.0,0.0726711
9294.0,0.075237
9296.0,0.0736477
9298.0,0.0681352
9300.0,0.0591126
9302.0,0.0439034
9304.0,0.0229002
9306.0,0.0207552
9308.0,0.048879
9310.0,0.042683
9312.0,-0.00645552
9314.0,-0.0374953
9316.0,-0.0211125
9318.0,0.0198008
9320.0,0.0480641
9322.0,0.0796726
9324.0,0.10612
9326.0,0.142949
9328.0,0.153311
9330.0,0.118239
9332.0,0.0701043
9334.0,0.0596803
9336.0,0.0746973
9338.0,0.0691974
9340.0,0.0445786
9342.0,0.0406025
9344.0,0.0660767
9346.0,0.0922872
9348.0,0.0929184
9350.0,0.0781737
9352.0,0.0803811
9354.0,0.101611
9356.0,0.100241
9358.0,0.0673033
9360.0,0.0478027
9362.0,0.064813
9364.0,0.102989
9366.0,0.141284
9368.0,0.223808
9370.0,0.225409
9372.0,0.146767
9374.0,0.0888662
9376.0,0.0750455
9378.0,0.0767921
9380.0,0.0688989
9382.0,0.0601095
9384.0,0.0565565
9386.0,0.060521
9388.0,0.059449
9390.0,0.0501987
9392.0,0.0415804
9394.0,0.0421371
9396.0,0.0486077
9398.0,0.0545471
9400.0,0.0678182
9402.0,0.0701689
9404.0,0.0612349
9406.0,0.0504673
9408.0,0.0413485
9410.0,0.0322475
9412.0,0.0299951
9414.0,0.0306457
9416.0,0.0393188
9418.0,0.0629911
9420.0,0.07864
9422.0,0.080693
9424.0,0.0743976
9426.0,0.0616456
9428.0,0.036778
9430.0,0.0218092
9432.0,0.0124855
9434.0,0.00136444
9436.0,-0.0226412
9438.0,-0.0357547
9440.0,-0.00217621
9442.0,0.0747213
9444.0,0.0913557
9446.0,0.0552509
9448.0,0.0490249
9450.0,0.0731837
9452.0,0.0932533
9454.0,0.0882302
9456.0,0.0694281
9458.0,0.0558637
9460.0,0.0292903
9462.0,0.0283144
9464.0,0.059229
9466.0,0.0779494
9468.0,0.0652126
9470.0,0.0408918
9472.0,0.0393728
9474.0,0.0597194
9476.0,0.0521817
9478.0,0.0164976
9480.0,-0.00255871
9482.0,0.000423621
9484.0,0.0131586
9486.0,0.0272216
9488.0,0.0484547
9490.0,0.0610192
9492.0,0.0700765
9494.0,0.075435
9496.0,0.0738857
9498.0,0.0730522
9500.0,0.0806846
9502.0,0.0932212
9504.0,0.0919258
9506.0,0.0766234
9508.0,0.0690588
9510.0,0.0656311
9512.0,0.0618984
9514.0,0.0552415
9516.0,0.0482839
9518.0,0.0474744
9520.0,0.0508649
9522.0,0.0567349
9524.0,0.0702187
9526.0,0.0780932
9528.0,0.0788226
9530.0,0.0749752
9532.0,0.0667455
9534.0,0.0510353
9536.0,0.0459592
9538.0,0.0445208
9540.0,0.050514
9542.0,0.06948
9544.0,0.0877242
9546.0,0.0937709
9548.0,0.0929653
9550.0,0.0889117
9552.0,0.0751415
9554.0,0.0687065
9556.0,0.0653631
9558.0,0.06623
9560.0,0.0726197
9562.0,0.0833582
9564.0,0.0950393
9566.0,0.116861
9568.0,0.120443
9570.0,0.109527
9572.0,0.0973392
9574.0,0.0830656
9576.0,0.0692516
9578.0,0.0655457
9580.0,0.0718246
9582.0,0.0681825
9584.0,0.0623868
9586.0,0.0498484
9588.0,0.0243932
9590.0,0.000620854
9592.0,-0.00771074
9594.0,-0.0068015
9596.0,0.00120324
9598.0,0.0218589
9600.0,0.0396292
9602.0,0.0636306
9604.0,0.0788147
9606.0,0.0748138
9608.0,0.0588339
9610.0,0.0487473
9612.0,0.0354563
9614.0,0.0280602
9616.0,0.0278585
9618.0,0.0239048
9620.0,0.00778091
9622.0,-0.00778945
9624.0,0.00352073
9626.0,0.0429087
9628.0,0.0554335
9630.0,0.0498778
9632.0,0.0508587
9634.0,0.0613341
9636.0,0.0715728
9638.0,0.0737593
9640.0,0.0715806
9642.0,0.0630931
9644.0,0.0406416
9646.0,0.0305312
9648.0,0.0292778
9650.0,0.0337279
9652.0,0.0456718
9654.0,0.0634831
9656.0,0.0681728
9658.0,0.0665536
9660.0,0.0582472
9662.0,0.0368973
9664.0,0.0200785
9666.0,0.0112012
9668.0,0.00798852
9670.0,0.0138703
9672.0,0.0323464
9674.0,0.0425111
9676.0,0.0483606
9678.0,0.0569788
9680.0,0.0724415
9682.0,0.08586
9684.0,0.0860662
9686.0,0.076361
9688.0,0.0687989
9690.0,0.0602614
9692.0,0.0482542
9694.0,0.0245417
9696.0,0.00983172
9698.0,0.0219545
9700.0,0.0515862
9702.0,0.0647852
9704.0,0.0757045
9706.0,0.0764999
9708.0,0.0645182
9710.0,0.0521959
9712.0,0.0411823
9714.0,0.0316305
9716.0,0.0328167
9718.0,0.0465116
9720.0,0.0516412
9722.0,0.0561236
9724.0,0.0555191
9726.0,0.0451147
9728.0,0.0342093
9730.0,0.0367248
9732.0,0.0493473
9734.0,0.0552959
9736.0,0.0633225
9738.0,0.0630013
9740.0,0.0493614
9742.0,0.0372701
9744.0,0.0398437
9746.0,0.0511801
9748.0,0.0502246
9750.0,0.0391227
9752.0,0.0344231
9754.0,0.0320525
9756.0,0.0324251
9758.0,0.0378392
9760.0,0.0455475
9762.0,0.0450121
9764.0,0.0322759
9766.0,0.0365903
9768.0,0.0586685
9770.0,0.0715264
9772.0,0.0704186
9774.0,0.0629594
9776.0,0.0548792
9778.0,0.0415612
9780.0,0.0360389
9782.0,0.0339577
9784.0,0.0360162
9786.0,0.0447895
9788.0,0.054279
9790.0,0.0595027
9792.0,0.0629173
9794.0,0.0628369
9796.0,0.0549842
9798.0,0.055039
9800.0,0.0656015
9802.0,0.0713192
9804.0,0.0627159
9806.0,0.0471443
9808.0,0.0427023
9810.0,0.0450848
9812.0,0.0463809
9814.0,0.0483641
9816.0,0.0526284
9818.0,0.0606212
9820.0,0.0699569
9822.0,0.0770768
9824.0,0.086738
9826.0,0.0819418
9828.0,0.0552934
9830.0,0.0450367
9832.0,0.0568483
9834.0,0.0713578
9836.0,0.0720761
9838.0,0.0659583
9840.0,0.059859
9842.0,0.0427829
9844.0,0.042604
9846.0,0.0623658
9848.0,0.0808101
9850.0,0.0889187
9852.0,0.0914599
9854.0,0.0820869
9856.0,0.0505365
9858.0,0.0391006
9860.0,0.041235
9862.0,0.0416969
9864.0,0.0391588
9866.0,0.0335878
9868.0,0.0177202
9870.0,-0.010891
9872.0,-0.0279286
9874.0,-0.0493265
9876.0,-0.0500991
9878.0,-0.0199456
9880.0,0.0165076
9882.0,0.0332652
9884.0,0.041052
9886.0,0.0467156
9888.0,0.0434738
9890.0,0.0456593
9892.0,0.0582162
9894.0,0.0630002
9896.0,0.0441519
9898.0,0.011096
9900.0,0.00346007
9902.0,0.0141953
9904.0,0.0204165
9906.0,0.0300964
9908.0,0.0382546
9910.0,0.0449767
9912.0,0.0491642
9914.0,0.0439104
9916.0,0.0237494
9918.0,0.0228481
9920.0,0.0360866
9922.0,0.0479419
9924.0,0.059965
9926.0,0.0698541
9928.0,0.0702739
9930.0,0.0608905
9932.0,0.0673869
9934.0,0.0877307
9936.0,0.102366
9938.0,0.132777
9940.0,0.134887
9942.0,0.0567925
9944.0,-0.0763276
9946.0,-0.10018
9948.0,-0.0329219
9950.0,-0.0018929
9952.0,0.0259237
9954.0,0.0471649
9956.0,0.0597965
9958.0,0.0653869
9960.0,0.0645677
9962.0,0.0510478
9964.0,0.0484516
9966.0,0.0530836
9968.0,0.0550611
9970.0,0.0532222
9972.0,0.0497368
9974.0,0.045427
9976.0,0.0386075
9978.0,0.037716
9980.0,0.0420908
9982.0,0.0454789
9984.0,0.0505863
9986.0,0.0529861
9988.0,0.0468943
9990.0,0.0344939
9992.0,0.032712
9994.0,0.0398429
9996.0,0.0426677
9998.0,0.0438236
10000.0,0.0443546
10002.0,0.0464638
10004.0,0.0476125
10006.0,0.037308
10008.0,0.0123297
10010.0,-0.00155196
10012.0,-0.0101365
10014.0,-0.0187733
10016.0,-0.0365509
10018.0,-0.0471946
10020.0,-0.0176887
10022.0,0.0572266
10024.0,0.0749472
10026.0,0.050138
10028.0,0.0364779
10030.0,0.0278073
10032.0,0.0258111
10034.0,0.0391742
10036.0,0.065792
10038.0,0.0759359
10040.0,0.0740902
10042.0,0.0779282
10044.0,0.0874351
10046.0,0.0932366
10048.0,0.0906689
10050.0,0.0828372
10052.0,0.0741185
10054.0,0.0574926
10056.0,0.0515917
10058.0,0.0531845
10060.0,0.0559623
10062.0,0.059613
10064.0,0.0639398
10066.0,0.066979
10068.0,0.0730157
10070.0,0.0648114
10072.0,0.0383464
10074.0,0.0217338
10076.0,0.014571
10078.0,0.0132363
10080.0,0.0187844
10082.0,0.0328395
10084.0,0.0328295
10086.0,0.0208095
10088.0,0.0139972
10090.0,0.00262137
10092.0,0.00289051
10094.0,0.0322715
10096.0,0.0785904
10098.0,0.0866815
10100.0,0.0565366
10102.0,0.0539935
10104.0,0.0733994
10106.0,0.0798249
10108.0,0.0566466
10110.0,0.0249232
10112.0,0.02315
10114.0,0.0469296
10116.0,0.0493345
10118.0,0.040952
10120.0,0.0331491
10122.0,0.0191319
10124.0,0.0119388
10126.0,0.0349149
10128.0,0.0871329
10130.0,0.0906075
10132.0,0.050411
10134.0,0.0305795
10136.0,0.0210527
10138.0,0.0204715
10140.0,0.0342023
10142.0,0.059051
10144.0,0.0660477
10146.0,0.0680993
10148.0,0.0559068
10150.0,0.0180893
10152.0,-0.00824554
10154.0,-0.0148727
10156.0,-0.00666656
10158.0,0.0268941
10160.0,0.108957
10162.0,0.128184
10164.0,0.0973288
10166.0,0.0777556
10168.0,0.0645165
10170.0,0.0654519
10172.0,0.112686
10174.0,0.215315
10176.0,0.215025
10178.0,0.119733
10180.0,0.063078
10182.0,0.0337476
10184.0,0.0135747
10186.0,-0.0050766
10188.0,-0.0185188
10190.0,-0.0188992
10192.0,0.0025378
10194.0,0.00814429
10196.0,0.00328174
10198.0,-0.0020915
10200.0,-0.00573796
10202.0,-0.00865829
10204.0,-0.0063849
10206.0,0.00976169
10208.0,0.000394976
10210.0,-0.0413452
10212.0,-0.0619189
10214.0,-0.0487676
10216.0,-0.0242515
10218.0,-0.0117363
10220.0,0.00151346
10222.0,-0.00302392
10224.0,-0.0363272
10226.0,-0.0467216
10228.0,-0.0471963
10230.0,-0.0219685
10232.0,0.0648133
10234.0,0.204335
10236.0,0.218653
10238.0,0.101749
10240.0,0.068853
10242.0,0.0974878
10244.0,0.121776
10246.0,0.111135
10248.0,0.0883197
10250.0,0.0914083
10252.0,0.130077
10254.0,0.12028
10256.0,0.0668774
10258.0,0.0265402
10260.0,0.00572428
10262.0,-0.00246214
10264.0,0.00817438
10266.0,0.0459784
10268.0,0.0536931
10270.0,0.025611
10272.0,0.0333077
10274.0,0.0942178
10276.0,0.155245
10278.0,0.171159
10280.0,0.162456
10282.0,0.134473
10284.0,0.0184784
10286.0,0.0293658
10288.0,0.215635
10290.0,0.345286
10292.0,0.274824
10294.0,0.102443
10296.0,0.0553113
10298.0,0.0859944
10300.0,0.0791184
10302.0,0.05988
10304.0,0.0515447
10306.0,0.0577978
10308.0,0.0755018
10310.0,0.110645
10312.0,0.184695
10314.0,0.184508
10316.0,0.106946
10318.0,0.0659318
10320.0,0.0745441
10322.0,0.0891825
10324.0,0.0692772
10326.0,0.0266895
10328.0,0.0226731
10330.0,0.072563
10332.0,0.0638223
10334.0,-0.0243134
10336.0,-0.0906514
10338.0,-0.0708765
10340.0,-0.00257927
10342.0,0.0397008
10344.0,0.112065
10346.0,0.114645
10348.0,0.0399279
10350.0,-0.017306
10352.0,-0.0332136
10354.0,-0.0286255
10356.0,-0.010118
10358.0,0.0355468
10360.0,0.0619775
10362.0,0.0820611
10364.0,0.0997012
10366.0,0.128315
10368.0,0.140116
10370.0,0.0900237
10372.0,-0.0202582
10374.0,-0.0510551
10376.0,-0.0296624
10378.0,-0.0126217
10380.0,0.0115579
10382.0,0.0367506
10384.0,0.0610014
10386.0,0.0852498
10388.0,0.0779135
10390.0,0.00677777
10392.0,0.0148582
10394.0,0.114307
10396.0,0.175217
10398.0,0.14349
10400.0,0.0700904
