3600.0,0.347676,0.63
3602.0,1.1739,0.63
3604.0,1.37506,0.63
3606.0,2.262,0.63
3608.0,2.31189,0.63
3610.0,1.26203,0.63
3612.0,1.72224,0.63
3614.0,0.506682,0.63
3616.0,-0.489486,0.63
3618.0,1.54608,0.63
3620.0,1.18197,0.63
3622.0,0.618879,0.63
3624.0,-0.220976,0.63
3626.0,-0.195105,0.63
3628.0,1.01182,0.63
3630.0,1.8476,0.63
3632.0,1.36583,0.63
3634.0,-0.435358,0.63
3636.0,-0.693725,0.63
3638.0,-1.13833,0.63
3640.0,-0.466931,0.63
3642.0,0.764971,0.63
3644.0,0.337039,0.63
3646.0,0.403285,0.63
3648.0,0.501663,0.63
3650.0,-0.161092,0.63
3652.0,0.0835745,0.63
3654.0,-0.953448,0.63
3656.0,0.0300002,0.63
3658.0,2.44043,0.63
3660.0,0.650462,0.63
3662.0,0.462421,0.63
3664.0,0.419389,0.63
3666.0,1.29516,0.63
3668.0,0.0438922,0.63
3670.0,-0.546201,0.63
3672.0,0.234003,0.63
3674.0,0.622707,0.63
3676.0,0.109418,0.63
3678.0,-0.00580953,0.63
3680.0,0.152995,0.63
3682.0,-1.22808,0.63
3684.0,0.598111,0.63
3686.0,-0.018471,0.63
3688.0,0.901984,0.63
3690.0,1.33714,0.63
3692.0,0.732917,0.63
3694.0,-0.765601,0.63
3696.0,-0.967869,0.63
3698.0,-0.656914,0.63
3700.0,1.28626,0.63
3702.0,0.419317,0.63
3704.0,-0.255611,0.63
3706.0,0.0117608,0.63
3708.0,0.984148,0.63
3710.0,0.509304,0.63
3712.0,1.96781,0.63
3714.0,0.302788,0.63
3716.0,0.502981,0.63
3718.0,1.59872,0.63
3720.0,0.970572,0.63
3722.0,0.554093,0.63
3724.0,0.841145,0.63
3726.0,0.289744,0.63
3728.0,-0.0156292,0.63
3730.0,0.0455573,0.63
3732.0,0.0791066,0.63
3734.0,0.537658,0.63
3736.0,0.0410769,0.63
3738.0,1.12047,0.63
3740.0,1.46673,0.63
3742.0,-0.202248,0.63
3744.0,-0.231435,0.63
3746.0,0.43239,0.63
3748.0,0.615764,0.63
3750.0,0.504837,0.63
3752.0,-0.153376,0.63
3754.0,-0.2977,0.63
3756.0,0.787072,0.63
3758.0,0.981477,0.63
3760.0,0.283477,0.63
3762.0,-0.33988,0.63
3764.0,-0.778623,0.63
3766.0,0.0252827,0.63
3768.0,0.0575959,0.63
3770.0,-0.274488,0.63
3772.0,0.370669,0.63
3774.0,0.357664,0.63
3776.0,-0.0111555,0.63
3778.0,0.720159,0.63
3780.0,1.3163,0.63
3782.0,0.523728,0.63
3784.0,1.85342,0.63
3786.0,1.28043,0.63
3788.0,0.486512,0.63
3790.0,0.624334,0.63
3792.0,0.720878,0.63
3794.0,-0.884249,0.63
3796.0,-1.14757,0.63
3798.0,0.832495,0.63
3800.0,1.53992,0.63
3802.0,0.465097,0.63
3804.0,0.616837,0.63
3806.0,0.647942,0.63
3808.0,-0.15879,0.63
3810.0,0.849114,0.63
3812.0,-0.261912,0.63
3814.0,0.538845,0.63
3816.0,0.829861,0.63
3818.0,0.341391,0.63
3820.0,-0.911446,0.63
3822.0,0.601167,0.63
3824.0,0.166028,0.63
3826.0,0.374177,0.63
3828.0,0.775738,0.63
3830.0,0.712391,0.63
3832.0,0.302899,0.63
3834.0,0.704523,0.63
3836.0,0.297437,0.63
3838.0,0.28575,0.63
3840.0,-0.00584535,0.63
3842.0,0.986964,0.63
3844.0,0.135531,0.63
3846.0,0.0103396,0.63
3848.0,0.358529,0.63
3850.0,-0.000619634,0.63
3852.0,-0.032167,0.63
3854.0,0.907603,0.63
3856.0,0.0601023,0.63
3858.0,0.218893,0.63
3860.0,0.853581,0.63
3862.0,0.680431,0.63
3864.0,0.310231,0.63
3866.0,0.722956,0.63
3868.0,0.383039,0.63
3870.0,0.675196,0.63
3872.0,0.243155,0.63
3874.0,1.01167,0.63
3876.0,0.864045,0.63
3878.0,0.829067,0.63
3880.0,0.815075,0.63
3882.0,0.829615,0.63
3884.0,0.736722,0.63
3886.0,0.02148,0.63
3888.0,0.0394464,0.63
3890.0,0.246733,0.63
3892.0,-0.330541,0.63
3894.0,0.702034,0.63
3896.0,0.500403,0.63
3898.0,0.121162,0.63
3900.0,0.573134,0.63
3902.0,0.131574,0.63
3904.0,0.81202,0.63
3906.0,1.0405,0.63
3908.0,0.46033,0.63
3910.0,0.402286,0.63
3912.0,0.787374,0.63
3914.0,1.00616,0.63
3916.0,0.508877,0.63
3918.0,0.470196,0.63
3920.0,0.498138,0.63
3922.0,0.724469,0.63
3924.0,0.688754,0.63
3926.0,0.708813,0.63
3928.0,0.951892,0.63
3930.0,0.569139,0.63
3932.0,0.852396,0.63
3934.0,0.630202,0.63
3936.0,0.486938,0.63
3938.0,0.885704,0.63
3940.0,1.45434,0.63
3942.0,1.44817,0.63
3944.0,1.49929,0.63
3946.0,0.305476,0.63
3948.0,0.648289,0.63
3950.0,0.701625,0.63
3952.0,1.15264,0.63
3954.0,0.909348,0.63
3956.0,1.42676,0.63
3958.0,1.44614,0.63
3960.0,1.13212,0.63
3962.0,0.576978,0.63
3964.0,0.382878,0.63
3966.0,0.566161,0.63
3968.0,0.360645,0.63
3970.0,1.26687,0.63
3972.0,0.449543,0.63
3974.0,0.476207,0.63
3976.0,0.140021,0.63
3978.0,0.822793,0.63
3980.0,0.85937,0.63
3982.0,0.45198,0.63
3984.0,0.104491,0.63
3986.0,1.48997,0.63
3988.0,1.56478,0.63
3990.0,0.995671,0.63
3992.0,1.3342,0.63
3994.0,0.360683,0.63
3996.0,-0.118967,0.63
3998.0,1.20858,0.63
4000.0,1.29982,0.63
4002.0,0.560433,0.63
4004.0,1.15567,0.63
4006.0,1.09542,0.63
4008.0,1.6186,0.63
4010.0,0.672645,0.63
4012.0,0.0983304,0.63
4014.0,1.69687,0.63
4016.0,1.43766,0.63
4018.0,1.14341,0.63
4020.0,0.809481,0.63
4022.0,1.44673,0.63
4024.0,1.07341,0.63
4026.0,0.458397,0.63
4028.0,0.255183,0.63
4030.0,0.807074,0.63
4032.0,1.06184,0.63
4034.0,0.796276,0.63
4036.0,0.500645,0.63
4038.0,1.30724,0.63
4040.0,2.10288,0.63
4042.0,1.58296,0.63
4044.0,1.43036,0.63
4046.0,1.31551,0.63
4048.0,1.52241,0.63
4050.0,1.43344,0.63
4052.0,1.16043,0.63
4054.0,1.07649,0.63
4056.0,0.941932,0.63
4058.0,1.47373,0.63
4060.0,1.53879,0.63
4062.0,1.53237,0.63
4064.0,1.74119,0.63
4066.0,1.46321,0.63
4068.0,0.637371,0.63
4070.0,0.442814,0.63
4072.0,1.51343,0.63
4074.0,1.76705,0.63
4076.0,1.7288,0.63
4078.0,1.28405,0.63
4080.0,0.540718,0.63
4082.0,0.667441,0.63
4084.0,1.31069,0.63
4086.0,1.33009,0.63
4088.0,1.70484,0.63
4090.0,1.49381,0.63
4092.0,1.05124,0.63
4094.0,0.512999,0.63
4096.0,0.692679,0.63
4098.0,1.23201,0.63
4100.0,1.12244,0.63
4102.0,1.44591,0.63
4104.0,0.579081,0.63
4106.0,0.125078,0.63
4108.0,0.853505,0.63
4110.0,1.43996,0.63
4112.0,1.32512,0.63
4114.0,0.958621,0.63
4116.0,-0.016371,0.63
4118.0,0.20991,0.63
4120.0,0.824947,0.63
4122.0,1.48385,0.63
4124.0,1.08315,0.63
4126.0,1.0109,0.63
4128.0,0.559741,0.63
4130.0,0.973356,0.63
4132.0,1.56093,0.63
4134.0,1.45695,0.63
4136.0,2.52212,0.63
4138.0,2.20223,0.63
4140.0,1.39845,0.63
4142.0,1.23089,0.63
4144.0,1.47891,0.63
4146.0,1.17457,0.63
4148.0,0.929363,0.63
4150.0,0.688773,0.63
4152.0,1.20132,0.63
4154.0,0.653014,0.63
4156.0,1.26378,0.63
4158.0,-0.10334,0.63
4160.0,0.97827,0.63
4162.0,1.71429,0.63
4164.0,1.43251,0.63
4166.0,1.14391,0.63
4168.0,1.49113,0.63
4170.0,1.21084,0.63
4172.0,1.05871,0.63
4174.0,0.81035,0.63
4176.0,0.511699,0.63
4178.0,0.115125,0.63
4180.0,0.78171,0.63
4182.0,1.12434,0.63
4184.0,0.947778,0.63
4186.0,1.57312,0.63
4188.0,1.61036,0.63
4190.0,1.10356,0.63
4192.0,1.66018,0.63
4194.0,2.04376,0.63
4196.0,1.41499,0.63
4198.0,0.956686,0.63
4200.0,0.875524,0.63
4202.0,0.925621,0.63
4204.0,0.859163,0.63
4206.0,1.05778,0.63
4208.0,1.34469,0.63
4210.0,0.953669,0.63
4212.0,1.14402,0.63
4214.0,1.32856,0.63
4216.0,0.613181,0.63
4218.0,0.676091,0.63
4220.0,0.95542,0.63
4222.0,0.987197,0.63
4224.0,0.947047,0.63
4226.0,0.361652,0.63
4228.0,0.320415,0.63
4230.0,0.756466,0.63
4232.0,0.909103,0.63
4234.0,0.764221,0.63
4236.0,0.712127,0.63
4238.0,1.0298,0.63
4240.0,1.53833,0.63
4242.0,1.03357,0.63
4244.0,0.753455,0.63
4246.0,1.20017,0.63
4248.0,0.932129,0.63
4250.0,1.07452,0.63
4252.0,0.0833729,0.63
4254.0,0.884759,0.63
4256.0,0.882044,0.63
4258.0,1.07867,0.63
4260.0,1.40928,0.63
4262.0,0.902217,0.63
4264.0,-0.245208,0.63
4266.0,0.449399,0.63
4268.0,0.828236,0.63
4270.0,0.831235,0.63
4272.0,1.06844,0.63
4274.0,0.563494,0.63
4276.0,0.158201,0.63
4278.0,0.338672,0.63
4280.0,1.35824,0.63
4282.0,1.36815,0.63
4284.0,0.494598,0.63
4286.0,1.66273,0.63
4288.0,0.860517,0.63
4290.0,1.2817,0.63
4292.0,0.727845,0.63
4294.0,0.544715,0.63
4296.0,0.531253,0.63
4298.0,1.10327,0.63
4300.0,1.67693,0.63
4302.0,0.67221,0.63
4304.0,0.662325,0.63
4306.0,1.0649,0.63
4308.0,1.00214,0.63
4310.0,0.434967,0.63
4312.0,1.10093,0.63
4314.0,1.10489,0.63
4316.0,0.799867,0.63
4318.0,1.16277,0.63
4320.0,1.19721,0.63
4322.0,0.771511,0.63
4324.0,1.15682,0.63
4326.0,0.9458,0.63
4328.0,0.96269,0.63
4330.0,0.825968,0.63
4332.0,0.733427,0.63
4334.0,0.527486,0.63
4336.0,1.13108,0.63
4338.0,1.31659,0.63
4340.0,1.28226,0.63
4342.0,1.12143,0.63
4344.0,0.923208,0.63
4346.0,1.2055,0.63
4348.0,0.946688,0.63
4350.0,1.10142,0.63
4352.0,1.2791,0.63
4354.0,0.626117,0.63
4356.0,0.831953,0.63
4358.0,1.14189,0.63
4360.0,1.0832,0.63
4362.0,1.39232,0.63
4364.0,1.29724,0.63
4366.0,0.729887,0.63
4368.0,0.859345,0.63
4370.0,1.34424,0.63
4372.0,1.12315,0.63
4374.0,0.858948,0.63
4376.0,1.0179,0.63
4378.0,1.3477,0.63
4380.0,1.73041,0.63
4382.0,1.48451,0.63
4384.0,0.82135,0.63
4386.0,0.702557,0.63
4388.0,1.08077,0.63
4390.0,1.23216,0.63
4392.0,0.732186,0.63
4394.0,0.835065,0.63
4396.0,0.795022,0.63
4398.0,0.925558,0.63
4400.0,1.10585,0.63
4402.0,1.51293,0.63
4404.0,1.37553,0.63
4406.0,1.25196,0.63
4408.0,1.01566,0.63
4410.0,0.840848,0.63
4412.0,0.923259,0.63
4414.0,1.82766,0.63
4416.0,2.02432,0.63
4418.0,1.49281,0.63
4420.0,1.64589,0.63
4422.0,0.827102,0.63
4424.0,1.17857,0.63
4426.0,1.04867,0.63
4428.0,1.23796,0.63
4430.0,1.22907,0.63
4432.0,1.14698,0.63
4434.0,0.987134,0.63
4436.0,1.13512,0.63
4438.0,1.08572,0.63
4440.0,1.20762,0.63
4442.0,1.61134,0.63
4444.0,1.20772,0.63
4446.0,1.74647,0.63
4448.0,1.5812,0.63
4450.0,1.1631,0.63
4452.0,1.12114,0.63
4454.0,1.30933,0.63
4456.0,1.23053,0.63
4458.0,1.27843,0.63
4460.0,1.72749,0.63
4462.0,1.19397,0.63
4464.0,1.64451,0.63
4466.0,1.18785,0.63
4468.0,2.20845,0.63
4470.0,1.69119,0.63
4472.0,0.988262,0.63
4474.0,1.01538,0.63
4476.0,1.95338,0.63
4478.0,1.73129,0.63
4480.0,1.56067,0.63
4482.0,1.56685,0.63
4484.0,1.51205,0.63
4486.0,1.54997,0.63
4488.0,2.01136,0.63
4490.0,1.6247,0.63
4492.0,1.28186,0.63
4494.0,1.64183,0.63
4496.0,1.46189,0.63
4498.0,1.64514,0.63
4500.0,2.18566,0.63
4502.0,2.18788,0.63
4504.0,1.62871,0.63
4506.0,1.57526,0.63
4508.0,1.72348,0.63
4510.0,1.49365,0.63
4512.0,1.26666,0.63
4514.0,1.49852,0.63
4516.0,1.60418,0.63
4518.0,1.73959,0.63
4520.0,1.71581,0.63
4522.0,1.35713,0.63
4524.0,1.59785,0.63
4526.0,2.12498,0.63
4528.0,1.95897,0.63
4530.0,1.19108,0.63
4532.0,1.32849,0.63
4534.0,1.89404,0.63
4536.0,1.45017,0.63
4538.0,1.45083,0.63
4540.0,1.67359,0.63
4542.0,1.16493,0.63
4544.0,1.5942,0.63
4546.0,1.4911,0.63
4548.0,1.55981,0.63
4550.0,1.58993,0.63
4552.0,1.89479,0.63
4554.0,1.9495,0.63
4556.0,1.59243,0.63
4558.0,1.34486,0.63
4560.0,1.28918,0.63
4562.0,1.55652,0.63
4564.0,1.28043,0.63
4566.0,1.3626,0.63
4568.0,1.46469,0.63
4570.0,1.5207,0.63
4572.0,1.71902,0.63
4574.0,1.76109,0.63
4576.0,1.86105,0.63
4578.0,2.19588,0.63
4580.0,1.91178,0.63
4582.0,2.05154,0.63
4584.0,1.82839,0.63
4586.0,1.25217,0.63
4588.0,1.40351,0.63
4590.0,1.33503,0.63
4592.0,1.57169,0.63
4594.0,1.8089,0.63
4596.0,1.91623,0.63
4598.0,1.75264,0.63
4600.0,2.07907,0.63
4602.0,1.92911,0.63
4604.0,1.23534,0.63
4606.0,1.46912,0.63
4608.0,1.84461,0.63
4610.0,1.90325,0.63
4612.0,1.82846,0.63
4614.0,2.00778,0.63
4616.0,2.33447,0.63
4618.0,2.33641,0.63
4620.0,1.7862,0.63
4622.0,1.89036,0.63
4624.0,1.91802,0.63
4626.0,2.72724,0.63
4628.0,2.50891,0.63
4630.0,2.1045,0.63
4632.0,2.04417,0.63
4634.0,2.11032,0.63
4636.0,2.22731,0.63
4638.0,2.01553,0.63
4640.0,1.99503,0.63
4642.0,1.66495,0.63
4644.0,1.32786,0.63
4646.0,1.58149,0.63
4648.0,1.8292,0.63
4650.0,1.73692,0.63
4652.0,1.77431,0.63
4654.0,1.84572,0.63
4656.0,2.12248,0.63
4658.0,1.89414,0.63
4660.0,1.41186,0.63
4662.0,1.58572,0.63
4664.0,1.76483,0.63
4666.0,1.90368,0.63
4668.0,1.90051,0.63
4670.0,1.69586,0.63
4672.0,1.70056,0.63
4674.0,2.31678,0.63
4676.0,2.3393,0.63
4678.0,1.53786,0.63
4680.0,1.58695,0.63
4682.0,1.5857,0.63
4684.0,0.939525,0.63
4686.0,1.18321,0.63
4688.0,1.88537,0.63
4690.0,1.57092,0.63
4692.0,1.5045,0.63
4694.0,1.59042,0.63
4696.0,1.55558,0.63
4698.0,1.73777,0.63
4700.0,1.70099,0.63
4702.0,1.63028,0.63
4704.0,1.70281,0.63
4706.0,1.30772,0.63
4708.0,1.86298,0.63
4710.0,2.20479,0.63
4712.0,1.98815,0.63
4714.0,1.94979,0.63
4716.0,2.08162,0.63
4718.0,1.88686,0.63
4720.0,1.6249,0.63
4722.0,1.40016,0.63
4724.0,1.2854,0.63
4726.0,1.89897,0.63
4728.0,2.01272,0.63
4730.0,1.35955,0.63
4732.0,1.42784,0.63
4734.0,1.98647,0.63
4736.0,2.05745,0.63
4738.0,1.73052,0.63
4740.0,1.78738,0.63
4742.0,1.56706,0.63
4744.0,1.0364,0.63
4746.0,1.43647,0.63
4748.0,1.89712,0.63
4750.0,1.8514,0.63
4752.0,1.7983,0.63
4754.0,1.67509,0.63
4756.0,1.64991,0.63
4758.0,1.89883,0.63
4760.0,1.75847,0.63
4762.0,1.5336,0.63
4764.0,1.82831,0.63
4766.0,1.49604,0.63
4768.0,1.60166,0.63
4770.0,0.934334,0.63
4772.0,1.75619,0.63
4774.0,1.91828,0.63
4776.0,1.6336,0.63
4778.0,1.69588,0.63
4780.0,2.2797,0.63
4782.0,1.75483,0.63
4784.0,1.65901,0.63
4786.0,1.97228,0.63
4788.0,1.78756,0.63
4790.0,1.51288,0.63
4792.0,1.51352,0.63
4794.0,2.27845,0.63
4796.0,2.02909,0.63
4798.0,1.4872,0.63
4800.0,1.87925,0.63
4802.0,2.18313,0.63
4804.0,1.84659,0.63
4806.0,2.21161,0.63
4808.0,1.64616,0.63
4810.0,1.30431,0.63
4812.0,1.58698,0.63
4814.0,1.95291,0.63
4816.0,1.9077,0.63
4818.0,1.6527,0.63
4820.0,1.97336,0.63
4822.0,2.29091,0.63
4824.0,2.12317,0.63
4826.0,1.85025,0.63
4828.0,1.82592,0.63
4830.0,2.01676,0.63
4832.0,2.02296,0.63
4834.0,2.20523,0.63
4836.0,2.12229,0.63
4838.0,1.90908,0.63
4840.0,2.15425,0.63
4842.0,1.54762,0.63
4844.0,1.39847,0.63
4846.0,1.50517,0.63
4848.0,1.72028,0.63
4850.0,1.5823,0.63
4852.0,1.33234,0.63
4854.0,1.32314,0.63
4856.0,1.28553,0.63
4858.0,1.29679,0.63
4860.0,1.40549,0.63
4862.0,1.57106,0.63
4864.0,1.5524,0.63
4866.0,1.38533,0.63
4868.0,1.23386,0.63
4870.0,1.3012,0.63
4872.0,1.84069,0.63
4874.0,1.48669,0.63
4876.0,1.98008,0.63
4878.0,1.6334,0.63
4880.0,1.19825,0.63
4882.0,1.10801,0.63
4884.0,1.17103,0.63
4886.0,1.276,0.63
4888.0,1.48918,0.63
4890.0,1.42796,0.63
4892.0,1.57727,0.63
4894.0,1.34874,0.63
4896.0,1.12524,0.63
4898.0,1.57592,0.63
4900.0,1.53833,0.63
4902.0,1.50513,0.63
4904.0,1.58961,0.63
4906.0,1.43588,0.63
4908.0,1.85538,0.63
4910.0,1.76222,0.63
4912.0,1.69307,0.63
4914.0,1.87006,0.63
4916.0,2.19221,0.63
4918.0,1.57243,0.63
4920.0,1.58036,0.63
4922.0,1.53964,0.63
4924.0,1.9513,0.63
4926.0,2.00436,0.63
4928.0,1.37921,0.63
4930.0,1.49632,0.63
4932.0,1.85508,0.63
4934.0,1.64438,0.63
4936.0,1.94572,0.63
4938.0,1.57244,0.63
4940.0,1.62318,0.63
4942.0,1.52997,0.63
4944.0,1.06902,0.63
4946.0,1.90809,0.63
4948.0,1.83374,0.63
4950.0,1.72056,0.63
4952.0,1.48197,0.63
4954.0,1.26894,0.63
4956.0,1.50351,0.63
4958.0,1.50544,0.63
4960.0,1.26513,0.63
4962.0,1.49726,0.63
4964.0,1.84153,0.63
4966.0,1.63796,0.63
4968.0,1.5552,0.63
4970.0,1.8595,0.63
4972.0,2.19297,0.63
4974.0,2.1414,0.63
4976.0,1.83868,0.63
4978.0,1.51858,0.63
4980.0,1.45628,0.63
4982.0,1.52045,0.63
4984.0,1.38591,0.63
4986.0,1.22516,0.63
4988.0,1.40152,0.63
4990.0,1.48202,0.63
4992.0,1.09076,0.63
4994.0,1.51971,0.63
4996.0,1.83637,0.63
4998.0,1.48495,0.63
5000.0,1.50848,0.63
5002.0,1.73038,0.63
5004.0,1.49735,0.63
5006.0,1.55611,0.63
5008.0,1.93742,0.63
5010.0,1.94864,0.63
5012.0,1.51029,0.63
5014.0,1.47092,0.63
5016.0,1.77429,0.63
5018.0,1.74324,0.63
5020.0,1.6217,0.63
5022.0,1.91831,0.63
5024.0,1.83554,0.63
5026.0,1.48799,0.63
5028.0,1.49167,0.63
5030.0,1.69011,0.63
5032.0,1.8281,0.63
5034.0,1.6633,0.63
5036.0,1.86316,0.63
5038.0,1.99389,0.63
5040.0,1.80053,0.63
5042.0,2.02826,0.63
5044.0,1.95609,0.63
5046.0,1.96369,0.63
5048.0,1.71781,0.63
5050.0,1.82805,0.63
5052.0,1.87119,0.63
5054.0,2.0183,0.63
5056.0,1.89673,0.63
5058.0,1.84725,0.63
5060.0,1.8659,0.63
5062.0,2.24993,0.63
5064.0,2.23604,0.63
5066.0,2.37527,0.63
5068.0,1.71133,0.63
5070.0,2.30923,0.63
5072.0,2.12869,0.63
5074.0,2.27334,0.63
5076.0,2.32592,0.63
5078.0,2.38971,0.63
5080.0,2.41928,0.63
5082.0,2.08101,0.63
5084.0,2.17482,0.63
5086.0,1.8535,0.63
5088.0,2.33035,0.63
5090.0,2.51432,0.63
5092.0,2.48072,0.63
5094.0,2.49269,0.63
5096.0,2.50069,0.63
5098.0,2.5037,0.63
5100.0,2.37306,0.63
5102.0,2.50969,0.63
5104.0,2.5661,0.63
5106.0,2.46234,0.63
5108.0,2.62063,0.63
5110.0,2.46909,0.63
5112.0,2.14171,0.63
5114.0,2.39503,0.63
5116.0,2.52223,0.63
5118.0,2.27431,0.63
5120.0,2.34152,0.63
5122.0,2.30697,0.63
5124.0,2.4233,0.63
5126.0,2.48148,0.63
5128.0,2.42735,0.63
5130.0,2.33733,0.63
5132.0,2.40463,0.63
5134.0,2.6459,0.63
5136.0,2.46474,0.63
5138.0,2.47455,0.63
5140.0,2.56117,0.63
5142.0,2.5107,0.63
5144.0,2.61727,0.63
5146.0,2.34729,0.63
5148.0,1.89441,0.63
5150.0,2.13361,0.63
5152.0,2.51419,0.63
5154.0,2.45367,0.63
5156.0,2.55161,0.63
5158.0,2.43286,0.63
5160.0,2.2664,0.63
5162.0,2.18409,0.63
5164.0,2.35763,0.63
5166.0,2.7686,0.63
5168.0,2.71512,0.63
5170.0,2.78926,0.63
5172.0,2.36988,0.63
5174.0,2.3717,0.63
5176.0,2.60593,0.63
5178.0,2.41698,0.63
5180.0,2.75421,0.63
5182.0,2.72467,0.63
5184.0,2.32577,0.63
5186.0,2.68544,0.63
5188.0,2.9653,0.63
5190.0,2.71082,0.63
5192.0,2.43361,0.63
5194.0,2.68955,0.63
5196.0,2.66784,0.63
5198.0,2.732,0.63
5200.0,3.08883,0.63
5202.0,2.4519,0.63
5204.0,2.14306,0.63
5206.0,2.57744,0.63
5208.0,2.91594,0.63
5210.0,3.14662,0.63
5212.0,2.92365,0.63
5214.0,2.93358,0.63
5216.0,2.29817,0.63
5218.0,2.47347,0.63
5220.0,3.05064,0.63
5222.0,2.73609,0.63
5224.0,2.89742,0.63
5226.0,2.75178,0.63
5228.0,2.60066,0.63
5230.0,2.92996,0.63
5232.0,2.71795,0.63
5234.0,2.02161,0.63
5236.0,2.19318,0.63
5238.0,2.56629,0.63
5240.0,2.47424,0.63
5242.0,2.44119,0.63
5244.0,1.99903,0.63
5246.0,2.24686,0.63
5248.0,2.52977,0.63
5250.0,2.5212,0.63
5252.0,2.467,0.63
5254.0,2.53536,0.63
5256.0,2.52835,0.63
5258.0,2.4176,0.63
5260.0,1.94638,0.63
5262.0,2.19251,0.63
5264.0,2.54268,0.63
5266.0,2.31228,0.63
5268.0,2.46159,0.63
5270.0,2.22332,0.63
5272.0,1.87366,0.63
5274.0,1.93469,0.63
5276.0,1.83413,0.63
5278.0,2.03564,0.63
5280.0,2.28982,0.63
5282.0,2.10913,0.63
5284.0,2.15436,0.63
5286.0,1.92434,0.63
5288.0,1.814,0.63
5290.0,2.25537,0.63
5292.0,2.00828,0.63
5294.0,1.83639,0.63
5296.0,2.02489,0.63
5298.0,1.99208,0.63
5300.0,2.0529,0.63
5302.0,2.11665,0.63
5304.0,2.14849,0.63
5306.0,2.11527,0.63
5308.0,2.50347,0.63
5310.0,2.63923,0.63
5312.0,2.56229,0.63
5314.0,2.47263,0.63
5316.0,2.13735,0.63
5318.0,1.95039,0.63
5320.0,2.03033,0.63
5322.0,2.299,0.63
5324.0,2.66485,0.63
5326.0,2.39615,0.63
5328.0,2.07784,0.63
5330.0,2.38656,0.63
5332.0,2.78718,0.63
5334.0,2.44918,0.63
5336.0,2.22773,0.63
5338.0,2.19227,0.63
5340.0,2.76395,0.63
5342.0,3.09264,0.63
5344.0,2.81383,0.63
5346.0,2.43368,0.63
5348.0,2.206,0.63
5350.0,2.66871,0.63
5352.0,2.61379,0.63
5354.0,2.13615,0.63
5356.0,2.23801,0.63
5358.0,1.98908,0.63
5360.0,2.51038,0.63
5362.0,2.56925,0.63
5364.0,2.65458,0.63
5366.0,2.45164,0.63
5368.0,2.19939,0.63
5370.0,2.52065,0.63
5372.0,2.48001,0.63
5374.0,2.13709,0.63
5376.0,2.714,0.63
5378.0,2.60413,0.63
5380.0,2.43753,0.63
5382.0,2.59919,0.63
5384.0,2.73844,0.63
5386.0,2.85023,0.63
5388.0,2.70538,0.63
5390.0,2.62212,0.63
5392.0,2.6333,0.63
5394.0,2.64448,0.63
5396.0,2.65566,0.63
5398.0,2.66684,0.63
5400.0,2.67802,0.63
5402.0,2.6892,0.63
5404.0,2.70038,0.63
5406.0,2.71156,0.63
5408.0,2.72274,0.63
5410.0,2.73392,0.63
5412.0,2.7451,0.63
5414.0,2.75628,0.63
5416.0,2.76746,0.63
5418.0,2.77864,0.63
5420.0,2.78982,0.63
5422.0,2.801,0.63
5424.0,2.81218,0.63
5426.0,2.82336,0.63
5428.0,2.83454,0.63
5430.0,2.84572,0.63
5432.0,2.8569,0.63
5434.0,2.86808,0.63
5436.0,2.87926,0.63
5438.0,2.89044,0.63
5440.0,2.90162,0.63
5442.0,2.9128,0.63
5444.0,2.92398,0.63
5446.0,2.93516,0.63
5448.0,2.94634,0.63
5450.0,2.95752,0.63
5452.0,2.9687,0.63
5454.0,2.97988,0.63
5456.0,2.99106,0.63
5458.0,3.00224,0.63
5460.0,3.01342,0.63
5462.0,3.0246,0.63
5464.0,3.03578,0.63
5466.0,3.04696,0.63
5468.0,3.05814,0.63
5470.0,3.06932,0.63
5472.0,3.0805,0.63
5474.0,3.09168,0.63
5476.0,3.10286,0.63
5478.0,3.11404,0.63
5480.0,3.12522,0.63
5482.0,3.1364,0.63
5484.0,3.14758,0.63
5486.0,3.15876,0.63
5488.0,3.16994,0.63
5490.0,3.18112,0.63
5492.0,3.19231,0.63
5494.0,3.20349,0.63
5496.0,3.21467,0.63
5498.0,3.22585,0.63
5500.0,3.23703,0.63
5502.0,3.24821,0.63
5504.0,3.25939,0.63
5506.0,3.27057,0.63
5508.0,3.28175,0.63
5510.0,3.29293,0.63
5512.0,3.30411,0.63
5514.0,3.31529,0.63
5516.0,3.32647,0.63
5518.0,3.33765,0.63
5520.0,3.34883,0.63
5522.0,3.36001,0.63
5524.0,3.37119,0.63
5526.0,3.38237,0.63
5528.0,3.39355,0.63
5530.0,3.40473,0.63
5532.0,3.41591,0.63
5534.0,3.42709,0.63
5536.0,3.43827,0.63
5538.0,3.44945,0.63
5540.0,3.46063,0.63
5542.0,3.47181,0.63
5544.0,3.48299,0.63
5546.0,3.49417,0.63
5548.0,3.50535,0.63
5550.0,3.51653,0.63
5552.0,3.52771,0.63
5554.0,3.53889,0.63
5556.0,3.55007,0.63
5558.0,3.56125,0.63
5560.0,3.57243,0.63
5562.0,3.58361,0.63
5564.0,3.59479,0.63
5566.0,3.60597,0.63
5568.0,3.61715,0.63
5570.0,3.62833,0.63
5572.0,3.63951,0.63
5574.0,3.65069,0.63
5576.0,3.66187,0.63
5578.0,3.67305,0.63
5580.0,3.68423,0.63
5582.0,3.69541,0.63
5584.0,3.70659,0.63
5586.0,3.71777,0.63
5588.0,3.72895,0.63
5590.0,3.74013,0.63
5592.0,3.75131,0.63
5594.0,3.76249,0.63
5596.0,3.77367,0.63
5598.0,3.78485,0.63
5600.0,3.79603,0.75
5602.0,3.80721,0.75
5604.0,3.81839,0.75
5606.0,3.82957,0.75
5608.0,3.84075,0.75
5610.0,3.85193,0.75
5612.0,3.86311,0.75
5614.0,3.86311,0.75
5616.0,4.10799,0.75
5618.0,4.25723,0.75
5620.0,3.74522,0.75
5622.0,3.59698,0.75
5624.0,3.84914,0.75
5626.0,3.83657,0.75
5628.0,3.95623,0.75
5630.0,4.24172,0.75
5632.0,4.17711,0.75
5634.0,4.13522,0.75
5636.0,3.94625,0.75
5638.0,4.12477,0.75
5640.0,3.87076,0.75
5642.0,3.96667,0.75
5644.0,4.19236,0.75
5646.0,4.01722,0.75
5648.0,4.00934,0.75
5650.0,4.05703,0.75
5652.0,4.00577,0.75
5654.0,3.7647,0.75
5656.0,4.02708,0.75
5658.0,3.87326,0.75
5660.0,4.05028,0.75
5662.0,3.80628,0.75
5664.0,4.08476,0.75
5666.0,4.19313,0.75
5668.0,4.26555,0.75
5670.0,4.21668,0.75
5672.0,4.31149,0.75
5674.0,3.97473,0.75
5676.0,4.16813,0.75
5678.0,4.22072,0.75
5680.0,3.96914,0.75
5682.0,4.05899,0.75
5684.0,4.1028,0.75
5686.0,3.69826,0.75
5688.0,4.02456,0.75
5690.0,4.23049,0.75
5692.0,3.95697,0.75
5694.0,3.74525,0.75
5696.0,4.0726,0.75
5698.0,4.28885,0.75
5700.0,4.2177,0.75
5702.0,4.29317,0.75
5704.0,4.20728,0.75
5706.0,4.12292,0.75
5708.0,4.20527,0.75
5710.0,4.10927,0.75
5712.0,4.36558,0.75
5714.0,4.18794,0.75
5716.0,4.21749,0.75
5718.0,4.45123,0.75
5720.0,4.30796,0.75
5722.0,4.32446,0.75
5724.0,4.29383,0.75
5726.0,4.17762,0.75
5728.0,4.24942,0.75
5730.0,4.12886,0.75
5732.0,4.19992,0.75
5734.0,4.11709,0.75
5736.0,4.09862,0.75
5738.0,4.04814,0.75
5740.0,3.98263,0.75
5742.0,4.22541,0.75
5744.0,4.10576,0.75
5746.0,3.83389,0.75
5748.0,4.32966,0.75
5750.0,4.15562,0.75
5752.0,4.19079,0.75
5754.0,4.28068,0.75
5756.0,3.8743,0.75
5758.0,4.11504,0.75
5760.0,4.04722,0.75
5762.0,3.8044,0.75
5764.0,3.81139,0.75
5766.0,4.0651,0.75
5768.0,3.83704,0.75
5770.0,3.76479,0.75
5772.0,3.9746,0.75
5774.0,3.88202,0.75
5776.0,4.14176,0.75
5778.0,3.98737,0.75
5780.0,3.9747,0.75
5782.0,3.86893,0.75
5784.0,3.63699,0.75
5786.0,4.19238,0.75
5788.0,4.12225,0.75
5790.0,4.17443,0.75
5792.0,3.95704,0.75
5794.0,3.87491,0.75
5796.0,3.77179,0.75
5798.0,3.78898,0.75
5800.0,4.25475,0.75
5802.0,4.24447,0.75
5804.0,4.04884,0.75
5806.0,4.19732,0.75
5808.0,4.15969,0.75
5810.0,3.89919,0.75
5812.0,4.30552,0.75
5814.0,3.83364,0.75
5816.0,3.94099,0.75
5818.0,4.16257,0.75
5820.0,3.97985,0.75
5822.0,4.47786,0.75
5824.0,4.01213,0.75
5826.0,3.91602,0.75
5828.0,4.18137,0.75
5830.0,4.27175,0.75
5832.0,4.43368,0.75
5834.0,4.10776,0.75
5836.0,4.17759,0.75
5838.0,4.51758,0.75
5840.0,4.58923,0.75
5842.0,4.31246,0.75
5844.0,4.50712,0.75
5846.0,4.33318,0.75
5848.0,4.24916,0.75
5850.0,4.12553,0.75
5852.0,4.01575,0.75
5854.0,4.48378,0.75
5856.0,4.43157,0.75
5858.0,4.23017,0.75
5860.0,4.07498,0.75
5862.0,4.22068,0.75
5864.0,3.99791,0.75
5866.0,4.32805,0.75
5868.0,4.00753,0.75
5870.0,4.48634,0.75
5872.0,4.4363,0.75
5874.0,4.49832,0.75
5876.0,4.1982,0.75
5878.0,4.28587,0.75
5880.0,4.28314,0.75
5882.0,4.18593,0.75
5884.0,4.78681,0.75
5886.0,4.49185,0.75
5888.0,4.26267,0.75
5890.0,4.42893,0.75
5892.0,4.74414,0.75
5894.0,4.39907,0.75
5896.0,4.5573,0.75
5898.0,4.61954,0.75
5900.0,4.28114,0.75
5902.0,4.50063,0.75
5904.0,4.44636,0.75
5906.0,4.17967,0.75
5908.0,4.53361,0.75
5910.0,4.66194,0.75
5912.0,4.5777,0.75
5914.0,4.18497,0.75
5916.0,3.83932,0.75
5918.0,3.90913,0.75
5920.0,3.95883,0.75
5922.0,3.39423,0.75
5924.0,3.64972,0.75
5926.0,3.87727,0.75
5928.0,4.32841,0.75
5930.0,4.47628,0.75
5932.0,4.69637,0.75
5934.0,4.5234,0.75
5936.0,4.46865,0.75
5938.0,4.48384,0.75
5940.0,4.62007,0.75
5942.0,4.49683,0.75
5944.0,4.37344,0.75
5946.0,4.32909,0.75
5948.0,4.59785,0.75
5950.0,4.48761,0.75
5952.0,4.7404,0.75
5954.0,4.73218,0.75
5956.0,4.81073,0.75
5958.0,4.75381,0.75
5960.0,4.69058,0.75
5962.0,4.89454,0.75
5964.0,4.99195,0.75
5966.0,4.68724,0.75
5968.0,4.75395,0.75
5970.0,4.81225,0.75
5972.0,4.82774,0.75
5974.0,4.9582,0.75
5976.0,5.11172,0.75
5978.0,4.85555,0.75
5980.0,4.81654,0.75
5982.0,4.83131,0.75
5984.0,4.9137,0.75
5986.0,4.91876,0.75
5988.0,4.92967,0.75
5990.0,4.96962,0.75
5992.0,5.02406,0.75
5994.0,4.91474,0.75
5996.0,4.72004,0.75
5998.0,4.48238,0.75
6000.0,4.72851,0.75
6002.0,4.77233,0.75
6004.0,4.81004,0.75
6006.0,5.00043,0.75
6008.0,4.99773,0.75
6010.0,4.61516,0.75
6012.0,4.39771,0.75
6014.0,4.68798,0.75
6016.0,5.0182,0.75
6018.0,4.98897,0.75
6020.0,5.0841,0.75
6022.0,4.78729,0.75
6024.0,4.76936,0.75
6026.0,4.97811,0.75
6028.0,5.04926,0.75
6030.0,4.7062,0.75
6032.0,4.26526,0.75
6034.0,4.45922,0.75
6036.0,4.81186,0.75
6038.0,4.81315,0.75
6040.0,4.78081,0.75
6042.0,4.53977,0.75
6044.0,4.51368,0.75
6046.0,4.70034,0.75
6048.0,4.75193,0.75
6050.0,4.57753,0.75
6052.0,4.82211,0.75
6054.0,4.68491,0.75
6056.0,4.68855,0.75
6058.0,4.68455,0.75
6060.0,4.60748,0.75
6062.0,4.44679,0.75
6064.0,4.81754,0.75
6066.0,4.43837,0.75
6068.0,4.26881,0.75
6070.0,4.29844,0.75
6072.0,4.35385,0.75
6074.0,4.16782,0.75
6076.0,4.26517,0.75
6078.0,4.12247,0.75
6080.0,4.05103,0.75
6082.0,3.82792,0.75
6084.0,4.12387,0.75
6086.0,4.01258,0.75
6088.0,3.88637,0.75
6090.0,3.64612,0.75
6092.0,3.66855,0.75
6094.0,3.39119,0.75
6096.0,3.35084,0.75
6098.0,3.3824,0.75
6100.0,3.2002,0.75
6102.0,3.20427,0.75
6104.0,3.16288,0.75
6106.0,3.19324,0.75
6108.0,3.11866,0.75
6110.0,2.89789,0.75
6112.0,3.0799,0.75
6114.0,2.89809,0.75
6116.0,2.75778,0.75
6118.0,2.88437,0.75
6120.0,2.77341,0.75
6122.0,2.86041,0.75
6124.0,2.78714,0.75
6126.0,2.79106,0.75
6128.0,2.48932,0.75
6130.0,2.46719,0.75
6132.0,2.42826,0.75
6134.0,2.62463,0.75
6136.0,2.61158,0.75
6138.0,2.42957,0.75
6140.0,2.27732,0.75
6142.0,2.33906,0.75
6144.0,2.31383,0.75
6146.0,2.16835,0.75
6148.0,2.07074,0.75
6150.0,2.52526,0.75
6152.0,2.51496,0.75
6154.0,2.38751,0.75
6156.0,2.18,0.75
6158.0,2.26804,0.75
6160.0,2.10782,0.75
6162.0,2.59576,0.75
6164.0,2.57378,0.75
6166.0,2.19856,0.75
6168.0,2.35004,0.75
6170.0,2.50528,0.75
6172.0,2.42064,0.75
6174.0,2.49619,0.75
6176.0,2.58025,0.75
6178.0,2.46203,0.75
6180.0,2.50978,0.75
6182.0,2.31,0.75
6184.0,2.74124,0.75
6186.0,2.4863,0.75
6188.0,2.45495,0.75
6190.0,2.66448,0.75
6192.0,2.7111,0.75
6194.0,2.64791,0.75
6196.0,2.60484,0.75
6198.0,2.93962,0.75
6200.0,2.76021,0.75
6202.0,2.93992,0.75
6204.0,2.95957,0.75
6206.0,3.01586,0.75
6208.0,3.2251,0.75
6210.0,3.37525,0.75
6212.0,3.38121,0.75
6214.0,3.29909,0.75
6216.0,3.13849,0.75
6218.0,3.29824,0.75
6220.0,3.17232,0.75
6222.0,3.3823,0.75
6224.0,3.29444,0.75
6226.0,3.43915,0.75
6228.0,3.64044,0.75
6230.0,3.57552,0.75
6232.0,3.44785,0.75
6234.0,3.47099,0.75
6236.0,3.65294,0.75
6238.0,3.82988,0.75
6240.0,3.77821,0.75
6242.0,3.73766,0.75
6244.0,3.97106,0.75
6246.0,3.9854,0.75
6248.0,3.78129,0.75
6250.0,3.97311,0.75
6252.0,4.12308,0.75
6254.0,3.99607,0.75
6256.0,3.94912,0.75
6258.0,4.37506,0.75
6260.0,4.1973,0.75
6262.0,4.02975,0.75
6264.0,4.07922,0.75
6266.0,4.15975,0.75
6268.0,4.41788,0.75
6270.0,4.35162,0.75
6272.0,4.48511,0.75
6274.0,4.26411,0.75
6276.0,4.5476,0.75
6278.0,4.44914,0.75
6280.0,4.24493,0.75
6282.0,4.44633,0.75
6284.0,4.44379,0.75
6286.0,4.41187,0.75
6288.0,4.497,0.75
6290.0,4.53235,0.75
6292.0,4.47943,0.75
6294.0,4.77425,0.75
6296.0,4.47008,0.75
6298.0,4.26097,0.75
6300.0,4.45691,0.75
6302.0,4.60249,0.75
6304.0,4.71345,0.75
6306.0,4.65355,0.75
6308.0,4.48454,0.75
6310.0,4.28987,0.75
6312.0,3.92404,0.75
6314.0,4.03804,0.75
6316.0,4.51993,0.75
6318.0,4.50465,0.75
6320.0,4.9101,0.75
6322.0,4.85113,0.75
6324.0,4.70583,0.75
6326.0,4.61238,0.75
6328.0,4.62401,0.75
6330.0,4.67271,0.75
6332.0,4.64975,0.75
6334.0,4.68834,0.75
6336.0,4.51999,0.75
6338.0,4.63709,0.75
6340.0,4.63994,0.75
6342.0,4.53059,0.75
6344.0,4.72868,0.75
6346.0,4.71658,0.75
6348.0,4.58366,0.75
6350.0,4.82787,0.75
6352.0,4.9701,0.75
6354.0,4.85857,0.75
6356.0,5.06897,0.75
6358.0,5.16073,0.75
6360.0,4.90689,0.75
6362.0,4.51844,0.75
6364.0,4.51539,0.75
6366.0,4.53012,0.75
6368.0,4.7681,0.75
6370.0,4.64363,0.75
6372.0,4.70996,0.75
6374.0,4.78381,0.75
6376.0,4.64565,0.75
6378.0,4.5082,0.75
6380.0,4.66159,0.75
6382.0,4.84442,0.75
6384.0,4.62804,0.75
6386.0,4.61879,0.75
6388.0,4.8775,0.75
6390.0,4.82897,0.75
6392.0,4.51378,0.75
6394.0,4.57194,0.75
6396.0,4.52058,0.75
6398.0,4.66805,0.75
6400.0,4.61792,0.75
6402.0,4.72621,0.75
6404.0,4.4498,0.75
6406.0,4.4861,0.75
6408.0,4.42019,0.75
6410.0,4.68899,0.75
6412.0,4.52254,0.75
6414.0,4.82331,0.75
6416.0,4.36592,0.75
6418.0,4.62879,0.75
6420.0,4.73585,0.75
6422.0,4.64087,0.75
6424.0,4.66147,0.75
6426.0,4.54096,0.75
6428.0,4.53725,0.75
6430.0,4.5544,0.75
6432.0,4.41862,0.75
6434.0,4.70076,0.75
6436.0,4.53273,0.75
6438.0,4.66994,0.75
6440.0,4.61718,0.75
6442.0,4.56294,0.75
6444.0,4.3534,0.75
6446.0,4.5394,0.75
6448.0,4.63528,0.75
6450.0,4.59662,0.75
6452.0,4.45675,0.75
6454.0,4.58946,0.75
6456.0,4.71433,0.75
6458.0,4.61577,0.75
6460.0,4.14367,0.75
6462.0,4.47967,0.75
6464.0,4.49921,0.75
6466.0,4.56179,0.75
6468.0,4.46136,0.75
6470.0,4.38646,0.75
6472.0,4.43369,0.75
6474.0,4.55461,0.75
6476.0,4.65432,0.75
6478.0,4.34651,0.75
6480.0,4.24484,0.75
6482.0,4.48019,0.75
6484.0,4.34038,0.75
6486.0,4.1787,0.75
6488.0,4.1642,0.75
6490.0,4.2155,0.75
6492.0,3.97229,0.75
6494.0,4.25527,0.75
6496.0,4.44386,0.75
6498.0,4.29572,0.75
6500.0,4.28933,0.75
6502.0,4.3499,0.75
6504.0,4.55101,0.75
6506.0,4.26523,0.75
6508.0,4.00826,0.75
6510.0,4.06235,0.75
6512.0,4.39867,0.75
6514.0,4.34067,0.75
6516.0,4.26479,0.75
6518.0,4.51474,0.75
6520.0,4.38016,0.75
6522.0,4.39295,0.75
6524.0,4.09144,0.75
6526.0,4.0125,0.75
6528.0,4.07629,0.75
6530.0,4.38169,0.75
6532.0,4.26784,0.75
6534.0,4.47266,0.75
6536.0,4.74645,0.75
6538.0,3.98804,0.75
6540.0,3.8609,0.75
6542.0,4.14222,0.75
6544.0,4.36993,0.75
6546.0,4.21823,0.75
6548.0,4.38334,0.75
6550.0,3.97161,0.75
6552.0,4.08042,0.75
6554.0,4.41683,0.75
6556.0,4.12618,0.75
6558.0,4.01905,0.75
6560.0,4.14452,0.75
6562.0,4.24262,0.75
6564.0,4.07757,0.75
6566.0,4.04076,0.75
6568.0,3.88379,0.75
6570.0,3.90001,0.75
6572.0,3.79094,0.75
6574.0,3.91972,0.75
6576.0,4.48059,0.75
6578.0,4.38183,0.75
6580.0,4.10315,0.75
6582.0,4.19514,0.75
6584.0,4.34834,0.75
6586.0,4.01068,0.75
6588.0,3.80646,0.75
6590.0,4.74394,0.75
6592.0,5.42353,0.75
6594.0,3.70385,0.75
6596.0,3.22288,0.75
6598.0,3.91197,0.75
6600.0,4.27498,0.75
6602.0,4.20619,0.75
6604.0,4.14672,0.75
6606.0,3.90457,0.75
6608.0,3.76672,0.75
6610.0,4.17527,0.75
6612.0,4.55711,0.75
6614.0,4.41139,0.75
6616.0,4.07477,0.75
6618.0,3.88218,0.75
6620.0,3.953,0.75
6622.0,4.06521,0.75
6624.0,3.77549,0.75
6626.0,3.82759,0.75
6628.0,3.89916,0.75
6630.0,4.00245,0.75
6632.0,4.2289,0.75
6634.0,3.79912,0.75
6636.0,3.58736,0.75
6638.0,3.76937,0.75
6640.0,3.9235,0.75
6642.0,3.87172,0.75
6644.0,3.67519,0.75
6646.0,4.11789,0.75
6648.0,4.1131,0.75
6650.0,4.15339,0.75
6652.0,4.25768,0.75
6654.0,3.85886,0.75
6656.0,3.77588,0.75
6658.0,3.88561,0.75
6660.0,4.04633,0.75
6662.0,4.11543,0.75
6664.0,3.96637,0.75
6666.0,3.88181,0.75
6668.0,4.08563,0.75
6670.0,4.00567,0.75
6672.0,3.73585,0.75
6674.0,3.89737,0.75
6676.0,3.80746,0.75
6678.0,4.07177,0.75
6680.0,4.02284,0.75
6682.0,3.99819,0.75
6684.0,3.70571,0.75
6686.0,3.8156,0.75
6688.0,3.74167,0.75
6690.0,3.73172,0.75
6692.0,3.71728,0.75
6694.0,3.78997,0.75
6696.0,3.74444,0.75
6698.0,3.84661,0.75
6700.0,3.57357,0.75
6702.0,3.92757,0.75
6704.0,3.80612,0.75
6706.0,3.91511,0.75
6708.0,4.12101,0.75
6710.0,4.14069,0.75
6712.0,3.92885,0.75
6714.0,3.84936,0.75
6716.0,3.86183,0.75
6718.0,4.05062,0.75
6720.0,3.76458,0.75
6722.0,3.64501,0.75
6724.0,3.82942,0.75
6726.0,3.68245,0.75
6728.0,3.72248,0.75
6730.0,3.76852,0.75
6732.0,3.11494,0.75
6734.0,3.4558,0.75
6736.0,4.06658,0.75
6738.0,3.93661,0.75
6740.0,3.66497,0.75
6742.0,3.54004,0.75
6744.0,3.69371,0.75
6746.0,4.05017,0.75
6748.0,3.72108,0.75
6750.0,3.53446,0.75
6752.0,3.72193,0.75
6754.0,3.49895,0.75
6756.0,3.53792,0.75
6758.0,3.80452,0.75
6760.0,4.1018,0.75
6762.0,3.98422,0.75
6764.0,3.73244,0.75
6766.0,3.41277,0.75
6768.0,3.49503,0.75
6770.0,3.51079,0.75
6772.0,3.57113,0.75
6774.0,3.49558,0.75
6776.0,3.73988,0.75
6778.0,3.67224,0.75
6780.0,3.29623,0.75
6782.0,3.75286,0.75
6784.0,3.67447,0.75
6786.0,3.53559,0.75
6788.0,3.45824,0.75
6790.0,3.30824,0.75
6792.0,4.03529,0.75
6794.0,3.71789,0.75
6796.0,3.53327,0.75
6798.0,3.62113,0.75
6800.0,3.79637,0.75
6802.0,3.67943,0.75
6804.0,4.02345,0.75
6806.0,3.79279,0.75
6808.0,3.4652,0.75
6810.0,3.46277,0.75
6812.0,3.52021,0.75
6814.0,3.11261,0.75
6816.0,3.34803,0.75
6818.0,3.40408,0.75
6820.0,3.89902,0.75
6822.0,3.55183,0.75
6824.0,3.76445,0.75
6826.0,3.37073,0.75
6828.0,3.65614,0.75
6830.0,3.58435,0.75
6832.0,3.70224,0.75
6834.0,3.40404,0.75
6836.0,3.48367,0.75
6838.0,3.72338,0.75
6840.0,3.22765,0.75
6842.0,3.58106,0.75
6844.0,3.66836,0.75
6846.0,3.69833,0.75
6848.0,3.66118,0.75
6850.0,3.68505,0.75
6852.0,3.7624,0.75
6854.0,3.5624,0.75
6856.0,3.39996,0.75
6858.0,3.69304,0.75
6860.0,3.76132,0.75
6862.0,3.65972,0.75
6864.0,3.76735,0.75
6866.0,3.96051,0.75
6868.0,3.54292,0.75
6870.0,3.45314,0.75
6872.0,3.76424,0.75
6874.0,3.6386,0.75
6876.0,3.37222,0.75
6878.0,3.60367,0.75
6880.0,3.6241,0.75
6882.0,3.5161,0.75
6884.0,3.41617,0.75
6886.0,3.32501,0.75
6888.0,3.21796,0.75
6890.0,3.55096,0.75
6892.0,3.56489,0.75
6894.0,3.43312,0.75
6896.0,3.48153,0.75
6898.0,3.6107,0.75
6900.0,3.69228,0.75
6902.0,3.7002,0.75
6904.0,3.76088,0.75
6906.0,3.65218,0.75
6908.0,3.52101,0.75
6910.0,3.77197,0.75
6912.0,3.60013,0.75
6914.0,3.59044,0.75
6916.0,3.87838,0.75
6918.0,3.90426,0.75
6920.0,3.50821,0.75
6922.0,3.89576,0.75
6924.0,3.67959,0.75
6926.0,3.89551,0.75
6928.0,3.86041,0.75
6930.0,3.81953,0.75
6932.0,3.61438,0.75
6934.0,3.93981,0.75
6936.0,4.00025,0.75
6938.0,3.88047,0.75
6940.0,3.49144,0.75
6942.0,3.74662,0.75
6944.0,3.68845,0.75
6946.0,3.68203,0.75
6948.0,3.67562,0.75
6950.0,3.6692,0.75
6952.0,3.6692,0.75
6954.0,3.41092,0.75
6956.0,3.7818,0.75
6958.0,3.54566,0.75
6960.0,3.46626,0.75
6962.0,3.49873,0.75
6964.0,3.4448,0.75
6966.0,3.25276,0.75
6968.0,3.66484,0.75
6970.0,4.00141,0.75
6972.0,3.85821,0.75
6974.0,3.66621,0.75
6976.0,3.62516,0.75
6978.0,4.05518,0.75
6980.0,4.05227,0.75
6982.0,3.6401,0.75
6984.0,4.10242,0.75
6986.0,4.09856,0.75
6988.0,3.78265,0.75
6990.0,3.6839,0.75
6992.0,3.63257,0.75
6994.0,3.67265,0.75
6996.0,3.63897,0.75
6998.0,3.70816,0.75
7000.0,3.97616,0.75
7002.0,3.84165,0.75
7004.0,4.03197,0.75
7006.0,3.94182,0.75
7008.0,3.56796,0.75
7010.0,3.87354,0.75
7012.0,3.71768,0.75
7014.0,3.42923,0.75
7016.0,3.42337,0.75
7018.0,3.50612,0.75
7020.0,3.48492,0.75
7022.0,3.49565,0.75
7024.0,3.40594,0.75
7026.0,3.48248,0.75
7028.0,3.63448,0.75
7030.0,3.48043,0.75
7032.0,3.52899,0.75
7034.0,3.59437,0.75
7036.0,3.77869,0.75
7038.0,3.60527,0.75
7040.0,3.56732,0.75
7042.0,3.85759,0.75
7044.0,3.60112,0.75
7046.0,3.74665,0.75
7048.0,3.65561,0.75
7050.0,3.19075,0.75
7052.0,3.30317,0.75
7054.0,3.61196,0.75
7056.0,3.50446,0.75
7058.0,3.68868,0.75
7060.0,3.64576,0.75
7062.0,3.38182,0.75
7064.0,3.5489,0.75
7066.0,3.71182,0.75
7068.0,3.73028,0.75
7070.0,3.7805,0.75
7072.0,3.56295,0.75
7074.0,3.63155,0.75
7076.0,3.66449,0.75
7078.0,3.48298,0.75
7080.0,3.66856,0.75
7082.0,3.62077,0.75
7084.0,3.73456,0.75
7086.0,3.76975,0.75
7088.0,3.75566,0.75
7090.0,3.64447,0.75
7092.0,3.67374,0.75
7094.0,3.67593,0.75
7096.0,3.32218,0.75
7098.0,3.23014,0.75
7100.0,3.62688,0.75
7102.0,4.03489,0.75
7104.0,3.97687,0.75
7106.0,3.90013,0.75
7108.0,3.61928,0.75
7110.0,3.7358,0.75
7112.0,3.86341,0.75
7114.0,3.73374,0.75
7116.0,3.54502,0.75
7118.0,3.53701,0.75
7120.0,3.32175,0.75
7122.0,3.54366,0.75
7124.0,3.50754,0.75
7126.0,3.64614,0.75
7128.0,3.83332,0.75
7130.0,3.50946,0.75
7132.0,3.66017,0.75
7134.0,3.89524,0.75
7136.0,3.63895,0.75
7138.0,3.54152,0.75
7140.0,3.5873,0.75
7142.0,3.71676,0.75
7144.0,3.78395,0.75
7146.0,3.77066,0.75
7148.0,3.72892,0.75
7150.0,3.69147,0.75
7152.0,3.21852,0.75
7154.0,3.31089,0.75
7156.0,3.62986,0.75
7158.0,3.41683,0.75
7160.0,3.53621,0.75
7162.0,3.55339,0.75
7164.0,4.01676,0.75
7166.0,3.82373,0.75
7168.0,3.48407,0.75
7170.0,3.35434,0.75
7172.0,3.16232,0.75
7174.0,3.52086,0.75
7176.0,3.24275,0.75
7178.0,3.26284,0.75
7180.0,3.36221,0.75
7182.0,3.50296,0.75
7184.0,3.33809,0.75
7186.0,3.23862,0.75
7188.0,3.28033,0.75
7190.0,3.7206,0.75
7192.0,3.84622,0.75
7194.0,4.04441,0.75
7196.0,3.65706,0.75
7198.0,3.64301,0.75
7200.0,3.62046,0.75
7202.0,3.80859,0.75
7204.0,3.78692,0.75
7206.0,3.60576,0.75
7208.0,3.73307,0.75
7210.0,3.64394,0.75
7212.0,3.32501,0.75
7214.0,3.35356,0.75
7216.0,3.5893,0.75
7218.0,3.46228,0.75
7220.0,3.61115,0.75
7222.0,3.85618,0.75
7224.0,3.40043,0.75
7226.0,3.41337,0.75
7228.0,3.38141,0.75
7230.0,3.53358,0.75
7232.0,3.41217,0.75
7234.0,3.74242,0.75
7236.0,3.53947,0.75
7238.0,3.28836,0.75
7240.0,3.42692,0.75
7242.0,3.53699,0.75
7244.0,3.46174,0.75
7246.0,3.34979,0.75
7248.0,3.19496,0.75
7250.0,3.41513,0.75
7252.0,3.43877,0.75
7254.0,3.61306,0.75
7256.0,3.21199,0.75
7258.0,3.2719,0.75
7260.0,3.66791,0.75
7262.0,3.83375,0.75
7264.0,3.79349,0.75
7266.0,3.73265,0.75
7268.0,3.60493,0.75
7270.0,3.56245,0.75
7272.0,3.60115,0.75
7274.0,3.44485,0.75
7276.0,3.44141,0.75
7278.0,3.32609,0.75
7280.0,3.22374,0.75
7282.0,3.2905,0.75
7284.0,3.53267,0.75
7286.0,3.70568,0.75
7288.0,3.91084,0.75
7290.0,3.5204,0.75
7292.0,3.47904,0.75
7294.0,3.63725,0.75
7296.0,3.61383,0.75
7298.0,3.29219,0.75
7300.0,3.15385,0.75
7302.0,3.21587,0.75
7304.0,3.51173,0.75
7306.0,3.43923,0.75
7308.0,2.9723,0.75
7310.0,3.28622,0.75
7312.0,3.28645,0.75
7314.0,3.43886,0.75
7316.0,3.3957,0.75
7318.0,3.16105,0.75
7320.0,3.49679,0.75
7322.0,3.71678,0.75
7324.0,3.58043,0.75
7326.0,3.50041,0.75
7328.0,3.52786,0.75
7330.0,3.60118,0.75
7332.0,3.45032,0.75
7334.0,3.22677,0.75
7336.0,3.15895,0.75
7338.0,3.12467,0.75
7340.0,2.99188,0.75
7342.0,3.04207,0.75
7344.0,3.31193,0.75
7346.0,3.39294,0.75
7348.0,3.29878,0.75
7350.0,3.35642,0.75
7352.0,3.34931,0.75
7354.0,3.23327,0.75
7356.0,3.13162,0.75
7358.0,3.09836,0.75
7360.0,3.44503,0.75
7362.0,3.25791,0.75
7364.0,3.37384,0.75
7366.0,3.31978,0.75
7368.0,3.30345,0.75
7370.0,3.14594,0.75
7372.0,2.99431,0.75
7374.0,3.24743,0.75
7376.0,3.16843,0.75
7378.0,3.24632,0.75
7380.0,2.89011,0.75
7382.0,2.86682,0.75
7384.0,2.92494,0.75
7386.0,2.85297,0.75
7388.0,2.76497,0.75
7390.0,2.85514,0.75
7392.0,3.30141,0.75
7394.0,3.40319,0.75
7396.0,3.20018,0.75
7398.0,3.06265,0.75
7400.0,3.0862,0.75
7402.0,3.15933,0.75
7404.0,3.37333,0.75
7406.0,3.18317,0.75
7408.0,3.13135,0.75
7410.0,2.87161,0.75
7412.0,3.01347,0.75
7414.0,3.32592,0.75
7416.0,3.15076,0.75
7418.0,2.7919,0.75
7420.0,2.99449,0.75
7422.0,2.81867,0.75
7424.0,2.81757,0.75
7426.0,2.97386,0.75
7428.0,3.11683,0.75
7430.0,3.13476,0.75
7432.0,3.32834,0.75
7434.0,3.03714,0.75
7436.0,3.02959,0.75
7438.0,2.81679,0.75
7440.0,3.09852,0.75
7442.0,3.24775,0.75
7444.0,2.95126,0.75
7446.0,3.08017,0.75
7448.0,3.15,0.75
7450.0,2.77437,0.75
7452.0,2.77907,0.75
7454.0,2.83079,0.75
7456.0,2.47464,0.75
7458.0,2.67627,0.75
7460.0,2.65423,0.75
7462.0,2.61138,0.75
7464.0,2.66457,0.75
7466.0,2.65315,0.75
7468.0,2.53387,0.75
7470.0,2.12128,0.75
7472.0,2.21793,0.75
7474.0,2.52942,0.75
7476.0,2.44882,0.75
7478.0,2.31767,0.75
7480.0,2.45918,0.75
7482.0,2.54427,0.75
7484.0,2.82493,0.75
7486.0,2.61568,0.75
7488.0,2.62159,0.75
7490.0,2.51518,0.75
7492.0,2.38461,0.75
7494.0,2.45158,0.75
7496.0,2.22835,0.75
7498.0,2.68936,0.75
7500.0,2.57855,0.75
7502.0,2.57963,0.75
7504.0,2.49324,0.75
7506.0,2.69656,0.75
7508.0,2.83923,0.75
7510.0,2.74761,0.75
7512.0,2.64625,0.75
7514.0,2.52267,0.75
7516.0,2.47419,0.75
7518.0,2.69664,0.75
7520.0,2.87582,0.75
7522.0,2.75393,0.75
7524.0,2.68245,0.75
7526.0,2.87132,0.75
7528.0,2.7538,0.75
7530.0,2.75271,0.75
7532.0,3.05899,0.75
7534.0,3.21908,0.75
7536.0,2.75918,0.75
7538.0,2.9101,0.75
7540.0,3.17586,0.75
7542.0,2.86945,0.75
7544.0,2.66772,0.75
7546.0,2.65765,0.75
7548.0,2.78032,0.75
7550.0,2.70942,0.75
7552.0,2.93996,0.75
7554.0,3.02207,0.75
7556.0,3.16202,0.75
7558.0,2.9131,0.75
7560.0,2.61907,0.75
7562.0,2.79512,0.75
7564.0,2.85333,0.75
7566.0,2.88111,0.75
7568.0,2.62621,0.75
7570.0,2.70699,0.75
7572.0,2.55604,0.75
7574.0,2.74755,0.75
7576.0,2.65775,0.75
7578.0,2.69732,0.75
7580.0,2.61085,0.75
7582.0,2.51379,0.75
7584.0,2.44962,0.75
7586.0,2.29522,0.75
7588.0,2.62786,0.75
7590.0,2.71196,0.75
7592.0,2.93616,0.75
7594.0,2.59538,0.75
7596.0,2.70929,0.75
7598.0,2.85118,0.75
7600.0,2.96359,0.75
