3300.0,1.95797
3302.0,1.95161
3304.0,1.8746
3306.0,1.82467
3308.0,1.89843
3310.0,2.22575
3312.0,2.43244
3314.0,2.12986
3316.0,2.093
3318.0,1.821
3320.0,2.10414
3322.0,2.47354
3324.0,2.25349
3326.0,2.13365
3328.0,2.16965
3330.0,1.9887
3332.0,1.94074
3334.0,2.01721
3336.0,2.16991
3338.0,2.14284
3340.0,2.17349
3342.0,2.31769
3344.0,2.42452
3346.0,2.21197
3348.0,2.27915
3350.0,2.48152
3352.0,2.49124
3354.0,2.52151
3356.0,2.57571
3358.0,2.49301
3360.0,2.39788
3362.0,2.33453
3364.0,2.61691
3366.0,2.62944
3368.0,1.71312
3370.0,2.12052
3372.0,2.56591
3374.0,2.53823
3376.0,2.72091
3378.0,2.72732
3380.0,2.82685
3382.0,2.83805
3384.0,2.90086
3386.0,2.86422
3388.0,2.84192
3390.0,2.8775
3392.0,3.00233
3394.0,3.05857
3396.0,3.01556
3398.0,3.11041
3400.0,2.94725
3402.0,2.93726
3404.0,3.09791
3406.0,3.12696
3408.0,3.01528
3410.0,3.09821
3412.0,3.04651
3414.0,3.07471
3416.0,2.85199
3418.0,2.78033
3420.0,2.83606
3422.0,2.83548
3424.0,2.75813
3426.0,2.70949
3428.0,2.72459
3430.0,2.66489
3432.0,2.71983
3434.0,2.69652
3436.0,2.6882
3438.0,2.57359
3440.0,2.71096
3442.0,2.77278
3444.0,2.70702
3446.0,2.72362
3448.0,2.81262
3450.0,2.99511
3452.0,2.89387
3454.0,2.9301
3456.0,3.10569
3458.0,3.09625
3460.0,2.91747
3462.0,3.0397
3464.0,2.95791
3466.0,2.99551
3468.0,3.04267
3470.0,3.11555
3472.0,3.14446
3474.0,3.20826
3476.0,3.01406
3478.0,3.02978
3480.0,3.22539
3482.0,3.24983
3484.0,3.17437
3486.0,3.11055
3488.0,3.11569
3490.0,3.19943
3492.0,3.09625
3494.0,3.01363
3496.0,3.0319
3498.0,3.16426
3500.0,3.20507
3502.0,3.39009
3504.0,3.24019
3506.0,3.21941
3508.0,3.12383
3510.0,3.22042
3512.0,3.15136
3514.0,3.04811
3516.0,3.10899
3518.0,3.1692
3520.0,3.14063
3522.0,3.06502
3524.0,3.11995
3526.0,3.01369
3528.0,3.09808
3530.0,3.02859
3532.0,2.9555
3534.0,2.95984
3536.0,2.86895
3538.0,2.93047
3540.0,3.04876
3542.0,3.1573
3544.0,3.25453
3546.0,3.09999
3548.0,3.20913
3550.0,3.31432
3552.0,3.26614
3554.0,3.09016
3556.0,3.30074
3558.0,3.46616
3560.0,3.26998
3562.0,3.21791
3564.0,3.21255
3566.0,3.1897
3568.0,3.17354
3570.0,3.15817
3572.0,3.21204
3574.0,3.20633
3576.0,3.06992
3578.0,3.11201
3580.0,3.23019
3582.0,3.078
3584.0,3.02221
3586.0,3.18693
3588.0,3.15763
3590.0,3.17751
3592.0,3.11691
3594.0,3.14235
3596.0,3.13517
3598.0,3.05921
3600.0,3.27545
3602.0,3.21248
3604.0,3.25446
3606.0,3.396
3608.0,3.14927
3610.0,3.10176
3612.0,3.27684
3614.0,3.38838
3616.0,3.27211
3618.0,3.15149
3620.0,3.25065
3622.0,3.35032
3624.0,3.40874
3626.0,3.36116
3628.0,3.29844
3630.0,3.37474
3632.0,3.42561
3634.0,3.33599
3636.0,3.28342
3638.0,3.39906
3640.0,3.33921
3642.0,3.12231
3644.0,3.28469
3646.0,3.22829
3648.0,3.01175
3650.0,2.9758
3652.0,3.08155
3654.0,3.15102
3656.0,3.14468
3658.0,3.17051
3660.0,2.98003
3662.0,3.13218
3664.0,2.98923
3666.0,3.08209
3668.0,3.00889
3670.0,3.06348
3672.0,3.24852
3674.0,3.1068
3676.0,3.05649
3678.0,3.09619
3680.0,3.1229
3682.0,3.10413
3684.0,3.03174
3686.0,3.03205
3688.0,3.07443
3690.0,3.09004
3692.0,3.12778
3694.0,3.03342
3696.0,3.14738
3698.0,3.03959
3700.0,3.04995
3702.0,3.13828
3704.0,3.11357
3706.0,3.12399
3708.0,3.05928
3710.0,2.94572
3712.0,3.00069
3714.0,2.91696
3716.0,2.92324
3718.0,2.85761
3720.0,2.82035
3722.0,2.82811
3724.0,2.85457
3726.0,2.84069
3728.0,2.7416
3730.0,2.66205
3732.0,2.72129
3734.0,2.6056
3736.0,2.50606
3738.0,2.43347
3740.0,2.28712
3742.0,2.23908
3744.0,2.21529
3746.0,2.18717
3748.0,2.02681
3750.0,2.03192
3752.0,1.97785
3754.0,1.96598
3756.0,1.96021
3758.0,1.90326
3760.0,1.83639
3762.0,1.81576
3764.0,1.78183
3766.0,1.75791
3768.0,1.72858
3770.0,1.70957
3772.0,1.77977
3774.0,1.82453
3776.0,1.83393
3778.0,1.8668
3780.0,1.8076
3782.0,1.8266
3784.0,1.89568
3786.0,1.87959
3788.0,1.93082
3790.0,2.01829
3792.0,2.07124
3794.0,2.12566
3796.0,2.07585
3798.0,2.16761
3800.0,2.36946
3802.0,1.97405
3804.0,2.17325
3806.0,2.23367
3808.0,2.09615
3810.0,2.16542
3812.0,2.16648
3814.0,2.07958
3816.0,2.05909
3818.0,1.99621
3820.0,1.95206
3822.0,1.95028
3824.0,1.96923
3826.0,1.80859
3828.0,1.77312
3830.0,1.81241
3832.0,1.70377
3834.0,1.75559
3836.0,1.75541
3838.0,1.71848
3840.0,1.71409
3842.0,1.76403
3844.0,1.70255
3846.0,1.68599
3848.0,1.65725
3850.0,1.71743
3852.0,1.74347
3854.0,1.68898
3856.0,1.67873
3858.0,1.6576
3860.0,1.69809
3862.0,1.7725
3864.0,1.74866
3866.0,1.72315
3868.0,1.77209
3870.0,1.82053
3872.0,1.90436
3874.0,1.93171
3876.0,1.93587
3878.0,1.94626
3880.0,2.00675
3882.0,2.11094
3884.0,2.0337
3886.0,2.14896
3888.0,2.33382
3890.0,2.36963
3892.0,2.44704
3894.0,2.48834
3896.0,2.5363
3898.0,2.58838
3900.0,2.6609
3902.0,2.77714
3904.0,2.7415
3906.0,2.86191
3908.0,2.9124
3910.0,3.01277
3912.0,3.04714
3914.0,3.13013
3916.0,3.21734
3918.0,3.20257
3920.0,3.30422
3922.0,3.3284
3924.0,3.34252
3926.0,3.38644
3928.0,3.4779
3930.0,3.31882
3932.0,3.11333
3934.0,3.23176
3936.0,3.50451
3938.0,3.65042
3940.0,3.72055
3942.0,3.7494
3944.0,3.74003
3946.0,3.79172
3948.0,3.84409
3950.0,3.86181
3952.0,3.89067
3954.0,3.89672
3956.0,3.9324
3958.0,3.8816
3960.0,3.8376
3962.0,3.94861
3964.0,3.88964
3966.0,3.76068
3968.0,3.68221
3970.0,3.82252
3972.0,3.97934
3974.0,4.07841
3976.0,4.11869
3978.0,4.13405
3980.0,4.17673
3982.0,4.17801
3984.0,4.24191
3986.0,4.33765
3988.0,4.39646
3990.0,4.34025
3992.0,4.25732
3994.0,4.31316
3996.0,4.34005
3998.0,4.3845
4000.0,4.3324
4002.0,4.18372
4004.0,4.12887
4006.0,4.03144
4008.0,3.94205
4010.0,3.85637
4012.0,3.82717
4014.0,3.81476
4016.0,3.79227
4018.0,3.61213
4020.0,3.49861
4022.0,3.39836
4024.0,3.37435
4026.0,3.43766
4028.0,3.36781
4030.0,3.30446
4032.0,3.24657
4034.0,3.18484
4036.0,3.09457
4038.0,3.04389
4040.0,3.04181
4042.0,2.92258
4044.0,2.78004
4046.0,2.83953
4048.0,2.9986
4050.0,3.03479
4052.0,2.92324
4054.0,2.93184
4056.0,2.9883
4058.0,3.04344
4060.0,2.98375
4062.0,2.94745
4064.0,3.03109
4066.0,3.05914
4068.0,3.04026
4070.0,3.0189
4072.0,3.00794
4074.0,2.99347
4076.0,3.06375
4078.0,3.14336
4080.0,3.16645
4082.0,3.1656
4084.0,3.21842
4086.0,3.29179
4088.0,3.39813
4090.0,3.40726
4092.0,3.43072
4094.0,3.47742
4096.0,3.4929
4098.0,3.53561
4100.0,3.56961
4102.0,3.60678
4104.0,3.63689
4106.0,3.67302
4108.0,3.70944
4110.0,3.73586
4112.0,3.73151
4114.0,3.8343
4116.0,3.84549
4118.0,3.81788
4120.0,3.86093
4122.0,3.97097
4124.0,4.08009
4126.0,4.10076
4128.0,4.10998
4130.0,4.14718
4132.0,4.08741
4134.0,4.08324
4136.0,4.03034
4138.0,4.06681
4140.0,3.99792
4142.0,3.95873
4144.0,4.01738
4146.0,4.06673
4148.0,4.08966
4150.0,4.05345
4152.0,4.0774
4154.0,4.09496
4156.0,4.125
4158.0,4.09965
4160.0,4.13935
4162.0,4.26416
4164.0,4.23334
4166.0,4.05936
4168.0,4.01109
4170.0,3.98755
4172.0,3.98628
4174.0,3.96499
4176.0,3.83928
4178.0,3.83683
4180.0,3.88854
4182.0,3.82314
4184.0,3.77463
4186.0,3.7984
4188.0,3.75315
4190.0,3.7426
4192.0,3.74687
4194.0,3.72249
4196.0,3.7767
4198.0,3.73871
4200.0,3.68074
4202.0,3.67183
4204.0,3.68559
4206.0,3.66336
4208.0,3.61825
4210.0,3.56672
4212.0,3.56845
4214.0,3.6529
4216.0,3.65417
4218.0,3.61878
4220.0,3.61968
4222.0,3.64881
4224.0,3.71373
4226.0,3.62748
4228.0,3.62697
4230.0,3.63916
4232.0,3.63608
4234.0,3.60099
4236.0,3.65566
4238.0,3.55024
4240.0,3.5548
4242.0,3.57352
4244.0,3.48216
4246.0,3.43927
4248.0,3.4467
4250.0,3.43805
4252.0,3.39933
4254.0,3.31032
4256.0,3.34177
4258.0,3.28073
4260.0,3.2442
4262.0,3.26354
4264.0,3.20197
4266.0,3.14629
4268.0,3.13375
4270.0,3.11664
4272.0,3.09665
4274.0,3.05161
4276.0,3.05701
4278.0,3.05702
4280.0,3.09505
4282.0,3.06058
4284.0,3.01153
4286.0,3.00237
4288.0,3.0489
4290.0,3.01976
4292.0,2.98779
4294.0,3.00532
4296.0,2.99715
4298.0,2.98453
4300.0,2.95515
4302.0,2.97853
4304.0,2.95593
4306.0,2.91658
4308.0,2.86948
4310.0,2.85158
4312.0,2.86826
4314.0,2.88285
4316.0,2.85866
4318.0,2.83849
4320.0,2.79634
4322.0,2.76457
4324.0,2.78176
4326.0,2.75972
4328.0,2.71573
4330.0,2.69253
4332.0,2.67948
4334.0,2.64565
4336.0,2.65695
4338.0,2.61926
4340.0,2.55916
4342.0,2.4839
4344.0,2.39656
4346.0,2.37561
4348.0,2.37455
4350.0,2.38077
4352.0,2.28382
4354.0,2.18695
4356.0,2.05965
4358.0,2.1287
4360.0,1.93003
4362.0,1.99256
4364.0,2.14375
4366.0,2.02117
4368.0,1.95078
4370.0,1.98617
4372.0,1.99399
4374.0,2.00354
4376.0,2.02895
4378.0,2.02347
4380.0,2.04081
4382.0,2.08742
4384.0,2.07179
4386.0,2.1398
4388.0,2.18024
4390.0,2.14296
4392.0,2.22614
4394.0,2.28746
4396.0,2.31341
4398.0,2.34495
4400.0,2.29724
4402.0,2.39569
4404.0,2.40481
4406.0,2.43103
4408.0,2.59299
4410.0,2.51139
4412.0,2.46559
4414.0,2.52128
4416.0,2.50329
4418.0,2.49751
4420.0,2.54833
4422.0,2.54693
4424.0,2.44903
4426.0,2.55492
4428.0,2.59804
4430.0,2.59449
4432.0,2.59897
4434.0,2.58079
4436.0,2.61526
4438.0,2.70763
4440.0,2.67912
4442.0,2.69247
4444.0,2.73958
4446.0,2.71228
4448.0,2.72399
4450.0,2.73606
4452.0,2.70545
4454.0,2.67387
4456.0,2.64661
4458.0,2.68927
4460.0,2.66198
4462.0,2.57664
4464.0,2.61076
4466.0,2.60303
4468.0,2.54297
4470.0,2.53587
4472.0,2.53022
4474.0,2.54489
4476.0,2.5248
4478.0,2.48421
4480.0,2.53897
4482.0,2.52197
4484.0,2.49167
4486.0,2.5036
4488.0,2.509
4490.0,2.49774
4492.0,2.52488
4494.0,2.57275
4496.0,2.59484
4498.0,2.59321
4500.0,2.56126
4502.0,2.58058
4504.0,2.65291
4506.0,2.7152
4508.0,2.72091
4510.0,2.74602
4512.0,2.75992
4514.0,2.73965
4516.0,2.83854
4518.0,2.86009
4520.0,2.85657
4522.0,2.92233
4524.0,2.96588
4526.0,3.00624
4528.0,3.02563
4530.0,2.97748
4532.0,2.9771
4534.0,2.99848
4536.0,3.03893
4538.0,3.0458
4540.0,3.02461
4542.0,3.01959
4544.0,3.05439
4546.0,3.08786
4548.0,3.09738
4550.0,3.04327
4552.0,3.04716
4554.0,3.03356
4556.0,2.9721
4558.0,3.02246
4560.0,3.02858
4562.0,3.03773
4564.0,3.04874
4566.0,3.07285
4568.0,3.10354
4570.0,3.08317
4572.0,3.07035
4574.0,3.0855
4576.0,3.11971
4578.0,3.15265
4580.0,3.13
4582.0,3.13416
4584.0,3.12723
4586.0,3.08533
4588.0,3.13217
4590.0,3.16489
4592.0,3.11976
4594.0,3.15805
4596.0,3.14792
4598.0,3.107
4600.0,3.11122
4602.0,3.11147
4604.0,3.0447
4606.0,2.97891
4608.0,3.03897
4610.0,3.03222
4612.0,2.95024
4614.0,2.9729
4616.0,2.99879
4618.0,3.02276
4620.0,3.00847
4622.0,2.93852
4624.0,2.93923
4626.0,3.01315
4628.0,2.98246
4630.0,2.92913
4632.0,2.95019
4634.0,2.98507
4636.0,3.00283
4638.0,2.96559
4640.0,2.95646
4642.0,2.96949
4644.0,3.00643
4646.0,3.06919
4648.0,3.06846
4650.0,3.03291
4652.0,3.06584
4654.0,3.09158
4656.0,3.04941
4658.0,3.05227
4660.0,3.08879
4662.0,3.0585
4664.0,3.04863
4666.0,3.06607
4668.0,3.04739
4670.0,3.03249
4672.0,3.04574
4674.0,3.06306
4676.0,3.06641
4678.0,3.07377
4680.0,3.06929
4682.0,3.0391
4684.0,3.04318
4686.0,3.00721
4688.0,3.01782
4690.0,3.00651
4692.0,2.99311
4694.0,2.97178
4696.0,2.89509
4698.0,2.8696
4700.0,2.87109
4702.0,2.83428
4704.0,2.76518
4706.0,2.71273
4708.0,2.69506
4710.0,2.61456
4712.0,2.55796
4714.0,2.58537
4716.0,2.61283
4718.0,2.5964
4720.0,2.5988
4722.0,2.59886
4724.0,2.55086
4726.0,2.51991
4728.0,2.48344
4730.0,2.48169
4732.0,2.51993
4734.0,2.52423
4736.0,2.50686
4738.0,2.47257
4740.0,2.47359
4742.0,2.55991
4744.0,2.60124
4746.0,2.56761
4748.0,2.53071
4750.0,2.52204
4752.0,2.57203
4754.0,2.6421
4756.0,2.63881
4758.0,2.60734
4760.0,2.62677
4762.0,2.58513
4764.0,2.56056
4766.0,2.61145
4768.0,2.58957
4770.0,2.62094
4772.0,2.64894
4774.0,2.58227
4776.0,2.55885
4778.0,2.56736
4780.0,2.57068
4782.0,2.56239
4784.0,2.56076
4786.0,2.54896
4788.0,2.55842
4790.0,2.55905
4792.0,2.50984
4794.0,2.44816
4796.0,2.46594
4798.0,2.43466
4800.0,2.43468
4802.0,2.44706
4804.0,2.40565
4806.0,2.36328
4808.0,2.34647
4810.0,2.34043
4812.0,2.3063
4814.0,2.26121
4816.0,2.21434
4818.0,2.2502
4820.0,2.23845
4822.0,2.23291
4824.0,2.24047
4826.0,2.20627
4828.0,2.22752
4830.0,2.24216
4832.0,2.23722
4834.0,2.27254
4836.0,2.29352
4838.0,2.27207
4840.0,2.26093
4842.0,2.26583
4844.0,2.26106
4846.0,2.28733
4848.0,2.33601
4850.0,2.32792
4852.0,2.33665
4854.0,2.39194
4856.0,2.39675
4858.0,2.41295
4860.0,2.40809
4862.0,2.41423
4864.0,2.39506
4866.0,2.36865
4868.0,2.37702
4870.0,2.33401
4872.0,2.33616
4874.0,2.31403
4876.0,2.2972
4878.0,2.28576
4880.0,2.26132
4882.0,2.24514
4884.0,2.20297
4886.0,2.15204
4888.0,2.14174
4890.0,2.09085
4892.0,2.03972
4894.0,2.02711
4896.0,1.98298
4898.0,1.93836
4900.0,1.91622
4902.0,1.85957
4904.0,1.78243
4906.0,1.75549
4908.0,1.76433
4910.0,1.69147
4912.0,1.62134
4914.0,1.64037
4916.0,1.59743
4918.0,1.51783
4920.0,1.52078
4922.0,1.5139
4924.0,1.46586
4926.0,1.49057
4928.0,1.44282
4930.0,1.4137
4932.0,1.41584
4934.0,1.41108
4936.0,1.42398
4938.0,1.46068
4940.0,1.44035
4942.0,1.40955
4944.0,1.44978
4946.0,1.42772
4948.0,1.42621
4950.0,1.4916
4952.0,1.54882
4954.0,1.56204
4956.0,1.59435
4958.0,1.63333
4960.0,1.5901
4962.0,1.58887
4964.0,1.65381
4966.0,1.67825
4968.0,1.65294
4970.0,1.69228
4972.0,1.67255
4974.0,1.61782
4976.0,1.66393
4978.0,1.72009
4980.0,1.69007
4982.0,1.66761
4984.0,1.71083
4986.0,1.72318
4988.0,1.73552
4990.0,1.74786
4992.0,1.74786
4994.0,1.76834
4996.0,1.77298
4998.0,1.79612
5000.0,1.80198
5002.0,1.81328
5004.0,1.83989
5006.0,1.83723
5008.0,1.84663
5010.0,1.8687
5012.0,1.86474
5014.0,1.87096
5016.0,1.85827
5018.0,1.8693
5020.0,1.81948
5022.0,1.88796
5024.0,1.87197
5026.0,1.82432
5028.0,1.84426
5030.0,1.87
5032.0,1.91865
5034.0,1.87776
5036.0,1.84327
5038.0,1.90378
5040.0,1.90316
5042.0,1.87289
5044.0,1.92252
5046.0,1.88571
5048.0,1.87528
5050.0,1.9291
5052.0,1.93171
5054.0,1.91838
5056.0,1.91114
5058.0,1.93873
5060.0,1.9524
5062.0,1.94044
5064.0,1.95096
5066.0,1.95854
5068.0,2.00006
5070.0,2.03091
5072.0,2.01374
5074.0,1.99929
5076.0,2.01709
5078.0,2.0316
5080.0,2.06367
5082.0,2.03743
5084.0,2.03106
5086.0,2.03808
5088.0,1.99734
5090.0,2.04872
5092.0,2.02648
5094.0,1.99444
5096.0,2.04539
5098.0,2.04965
5100.0,2.03686
5102.0,2.00237
5104.0,2.00473
5106.0,2.02707
5108.0,2.08709
5110.0,2.09194
5112.0,2.08242
5114.0,2.10234
5116.0,2.09439
5118.0,2.12207
5120.0,2.12249
5122.0,2.12755
5124.0,2.13748
5126.0,2.15064
5128.0,2.15296
5130.0,2.16851
5132.0,2.2154
5134.0,2.20786
5136.0,2.21626
5138.0,2.25692
5140.0,2.23953
5142.0,2.19768
5144.0,2.24205
5146.0,2.29454
5148.0,2.27179
5150.0,2.24156
5152.0,2.25367
5154.0,2.28416
5156.0,2.3305
5158.0,2.33133
5160.0,2.37407
5162.0,2.37696
5164.0,2.33719
5166.0,2.36491
5168.0,2.45368
5170.0,2.43023
5172.0,2.42604
5174.0,2.42044
5176.0,2.45702
5178.0,2.48539
5180.0,2.47781
5182.0,2.47516
5184.0,2.46379
5186.0,2.43273
5188.0,2.37721
5190.0,2.41059
5192.0,2.42043
5194.0,2.41524
5196.0,2.42833
5198.0,2.3935
5200.0,2.33897
5202.0,2.37434
5204.0,2.35688
5206.0,2.31943
5208.0,2.31408
5210.0,2.30204
5212.0,2.29135
5214.0,2.29183
5216.0,2.27598
5218.0,2.27254
5220.0,2.29155
5222.0,2.28575
5224.0,2.30949
5226.0,2.2949
5228.0,2.27203
5230.0,2.2528
5232.0,2.24392
5234.0,2.24696
5236.0,2.25646
5238.0,2.2613
5240.0,2.26557
5242.0,2.29878
5244.0,2.30942
5246.0,2.33377
5248.0,2.33093
5250.0,2.32607
5252.0,2.28666
5254.0,2.30195
5256.0,2.33552
5258.0,2.33905
5260.0,2.31219
5262.0,2.28592
5264.0,2.32615
5266.0,2.31831
5268.0,2.29708
5270.0,2.30216
5272.0,2.33841
5274.0,2.36489
5276.0,2.3311
5278.0,2.3121
5280.0,2.33789
5282.0,2.31699
5284.0,2.27445
5286.0,2.26821
5288.0,2.25764
5290.0,2.24019
5292.0,2.23811
5294.0,2.18851
5296.0,2.17075
5298.0,2.16881
5300.0,2.13092
5302.0,2.14115
5304.0,2.08947
5306.0,2.03373
5308.0,1.98572
5310.0,1.95819
5312.0,1.91422
5314.0,1.87615
5316.0,1.85739
5318.0,1.83884
5320.0,1.8291
5322.0,1.81341
5324.0,1.77402
5326.0,1.74982
5328.0,1.72923
5330.0,1.72042
5332.0,1.69646
5334.0,1.68436
5336.0,1.6741
5338.0,1.67817
5340.0,1.67296
5342.0,1.66022
5344.0,1.64937
5346.0,1.64417
5348.0,1.64117
5350.0,1.636
5352.0,1.63033
5354.0,1.62407
5356.0,1.61233
5358.0,1.61009
5360.0,1.6203
5362.0,1.63328
5364.0,1.64375
5366.0,1.65435
5368.0,1.65123
5370.0,1.63278
5372.0,1.62024
5374.0,1.59956
5376.0,1.59436
5378.0,1.6212
5380.0,1.65533
5382.0,1.65219
5384.0,1.61947
5386.0,1.61507
5388.0,1.62863
5390.0,1.63581
5392.0,1.63693
5394.0,1.63898
5396.0,1.64661
5398.0,1.657
5400.0,1.66184
5402.0,1.65894
5404.0,1.66591
5406.0,1.67614
5408.0,1.6938
5410.0,1.72734
5412.0,1.7605
5414.0,1.76699
5416.0,1.75331
5418.0,1.75417
5420.0,1.76214
5422.0,1.76528
5424.0,1.76145
5426.0,1.76143
5428.0,1.77345
5430.0,1.79065
5432.0,1.79448
5434.0,1.79098
5436.0,1.78282
5438.0,1.76354
5440.0,1.74985
5442.0,1.74087
5444.0,1.73789
5446.0,1.74775
5448.0,1.76997
5450.0,1.77175
5452.0,1.75367
5454.0,1.74921
5456.0,1.75802
5458.0,1.76177
5460.0,1.75255
5462.0,1.73725
5464.0,1.7242
5466.0,1.70584
5468.0,1.7024
5470.0,1.7166
5472.0,1.72155
5474.0,1.71525
5476.0,1.7067
5478.0,1.70226
5480.0,1.69909
5482.0,1.69181
5484.0,1.68039
5486.0,1.67102
5488.0,1.66574
5490.0,1.65462
5492.0,1.6304
5494.0,1.60359
5496.0,1.59452
5498.0,1.60105
5500.0,1.5907
5502.0,1.57063
5504.0,1.55008
5506.0,1.52809
5508.0,1.50424
5510.0,1.476
5512.0,1.44536
5514.0,1.43088
5516.0,1.43604
5518.0,1.42682
5520.0,1.40932
5522.0,1.39398
5524.0,1.38005
5526.0,1.37011
5528.0,1.3736
5530.0,1.39216
5532.0,1.38501
5534.0,1.34959
5536.0,1.33556
5538.0,1.3386
5540.0,1.34858
5542.0,1.36467
5544.0,1.38561
5546.0,1.39432
5548.0,1.38787
5550.0,1.40079
5552.0,1.42602
5554.0,1.45415
5556.0,1.48881
5558.0,1.52248
5560.0,1.54412
5562.0,1.5581
5564.0,1.56903
5566.0,1.57049
5568.0,1.57844
5570.0,1.59244
5572.0,1.60488
5574.0,1.61105
5576.0,1.61568
5578.0,1.62881
5580.0,1.64769
5582.0,1.66798
5584.0,1.69296
5586.0,1.71673
5588.0,1.74251
5590.0,1.76391
5592.0,1.77207
5594.0,1.77038
5596.0,1.77976
5598.0,1.79515
5600.0,1.80997
5602.0,1.82771
5604.0,1.84326
5606.0,1.85654
5608.0,1.86649
5610.0,1.86778
5612.0,1.85977
5614.0,1.85693
5616.0,1.85298
5618.0,1.85343
5620.0,1.85951
5622.0,1.8668
5624.0,1.87476
5626.0,1.88323
5628.0,1.8756
5630.0,1.8488
5632.0,1.83288
5634.0,1.8127
5636.0,1.80715
5638.0,1.82774
5640.0,1.85512
5642.0,1.86066
5644.0,1.85393
5646.0,1.84913
5648.0,1.83366
5650.0,1.83312
5652.0,1.8505
5654.0,1.86813
5656.0,1.8766
5658.0,1.88145
5660.0,1.88694
5662.0,1.88835
5664.0,1.89754
5666.0,1.91726
5668.0,1.92928
5670.0,1.93174
5672.0,1.9283
5674.0,1.91923
5676.0,1.90287
5678.0,1.89529
5680.0,1.8902
5682.0,1.89097
5684.0,1.89796
5686.0,1.90846
5688.0,1.92545
5690.0,1.94403
5692.0,1.94416
5694.0,1.92677
5696.0,1.91959
5698.0,1.91255
5700.0,1.91072
5702.0,1.9174
5704.0,1.92466
5706.0,1.9241
5708.0,1.91904
5710.0,1.9205
5712.0,1.92809
5714.0,1.93087
5716.0,1.93026
5718.0,1.9295
5720.0,1.92811
5722.0,1.92759
5724.0,1.93403
5726.0,1.94947
5728.0,1.95141
5730.0,1.94191
5732.0,1.93607
5734.0,1.93347
5736.0,1.93138
5738.0,1.92772
5740.0,1.9236
5742.0,1.92594
5744.0,1.93464
5746.0,1.94195
5748.0,1.954
5750.0,1.95955
5752.0,1.95097
5754.0,1.94071
5756.0,1.95104
5758.0,1.98131
5760.0,1.97703
5762.0,1.93759
5764.0,1.91936
5766.0,1.91835
5768.0,1.92338
5770.0,1.93349
5772.0,1.94757
5774.0,1.94443
5776.0,1.92847
5778.0,1.91107
5780.0,1.88221
5782.0,1.8612
5784.0,1.85357
5786.0,1.84872
5788.0,1.8352
5790.0,1.817
5792.0,1.80224
5794.0,1.79152
5796.0,1.77439
5798.0,1.74341
5800.0,1.72311
5802.0,1.73175
5804.0,1.75227
5806.0,1.74263
5808.0,1.71203
5810.0,1.68642
5812.0,1.65051
5814.0,1.62657
5816.0,1.61883
5818.0,1.616
5820.0,1.6099
5822.0,1.60474
5824.0,1.59055
5826.0,1.55955
5828.0,1.54837
5830.0,1.56012
5832.0,1.56348
5834.0,1.54673
5836.0,1.52074
5838.0,1.49543
5840.0,1.45673
5842.0,1.45538
5844.0,1.49692
5846.0,1.51658
5848.0,1.51064
5850.0,1.50201
5852.0,1.50717
5854.0,1.51814
5856.0,1.51356
5858.0,1.48646
5860.0,1.48507
5862.0,1.50835
5864.0,1.52314
5866.0,1.51662
5868.0,1.50655
5870.0,1.51785
5872.0,1.54578
5874.0,1.55804
5876.0,1.56323
5878.0,1.56633
5880.0,1.55974
5882.0,1.56042
5884.0,1.59607
5886.0,1.645
5888.0,1.59602
5890.0,1.40646
5892.0,1.36654
5894.0,1.43309
5896.0,1.48515
5898.0,1.50378
5900.0,1.51993
5902.0,1.55598
5904.0,1.60642
5906.0,1.63786
5908.0,1.66147
5910.0,1.67603
5912.0,1.6759
5914.0,1.67619
5916.0,1.6831
5918.0,1.69329
5920.0,1.70948
5922.0,1.73656
5924.0,1.75082
5926.0,1.75549
5928.0,1.76204
5930.0,1.77503
5932.0,1.78384
5934.0,1.77572
5936.0,1.75457
5938.0,1.74733
5940.0,1.74589
5942.0,1.74753
5944.0,1.75649
5946.0,1.76306
5948.0,1.76097
5950.0,1.75729
5952.0,1.76622
5954.0,1.78543
5956.0,1.80043
5958.0,1.814
5960.0,1.83122
5962.0,1.86064
5964.0,1.88152
5966.0,1.87225
5968.0,1.84274
5970.0,1.8315
5972.0,1.82365
5974.0,1.82507
5976.0,1.84185
5978.0,1.85284
5980.0,1.84906
5982.0,1.84247
5984.0,1.85102
5986.0,1.87216
5988.0,1.87909
5990.0,1.87757
5992.0,1.87586
5994.0,1.8718
5996.0,1.86796
5998.0,1.86707
6000.0,1.86747
6002.0,1.86417
6004.0,1.85729
6006.0,1.85247
6008.0,1.84422
6010.0,1.84356
6012.0,1.85586
6014.0,1.87147
6016.0,1.87826
6018.0,1.88119
6020.0,1.88071
6022.0,1.86903
6024.0,1.87063
6026.0,1.88973
6028.0,1.90451
6030.0,1.90196
6032.0,1.89171
6034.0,1.89187
6036.0,1.89678
6038.0,1.90284
6040.0,1.91817
6042.0,1.92201
6044.0,1.90811
6046.0,1.89065
6048.0,1.88277
6050.0,1.87851
6052.0,1.8806
6054.0,1.89515
6056.0,1.89925
6058.0,1.89725
6060.0,1.89082
6062.0,1.87632
6064.0,1.85945
6066.0,1.85902
6068.0,1.87635
6070.0,1.87298
6072.0,1.85358
6074.0,1.83961
6076.0,1.83273
6078.0,1.82553
6080.0,1.81219
6082.0,1.79526
6084.0,1.78381
6086.0,1.77521
6088.0,1.76792
6090.0,1.76403
6092.0,1.7589
6094.0,1.75238
6096.0,1.74378
6098.0,1.72957
6100.0,1.71027
6102.0,1.69071
6104.0,1.66535
6106.0,1.6467
6108.0,1.63756
6110.0,1.62747
6112.0,1.60917
6114.0,1.5866
6116.0,1.56594
6118.0,1.54541
6120.0,1.52372
6122.0,1.49779
6124.0,1.47744
6126.0,1.47109
6128.0,1.46348
6130.0,1.42938
6132.0,1.37256
6134.0,1.34231
6136.0,1.33593
6138.0,1.31175
6140.0,1.26946
6142.0,1.22763
6144.0,1.19645
6146.0,1.169
6148.0,1.13363
6150.0,1.08865
6152.0,1.05657
6154.0,1.03612
6156.0,1.0114
6158.0,0.980485
6160.0,0.947674
6162.0,0.915317
6164.0,0.881968
6166.0,0.852668
6168.0,0.823262
6170.0,0.801903
6172.0,0.792249
6174.0,0.780139
6176.0,0.758156
6178.0,0.73301
6180.0,0.716358
6182.0,0.707899
6184.0,0.689657
6186.0,0.66099
6188.0,0.64031
6190.0,0.628726
6192.0,0.621089
6194.0,0.614759
6196.0,0.611074
6198.0,0.606163
6200.0,0.602155
6202.0,0.596306
6204.0,0.586347
6206.0,0.580342
6208.0,0.582889
6210.0,0.588002
6212.0,0.584642
6214.0,0.573213
6216.0,0.574604
6218.0,0.586664
6220.0,0.595951
6222.0,0.603672
6224.0,0.610621
6226.0,0.616658
6228.0,0.62185
6230.0,0.626042
6232.0,0.626483
6234.0,0.632731
6236.0,0.642266
6238.0,0.654593
6240.0,0.671272
6242.0,0.689283
6244.0,0.70277
6246.0,0.712659
6248.0,0.729154
6250.0,0.752906
6252.0,0.771546
6254.0,0.785753
6256.0,0.798802
6258.0,0.811838
6260.0,0.824352
6262.0,0.837572
6264.0,0.849508
6266.0,0.865937
6268.0,0.886433
6270.0,0.90725
6272.0,0.931001
6274.0,0.952239
6276.0,0.961079
6278.0,0.95914
6280.0,0.973996
6282.0,1.00301
6284.0,1.02551
6286.0,1.04468
6288.0,1.06313
6290.0,1.08005
6292.0,1.09713
6294.0,1.12226
6296.0,1.15783
6298.0,1.181
6300.0,1.19629
6302.0,1.21092
6304.0,1.22241
6306.0,1.23543
6308.0,1.25748
6310.0,1.28602
6312.0,1.30027
6314.0,1.30096
6316.0,1.30882
6318.0,1.31798
6320.0,1.33086
6322.0,1.35098
6324.0,1.37323
6326.0,1.38585
6328.0,1.38947
6330.0,1.40414
6332.0,1.42767
6334.0,1.44769
6336.0,1.46765
6338.0,1.48244
6340.0,1.48473
6342.0,1.47844
6344.0,1.48435
6346.0,1.49573
6348.0,1.51108
6350.0,1.53595
6352.0,1.5559
6354.0,1.56839
6356.0,1.57603
6358.0,1.57857
6360.0,1.57432
6362.0,1.57503
6364.0,1.57592
6366.0,1.58032
6368.0,1.58993
6370.0,1.59928
6372.0,1.60378
6374.0,1.60666
6376.0,1.61793
6378.0,1.63945
6380.0,1.65151
6382.0,1.65921
6384.0,1.66461
6386.0,1.66513
6388.0,1.66608
6390.0,1.67716
6392.0,1.69711
6394.0,1.69866
6396.0,1.68101
6398.0,1.67535
6400.0,1.68021
6402.0,1.68368
6404.0,1.68099
6406.0,1.67532
6408.0,1.66821
6410.0,1.65484
6412.0,1.65296
6414.0,1.66175
6416.0,1.66771
6418.0,1.67305
6420.0,1.67417
6422.0,1.66288
6424.0,1.64132
6426.0,1.63858
6428.0,1.65205
6430.0,1.65828
6432.0,1.66296
6434.0,1.6655
6436.0,1.66478
6438.0,1.66231
6440.0,1.66152
6442.0,1.66217
6444.0,1.65901
6446.0,1.65429
6448.0,1.64607
6450.0,1.62926
6452.0,1.61619
6454.0,1.61854
6456.0,1.6306
6458.0,1.63547
6460.0,1.63914
6462.0,1.64095
6464.0,1.64205
6466.0,1.63974
6468.0,1.63179
6470.0,1.6218
6472.0,1.61582
6474.0,1.61188
6476.0,1.60721
6478.0,1.59707
6480.0,1.59911
6482.0,1.61932
6484.0,1.63673
6486.0,1.64263
6488.0,1.64034
6490.0,1.61018
6492.0,1.5224
6494.0,1.50744
6496.0,1.54831
6498.0,1.58355
6500.0,1.61227
6502.0,1.63293
6504.0,1.62825
6506.0,1.60116
6508.0,1.58966
6510.0,1.58427
6512.0,1.57596
6514.0,1.56342
6516.0,1.55437
6518.0,1.55339
6520.0,1.55685
6522.0,1.55777
6524.0,1.55951
6526.0,1.55881
6528.0,1.55693
6530.0,1.55299
6532.0,1.5452
6534.0,1.53752
6536.0,1.53446
6538.0,1.53423
6540.0,1.53361
6542.0,1.53464
6544.0,1.5341
6546.0,1.53334
6548.0,1.53068
6550.0,1.52373
6552.0,1.51574
6554.0,1.51512
6556.0,1.52172
6558.0,1.52101
6560.0,1.51665
6562.0,1.51108
6564.0,1.50343
6566.0,1.49524
6568.0,1.48711
6570.0,1.4787
6572.0,1.47688
6574.0,1.48471
6576.0,1.484
6578.0,1.47733
6580.0,1.4708
6582.0,1.46544
6584.0,1.46049
6586.0,1.4565
6588.0,1.45334
6590.0,1.45048
6592.0,1.4476
6594.0,1.44618
6596.0,1.44672
6598.0,1.44751
6600.0,1.44875
6602.0,1.44992
6604.0,1.44305
6606.0,1.42675
6608.0,1.41554
6610.0,1.40288
6612.0,1.39531
6614.0,1.39592
6616.0,1.39908
6618.0,1.39717
6620.0,1.39235
6622.0,1.39271
6624.0,1.40038
6626.0,1.40018
6628.0,1.39297
6630.0,1.38351
6632.0,1.37197
6634.0,1.35936
6636.0,1.35504
6638.0,1.35854
6640.0,1.3583
6642.0,1.35871
6644.0,1.35703
6646.0,1.35267
6648.0,1.34705
6650.0,1.34126
6652.0,1.33467
6654.0,1.32935
6656.0,1.32554
6658.0,1.32024
6660.0,1.3123
6662.0,1.30651
6664.0,1.30503
6666.0,1.30589
6668.0,1.3065
6670.0,1.30886
6672.0,1.30825
6674.0,1.30456
6676.0,1.30249
6678.0,1.30286
6680.0,1.30301
6682.0,1.30148
6684.0,1.29902
6686.0,1.292
6688.0,1.27572
6690.0,1.27008
6692.0,1.27392
6694.0,1.27642
6696.0,1.27471
6698.0,1.27164
6700.0,1.26916
6702.0,1.26633
6704.0,1.26416
6706.0,1.26315
6708.0,1.26072
6710.0,1.25692
6712.0,1.25243
6714.0,1.24667
6716.0,1.2402
6718.0,1.23937
6720.0,1.24533
6722.0,1.24652
6724.0,1.24577
6726.0,1.24454
6728.0,1.24315
6730.0,1.24113
6732.0,1.23833
6734.0,1.23531
6736.0,1.22823
6738.0,1.21346
6740.0,1.20649
6742.0,1.20632
6744.0,1.20879
6746.0,1.21491
6748.0,1.22248
6750.0,1.21591
6752.0,1.19029
6754.0,1.18602
6756.0,1.19803
6758.0,1.20587
6760.0,1.2083
6762.0,1.20838
6764.0,1.20576
6766.0,1.1997
6768.0,1.20106
6770.0,1.21248
6772.0,1.2137
6774.0,1.20675
6776.0,1.19757
6778.0,1.18612
6780.0,1.17397
6782.0,1.17025
6784.0,1.17437
6786.0,1.1737
6788.0,1.17103
6790.0,1.16953
6792.0,1.17046
6794.0,1.17049
6796.0,1.16647
6798.0,1.15978
6800.0,1.15362
6802.0,1.14417
6804.0,1.14055
6806.0,1.14166
6808.0,1.14432
6810.0,1.15084
6812.0,1.15662
6814.0,1.14882
6816.0,1.12763
6818.0,1.11902
6820.0,1.11908
6822.0,1.1149
6824.0,1.10638
6826.0,1.09736
6828.0,1.08886
6830.0,1.08058
6832.0,1.07916
6834.0,1.08812
6836.0,1.0876
6838.0,1.08042
6840.0,1.07447
6842.0,1.07073
6844.0,1.06825
6846.0,1.06776
6848.0,1.06957
6850.0,1.06934
6852.0,1.07105
6854.0,1.06646
6856.0,1.05243
6858.0,1.04023
6860.0,1.03642
6862.0,1.0369
6864.0,1.03675
6866.0,1.04048
6868.0,1.03776
6870.0,1.02786
6872.0,1.02184
6874.0,1.02248
6876.0,1.02404
6878.0,1.02079
6880.0,1.01495
6882.0,1.00918
6884.0,1.00248
6886.0,0.995309
6888.0,0.985325
6890.0,0.978406
6892.0,0.977615
6894.0,0.980399
6896.0,0.983066
6898.0,0.988701
6900.0,0.989901
6902.0,0.98867
6904.0,0.985725
6906.0,0.977718
6908.0,0.972029
6910.0,0.977835
6912.0,0.991688
6914.0,0.995306
6916.0,0.991854
6918.0,0.991196
6920.0,0.992199
6922.0,0.991463
6924.0,0.987292
6926.0,0.981733
6928.0,0.978507
6930.0,0.977684
6932.0,0.971444
6934.0,0.954912
6936.0,0.950577
6938.0,0.964179
6940.0,0.976458
6942.0,0.972915
6944.0,0.960892
6946.0,0.952497
6948.0,0.941132
6950.0,0.934997
6952.0,0.931251
6954.0,0.931512
6956.0,0.937656
6958.0,0.946422
6960.0,0.952864
6962.0,0.959761
6964.0,0.961872
6966.0,0.958495
6968.0,0.957095
6970.0,0.958577
6972.0,0.957838
6974.0,0.950908
6976.0,0.940608
6978.0,0.935297
6980.0,0.933238
6982.0,0.929904
6984.0,0.926299
6986.0,0.923384
6988.0,0.920288
6990.0,0.918821
6992.0,0.923024
6994.0,0.933034
6996.0,0.930871
6998.0,0.915366
7000.0,0.909201
7002.0,0.908912
7004.0,0.911962
7006.0,0.921002
7008.0,0.931964
7010.0,0.927832
7012.0,0.908464
7014.0,0.900714
7016.0,0.895941
7018.0,0.895769
7020.0,0.902923
7022.0,0.911236
7024.0,0.91448
7026.0,0.915391
7028.0,0.915309
7030.0,0.914436
7032.0,0.910624
7034.0,0.901969
7036.0,0.894975
7038.0,0.891684
7040.0,0.890443
7042.0,0.890777
7044.0,0.894662
7046.0,0.893154
7048.0,0.884977
7050.0,0.8825
7052.0,0.886723
7054.0,0.892496
7056.0,0.897424
7058.0,0.90263
7060.0,0.902014
7062.0,0.894312
7064.0,0.890879
7066.0,0.888153
7068.0,0.887524
7070.0,0.89061
7072.0,0.894695
7074.0,0.894727
7076.0,0.891467
7078.0,0.892854
7080.0,0.898679
7082.0,0.90172
7084.0,0.903283
7086.0,0.902724
7088.0,0.898806
7090.0,0.892439
7092.0,0.887293
7094.0,0.880391
7096.0,0.877719
7098.0,0.878934
7100.0,0.879953
7102.0,0.881252
7104.0,0.881663
7106.0,0.877759
7108.0,0.869534
7110.0,0.86985
7112.0,0.879648
7114.0,0.882503
7116.0,0.878503
7118.0,0.875374
7120.0,0.877192
7122.0,0.880807
7124.0,0.880801
7126.0,0.878348
7128.0,0.876737
7130.0,0.875514
7132.0,0.873093
7134.0,0.867866
7136.0,0.863444
7138.0,0.864355
7140.0,0.869115
7142.0,0.869133
7144.0,0.864692
7146.0,0.864256
7148.0,0.86948
7150.0,0.870766
7152.0,0.861551
7154.0,0.8496
7156.0,0.851461
7158.0,0.865754
7160.0,0.868915
7162.0,0.866801
7164.0,0.863616
7166.0,0.857424
7168.0,0.851859
7170.0,0.85071
7172.0,0.852193
7174.0,0.852207
7176.0,0.851642
7178.0,0.852216
7180.0,0.853801
7182.0,0.855497
7184.0,0.85797
7186.0,0.85987
7188.0,0.857524
7190.0,0.850196
7192.0,0.851015
7194.0,0.858322
7196.0,0.864401
7198.0,0.873062
7200.0,0.877555
7202.0,0.870146
7204.0,0.856028
7206.0,0.856224
7208.0,0.872002
7210.0,0.873158
7212.0,0.86655
7214.0,0.857857
7216.0,0.844378
7218.0,0.831878
7220.0,0.83118
7222.0,0.839552
7224.0,0.842483
7226.0,0.843439
7228.0,0.846287
7230.0,0.851951
7232.0,0.85629
7234.0,0.856348
7236.0,0.85458
7238.0,0.857143
7240.0,0.863268
7242.0,0.867147
7244.0,0.87466
7246.0,0.873566
7248.0,0.858375
7250.0,0.84146
7252.0,0.835971
7254.0,0.836749
7256.0,0.83518
7258.0,0.83427
7260.0,0.833494
7262.0,0.83315
7264.0,0.832752
7266.0,0.832233
7268.0,0.831555
7270.0,0.829952
7272.0,0.825507
7274.0,0.828438
7276.0,0.840076
7278.0,0.846901
7280.0,0.850166
7282.0,0.849392
7284.0,0.841358
7286.0,0.827334
7288.0,0.821773
7290.0,0.821609
7292.0,0.820672
7294.0,0.821508
7296.0,0.82146
7298.0,0.818205
7300.0,0.815248
7302.0,0.819943
7304.0,0.833124
7306.0,0.833545
7308.0,0.824127
7310.0,0.81647
7312.0,0.80708
7314.0,0.800857
7316.0,0.803239
7318.0,0.810955
7320.0,0.812601
7322.0,0.812112
7324.0,0.809669
7326.0,0.805638
7328.0,0.798827
7330.0,0.786198
7332.0,0.773549
7334.0,0.770384
7336.0,0.77413
7338.0,0.774564
7340.0,0.774273
7342.0,0.775455
7344.0,0.777737
7346.0,0.781112
7348.0,0.786458
7350.0,0.792777
7352.0,0.795495
7354.0,0.796634
7356.0,0.794764
7358.0,0.788868
7360.0,0.783187
7362.0,0.776071
7364.0,0.770909
7366.0,0.773345
7368.0,0.781836
7370.0,0.785283
7372.0,0.787705
7374.0,0.787889
7376.0,0.78493
7378.0,0.7819
7380.0,0.779847
7382.0,0.77811
7384.0,0.776595
7386.0,0.773722
7388.0,0.776726
7390.0,0.78657
7392.0,0.793699
7394.0,0.800501
7396.0,0.803021
7398.0,0.794704
7400.0,0.778072
7402.0,0.771619
7404.0,0.770859
7406.0,0.769918
7408.0,0.772913
7410.0,0.772572
7412.0,0.76649
7414.0,0.757152
7416.0,0.746266
7418.0,0.730378
7420.0,0.724693
7422.0,0.728583
7424.0,0.729319
7426.0,0.728004
7428.0,0.725575
7430.0,0.721182
7432.0,0.715437
7434.0,0.714233
7436.0,0.717006
7438.0,0.718693
7440.0,0.720946
7442.0,0.723153
7444.0,0.726397
7446.0,0.728537
7448.0,0.72537
7450.0,0.717523
7452.0,0.712756
7454.0,0.702553
7456.0,0.706099
7458.0,0.730764
7460.0,0.750151
7462.0,0.748284
7464.0,0.735564
7466.0,0.728143
7468.0,0.718264
7470.0,0.713285
7472.0,0.713185
7474.0,0.711649
7476.0,0.70912
7478.0,0.704677
7480.0,0.69385
7482.0,0.676098
7484.0,0.67826
7486.0,0.702756
7488.0,0.71319
7490.0,0.713841
7492.0,0.713026
7494.0,0.712953
7496.0,0.712566
7498.0,0.713994
7500.0,0.717241
7502.0,0.718865
7504.0,0.72188
7506.0,0.720365
7508.0,0.712642
7510.0,0.703215
7512.0,0.695602
7514.0,0.68812
7516.0,0.682717
7518.0,0.681601
7520.0,0.675258
7522.0,0.662176
7524.0,0.652759
7526.0,0.6507
7528.0,0.652269
7530.0,0.653905
7532.0,0.65926
7534.0,0.656444
7536.0,0.646246
7538.0,0.637603
7540.0,0.630315
7542.0,0.622566
7544.0,0.613481
7546.0,0.603502
7548.0,0.593114
7550.0,0.583672
7552.0,0.570005
7554.0,0.54935
7556.0,0.533533
7558.0,0.525458
7560.0,0.521335
7562.0,0.518608
7564.0,0.520046
7566.0,0.513963
7568.0,0.499772
7570.0,0.491051
7572.0,0.487496
7574.0,0.484637
7576.0,0.480658
7578.0,0.476441
7580.0,0.470708
7582.0,0.461323
7584.0,0.45778
7586.0,0.459964
7588.0,0.460067
7590.0,0.458987
7592.0,0.454699
7594.0,0.441904
7596.0,0.421303
7598.0,0.408194
7600.0,0.395141
7602.0,0.390095
7604.0,0.391225
7606.0,0.399219
7608.0,0.418552
7610.0,0.443446
7612.0,0.453586
7614.0,0.453899
7616.0,0.455194
7618.0,0.451168
7620.0,0.45091
7622.0,0.45501
7624.0,0.461242
7626.0,0.469401
7628.0,0.480082
7630.0,0.483129
7632.0,0.473301
7634.0,0.479181
7636.0,0.501244
7638.0,0.52
7640.0,0.531175
7642.0,0.536958
7644.0,0.53177
7646.0,0.510783
7648.0,0.50895
7650.0,0.524479
7652.0,0.529773
7654.0,0.522589
7656.0,0.514564
7658.0,0.514117
7660.0,0.517091
7662.0,0.514089
7664.0,0.503229
7666.0,0.501802
7668.0,0.508467
7670.0,0.513863
7672.0,0.517582
7674.0,0.518897
7676.0,0.512402
7678.0,0.497039
7680.0,0.493306
7682.0,0.495308
7684.0,0.501218
7686.0,0.51588
7688.0,0.52799
7690.0,0.528388
7692.0,0.523042
7694.0,0.527698
7696.0,0.542235
7698.0,0.547119
7700.0,0.542589
7702.0,0.544544
7704.0,0.556828
7706.0,0.572428
7708.0,0.584996
7710.0,0.59771
7712.0,0.60599
7714.0,0.612039
7716.0,0.61354
7718.0,0.606922
7720.0,0.60254
7722.0,0.60685
7724.0,0.614556
7726.0,0.614866
7728.0,0.608033
7730.0,0.609176
7732.0,0.616189
7734.0,0.621834
7736.0,0.626349
7738.0,0.629775
7740.0,0.63051
7742.0,0.628793
7744.0,0.632527
7746.0,0.643556
7748.0,0.647145
7750.0,0.643322
7752.0,0.641045
7754.0,0.643859
7756.0,0.648464
7758.0,0.650688
7760.0,0.651044
7762.0,0.65472
7764.0,0.662206
7766.0,0.667134
7768.0,0.670392
7770.0,0.671229
7772.0,0.667893
7774.0,0.661201
7776.0,0.656665
7778.0,0.649886
7780.0,0.649336
7782.0,0.65609
7784.0,0.660934
7786.0,0.661997
7788.0,0.660996
7790.0,0.657514
7792.0,0.649746
7794.0,0.64959
7796.0,0.655453
7798.0,0.66061
7800.0,0.664632
7802.0,0.670821
7804.0,0.681934
7806.0,0.69616
7808.0,0.707087
7810.0,0.721062
7812.0,0.723774
7814.0,0.714946
7816.0,0.707401
7818.0,0.701365
7820.0,0.697287
7822.0,0.699659
7824.0,0.708446
7826.0,0.708398
7828.0,0.698122
7830.0,0.697841
7832.0,0.708055
7834.0,0.718111
7836.0,0.724295
7838.0,0.728294
7840.0,0.726132
7842.0,0.71661
7844.0,0.710237
7846.0,0.701582
7848.0,0.697408
7850.0,0.699439
7852.0,0.703613
7854.0,0.705509
7856.0,0.70652
7858.0,0.714549
7860.0,0.732292
7862.0,0.742326
7864.0,0.748089
7866.0,0.75068
7868.0,0.747843
7870.0,0.743172
7872.0,0.748046
7874.0,0.762387
7876.0,0.766545
7878.0,0.765266
7880.0,0.762392
7882.0,0.755767
7884.0,0.74964
7886.0,0.748396
7888.0,0.750028
7890.0,0.750782
7892.0,0.753966
7894.0,0.752761
7896.0,0.74605
7898.0,0.741772
7900.0,0.740626
7902.0,0.742948
7904.0,0.753357
7906.0,0.773301
7908.0,0.784024
7910.0,0.791393
7912.0,0.795422
7914.0,0.795832
7916.0,0.793294
7918.0,0.787118
7920.0,0.778003
7922.0,0.773526
7924.0,0.773735
7926.0,0.769375
7928.0,0.759267
7930.0,0.75447
7932.0,0.758426
7934.0,0.765446
7936.0,0.769362
7938.0,0.772891
7940.0,0.774685
7942.0,0.775489
7944.0,0.774309
7946.0,0.772075
7948.0,0.766863
7950.0,0.755158
7952.0,0.740527
7954.0,0.737195
7956.0,0.742228
7958.0,0.74708
7960.0,0.75623
7962.0,0.763993
7964.0,0.773116
7966.0,0.777937
7968.0,0.769193
7970.0,0.74935
7972.0,0.737908
7974.0,0.725994
7976.0,0.721641
7978.0,0.725258
7980.0,0.731228
7982.0,0.740229
7984.0,0.749724
7986.0,0.747298
7988.0,0.731797
7990.0,0.729362
7992.0,0.735963
7994.0,0.73972
7996.0,0.741798
7998.0,0.741408
8000.0,0.734873
8002.0,0.723462
8004.0,0.723976
8006.0,0.736965
8008.0,0.741625
8010.0,0.740597
8012.0,0.740951
8014.0,0.745614
8016.0,0.751028
8018.0,0.752362
8020.0,0.752372
8022.0,0.74627
8024.0,0.731054
8026.0,0.720666
8028.0,0.715006
8030.0,0.710339
8032.0,0.704433
8034.0,0.698498
8036.0,0.695209
8038.0,0.696402
8040.0,0.692631
8042.0,0.682372
8044.0,0.677585
8046.0,0.681615
8048.0,0.689424
8050.0,0.696103
8052.0,0.704295
8054.0,0.709382
8056.0,0.714151
8058.0,0.714428
8060.0,0.709773
8062.0,0.703022
8064.0,0.694507
8066.0,0.684611
8068.0,0.679085
8070.0,0.675489
8072.0,0.675236
8074.0,0.682845
8076.0,0.683874
8078.0,0.673024
8080.0,0.661422
8082.0,0.66174
8084.0,0.66969
8086.0,0.67235
8088.0,0.673146
8090.0,0.674687
8092.0,0.675877
8094.0,0.678183
8096.0,0.684312
8098.0,0.690875
8100.0,0.687384
8102.0,0.673808
8104.0,0.667283
8106.0,0.660219
8108.0,0.659815
8110.0,0.672927
8112.0,0.683258
8114.0,0.672755
8116.0,0.648588
8118.0,0.640397
8120.0,0.642374
8122.0,0.640703
8124.0,0.63997
8126.0,0.636853
8128.0,0.628468
8130.0,0.618789
8132.0,0.615617
8134.0,0.616509
8136.0,0.618439
8138.0,0.622318
8140.0,0.628232
8142.0,0.640354
8144.0,0.648756
8146.0,0.643433
8148.0,0.62977
8150.0,0.628322
8152.0,0.635141
8154.0,0.639476
8156.0,0.648884
8158.0,0.650502
8160.0,0.636565
8162.0,0.619899
8164.0,0.619759
8166.0,0.629895
8168.0,0.639879
8170.0,0.660662
8172.0,0.668077
8174.0,0.661918
8176.0,0.652105
8178.0,0.641898
8180.0,0.630229
8182.0,0.625469
8184.0,0.628979
8186.0,0.624761
8188.0,0.613338
8190.0,0.606927
8192.0,0.608345
8194.0,0.612039
8196.0,0.613084
8198.0,0.613868
8200.0,0.611476
8202.0,0.602222
8204.0,0.601117
8206.0,0.608562
8208.0,0.615763
8210.0,0.620745
8212.0,0.623746
8214.0,0.618023
8216.0,0.602408
8218.0,0.592363
8220.0,0.580692
8222.0,0.574956
8224.0,0.577734
8226.0,0.582522
8228.0,0.583269
8230.0,0.582553
8232.0,0.583653
8234.0,0.588449
8236.0,0.587084
8238.0,0.577612
8240.0,0.571618
8242.0,0.574341
8244.0,0.580098
8246.0,0.580514
8248.0,0.579092
8250.0,0.574372
8252.0,0.563204
8254.0,0.556647
8256.0,0.554201
8258.0,0.554441
8260.0,0.558482
8262.0,0.56567
8264.0,0.56459
8266.0,0.556422
8268.0,0.550465
8270.0,0.546952
8272.0,0.538143
8274.0,0.517909
8276.0,0.496328
8278.0,0.4898
8280.0,0.492489
8282.0,0.499675
8284.0,0.524364
8286.0,0.530306
8288.0,0.517005
8290.0,0.498887
8292.0,0.479217
8294.0,0.457943
8296.0,0.458616
8298.0,0.488346
8300.0,0.491598
8302.0,0.478523
8304.0,0.467002
8306.0,0.46034
8308.0,0.45262
8310.0,0.437512
8312.0,0.415517
8314.0,0.406402
8316.0,0.406073
8318.0,0.40708
8320.0,0.413295
8322.0,0.418373
8324.0,0.419753
8326.0,0.418772
8328.0,0.413917
8330.0,0.404501
8332.0,0.395621
8334.0,0.383632
8336.0,0.374817
8338.0,0.36725
8340.0,0.364626
8342.0,0.374964
8344.0,0.396649
8346.0,0.395988
8348.0,0.373778
8350.0,0.364348
8352.0,0.357172
8354.0,0.359372
8356.0,0.378311
8358.0,0.404471
8360.0,0.417024
8362.0,0.424217
8364.0,0.424511
8366.0,0.413792
8368.0,0.406078
8370.0,0.399771
8372.0,0.395643
8374.0,0.39588
8376.0,0.399444
8378.0,0.40172
8380.0,0.405551
8382.0,0.406672
8384.0,0.405788
8386.0,0.404083
8388.0,0.399716
8390.0,0.396203
8392.0,0.401392
8394.0,0.414066
8396.0,0.42266
8398.0,0.434451
8400.0,0.438038
8402.0,0.430321
8404.0,0.422765
8406.0,0.422258
8408.0,0.425067
8410.0,0.428921
8412.0,0.435745
8414.0,0.441591
8416.0,0.448992
8418.0,0.453993
8420.0,0.457453
8422.0,0.457396
8424.0,0.448574
8426.0,0.430697
8428.0,0.424612
8430.0,0.428665
8432.0,0.426589
8434.0,0.420394
8436.0,0.412523
8438.0,0.402531
8440.0,0.391483
8442.0,0.385714
8444.0,0.382329
8446.0,0.383667
8448.0,0.390771
8450.0,0.398481
8452.0,0.409117
8454.0,0.417972
8456.0,0.418147
8458.0,0.411961
8460.0,0.409965
8462.0,0.408494
8464.0,0.408119
8466.0,0.411096
8468.0,0.411064
8470.0,0.403075
8472.0,0.39296
8474.0,0.393797
8476.0,0.403201
8478.0,0.40919
8480.0,0.415421
8482.0,0.421927
8484.0,0.429518
8486.0,0.436329
8488.0,0.439782
8490.0,0.440985
8492.0,0.448156
8494.0,0.469307
8496.0,0.468159
8498.0,0.440746
8500.0,0.423991
8502.0,0.429675
8504.0,0.444186
8506.0,0.453402
8508.0,0.463997
8510.0,0.469522
8512.0,0.469113
8514.0,0.47176
8516.0,0.475462
8518.0,0.48225
8520.0,0.496383
8522.0,0.514868
8524.0,0.520672
8526.0,0.517587
8528.0,0.513082
8530.0,0.496588
8532.0,0.492075
8534.0,0.507705
8536.0,0.529647
8538.0,0.542376
8540.0,0.55279
8542.0,0.55705
8544.0,0.550474
8546.0,0.551957
8548.0,0.56029
8550.0,0.570184
8552.0,0.581793
8554.0,0.593635
8556.0,0.593125
8558.0,0.579317
8560.0,0.573568
8562.0,0.568891
8564.0,0.567109
8566.0,0.57113
8568.0,0.574714
8570.0,0.569472
8572.0,0.557904
8574.0,0.554701
8576.0,0.555377
8578.0,0.558787
8580.0,0.569179
8582.0,0.575951
8584.0,0.573048
8586.0,0.566401
8588.0,0.566788
8590.0,0.570411
8592.0,0.576167
8594.0,0.588795
8596.0,0.594977
8598.0,0.588859
8600.0,0.585864
8602.0,0.602383
8604.0,0.631577
8606.0,0.641227
8608.0,0.641776
8610.0,0.634747
8612.0,0.609467
8614.0,0.594212
8616.0,0.598656
8618.0,0.612224
8620.0,0.623995
8622.0,0.640424
8624.0,0.649398
8626.0,0.655456
8628.0,0.656232
8630.0,0.649886
8632.0,0.641527
8634.0,0.634284
8636.0,0.626637
8638.0,0.620152
8640.0,0.616452
8642.0,0.608129
8644.0,0.5918
8646.0,0.583085
8648.0,0.587115
8650.0,0.595771
8652.0,0.60039
8654.0,0.605777
8656.0,0.602711
8658.0,0.588132
8660.0,0.581138
8662.0,0.578219
8664.0,0.580242
8666.0,0.588262
8668.0,0.601639
8670.0,0.620188
8672.0,0.651351
8674.0,0.667216
8676.0,0.676453
8678.0,0.677935
8680.0,0.669724
8682.0,0.655886
8684.0,0.639772
8686.0,0.618435
8688.0,0.608817
8690.0,0.6075
8692.0,0.607547
8694.0,0.614002
8696.0,0.617382
8698.0,0.612525
8700.0,0.603953
8702.0,0.598767
8704.0,0.592361
8706.0,0.593331
8708.0,0.605218
8710.0,0.609518
8712.0,0.603781
8714.0,0.595997
8716.0,0.591982
8718.0,0.58908
8720.0,0.586927
8722.0,0.586824
8724.0,0.584847
8726.0,0.580455
8728.0,0.577748
8730.0,0.577297
8732.0,0.579072
8734.0,0.585302
8736.0,0.597149
8738.0,0.603889
8740.0,0.609338
8742.0,0.611992
8744.0,0.610232
8746.0,0.608307
8748.0,0.61045
8750.0,0.614352
8752.0,0.610852
8754.0,0.599437
8756.0,0.592639
8758.0,0.5851
8760.0,0.58206
8762.0,0.588178
8764.0,0.595383
8766.0,0.590127
8768.0,0.575211
8770.0,0.569044
8772.0,0.563752
8774.0,0.56574
8776.0,0.577875
8778.0,0.590476
8780.0,0.596969
8782.0,0.601736
8784.0,0.614148
8786.0,0.638711
8788.0,0.646438
8790.0,0.643623
8792.0,0.636882
8794.0,0.624436
8796.0,0.61006
8798.0,0.599016
8800.0,0.588162
8802.0,0.58664
8804.0,0.600715
8806.0,0.600433
8808.0,0.586592
8810.0,0.572687
8812.0,0.562202
8814.0,0.554036
8816.0,0.555596
8818.0,0.570485
8820.0,0.571778
8822.0,0.567068
8824.0,0.557977
8826.0,0.54038
8828.0,0.523239
8830.0,0.515553
8832.0,0.513222
8834.0,0.516764
8836.0,0.533823
8838.0,0.538487
8840.0,0.531945
8842.0,0.527673
8844.0,0.529385
8846.0,0.534197
8848.0,0.541773
8850.0,0.55395
8852.0,0.562051
8854.0,0.569491
8856.0,0.574017
8858.0,0.574802
8860.0,0.574332
8862.0,0.575063
8864.0,0.575737
8866.0,0.570976
8868.0,0.558727
8870.0,0.552219
8872.0,0.549035
8874.0,0.545826
8876.0,0.542798
8878.0,0.539071
8880.0,0.531354
8882.0,0.51912
8884.0,0.514332
8886.0,0.515139
8888.0,0.515448
8890.0,0.518342
8892.0,0.51843
8894.0,0.510406
8896.0,0.498024
8898.0,0.493587
8900.0,0.49104
8902.0,0.496464
8904.0,0.515047
8906.0,0.526601
8908.0,0.529141
8910.0,0.525892
8912.0,0.516684
8914.0,0.500474
8916.0,0.48758
8918.0,0.468302
8920.0,0.463138
8922.0,0.475
8924.0,0.486193
8926.0,0.490315
8928.0,0.49072
8930.0,0.483206
8932.0,0.460938
8934.0,0.458448
8936.0,0.47429
8938.0,0.481833
8940.0,0.480988
8942.0,0.474209
8944.0,0.459801
8946.0,0.437851
8948.0,0.420204
8950.0,0.397453
8952.0,0.387632
8954.0,0.387799
8956.0,0.394682
8958.0,0.413758
8960.0,0.435604
8962.0,0.432138
8964.0,0.405147
8966.0,0.398211
8968.0,0.402057
8970.0,0.404041
8972.0,0.406913
8974.0,0.406972
8976.0,0.399171
8978.0,0.38593
8980.0,0.376874
8982.0,0.372118
8984.0,0.360156
8986.0,0.337055
8988.0,0.322314
8990.0,0.322394
8992.0,0.328983
8994.0,0.333024
8996.0,0.33954
8998.0,0.339818
9000.0,0.332431
9002.0,0.330461
9004.0,0.336191
9006.0,0.339531
9008.0,0.332333
9010.0,0.31988
9012.0,0.318619
9014.0,0.327665
9016.0,0.329693
9018.0,0.330053
9020.0,0.327963
9022.0,0.320395
9024.0,0.313345
9026.0,0.316669
9028.0,0.328369
9030.0,0.330408
9032.0,0.328515
9034.0,0.322984
9036.0,0.310217
9038.0,0.299312
9040.0,0.294325
9042.0,0.292899
9044.0,0.295264
9046.0,0.302611
9048.0,0.309836
9050.0,0.319583
9052.0,0.32855
9054.0,0.339556
9056.0,0.346713
9058.0,0.34112
9060.0,0.325329
9062.0,0.31997
9064.0,0.31581
9066.0,0.320739
9068.0,0.341113
9070.0,0.355242
9072.0,0.353381
9074.0,0.344657
9076.0,0.341756
9078.0,0.340637
9080.0,0.337725
9082.0,0.330165
9084.0,0.329973
9086.0,0.33905
9088.0,0.350751
9090.0,0.361468
9092.0,0.373008
9094.0,0.376615
9096.0,0.371626
9098.0,0.370284
9100.0,0.368099
9102.0,0.368698
9104.0,0.374015
9106.0,0.381367
9108.0,0.387267
9110.0,0.395076
9112.0,0.393207
9114.0,0.382497
9116.0,0.371666
9118.0,0.35526
9120.0,0.34376
9122.0,0.34646
9124.0,0.357854
9126.0,0.363236
9128.0,0.370583
9130.0,0.370178
9132.0,0.359492
9134.0,0.353866
9136.0,0.357723
9138.0,0.3637
9140.0,0.363353
9142.0,0.35898
9144.0,0.359994
9146.0,0.365532
9148.0,0.368686
9150.0,0.373016
9152.0,0.372542
9154.0,0.358939
9156.0,0.340316
9158.0,0.346405
9160.0,0.37956
9162.0,0.3886
9164.0,0.384273
9166.0,0.379893
9168.0,0.374767
9170.0,0.369897
9172.0,0.369277
9174.0,0.371982
9176.0,0.367382
9178.0,0.352458
9180.0,0.348545
9182.0,0.355664
9184.0,0.361548
9186.0,0.36087
9188.0,0.358273
9190.0,0.359917
9192.0,0.363687
9194.0,0.368679
9196.0,0.375104
9198.0,0.383158
9200.0,0.398059
9202.0,0.407903
9204.0,0.398062
9206.0,0.374563
9208.0,0.372403
9210.0,0.386748
9212.0,0.394137
9214.0,0.398068
9216.0,0.405235
9218.0,0.421204
9220.0,0.437699
9222.0,0.438569
9224.0,0.427241
9226.0,0.419794
9228.0,0.40889
9230.0,0.40174
9232.0,0.398747
9234.0,0.396832
9236.0,0.393845
9238.0,0.390984
9240.0,0.39122
9242.0,0.395819
9244.0,0.396918
9246.0,0.393218
9248.0,0.394824
9250.0,0.407826
9252.0,0.42158
9254.0,0.419752
9256.0,0.405629
9258.0,0.404286
9260.0,0.41203
9262.0,0.415111
9264.0,0.412742
9266.0,0.412711
9268.0,0.421383
9270.0,0.433578
9272.0,0.433152
9274.0,0.419101
9276.0,0.417311
9278.0,0.42344
9280.0,0.427684
9282.0,0.431455
9284.0,0.431904
9286.0,0.422583
9288.0,0.40482
9290.0,0.395327
9292.0,0.389703
9294.0,0.384437
9296.0,0.376638
9298.0,0.375843
9300.0,0.388591
9302.0,0.408236
9304.0,0.420283
9306.0,0.429588
9308.0,0.438569
9310.0,0.447469
9312.0,0.453343
9314.0,0.461769
9316.0,0.460612
9318.0,0.431258
9320.0,0.380161
9322.0,0.369899
9324.0,0.391123
9326.0,0.404793
9328.0,0.431804
9330.0,0.441302
9332.0,0.413766
9334.0,0.374834
9336.0,0.371325
9338.0,0.393109
9340.0,0.397436
9342.0,0.388113
9344.0,0.394417
9346.0,0.421677
9348.0,0.449356
9350.0,0.46527
9352.0,0.475319
9354.0,0.473531
9356.0,0.451569
9358.0,0.444852
9360.0,0.455523
9362.0,0.449466
9364.0,0.40683
9366.0,0.360735
9368.0,0.360379
9370.0,0.390448
9372.0,0.41885
9374.0,0.476755
9376.0,0.497756
9378.0,0.477709
9380.0,0.45334
9382.0,0.441572
9384.0,0.433526
9386.0,0.43346
9388.0,0.441165
9390.0,0.451776
9392.0,0.47381
9394.0,0.486653
9396.0,0.489499
9398.0,0.483757
9400.0,0.464891
9402.0,0.431488
9404.0,0.418108
9406.0,0.420154
9408.0,0.415985
9410.0,0.407155
9412.0,0.400946
9414.0,0.400832
9416.0,0.40393
9418.0,0.405626
9420.0,0.40767
9422.0,0.409883
9424.0,0.414988
9426.0,0.414991
9428.0,0.404109
9430.0,0.396093
9432.0,0.408751
9434.0,0.436114
9436.0,0.4306
9438.0,0.387098
9440.0,0.375408
9442.0,0.37975
9444.0,0.397696
9446.0,0.437991
9448.0,0.486085
9450.0,0.504933
9452.0,0.504366
9454.0,0.506976
9456.0,0.508586
9458.0,0.500553
9460.0,0.473631
9462.0,0.451713
9464.0,0.459165
9466.0,0.483385
9468.0,0.472282
9470.0,0.43219
9472.0,0.402478
9474.0,0.354018
9476.0,0.338299
9478.0,0.383764
9480.0,0.445523
9482.0,0.454739
9484.0,0.430179
9486.0,0.42991
9488.0,0.449406
9490.0,0.444975
9492.0,0.401144
9494.0,0.372537
9496.0,0.399901
9498.0,0.456126
9500.0,0.472024
9502.0,0.463775
9504.0,0.461796
9506.0,0.455741
9508.0,0.449624
9510.0,0.445191
9512.0,0.439039
9514.0,0.424938
9516.0,0.402384
9518.0,0.400827
9520.0,0.420102
9522.0,0.429886
9524.0,0.43774
9526.0,0.439213
9528.0,0.427104
9530.0,0.409249
9532.0,0.410381
9534.0,0.427541
9536.0,0.435334
9538.0,0.450363
9540.0,0.445933
9542.0,0.406151
9544.0,0.368235
9546.0,0.373823
9548.0,0.407521
9550.0,0.409963
9552.0,0.381483
9554.0,0.386287
9556.0,0.418704
9558.0,0.453932
9560.0,0.49068
9562.0,0.525008
9564.0,0.534177
9566.0,0.528164
9568.0,0.500593
9570.0,0.4308
9572.0,0.388037
9574.0,0.373451
9576.0,0.369301
9578.0,0.366468
9580.0,0.369336
9582.0,0.375998
9584.0,0.392489
9586.0,0.400645
9588.0,0.403597
9590.0,0.406158
9592.0,0.409487
9594.0,0.412269
9596.0,0.413134
9598.0,0.411506
9600.0,0.414317
9602.0,0.426509
9604.0,0.425717
9606.0,0.407616
9608.0,0.390591
9610.0,0.3842
9612.0,0.383664
9614.0,0.393084
9616.0,0.433893
9618.0,0.425196
9620.0,0.360964
9622.0,0.326883
9624.0,0.342976
9626.0,0.374254
9628.0,0.388848
9630.0,0.401523
9632.0,0.399857
9634.0,0.374636
9636.0,0.368367
9638.0,0.381814
9640.0,0.392826
9642.0,0.390756
9644.0,0.383009
9646.0,0.378269
9648.0,0.372854
9650.0,0.368821
9652.0,0.368701
9654.0,0.363167
9656.0,0.349369
9658.0,0.33407
9660.0,0.321607
9662.0,0.308803
9664.0,0.314903
9666.0,0.347668
9668.0,0.360607
9670.0,0.355834
9672.0,0.355607
9674.0,0.372098
9676.0,0.392173
9678.0,0.391386
9680.0,0.376533
9682.0,0.359288
9684.0,0.322577
9686.0,0.307496
9688.0,0.320971
9690.0,0.339117
9692.0,0.345228
9694.0,0.347233
9696.0,0.343924
9698.0,0.329116
9700.0,0.324983
9702.0,0.324435
9704.0,0.331099
9706.0,0.353106
9708.0,0.376773
9710.0,0.373694
9712.0,0.348079
9714.0,0.341112
9716.0,0.346232
9718.0,0.34358
9720.0,0.333734
9722.0,0.32168
9724.0,0.307923
9726.0,0.292811
9728.0,0.288165
9730.0,0.287705
9732.0,0.298798
9734.0,0.333183
9736.0,0.3511
9738.0,0.33943
9740.0,0.32071
9742.0,0.321846
9744.0,0.334591
9746.0,0.335832
9748.0,0.33214
9750.0,0.326254
9752.0,0.313873
9754.0,0.304728
9756.0,0.305436
9758.0,0.310947
9760.0,0.310443
9762.0,0.304904
9764.0,0.305854
9766.0,0.309402
9768.0,0.316877
9770.0,0.331031
9772.0,0.345937
9774.0,0.355119
9776.0,0.36154
9778.0,0.363477
9780.0,0.361646
9782.0,0.355564
9784.0,0.339843
9786.0,0.329068
9788.0,0.333205
9790.0,0.341452
9792.0,0.329776
9794.0,0.296692
9796.0,0.290326
9798.0,0.305388
9800.0,0.313408
9802.0,0.311604
9804.0,0.311084
9806.0,0.321416
9808.0,0.338514
9810.0,0.344019
9812.0,0.348495
9814.0,0.337404
9816.0,0.299188
9818.0,0.275837
9820.0,0.283162
9822.0,0.30248
9824.0,0.310394
9826.0,0.316235
9828.0,0.319041
9830.0,0.319835
9832.0,0.316372
9834.0,0.304904
9836.0,0.295133
9838.0,0.295172
9840.0,0.300448
9842.0,0.299073
9844.0,0.294666
9846.0,0.28904
9848.0,0.282491
9850.0,0.272694
9852.0,0.25483
9854.0,0.237967
9856.0,0.237133
9858.0,0.24837
9860.0,0.255267
9862.0,0.261043
9864.0,0.27216
9866.0,0.291961
9868.0,0.309244
9870.0,0.321031
9872.0,0.327544
9874.0,0.314207
9876.0,0.271174
9878.0,0.256024
9880.0,0.25388
9882.0,0.258184
9884.0,0.268526
9886.0,0.285868
9888.0,0.315381
9890.0,0.359637
9892.0,0.362463
9894.0,0.327201
9896.0,0.303021
9898.0,0.273459
9900.0,0.254769
9902.0,0.258192
9904.0,0.272717
9906.0,0.276445
9908.0,0.277809
9910.0,0.275662
9912.0,0.263554
9914.0,0.261977
9916.0,0.277259
9918.0,0.292226
9920.0,0.290176
9922.0,0.278051
9924.0,0.279492
9926.0,0.292167
9928.0,0.2973
9930.0,0.308081
9932.0,0.301125
9934.0,0.260931
9936.0,0.208338
9938.0,0.179789
9940.0,0.15844
9942.0,0.158742
9944.0,0.193494
9946.0,0.20921
9948.0,0.202878
9950.0,0.19622
9952.0,0.201776
9954.0,0.213284
9956.0,0.230115
9958.0,0.26752
9960.0,0.274296
9962.0,0.248728
9964.0,0.236418
9966.0,0.253581
9968.0,0.275212
9970.0,0.267452
9972.0,0.235505
9974.0,0.239096
9976.0,0.274742
9978.0,0.293216
9980.0,0.298532
9982.0,0.300353
9984.0,0.304798
9986.0,0.307194
9988.0,0.29278
9990.0,0.256912
9992.0,0.23652
9994.0,0.216712
9996.0,0.209038
9998.0,0.222786
10000.0,0.238813
10002.0,0.229903
10004.0,0.202433
10006.0,0.211591
10008.0,0.251426
10010.0,0.282797
10012.0,0.330868
10014.0,0.350478
10016.0,0.306792
10018.0,0.23442
10020.0,0.215606
10022.0,0.233598
10024.0,0.229558
10026.0,0.213049
10028.0,0.208771
10030.0,0.223538
10032.0,0.239283
10034.0,0.23978
10036.0,0.231977
10038.0,0.225965
10040.0,0.211056
10042.0,0.211496
10044.0,0.235349
10046.0,0.244909
10048.0,0.219019
10050.0,0.183512
10052.0,0.184559
10054.0,0.21145
10056.0,0.227798
10058.0,0.255299
10060.0,0.261828
10062.0,0.279483
10064.0,0.279489
10066.0,0.279495
10068.0,0.279501
10070.0,0.279507
10072.0,0.279513
10074.0,0.279518
10076.0,0.279524
10078.0,0.27953
10080.0,0.279536
10082.0,0.279542
10084.0,0.279548
10086.0,0.279548
10088.0,0.271975
10090.0,0.255733
10092.0,0.249283
10094.0,0.261653
10096.0,0.263481
10098.0,0.231292
10100.0,0.181327
10102.0,0.159752
10104.0,0.150153
10106.0,0.152505
10108.0,0.180079
10110.0,0.194429
10112.0,0.18637
10114.0,0.173389
10116.0,0.173065
10118.0,0.179265
10120.0,0.179545
10122.0,0.178404
10124.0,0.174366
10126.0,0.169103
10128.0,0.159023
10130.0,0.135889
10132.0,0.10962
10134.0,0.114632
10136.0,0.146436
10138.0,0.171027
10140.0,0.216349
10142.0,0.22961
10144.0,0.192325
10146.0,0.149994
10148.0,0.147101
10150.0,0.165526
10152.0,0.170555
10154.0,0.166629
10156.0,0.177314
10158.0,0.212296
10160.0,0.230648
10162.0,0.212259
10164.0,0.178966
10166.0,0.165429
10168.0,0.157411
10170.0,0.159812
10172.0,0.176018
10174.0,0.191035
10176.0,0.212223
10178.0,0.225708
10180.0,0.216373
10182.0,0.191595
10184.0,0.176379
10186.0,0.15781
10188.0,0.15055
10190.0,0.145077
10192.0,0.156993
10194.0,0.201721
10196.0,0.253831
10198.0,0.268885
10200.0,0.260475
10202.0,0.254356
10204.0,0.232563
10206.0,0.226012
10208.0,0.239243
10210.0,0.250237
10212.0,0.240486
10214.0,0.222483
10216.0,0.238137
10218.0,0.291644
10220.0,0.315556
10222.0,0.320168
10224.0,0.332867
10226.0,0.371162
10228.0,0.401449
10230.0,0.372681
10232.0,0.293083
10234.0,0.277587
10236.0,0.317364
10238.0,0.321346
10240.0,0.282204
10242.0,0.262402
10244.0,0.309688
10246.0,0.380626
10248.0,0.357114
10250.0,0.236606
10252.0,0.203835
10254.0,0.234002
10256.0,0.236296
10258.0,0.191684
10260.0,0.147594
10262.0,0.14745
10264.0,0.174054
10266.0,0.195089
10268.0,0.233412
10270.0,0.249084
10272.0,0.23686
10274.0,0.234914
10276.0,0.265454
10278.0,0.303972
10280.0,0.303823
10282.0,0.277079
10284.0,0.250504
10286.0,0.201116
10288.0,0.173936
10290.0,0.169208
10292.0,0.177527
10294.0,0.197335
10296.0,0.229559
10298.0,0.250688
10300.0,0.271757
10302.0,0.282616
10304.0,0.28004
10306.0,0.280348
10308.0,0.295277
10310.0,0.306964
10312.0,0.280821
10314.0,0.21585
10316.0,0.19895
10318.0,0.224418
10320.0,0.224814
10322.0,0.191529
10324.0,0.167523
10326.0,0.187039
10328.0,0.228825
10330.0,0.226228
10332.0,0.169329
10334.0,0.173793
10336.0,0.223879
10338.0,0.267816
10340.0,0.30333
10342.0,0.330832
10344.0,0.340384
10346.0,0.337453
10348.0,0.311162
10350.0,0.230643
10352.0,0.205923
10354.0,0.233118
10356.0,0.272181
10358.0,0.321443
10360.0,0.372481
10362.0,0.34416
10364.0,0.222491
10366.0,0.178277
10368.0,0.171111
10370.0,0.16969
10372.0,0.168088
10374.0,0.180335
10376.0,0.222475
10378.0,0.290827
10380.0,0.340124
10382.0,0.284433
10384.0,0.454205
10386.0,0.422676
10388.0,0.409604
10390.0,0.396531
10392.0,0.383459
10394.0,0.370387
10396.0,0.357314
10398.0,0.344242
10400.0,0.33117
