3300.0,0.134841
3302.0,0.0458261
3304.0,0.176862
3306.0,0.0782617
3308.0,0.0744433
3310.0,0.104869
3312.0,0.0778821
3314.0,0.0406536
3316.0,0.0868689
3318.0,0.0776193
3320.0,0.0749245
3322.0,0.0806715
3324.0,0.109387
3326.0,0.0837111
3328.0,0.164284
3330.0,0.165781
3332.0,0.140225
3334.0,0.124913
3336.0,0.127318
3338.0,0.0750552
3340.0,0.124999
3342.0,0.0912715
3344.0,-0.00600967
3346.0,0.0339029
3348.0,0.140152
3350.0,0.168543
3352.0,0.1379
3354.0,0.0738359
3356.0,0.108868
3358.0,0.140228
3360.0,0.0880662
3362.0,0.0659974
3364.0,0.0090496
3366.0,0.146552
3368.0,0.234217
3370.0,0.113037
3372.0,0.0632433
3374.0,0.114131
3376.0,0.155231
3378.0,0.0931202
3380.0,0.105334
3382.0,0.0393782
3384.0,0.0489868
3386.0,0.076238
3388.0,0.0705596
3390.0,0.124514
3392.0,0.129586
3394.0,0.119034
3396.0,0.183282
3398.0,0.0907547
3400.0,0.102981
3402.0,0.120335
3404.0,0.11613
3406.0,0.114034
3408.0,0.121043
3410.0,0.130469
3412.0,0.0915493
3414.0,0.140486
3416.0,0.127572
3418.0,0.176446
3420.0,0.208593
3422.0,0.191808
3424.0,0.145512
3426.0,0.131408
3428.0,0.150627
3430.0,0.165886
3432.0,0.155661
3434.0,0.131539
3436.0,0.156516
3438.0,0.18563
3440.0,0.168858
3442.0,0.156624
3444.0,0.179251
3446.0,0.194265
3448.0,0.171479
3450.0,0.122264
3452.0,0.165002
3454.0,0.225168
3456.0,0.233045
3458.0,0.204419
3460.0,0.149077
3462.0,0.154918
3464.0,0.126964
3466.0,0.120652
3468.0,0.166473
3470.0,0.183093
3472.0,0.167309
3474.0,0.199848
3476.0,0.198986
3478.0,0.173406
3480.0,0.143136
3482.0,0.135842
3484.0,0.19752
3486.0,0.186282
3488.0,0.152724
3490.0,0.184897
3492.0,0.191302
3494.0,0.220197
3496.0,0.212639
3498.0,0.159477
3500.0,0.163726
3502.0,0.219616
3504.0,0.185853
3506.0,0.175194
3508.0,0.216764
3510.0,0.199812
3512.0,0.216741
3514.0,0.164369
3516.0,0.200757
3518.0,0.227102
3520.0,0.210587
3522.0,0.202585
3524.0,0.181667
3526.0,0.161786
3528.0,0.186337
3530.0,0.184179
3532.0,0.191152
3534.0,0.173867
3536.0,0.197497
3538.0,0.202054
3540.0,0.161757
3542.0,0.160571
3544.0,0.213377
3546.0,0.227619
3548.0,0.228621
3550.0,0.178024
3552.0,0.184558
3554.0,0.247887
3556.0,0.20489
3558.0,0.144894
3560.0,0.179352
3562.0,0.181521
3564.0,0.216545
3566.0,0.203971
3568.0,0.203745
3570.0,0.205853
3572.0,0.163741
3574.0,0.164914
3576.0,0.18582
3578.0,0.173673
3580.0,0.232019
3582.0,0.249067
3584.0,0.229641
3586.0,0.234778
3588.0,0.218552
3590.0,0.192967
3592.0,0.221386
3594.0,0.218296
3596.0,0.230704
3598.0,0.231454
3600.0,0.250578
3602.0,0.243109
3604.0,0.231676
3606.0,0.237972
3608.0,0.226072
3610.0,0.207202
3612.0,0.244945
3614.0,0.27708
3616.0,0.238254
3618.0,0.208539
3620.0,0.207027
3622.0,0.25762
3624.0,0.21203
3626.0,0.21737
3628.0,0.239421
3630.0,0.226436
3632.0,0.244382
3634.0,0.258348
3636.0,0.245543
3638.0,0.260129
3640.0,0.201031
3642.0,0.219047
3644.0,0.231252
3646.0,0.227023
3648.0,0.224582
3650.0,0.230071
3652.0,0.242695
3654.0,0.231244
3656.0,0.25357
3658.0,0.25678
3660.0,0.233217
3662.0,0.206099
3664.0,0.197682
3666.0,0.244445
3668.0,0.259331
3670.0,0.247199
3672.0,0.266206
3674.0,0.247236
3676.0,0.233807
3678.0,0.232825
3680.0,0.25132
3682.0,0.235728
3684.0,0.245461
3686.0,0.22685
3688.0,0.208984
3690.0,0.22665
3692.0,0.233143
3694.0,0.22947
3696.0,0.174452
3698.0,0.190501
3700.0,0.194794
3702.0,0.172295
3704.0,0.185881
3706.0,0.203855
3708.0,0.183782
3710.0,0.187798
3712.0,0.186971
3714.0,0.199934
3716.0,0.252645
3718.0,0.229378
3720.0,0.202554
3722.0,0.218568
3724.0,0.232678
3726.0,0.209388
3728.0,0.222066
3730.0,0.255957
3732.0,0.236924
3734.0,0.225009
3736.0,0.249285
3738.0,0.256866
3740.0,0.278401
3742.0,0.301309
3744.0,0.306913
3746.0,0.283432
3748.0,0.277536
3750.0,0.296878
3752.0,0.298514
3754.0,0.295937
3756.0,0.333191
3758.0,0.351662
3760.0,0.336669
3762.0,0.348747
3764.0,0.337908
3766.0,0.33312
3768.0,0.320066
3770.0,0.349249
3772.0,0.385945
3774.0,0.358897
3776.0,0.395075
3778.0,0.381988
3780.0,0.3468
3782.0,0.353056
3784.0,0.34367
3786.0,0.320671
3788.0,0.312777
3790.0,0.345721
3792.0,0.292549
3794.0,0.283548
3796.0,0.318634
3798.0,0.270051
3800.0,0.233833
3802.0,0.300348
3804.0,0.247313
3806.0,0.249992
3808.0,0.236212
3810.0,0.255822
3812.0,0.243005
3814.0,0.242639
3816.0,0.267207
3818.0,0.251415
3820.0,0.223057
3822.0,0.218157
3824.0,0.250362
3826.0,0.244428
3828.0,0.222015
3830.0,0.21946
3832.0,0.236305
3834.0,0.265138
3836.0,0.23213
3838.0,0.207866
3840.0,0.220609
3842.0,0.245134
3844.0,0.25187
3846.0,0.243348
3848.0,0.245283
3850.0,0.230515
3852.0,0.223994
3854.0,0.245533
3856.0,0.246201
3858.0,0.239835
3860.0,0.23383
3862.0,0.211458
3864.0,0.244139
3866.0,0.246839
3868.0,0.203036
3870.0,0.21227
3872.0,0.204849
3874.0,0.197086
3876.0,0.181746
3878.0,0.179917
3880.0,0.198754
3882.0,0.199147
3884.0,0.179771
3886.0,0.180494
3888.0,0.193757
3890.0,0.186215
3892.0,0.162854
3894.0,0.167149
3896.0,0.181162
3898.0,0.189291
3900.0,0.178633
3902.0,0.188472
3904.0,0.181141
3906.0,0.150905
3908.0,0.156844
3910.0,0.172748
3912.0,0.169393
3914.0,0.165541
3916.0,0.166231
3918.0,0.168099
3920.0,0.168867
3922.0,0.175163
3924.0,0.206697
3926.0,0.208341
3928.0,0.194748
3930.0,0.187584
3932.0,0.185811
3934.0,0.177181
3936.0,0.203878
3938.0,0.233836
3940.0,0.246585
3942.0,0.249749
3944.0,0.238212
3946.0,0.263489
3948.0,0.275566
3950.0,0.24997
3952.0,0.254865
3954.0,0.291579
3956.0,0.323661
3958.0,0.326153
3960.0,0.314507
3962.0,0.32403
3964.0,0.325053
3966.0,0.3525
3968.0,0.337555
3970.0,0.342106
3972.0,0.36421
3974.0,0.374477
3976.0,0.388587
3978.0,0.403653
3980.0,0.391758
3982.0,0.398645
3984.0,0.43572
3986.0,0.401602
3988.0,0.397596
3990.0,0.430559
3992.0,0.432743
3994.0,0.437709
3996.0,0.425655
3998.0,0.434385
4000.0,0.432985
4002.0,0.486861
4004.0,0.477292
4006.0,0.457508
4008.0,0.448815
4010.0,0.473216
4012.0,0.48869
4014.0,0.489817
4016.0,0.488476
4018.0,0.492862
4020.0,0.4769
4022.0,0.478059
4024.0,0.49892
4026.0,0.485823
4028.0,0.472417
4030.0,0.491693
4032.0,0.479288
4034.0,0.460225
4036.0,0.439461
4038.0,0.45115
4040.0,0.459074
4042.0,0.505713
4044.0,0.496718
4046.0,0.485569
4048.0,0.521166
4050.0,0.490663
4052.0,0.473409
4054.0,0.471905
4056.0,0.475212
4058.0,0.486633
4060.0,0.453909
4062.0,0.43882
4064.0,0.439083
4066.0,0.43038
4068.0,0.418528
4070.0,0.424073
4072.0,0.411412
4074.0,0.381827
4076.0,0.379374
4078.0,0.386512
4080.0,0.376567
4082.0,0.359419
4084.0,0.354691
4086.0,0.33353
4088.0,0.324132
4090.0,0.324269
4092.0,0.328409
4094.0,0.338123
4096.0,0.322064
4098.0,0.331952
4100.0,0.34747
4102.0,0.321605
4104.0,0.326063
4106.0,0.323737
4108.0,0.323877
4110.0,0.351996
4112.0,0.339284
4114.0,0.302245
4116.0,0.312403
4118.0,0.337864
4120.0,0.328962
4122.0,0.34515
4124.0,0.329501
4126.0,0.328807
4128.0,0.340247
4130.0,0.351688
4132.0,0.351688
4134.0,0.3503
4136.0,0.349408
4138.0,0.377563
4140.0,0.377792
4142.0,0.362969
4144.0,0.358353
4146.0,0.365564
4148.0,0.377663
4150.0,0.37814
4152.0,0.371617
4154.0,0.378222
4156.0,0.368857
4158.0,0.400099
4160.0,0.423363
4162.0,0.406639
4164.0,0.394524
4166.0,0.367222
4168.0,0.396298
4170.0,0.420044
4172.0,0.413893
4174.0,0.428501
4176.0,0.428907
4178.0,0.452141
4180.0,0.43105
4182.0,0.43117
4184.0,0.4522
4186.0,0.435579
4188.0,0.443114
4190.0,0.45699
4192.0,0.458074
4194.0,0.469914
4196.0,0.455502
4198.0,0.448838
4200.0,0.478247
4202.0,0.493576
4204.0,0.475678
4206.0,0.487791
4208.0,0.477576
4210.0,0.471554
4212.0,0.468303
4214.0,0.477481
4216.0,0.477906
4218.0,0.468865
4220.0,0.467023
4222.0,0.461822
4224.0,0.46076
4226.0,0.455102
4228.0,0.452016
4230.0,0.442492
4232.0,0.435028
4234.0,0.42853
4236.0,0.436654
4238.0,0.442741
4240.0,0.41829
4242.0,0.432486
4244.0,0.423622
4246.0,0.416117
4248.0,0.440343
4250.0,0.432025
4252.0,0.408102
4254.0,0.422731
4256.0,0.429542
4258.0,0.426359
4260.0,0.413643
4262.0,0.397192
4264.0,0.416274
4266.0,0.415771
4268.0,0.416754
4270.0,0.441333
4272.0,0.407125
4274.0,0.386748
4276.0,0.391899
4278.0,0.401874
4280.0,0.416477
4282.0,0.407153
4284.0,0.408816
4286.0,0.399156
4288.0,0.409522
4290.0,0.405728
4292.0,0.402031
4294.0,0.417091
4296.0,0.419143
4298.0,0.40278
4300.0,0.392185
4302.0,0.413278
4304.0,0.432653
4306.0,0.432426
4308.0,0.429382
4310.0,0.407327
4312.0,0.392007
4314.0,0.407603
4316.0,0.418288
4318.0,0.410595
4320.0,0.427259
4322.0,0.425249
4324.0,0.394572
4326.0,0.394432
4328.0,0.393383
4330.0,0.397686
4332.0,0.400425
4334.0,0.397679
4336.0,0.389741
4338.0,0.398485
4340.0,0.393635
4342.0,0.414054
4344.0,0.407593
4346.0,0.410142
4348.0,0.41558
4350.0,0.412443
4352.0,0.406687
4354.0,0.394594
4356.0,0.380809
4358.0,0.360123
4360.0,0.397853
4362.0,0.386445
4364.0,0.380482
4366.0,0.36568
4368.0,0.372757
4370.0,0.37804
4372.0,0.372295
4374.0,0.381711
4376.0,0.396625
4378.0,0.356842
4380.0,0.283916
4382.0,0.329932
4384.0,0.371896
4386.0,0.368988
4388.0,0.346378
4390.0,0.351942
4392.0,0.367955
4394.0,0.353728
4396.0,0.333792
4398.0,0.325776
4400.0,0.325537
4402.0,0.316331
4404.0,0.31309
4406.0,0.315737
4408.0,0.313592
4410.0,0.283892
4412.0,0.262736
4414.0,0.273309
4416.0,0.268564
4418.0,0.248525
4420.0,0.246728
4422.0,0.26135
4424.0,0.251571
4426.0,0.248956
4428.0,0.245766
4430.0,0.229203
4432.0,0.245897
4434.0,0.24814
4436.0,0.236923
4438.0,0.234024
4440.0,0.246852
4442.0,0.233951
4444.0,0.225197
4446.0,0.21992
4448.0,0.225678
4450.0,0.246986
4452.0,0.241169
4454.0,0.238619
4456.0,0.238821
4458.0,0.239644
4460.0,0.236197
4462.0,0.241048
4464.0,0.249636
4466.0,0.263461
4468.0,0.260793
4470.0,0.272601
4472.0,0.275841
4474.0,0.284754
4476.0,0.285656
4478.0,0.262524
4480.0,0.274368
4482.0,0.27656
4484.0,0.280148
4486.0,0.301681
4488.0,0.288152
4490.0,0.30589
4492.0,0.316539
4494.0,0.31688
4496.0,0.313484
4498.0,0.311238
4500.0,0.317671
4502.0,0.310728
4504.0,0.310107
4506.0,0.318921
4508.0,0.297435
4510.0,0.318319
4512.0,0.317524
4514.0,0.289466
4516.0,0.310274
4518.0,0.342064
4520.0,0.336391
4522.0,0.326872
4524.0,0.333086
4526.0,0.338646
4528.0,0.325615
4530.0,0.337913
4532.0,0.323563
4534.0,0.315508
4536.0,0.322379
4538.0,0.325581
4540.0,0.336521
4542.0,0.324516
4544.0,0.346441
4546.0,0.349289
4548.0,0.345293
4550.0,0.336413
4552.0,0.3343
4554.0,0.33748
4556.0,0.336227
4558.0,0.33673
4560.0,0.339545
4562.0,0.335792
4564.0,0.346511
4566.0,0.346772
4568.0,0.333383
4570.0,0.335176
4572.0,0.335307
4574.0,0.358869
4576.0,0.351746
4578.0,0.349766
4580.0,0.365979
4582.0,0.361902
4584.0,0.37652
4586.0,0.369824
4588.0,0.380533
4590.0,0.381233
4592.0,0.38098
4594.0,0.394468
4596.0,0.386721
4598.0,0.39867
4600.0,0.416856
4602.0,0.407021
4604.0,0.406911
4606.0,0.394947
4608.0,0.404283
4610.0,0.403978
4612.0,0.39262
4614.0,0.421196
4616.0,0.430779
4618.0,0.412472
4620.0,0.402808
4622.0,0.416151
4624.0,0.412631
4626.0,0.400204
4628.0,0.404548
4630.0,0.426964
4632.0,0.426386
4634.0,0.417024
4636.0,0.426278
4638.0,0.424961
4640.0,0.419149
4642.0,0.428494
4644.0,0.423667
4646.0,0.422574
4648.0,0.42391
4650.0,0.424305
4652.0,0.446545
4654.0,0.446985
4656.0,0.426319
4658.0,0.440682
4660.0,0.435714
4662.0,0.414155
4664.0,0.452044
4666.0,0.457843
4668.0,0.447137
4670.0,0.44507
4672.0,0.440206
4674.0,0.435433
4676.0,0.443223
4678.0,0.437327
4680.0,0.421499
4682.0,0.436162
4684.0,0.430952
4686.0,0.424217
4688.0,0.440854
4690.0,0.437967
4692.0,0.431791
4694.0,0.426899
4696.0,0.425452
4698.0,0.428329
4700.0,0.433906
4702.0,0.435424
4704.0,0.452413
4706.0,0.438393
4708.0,0.42167
4710.0,0.413278
4712.0,0.450461
4714.0,0.44196
4716.0,0.429999
4718.0,0.441326
4720.0,0.431077
4722.0,0.440546
4724.0,0.46141
4726.0,0.442105
4728.0,0.439174
4730.0,0.451999
4732.0,0.448057
4734.0,0.443567
4736.0,0.444154
4738.0,0.433265
4740.0,0.45744
4742.0,0.445029
4744.0,0.426628
4746.0,0.420906
4748.0,0.441583
4750.0,0.439942
4752.0,0.427382
4754.0,0.421293
4756.0,0.422792
4758.0,0.43465
4760.0,0.424529
4762.0,0.421267
4764.0,0.432805
4766.0,0.417394
4768.0,0.413517
4770.0,0.409239
4772.0,0.407671
4774.0,0.410342
4776.0,0.396534
4778.0,0.372851
4780.0,0.379067
4782.0,0.384718
4784.0,0.37317
4786.0,0.365238
4788.0,0.37387
4790.0,0.370076
4792.0,0.362253
4794.0,0.365043
4796.0,0.355333
4798.0,0.365912
4800.0,0.365021
4802.0,0.351826
4804.0,0.349306
4806.0,0.340184
4808.0,0.356852
4810.0,0.349412
4812.0,0.368981
4814.0,0.359503
4816.0,0.343646
4818.0,0.350202
4820.0,0.341462
4822.0,0.338968
4824.0,0.356558
4826.0,0.358105
4828.0,0.358617
4830.0,0.352791
4832.0,0.355093
4834.0,0.362048
4836.0,0.339723
4838.0,0.348824
4840.0,0.351332
4842.0,0.33408
4844.0,0.342399
4846.0,0.371752
4848.0,0.350649
4850.0,0.3462
4852.0,0.359873
4854.0,0.357549
4856.0,0.351605
4858.0,0.342296
4860.0,0.350143
4862.0,0.354882
4864.0,0.337325
4866.0,0.314739
4868.0,0.333019
4870.0,0.352412
4872.0,0.354789
4874.0,0.349369
4876.0,0.338842
4878.0,0.344075
4880.0,0.348376
4882.0,0.3425
4884.0,0.33849
4886.0,0.342029
4888.0,0.339612
4890.0,0.308915
4892.0,0.324072
4894.0,0.326281
4896.0,0.296852
4898.0,0.307369
4900.0,0.328108
4902.0,0.315143
4904.0,0.301039
4906.0,0.304695
4908.0,0.316658
4910.0,0.31929
4912.0,0.311916
4914.0,0.326731
4916.0,0.323505
4918.0,0.31545
4920.0,0.328776
4922.0,0.325838
4924.0,0.327875
4926.0,0.313171
4928.0,0.315381
4930.0,0.314479
4932.0,0.319531
4934.0,0.336583
4936.0,0.341935
4938.0,0.340082
4940.0,0.338556
4942.0,0.326044
4944.0,0.327265
4946.0,0.322595
4948.0,0.325063
4950.0,0.317582
4952.0,0.300984
4954.0,0.300879
4956.0,0.307987
4958.0,0.307283
4960.0,0.299419
4962.0,0.31767
4964.0,0.306354
4966.0,0.297828
4968.0,0.296092
4970.0,0.290698
4972.0,0.281086
4974.0,0.269106
4976.0,0.270639
4978.0,0.259095
4980.0,0.240858
4982.0,0.235157
4984.0,0.241448
4986.0,0.209541
4988.0,0.206502
4990.0,0.224357
4992.0,0.235108
4994.0,0.227797
4996.0,0.21038
4998.0,0.221165
5000.0,0.232844
5002.0,0.223169
5004.0,0.223207
5006.0,0.215371
5008.0,0.215611
5010.0,0.210475
5012.0,0.207482
5014.0,0.209649
5016.0,0.192519
5018.0,0.201056
5020.0,0.2069
5022.0,0.206602
5024.0,0.213274
5026.0,0.203358
5028.0,0.207753
5030.0,0.210589
5032.0,0.219134
5034.0,0.240159
5036.0,0.216045
5038.0,0.231114
5040.0,0.226619
5042.0,0.227494
5044.0,0.231853
5046.0,0.252617
5048.0,0.256125
5050.0,0.258509
5052.0,0.261222
5054.0,0.260984
5056.0,0.256495
5058.0,0.264127
5060.0,0.263547
5062.0,0.270302
5064.0,0.282342
5066.0,0.274491
5068.0,0.293521
5070.0,0.29227
5072.0,0.264965
5074.0,0.271407
5076.0,0.297115
5078.0,0.299437
5080.0,0.286106
5082.0,0.287302
5084.0,0.282485
5086.0,0.292542
5088.0,0.299588
5090.0,0.29462
5092.0,0.295192
5094.0,0.307697
5096.0,0.316448
5098.0,0.287481
5100.0,0.299531
5102.0,0.312894
5104.0,0.301757
5106.0,0.296213
5108.0,0.304322
5110.0,0.294431
5112.0,0.306049
5114.0,0.285316
5116.0,0.28699
5118.0,0.286271
5120.0,0.287992
5122.0,0.297678
5124.0,0.273938
5126.0,0.283527
5128.0,0.287856
5130.0,0.275317
5132.0,0.286225
5134.0,0.280147
5136.0,0.267243
5138.0,0.258072
5140.0,0.25837
5142.0,0.263793
5144.0,0.2955
5146.0,0.295969
5148.0,0.291227
5150.0,0.284349
5152.0,0.293958
5154.0,0.296392
5156.0,0.292545
5158.0,0.28999
5160.0,0.292928
5162.0,0.301229
5164.0,0.286028
5166.0,0.275489
5168.0,0.26695
5170.0,0.273341
5172.0,0.280669
5174.0,0.282763
5176.0,0.277016
5178.0,0.284681
5180.0,0.282282
5182.0,0.276566
5184.0,0.287864
5186.0,0.276895
5188.0,0.291873
5190.0,0.283164
5192.0,0.269228
5194.0,0.288845
5196.0,0.293942
5198.0,0.287757
5200.0,0.284034
5202.0,0.286485
5204.0,0.295613
5206.0,0.294059
5208.0,0.294331
5210.0,0.290096
5212.0,0.29143
5214.0,0.292473
5216.0,0.288736
5218.0,0.299307
5220.0,0.291839
5222.0,0.288612
5224.0,0.307579
5226.0,0.31505
5228.0,0.310372
5230.0,0.307032
5232.0,0.30708
5234.0,0.311666
5236.0,0.319822
5238.0,0.317595
5240.0,0.321405
5242.0,0.32339
5244.0,0.345586
5246.0,0.329368
5248.0,0.307223
5250.0,0.329925
5252.0,0.326654
5254.0,0.312343
5256.0,0.322077
5258.0,0.318015
5260.0,0.314809
5262.0,0.328823
5264.0,0.320881
5266.0,0.32451
5268.0,0.334842
5270.0,0.329333
5272.0,0.314394
5274.0,0.320532
5276.0,0.342595
5278.0,0.33927
5280.0,0.304442
5282.0,0.317631
5284.0,0.313583
5286.0,0.311274
5288.0,0.307101
5290.0,0.315436
5292.0,0.313235
5294.0,0.305416
5296.0,0.30176
5298.0,0.305183
5300.0,0.311755
5302.0,0.307049
5304.0,0.290637
5306.0,0.290955
5308.0,0.306004
5310.0,0.313127
5312.0,0.303443
5314.0,0.30511
5316.0,0.295133
5318.0,0.299996
5320.0,0.307038
5322.0,0.307951
5324.0,0.307574
5326.0,0.301501
5328.0,0.294007
5330.0,0.286418
5332.0,0.292339
5334.0,0.288257
5336.0,0.299983
5338.0,0.319851
5340.0,0.310271
5342.0,0.304078
5344.0,0.31458
5346.0,0.309949
5348.0,0.308558
5350.0,0.312652
5352.0,0.323966
5354.0,0.330158
5356.0,0.335509
5358.0,0.337161
5360.0,0.335032
5362.0,0.331225
5364.0,0.326029
5366.0,0.319478
5368.0,0.313026
5370.0,0.301937
5372.0,0.302413
5374.0,0.316988
5376.0,0.324369
5378.0,0.320662
5380.0,0.312956
5382.0,0.30756
5384.0,0.300716
5386.0,0.299374
5388.0,0.305616
5390.0,0.306273
5392.0,0.300775
5394.0,0.294034
5396.0,0.288772
5398.0,0.283464
5400.0,0.282642
5402.0,0.29007
5404.0,0.288546
5406.0,0.279839
5408.0,0.269251
5410.0,0.257508
5412.0,0.244792
5414.0,0.237752
5416.0,0.234414
5418.0,0.233189
5420.0,0.23733
5422.0,0.239029
5424.0,0.23699
5426.0,0.232796
5428.0,0.226578
5430.0,0.215751
5432.0,0.213327
5434.0,0.217312
5436.0,0.221448
5438.0,0.228637
5440.0,0.233687
5442.0,0.229084
5444.0,0.216664
5446.0,0.215255
5448.0,0.221457
5450.0,0.226154
5452.0,0.23348
5454.0,0.23754
5456.0,0.233181
5458.0,0.223948
5460.0,0.222282
5462.0,0.226348
5464.0,0.227409
5466.0,0.226608
5468.0,0.227588
5470.0,0.232969
5472.0,0.239083
5474.0,0.238301
5476.0,0.232345
5478.0,0.226785
5480.0,0.218285
5482.0,0.211632
5484.0,0.205506
5486.0,0.202184
5488.0,0.206119
5490.0,0.217006
5492.0,0.22117
5494.0,0.22291
5496.0,0.222726
5498.0,0.21932
5500.0,0.215625
5502.0,0.213306
5504.0,0.211502
5506.0,0.21162
5508.0,0.212589
5510.0,0.216334
5512.0,0.224485
5514.0,0.231352
5516.0,0.235197
5518.0,0.237388
5520.0,0.238617
5522.0,0.23973
5524.0,0.236284
5526.0,0.224767
5528.0,0.21924
5530.0,0.222562
5532.0,0.228943
5534.0,0.233257
5536.0,0.239576
5538.0,0.235355
5540.0,0.214492
5542.0,0.208228
5544.0,0.218983
5546.0,0.231537
5548.0,0.235623
5550.0,0.236202
5552.0,0.235872
5554.0,0.231094
5556.0,0.230528
5558.0,0.236939
5560.0,0.237889
5562.0,0.22545
5564.0,0.20673
5566.0,0.199562
5568.0,0.195992
5570.0,0.201102
5572.0,0.220181
5574.0,0.233955
5576.0,0.240852
5578.0,0.242505
5580.0,0.235776
5582.0,0.218605
5584.0,0.209137
5586.0,0.200185
5588.0,0.196205
5590.0,0.199491
5592.0,0.203967
5594.0,0.204387
5596.0,0.203234
5598.0,0.199944
5600.0,0.193382
5602.0,0.1878
5604.0,0.181674
5606.0,0.176648
5608.0,0.173161
5610.0,0.171122
5612.0,0.17296
5614.0,0.181944
5616.0,0.184043
5618.0,0.182512
5620.0,0.179661
5622.0,0.174471
5624.0,0.168948
5626.0,0.168827
5628.0,0.173569
5630.0,0.175109
5632.0,0.174763
5634.0,0.17605
5636.0,0.180578
5638.0,0.184481
5640.0,0.18309
5642.0,0.177559
5644.0,0.176479
5646.0,0.176012
5648.0,0.179376
5650.0,0.18898
5652.0,0.197554
5654.0,0.200854
5656.0,0.201184
5658.0,0.199417
5660.0,0.192686
5662.0,0.18953
5664.0,0.185688
5666.0,0.186491
5668.0,0.195083
5670.0,0.207736
5672.0,0.216976
5674.0,0.227566
5676.0,0.231528
5678.0,0.226718
5680.0,0.22648
5682.0,0.2337
5684.0,0.241999
5686.0,0.245117
5688.0,0.246334
5690.0,0.241305
5692.0,0.221838
5694.0,0.217738
5696.0,0.232497
5698.0,0.247735
5700.0,0.250133
5702.0,0.246148
5704.0,0.249058
5706.0,0.256004
5708.0,0.26138
5710.0,0.269475
5712.0,0.272585
5714.0,0.26519
5716.0,0.252843
5718.0,0.24995
5720.0,0.252398
5722.0,0.255516
5724.0,0.265186
5726.0,0.268618
5728.0,0.262065
5730.0,0.252096
5732.0,0.246453
5734.0,0.241069
5736.0,0.241093
5738.0,0.247384
5740.0,0.252337
5742.0,0.256984
5744.0,0.2609
5746.0,0.263365
5748.0,0.264817
5750.0,0.263568
5752.0,0.25793
5754.0,0.2552
5756.0,0.253133
5758.0,0.253445
5760.0,0.258816
5762.0,0.266747
5764.0,0.266718
5766.0,0.258105
5768.0,0.256257
5770.0,0.257999
5772.0,0.259528
5774.0,0.261061
5776.0,0.261811
5778.0,0.258228
5780.0,0.248655
5782.0,0.248285
5784.0,0.256368
5786.0,0.260961
5788.0,0.262186
5790.0,0.261723
5792.0,0.259138
5794.0,0.253575
5796.0,0.256231
5798.0,0.270693
5800.0,0.273782
5802.0,0.266025
5804.0,0.256844
5806.0,0.249701
5808.0,0.242947
5810.0,0.243221
5812.0,0.252919
5814.0,0.256111
5816.0,0.255996
5818.0,0.255876
5820.0,0.257207
5822.0,0.258239
5824.0,0.255643
5826.0,0.248253
5828.0,0.246732
5830.0,0.249501
5832.0,0.251586
5834.0,0.252071
5836.0,0.25321
5838.0,0.257868
5840.0,0.266063
5842.0,0.268012
5844.0,0.265081
5846.0,0.26293
5848.0,0.260175
5850.0,0.258007
5852.0,0.258091
5854.0,0.259581
5856.0,0.25748
5858.0,0.248556
5860.0,0.24921
5862.0,0.264467
5864.0,0.269994
5866.0,0.252113
5868.0,0.224813
5870.0,0.218741
5872.0,0.231315
5874.0,0.227682
5876.0,0.212337
5878.0,0.202632
5880.0,0.19768
5882.0,0.199305
5884.0,0.21668
5886.0,0.25349
5888.0,0.263085
5890.0,0.259439
5892.0,0.24534
5894.0,0.209411
5896.0,0.177014
5898.0,0.1726
5900.0,0.185804
5902.0,0.181963
5904.0,0.166003
5906.0,0.160171
5908.0,0.164299
5910.0,0.16584
5912.0,0.158276
5914.0,0.146701
5916.0,0.141097
5918.0,0.136967
5920.0,0.137337
5922.0,0.145091
5924.0,0.149573
5926.0,0.146841
5928.0,0.143065
5930.0,0.147539
5932.0,0.159073
5934.0,0.164338
5936.0,0.168199
5938.0,0.16859
5940.0,0.163027
5942.0,0.15738
5944.0,0.157096
5946.0,0.159577
5948.0,0.165987
5950.0,0.180812
5952.0,0.188451
5954.0,0.189228
5956.0,0.190067
5958.0,0.195499
5960.0,0.202436
5962.0,0.201938
5964.0,0.193955
5966.0,0.189433
5968.0,0.184384
5970.0,0.18118
5972.0,0.180469
5974.0,0.181548
5976.0,0.183797
5978.0,0.187681
5980.0,0.192188
5982.0,0.196322
5984.0,0.203957
5986.0,0.219225
5988.0,0.233065
5990.0,0.234106
5992.0,0.225705
5994.0,0.222002
5996.0,0.215532
5998.0,0.215247
6000.0,0.222762
6002.0,0.230516
6004.0,0.233099
6006.0,0.233471
6008.0,0.239501
6010.0,0.252336
6012.0,0.259029
6014.0,0.263141
6016.0,0.264204
6018.0,0.259818
6020.0,0.253354
6022.0,0.255187
6024.0,0.266018
6026.0,0.267032
6028.0,0.260483
6030.0,0.25641
6032.0,0.253323
6034.0,0.253925
6036.0,0.266211
6038.0,0.292098
6040.0,0.296079
6042.0,0.281736
6044.0,0.27325
6046.0,0.266824
6048.0,0.263631
6050.0,0.267201
6052.0,0.276117
6054.0,0.278571
6056.0,0.275278
6058.0,0.277114
6060.0,0.284336
6062.0,0.289573
6064.0,0.2892
6066.0,0.286238
6068.0,0.286294
6070.0,0.288311
6072.0,0.288556
6074.0,0.287212
6076.0,0.286928
6078.0,0.288401
6080.0,0.290495
6082.0,0.29188
6084.0,0.293088
6086.0,0.294179
6088.0,0.296586
6090.0,0.2959
6092.0,0.290355
6094.0,0.284909
6096.0,0.284602
6098.0,0.28765
6100.0,0.285397
6102.0,0.277232
6104.0,0.274466
6106.0,0.276785
6108.0,0.279003
6110.0,0.277826
6112.0,0.27568
6114.0,0.27921
6116.0,0.289105
6118.0,0.294904
6120.0,0.30203
6122.0,0.30398
6124.0,0.295986
6126.0,0.28531
6128.0,0.286042
6130.0,0.295387
6132.0,0.300148
6134.0,0.305703
6136.0,0.308236
6138.0,0.307502
6140.0,0.304561
6142.0,0.299454
6144.0,0.291302
6146.0,0.288485
6148.0,0.292031
6150.0,0.289952
6152.0,0.280487
6154.0,0.273239
6156.0,0.274206
6158.0,0.279956
6160.0,0.28429
6162.0,0.293276
6164.0,0.293929
6166.0,0.286898
6168.0,0.279951
6170.0,0.274776
6172.0,0.270169
6174.0,0.266864
6176.0,0.264073
6178.0,0.263942
6180.0,0.267614
6182.0,0.269833
6184.0,0.270047
6186.0,0.269658
6188.0,0.269899
6190.0,0.270629
6192.0,0.269023
6194.0,0.263738
6196.0,0.261794
6198.0,0.263811
6200.0,0.265852
6202.0,0.265439
6204.0,0.263821
6206.0,0.261434
6208.0,0.25724
6210.0,0.254164
6212.0,0.252544
6214.0,0.249592
6216.0,0.243215
6218.0,0.235627
6220.0,0.232919
6222.0,0.236679
6224.0,0.232187
6226.0,0.22026
6228.0,0.211233
6230.0,0.207008
6232.0,0.20426
6234.0,0.199859
6236.0,0.195026
6238.0,0.190177
6240.0,0.185446
6242.0,0.180019
6244.0,0.173712
6246.0,0.167157
6248.0,0.160792
6250.0,0.154388
6252.0,0.148339
6254.0,0.142113
6256.0,0.137001
6258.0,0.133696
6260.0,0.129693
6262.0,0.122704
6264.0,0.114757
6266.0,0.112982
6268.0,0.119601
6270.0,0.117796
6272.0,0.10954
6274.0,0.103255
6276.0,0.101344
6278.0,0.100443
6280.0,0.0957701
6282.0,0.0859345
6284.0,0.0875544
6286.0,0.101718
6288.0,0.109571
6290.0,0.11094
6292.0,0.10947
6294.0,0.106675
6296.0,0.101471
6298.0,0.0982699
6300.0,0.0941327
6302.0,0.0937653
6304.0,0.100261
6306.0,0.103703
6308.0,0.0968661
6310.0,0.0844181
6312.0,0.0803394
6314.0,0.0815385
6316.0,0.0817246
6318.0,0.0825018
6320.0,0.0842954
6322.0,0.0876888
6324.0,0.0918161
6326.0,0.0945491
6328.0,0.095965
6330.0,0.0993589
6332.0,0.104914
6334.0,0.109108
6336.0,0.111555
6338.0,0.113356
6340.0,0.115059
6342.0,0.115872
6344.0,0.120248
6346.0,0.130492
6348.0,0.134838
6350.0,0.131886
6352.0,0.129525
6354.0,0.133404
6356.0,0.140574
6358.0,0.14344
6360.0,0.144324
6362.0,0.14427
6364.0,0.140808
6366.0,0.139809
6368.0,0.143385
6370.0,0.149757
6372.0,0.157394
6374.0,0.169924
6376.0,0.175266
6378.0,0.174826
6380.0,0.175092
6382.0,0.176019
6384.0,0.177674
6386.0,0.18175
6388.0,0.188334
6390.0,0.192375
6392.0,0.193616
6394.0,0.19782
6396.0,0.20702
6398.0,0.214815
6400.0,0.215106
6402.0,0.2104
6404.0,0.21301
6406.0,0.221826
6408.0,0.226811
6410.0,0.23039
6412.0,0.232238
6414.0,0.231015
6416.0,0.228199
6418.0,0.229749
6420.0,0.235215
6422.0,0.238342
6424.0,0.240398
6426.0,0.243067
6428.0,0.247352
6430.0,0.251566
6432.0,0.252802
6434.0,0.251345
6436.0,0.251934
6438.0,0.252421
6440.0,0.254796
6442.0,0.259325
6444.0,0.265011
6446.0,0.271696
6448.0,0.279949
6450.0,0.283264
6452.0,0.28388
6454.0,0.281577
6456.0,0.273753
6458.0,0.267068
6460.0,0.264385
6462.0,0.264182
6464.0,0.268554
6466.0,0.281839
6468.0,0.286834
6470.0,0.286463
6472.0,0.286351
6474.0,0.287945
6476.0,0.289637
6478.0,0.289866
6480.0,0.288668
6482.0,0.288703
6484.0,0.289476
6486.0,0.290012
6488.0,0.290104
6490.0,0.2903
6492.0,0.291393
6494.0,0.29342
6496.0,0.292897
6498.0,0.290195
6500.0,0.287743
6502.0,0.283653
6504.0,0.281504
6506.0,0.284757
6508.0,0.291407
6510.0,0.292552
6512.0,0.28924
6514.0,0.288354
6516.0,0.287902
6518.0,0.288342
6520.0,0.290191
6522.0,0.292787
6524.0,0.294504
6526.0,0.296211
6528.0,0.296879
6530.0,0.296302
6532.0,0.295989
6534.0,0.296174
6536.0,0.296341
6538.0,0.29586
6540.0,0.294622
6542.0,0.295216
6544.0,0.297031
6546.0,0.299378
6548.0,0.303925
6550.0,0.306987
6552.0,0.304906
6554.0,0.299326
6556.0,0.297999
6558.0,0.299387
6560.0,0.299819
6562.0,0.300219
6564.0,0.300464
6566.0,0.300195
6568.0,0.299827
6570.0,0.300911
6572.0,0.305371
6574.0,0.303893
6576.0,0.295802
6578.0,0.290963
6580.0,0.290812
6582.0,0.293137
6584.0,0.297375
6586.0,0.306518
6588.0,0.304908
6590.0,0.292475
6592.0,0.284508
6594.0,0.27916
6596.0,0.276924
6598.0,0.280344
6600.0,0.288817
6602.0,0.292734
6604.0,0.296443
6606.0,0.296334
6608.0,0.290763
6610.0,0.285859
6612.0,0.284986
6614.0,0.285814
6616.0,0.2842
6618.0,0.279885
6620.0,0.278885
6622.0,0.281703
6624.0,0.281998
6626.0,0.276681
6628.0,0.270297
6630.0,0.270722
6632.0,0.276882
6634.0,0.278851
6636.0,0.279626
6638.0,0.27948
6640.0,0.277443
6642.0,0.275557
6644.0,0.276882
6646.0,0.280997
6648.0,0.278242
6650.0,0.268979
6652.0,0.262166
6654.0,0.255374
6656.0,0.250547
6658.0,0.249354
6660.0,0.250799
6662.0,0.252476
6664.0,0.256403
6666.0,0.258666
6668.0,0.260244
6670.0,0.261383
6672.0,0.262421
6674.0,0.26287
6676.0,0.261439
6678.0,0.257962
6680.0,0.255274
6682.0,0.250456
6684.0,0.24952
6686.0,0.254474
6688.0,0.260847
6690.0,0.263797
6692.0,0.265598
6694.0,0.264814
6696.0,0.258329
6698.0,0.257318
6700.0,0.263254
6702.0,0.268586
6704.0,0.268165
6706.0,0.264588
6708.0,0.261774
6710.0,0.257804
6712.0,0.254541
6714.0,0.251501
6716.0,0.248742
6718.0,0.246072
6720.0,0.243772
6722.0,0.242946
6724.0,0.243693
6726.0,0.244036
6728.0,0.244471
6730.0,0.245286
6732.0,0.247888
6734.0,0.249597
6736.0,0.245375
6738.0,0.234946
6740.0,0.232638
6742.0,0.236168
6744.0,0.238552
6746.0,0.241289
6748.0,0.242856
6750.0,0.241203
6752.0,0.237164
6754.0,0.233932
6756.0,0.229213
6758.0,0.226941
6760.0,0.226813
6762.0,0.227356
6764.0,0.228146
6766.0,0.22938
6768.0,0.230363
6770.0,0.230748
6772.0,0.232658
6774.0,0.237271
6776.0,0.239508
6778.0,0.237612
6780.0,0.234223
6782.0,0.233088
6784.0,0.233188
6786.0,0.232052
6788.0,0.228754
6790.0,0.228409
6792.0,0.231904
6794.0,0.236361
6796.0,0.239616
6798.0,0.242888
6800.0,0.243472
6802.0,0.242374
6804.0,0.239249
6806.0,0.232641
6808.0,0.22635
6810.0,0.221944
6812.0,0.218653
6814.0,0.218763
6816.0,0.2247
6818.0,0.225553
6820.0,0.222981
6822.0,0.220888
6824.0,0.219962
6826.0,0.219686
6828.0,0.220658
6830.0,0.223705
6832.0,0.224079
6834.0,0.221767
6836.0,0.221127
6838.0,0.222755
6840.0,0.224993
6842.0,0.226394
6844.0,0.227581
6846.0,0.228632
6848.0,0.23053
6850.0,0.23011
6852.0,0.226654
6854.0,0.223147
6856.0,0.22144
6858.0,0.22056
6860.0,0.219859
6862.0,0.221096
6864.0,0.219182
6866.0,0.214124
6868.0,0.209419
6870.0,0.204708
6872.0,0.201188
6874.0,0.205283
6876.0,0.218677
6878.0,0.224906
6880.0,0.229181
6882.0,0.230863
6884.0,0.22911
6886.0,0.225575
6888.0,0.2225
6890.0,0.218719
6892.0,0.215691
6894.0,0.212727
6896.0,0.210512
6898.0,0.208933
6900.0,0.208041
6902.0,0.207948
6904.0,0.208609
6906.0,0.209716
6908.0,0.213044
6910.0,0.213137
6912.0,0.210115
6914.0,0.206961
6916.0,0.204001
6918.0,0.201448
6920.0,0.203217
6922.0,0.211424
6924.0,0.213113
6926.0,0.211242
6928.0,0.208382
6930.0,0.204083
6932.0,0.199329
6934.0,0.196615
6936.0,0.194911
6938.0,0.194316
6940.0,0.195643
6942.0,0.196338
6944.0,0.196626
6946.0,0.196559
6948.0,0.195843
6950.0,0.194517
6952.0,0.193947
6954.0,0.194976
6956.0,0.193424
6958.0,0.188078
6960.0,0.184164
6962.0,0.185267
6964.0,0.188809
6966.0,0.187494
6968.0,0.181592
6970.0,0.179057
6972.0,0.176878
6974.0,0.176972
6976.0,0.181309
6978.0,0.18685
6980.0,0.187301
6982.0,0.184305
6984.0,0.181755
6986.0,0.175928
6988.0,0.174307
6990.0,0.178677
6992.0,0.184295
6994.0,0.187143
6996.0,0.189632
6998.0,0.185919
7000.0,0.17219
7002.0,0.166559
7004.0,0.168081
7006.0,0.171298
7008.0,0.174283
7010.0,0.177957
7012.0,0.177421
7014.0,0.171536
7016.0,0.169837
7018.0,0.169858
7020.0,0.17137
7022.0,0.175403
7024.0,0.180389
7026.0,0.181713
7028.0,0.181029
7030.0,0.178775
7032.0,0.173011
7034.0,0.169003
7036.0,0.166246
7038.0,0.165524
7040.0,0.169803
7042.0,0.179933
7044.0,0.180943
7046.0,0.173258
7048.0,0.170551
7050.0,0.172574
7052.0,0.175267
7054.0,0.177027
7056.0,0.178756
7058.0,0.175186
7060.0,0.161423
7062.0,0.159489
7064.0,0.169085
7066.0,0.176978
7068.0,0.178394
7070.0,0.17685
7072.0,0.17455
7074.0,0.16694
7076.0,0.168105
7078.0,0.178741
7080.0,0.184796
7082.0,0.183744
7084.0,0.179801
7086.0,0.176595
7088.0,0.172188
7090.0,0.169175
7092.0,0.166115
7094.0,0.1649
7096.0,0.165119
7098.0,0.16723
7100.0,0.173025
7102.0,0.182348
7104.0,0.183155
7106.0,0.176788
7108.0,0.172025
7110.0,0.165228
7112.0,0.160859
7114.0,0.162054
7116.0,0.166401
7118.0,0.167661
7120.0,0.166194
7122.0,0.168569
7124.0,0.175602
7126.0,0.179592
7128.0,0.179008
7130.0,0.175662
7132.0,0.170185
7134.0,0.159693
7136.0,0.157212
7138.0,0.160961
7140.0,0.164114
7142.0,0.168012
7144.0,0.170861
7146.0,0.169339
7148.0,0.164157
7150.0,0.163684
7152.0,0.166574
7154.0,0.168312
7156.0,0.170041
7158.0,0.171018
7160.0,0.170533
7162.0,0.169029
7164.0,0.167778
7166.0,0.166314
7168.0,0.164689
7170.0,0.162379
7172.0,0.160775
7174.0,0.159677
7176.0,0.159632
7178.0,0.163124
7180.0,0.172024
7182.0,0.174027
7184.0,0.172334
7186.0,0.168628
7188.0,0.160251
7190.0,0.152518
7192.0,0.153271
7194.0,0.160538
7196.0,0.163321
7198.0,0.164456
7200.0,0.166235
7202.0,0.169095
7204.0,0.171138
7206.0,0.171056
7208.0,0.169519
7210.0,0.167631
7212.0,0.164814
7214.0,0.161714
7216.0,0.156223
7218.0,0.153504
7220.0,0.157332
7222.0,0.163557
7224.0,0.161573
7226.0,0.151805
7228.0,0.148127
7230.0,0.145233
7232.0,0.14634
7234.0,0.154656
7236.0,0.164034
7238.0,0.165025
7240.0,0.160132
7242.0,0.158216
7244.0,0.155693
7246.0,0.154892
7248.0,0.156243
7250.0,0.158096
7252.0,0.159184
7254.0,0.160089
7256.0,0.161529
7258.0,0.165715
7260.0,0.164667
7262.0,0.156416
7264.0,0.150697
7266.0,0.152211
7268.0,0.157493
7270.0,0.161418
7272.0,0.1685
7274.0,0.169322
7276.0,0.164033
7278.0,0.160093
7280.0,0.158988
7282.0,0.158683
7284.0,0.157588
7286.0,0.156777
7288.0,0.15398
7290.0,0.145559
7292.0,0.144637
7294.0,0.154498
7296.0,0.165365
7298.0,0.168658
7300.0,0.168178
7302.0,0.165673
7304.0,0.157216
7306.0,0.153507
7308.0,0.154049
7310.0,0.154791
7312.0,0.153611
7314.0,0.151834
7316.0,0.151545
7318.0,0.153677
7320.0,0.152569
7322.0,0.148359
7324.0,0.145112
7326.0,0.142127
7328.0,0.141145
7330.0,0.149067
7332.0,0.16973
7334.0,0.173444
7336.0,0.164948
7338.0,0.157324
7340.0,0.148008
7342.0,0.140955
7344.0,0.144168
7346.0,0.156552
7348.0,0.157305
7350.0,0.148085
7352.0,0.145066
7354.0,0.147986
7356.0,0.150906
7358.0,0.150068
7360.0,0.147514
7362.0,0.148057
7364.0,0.152145
7366.0,0.152706
7368.0,0.151127
7370.0,0.148645
7372.0,0.144313
7374.0,0.139731
7376.0,0.140826
7378.0,0.148437
7380.0,0.150055
7382.0,0.148219
7384.0,0.146582
7386.0,0.144077
7388.0,0.142721
7390.0,0.147037
7392.0,0.157303
7394.0,0.158882
7396.0,0.154201
7398.0,0.150283
7400.0,0.145429
7402.0,0.141378
7404.0,0.140424
7406.0,0.141584
7408.0,0.13955
7410.0,0.134651
7412.0,0.131751
7414.0,0.128273
7416.0,0.127954
7418.0,0.134776
7420.0,0.144583
7422.0,0.143809
7424.0,0.132174
7426.0,0.129147
7428.0,0.130035
7430.0,0.131633
7432.0,0.134858
7434.0,0.137844
7436.0,0.135815
7438.0,0.128494
7440.0,0.128192
7442.0,0.133668
7444.0,0.136893
7446.0,0.138595
7448.0,0.138976
7450.0,0.137285
7452.0,0.133661
7454.0,0.131273
7456.0,0.128114
7458.0,0.127224
7460.0,0.129646
7462.0,0.131134
7464.0,0.128214
7466.0,0.123613
7468.0,0.126779
7470.0,0.140278
7472.0,0.143858
7474.0,0.141977
7476.0,0.138794
7478.0,0.133863
7480.0,0.12846
7482.0,0.127058
7484.0,0.128352
7486.0,0.130155
7488.0,0.135481
7490.0,0.13737
7492.0,0.134305
7494.0,0.13049
7496.0,0.130088
7498.0,0.131596
7500.0,0.131579
7502.0,0.131318
7504.0,0.130337
7506.0,0.128871
7508.0,0.126553
7510.0,0.122327
7512.0,0.116929
7514.0,0.116098
7516.0,0.120091
7518.0,0.121298
7520.0,0.121413
7522.0,0.121421
7524.0,0.121621
7526.0,0.121719
7528.0,0.121365
7530.0,0.120544
7532.0,0.119886
7534.0,0.118798
7536.0,0.118448
7538.0,0.118822
7540.0,0.119885
7542.0,0.122337
7544.0,0.126994
7546.0,0.125721
7548.0,0.118123
7550.0,0.113611
7552.0,0.110642
7554.0,0.10957
7556.0,0.112167
7558.0,0.117655
7560.0,0.117185
7562.0,0.111618
7564.0,0.108152
7566.0,0.103461
7568.0,0.10166
7570.0,0.105949
7572.0,0.112971
7574.0,0.113816
7576.0,0.11077
7578.0,0.107771
7580.0,0.101282
7582.0,0.0980357
7584.0,0.100048
7586.0,0.103694
7588.0,0.10472
7590.0,0.10541
7592.0,0.102623
7594.0,0.0950107
7596.0,0.0897468
7598.0,0.0841149
7600.0,0.0824183
7602.0,0.0900969
7604.0,0.105204
7606.0,0.115442
7608.0,0.128063
7610.0,0.133026
7612.0,0.130836
7614.0,0.125825
7616.0,0.119197
7618.0,0.110452
7620.0,0.102227
7622.0,0.0928221
7624.0,0.0848265
7626.0,0.0754001
7628.0,0.0703451
7630.0,0.0720766
7632.0,0.0769568
7634.0,0.0796719
7636.0,0.0832672
7638.0,0.0830814
7640.0,0.0787063
7642.0,0.0757377
7644.0,0.0746639
7646.0,0.0734602
7648.0,0.0702591
7650.0,0.0655782
7652.0,0.0630822
7654.0,0.0627529
7656.0,0.06078
7658.0,0.0565945
7660.0,0.0534104
7662.0,0.0531337
7664.0,0.0546099
7666.0,0.0558082
7668.0,0.0597169
7670.0,0.058714
7672.0,0.0523363
7674.0,0.0476716
7676.0,0.0469694
7678.0,0.0477944
7680.0,0.0472031
7682.0,0.0459922
7684.0,0.0456694
7686.0,0.0463911
7688.0,0.0463324
7690.0,0.0452104
7692.0,0.0437641
7694.0,0.0426826
7696.0,0.0417029
7698.0,0.0405335
7700.0,0.0382727
7702.0,0.0380425
7704.0,0.039666
7706.0,0.0423697
7708.0,0.046557
7710.0,0.0520064
7712.0,0.0528167
7714.0,0.0498147
7716.0,0.0470463
7718.0,0.0409038
7720.0,0.0382512
7722.0,0.0435573
7724.0,0.0519461
7726.0,0.0519044
7728.0,0.044301
7730.0,0.0428221
7732.0,0.0446269
7734.0,0.0459683
7736.0,0.0458143
7738.0,0.0461744
7740.0,0.0499451
7742.0,0.0574533
7744.0,0.0589345
7746.0,0.0571378
7748.0,0.0532076
7750.0,0.042568
7752.0,0.035449
7754.0,0.042486
7756.0,0.0593437
7758.0,0.0639322
7760.0,0.061839
7762.0,0.0593429
7764.0,0.0524629
7766.0,0.0477926
7768.0,0.0489053
7770.0,0.052982
7772.0,0.0548014
7774.0,0.056695
7776.0,0.0571591
7778.0,0.0570734
7780.0,0.0552189
7782.0,0.0489241
7784.0,0.042915
7786.0,0.0464313
7788.0,0.058642
7790.0,0.0641261
7792.0,0.067616
7794.0,0.0694551
7796.0,0.0692293
7798.0,0.0677837
7800.0,0.0653155
7802.0,0.0612234
7804.0,0.062182
7806.0,0.0683972
7808.0,0.0720698
7810.0,0.0738261
7812.0,0.0760342
7814.0,0.0801901
7816.0,0.0852427
7818.0,0.088087
7820.0,0.0891064
7822.0,0.0907615
7824.0,0.092691
7826.0,0.0939352
7828.0,0.0937539
7830.0,0.0932347
7832.0,0.0947069
7834.0,0.0983522
7836.0,0.099124
7838.0,0.0973047
7840.0,0.0966839
7842.0,0.0974358
7844.0,0.0987485
7846.0,0.100451
7848.0,0.103052
7850.0,0.102689
7852.0,0.098182
7854.0,0.0972379
7856.0,0.0985325
7858.0,0.102073
7860.0,0.109081
7862.0,0.118783
7864.0,0.124277
7866.0,0.128552
7868.0,0.129701
7870.0,0.125246
7872.0,0.123211
7874.0,0.127555
7876.0,0.133951
7878.0,0.134182
7880.0,0.130405
7882.0,0.126583
7884.0,0.119089
7886.0,0.114966
7888.0,0.114632
7890.0,0.117029
7892.0,0.122474
7894.0,0.132124
7896.0,0.137102
7898.0,0.140462
7900.0,0.141589
7902.0,0.138615
7904.0,0.136122
7906.0,0.138176
7908.0,0.142898
7910.0,0.144135
7912.0,0.142011
7914.0,0.143035
7916.0,0.147059
7918.0,0.150403
7920.0,0.151422
7922.0,0.151461
7924.0,0.15267
7926.0,0.155525
7928.0,0.15529
7930.0,0.151501
7932.0,0.149516
7934.0,0.150641
7936.0,0.152705
7938.0,0.15325
7940.0,0.15317
7942.0,0.153083
7944.0,0.152075
7946.0,0.152334
7948.0,0.154638
7950.0,0.156716
7952.0,0.156533
7954.0,0.154939
7956.0,0.153651
7958.0,0.151138
7960.0,0.150476
7962.0,0.152934
7964.0,0.153626
7966.0,0.148704
7968.0,0.141241
7970.0,0.141295
7972.0,0.147712
7974.0,0.152018
7976.0,0.159938
7978.0,0.1625
7980.0,0.15485
7982.0,0.144233
7984.0,0.143333
7986.0,0.148728
7988.0,0.152672
7990.0,0.16032
7992.0,0.163471
7994.0,0.159652
7996.0,0.155397
7998.0,0.157643
8000.0,0.164152
8002.0,0.166087
8004.0,0.164904
8006.0,0.165224
8008.0,0.167064
8010.0,0.168301
8012.0,0.167827
8014.0,0.166264
8016.0,0.164007
8018.0,0.158873
8020.0,0.157707
8022.0,0.159981
8024.0,0.162048
8026.0,0.162676
8028.0,0.163143
8030.0,0.16517
8032.0,0.169048
8034.0,0.1707
8036.0,0.171241
8038.0,0.171059
8040.0,0.16946
8042.0,0.167827
8044.0,0.168174
8046.0,0.169887
8048.0,0.171075
8050.0,0.172969
8052.0,0.173639
8054.0,0.173947
8056.0,0.172545
8058.0,0.167455
8060.0,0.159622
8062.0,0.156746
8064.0,0.156573
8066.0,0.157767
8068.0,0.162532
8070.0,0.165916
8072.0,0.16561
8074.0,0.163701
8076.0,0.163804
8078.0,0.166037
8080.0,0.164737
8082.0,0.159668
8084.0,0.156404
8086.0,0.155389
8088.0,0.155876
8090.0,0.158387
8092.0,0.164177
8094.0,0.164357
8096.0,0.158836
8098.0,0.156563
8100.0,0.158467
8102.0,0.159991
8104.0,0.157364
8106.0,0.152149
8108.0,0.149531
8110.0,0.147241
8112.0,0.146951
8114.0,0.15054
8116.0,0.152222
8118.0,0.148514
8120.0,0.142168
8122.0,0.139553
8124.0,0.138563
8126.0,0.138446
8128.0,0.140746
8130.0,0.14176
8132.0,0.139894
8134.0,0.137623
8136.0,0.138868
8138.0,0.14286
8140.0,0.145509
8142.0,0.150541
8144.0,0.150598
8146.0,0.14373
8148.0,0.135543
8150.0,0.130368
8152.0,0.125648
8154.0,0.12814
8156.0,0.140787
8158.0,0.147026
8160.0,0.149958
8162.0,0.149851
8164.0,0.144804
8166.0,0.13642
8168.0,0.135339
8170.0,0.14178
8172.0,0.142254
8174.0,0.1402
8176.0,0.136631
8178.0,0.129243
8180.0,0.121888
8182.0,0.125287
8184.0,0.140379
8186.0,0.144342
8188.0,0.141083
8190.0,0.139806
8192.0,0.14122
8194.0,0.142975
8196.0,0.143527
8198.0,0.143698
8200.0,0.142264
8202.0,0.139661
8204.0,0.135776
8206.0,0.130055
8208.0,0.123877
8210.0,0.117066
8212.0,0.109769
8214.0,0.109658
8216.0,0.117581
8218.0,0.12187
8220.0,0.126339
8222.0,0.128842
8224.0,0.128169
8226.0,0.125584
8228.0,0.12342
8230.0,0.118758
8232.0,0.119759
8234.0,0.126772
8236.0,0.131637
8238.0,0.134493
8240.0,0.135168
8242.0,0.13093
8244.0,0.120648
8246.0,0.119149
8248.0,0.126602
8250.0,0.127838
8252.0,0.121684
8254.0,0.115487
8256.0,0.114263
8258.0,0.115608
8260.0,0.117825
8262.0,0.123887
8264.0,0.12598
8266.0,0.125548
8268.0,0.123549
8270.0,0.118839
8272.0,0.11298
8274.0,0.11352
8276.0,0.120701
8278.0,0.123543
8280.0,0.127304
8282.0,0.126374
8284.0,0.117054
8286.0,0.10571
8288.0,0.102796
8290.0,0.105373
8292.0,0.106407
8294.0,0.109439
8296.0,0.110454
8298.0,0.108812
8300.0,0.106803
8302.0,0.106334
8304.0,0.106582
8306.0,0.106649
8308.0,0.107312
8310.0,0.107038
8312.0,0.106242
8314.0,0.10467
8316.0,0.101589
8318.0,0.097662
8320.0,0.0964468
8322.0,0.0985733
8324.0,0.0975839
8326.0,0.0954026
8328.0,0.0919062
8330.0,0.0856153
8332.0,0.0789826
8334.0,0.078107
8336.0,0.0839529
8338.0,0.0807646
8340.0,0.0685028
8342.0,0.0617933
8344.0,0.0618063
8346.0,0.0641922
8348.0,0.0661452
8350.0,0.0694595
8352.0,0.0690451
8354.0,0.0645761
8356.0,0.0623599
8358.0,0.0616719
8360.0,0.0615842
8362.0,0.0617126
8364.0,0.0622686
8366.0,0.0634886
8368.0,0.0661482
8370.0,0.0673834
8372.0,0.0682035
8374.0,0.0679502
8376.0,0.0669745
8378.0,0.0646215
8380.0,0.0582263
8382.0,0.045106
8384.0,0.040662
8386.0,0.0417357
8388.0,0.04385
8390.0,0.0482968
8392.0,0.0526828
8394.0,0.05268
8396.0,0.0495585
8398.0,0.0473622
8400.0,0.0444206
8402.0,0.0418734
8404.0,0.0420331
8406.0,0.0390678
8408.0,0.0268955
8410.0,0.00826919
8412.0,-0.000796493
8414.0,-0.010055
8416.0,-0.0055473
8418.0,0.0190384
8420.0,0.0382407
8422.0,0.0417846
8424.0,0.037695
8426.0,0.0346075
8428.0,0.0254658
8430.0,0.0247706
8432.0,0.0321883
8434.0,0.0362522
8436.0,0.0343152
8438.0,0.0309021
8440.0,0.0309684
8442.0,0.0326444
8444.0,0.0349832
8446.0,0.0405076
8448.0,0.0424362
8450.0,0.0405492
8452.0,0.0370336
8454.0,0.0326145
8456.0,0.02656
8458.0,0.0255746
8460.0,0.0279593
8462.0,0.0319072
8464.0,0.0399658
8466.0,0.0466226
8468.0,0.0494429
8470.0,0.0499075
8472.0,0.0481553
8474.0,0.0409161
8476.0,0.0393114
8478.0,0.0419738
8480.0,0.0435465
8482.0,0.0430935
8484.0,0.041645
8486.0,0.0391673
8488.0,0.0338876
8490.0,0.034622
8492.0,0.0412524
8494.0,0.0459053
8496.0,0.0485225
8498.0,0.0504948
8500.0,0.0531663
8502.0,0.0566674
8504.0,0.0532241
8506.0,0.0390233
8508.0,0.0343556
8510.0,0.0391783
8512.0,0.0442462
8514.0,0.0448912
8516.0,0.0437431
8518.0,0.042133
8520.0,0.0378139
8522.0,0.0367438
8524.0,0.0378403
8526.0,0.0395679
8528.0,0.0421014
8530.0,0.0449163
8532.0,0.0457794
8534.0,0.0447048
8536.0,0.0453671
8538.0,0.0483068
8540.0,0.048628
8542.0,0.0452813
8544.0,0.0407762
8546.0,0.0368894
8548.0,0.0315583
8550.0,0.0347994
8552.0,0.0494047
8554.0,0.056486
8556.0,0.0577646
8558.0,0.0561538
8560.0,0.0520211
8562.0,0.0451565
8564.0,0.0417551
8566.0,0.0393749
8568.0,0.0389965
8570.0,0.0420167
8572.0,0.0440724
8574.0,0.0433041
8576.0,0.0413802
8578.0,0.0408669
8580.0,0.0417945
8582.0,0.040292
8584.0,0.0339493
8586.0,0.0330601
8588.0,0.040707
8590.0,0.0510517
8592.0,0.0572198
8594.0,0.0623817
8596.0,0.0646079
8598.0,0.063293
8600.0,0.0621864
8602.0,0.0595733
8604.0,0.0583325
8606.0,0.0620283
8608.0,0.0693318
8610.0,0.0711657
8612.0,0.0692578
8614.0,0.068004
8616.0,0.0665156
8618.0,0.0645309
8620.0,0.0608574
8622.0,0.0568584
8624.0,0.0588004
8626.0,0.0672225
8628.0,0.0720487
8630.0,0.077802
8632.0,0.0801827
8634.0,0.0771472
8636.0,0.0719798
8638.0,0.0692863
8640.0,0.0652882
8642.0,0.0700365
8644.0,0.0853802
8646.0,0.0962393
8648.0,0.104413
8650.0,0.108866
8652.0,0.105918
8654.0,0.0961092
8656.0,0.093564
8658.0,0.0956414
8660.0,0.095754
8662.0,0.0937372
8664.0,0.0932567
8666.0,0.0973841
8668.0,0.10389
8670.0,0.104085
8672.0,0.0976629
8674.0,0.0961172
8676.0,0.0973621
8678.0,0.0981215
8680.0,0.0972921
8682.0,0.0961917
8684.0,0.0964942
8686.0,0.0967652
8688.0,0.100559
8690.0,0.111288
8692.0,0.115612
8694.0,0.111155
8696.0,0.104295
8698.0,0.0999933
8700.0,0.0946794
8702.0,0.100295
8704.0,0.121808
8706.0,0.131318
8708.0,0.130613
8710.0,0.126674
8712.0,0.121219
8714.0,0.113486
8716.0,0.115231
8718.0,0.128326
8720.0,0.13292
8722.0,0.131996
8724.0,0.131441
8726.0,0.132966
8728.0,0.135181
8730.0,0.137486
8732.0,0.141867
8734.0,0.141199
8736.0,0.135664
8738.0,0.131005
8740.0,0.126687
8742.0,0.123638
8744.0,0.124363
8746.0,0.128042
8748.0,0.133098
8750.0,0.143211
8752.0,0.148569
8754.0,0.14902
8756.0,0.14802
8758.0,0.147721
8760.0,0.147076
8762.0,0.145501
8764.0,0.143705
8766.0,0.140018
8768.0,0.132019
8770.0,0.127048
8772.0,0.128939
8774.0,0.134472
8776.0,0.137486
8778.0,0.141358
8780.0,0.142026
8782.0,0.138938
8784.0,0.137106
8786.0,0.137458
8788.0,0.138574
8790.0,0.139255
8792.0,0.140051
8794.0,0.14062
8796.0,0.140535
8798.0,0.141416
8800.0,0.143588
8802.0,0.145957
8804.0,0.147778
8806.0,0.149488
8808.0,0.149765
8810.0,0.149278
8812.0,0.147295
8814.0,0.144091
8816.0,0.139353
8818.0,0.131964
8820.0,0.122991
8822.0,0.118147
8824.0,0.113532
8826.0,0.115402
8828.0,0.123108
8830.0,0.133349
8832.0,0.149298
8834.0,0.16518
8836.0,0.166419
8838.0,0.155869
8840.0,0.147299
8842.0,0.131806
8844.0,0.123186
8846.0,0.123029
8848.0,0.126037
8850.0,0.127586
8852.0,0.129361
8854.0,0.13499
8856.0,0.149781
8858.0,0.15315
8860.0,0.142871
8862.0,0.13343
8864.0,0.13426
8866.0,0.139907
8868.0,0.138091
8870.0,0.131155
8872.0,0.125707
8874.0,0.115795
8876.0,0.112696
8878.0,0.12349
8880.0,0.139453
8882.0,0.14188
8884.0,0.134361
8886.0,0.131933
8888.0,0.127854
8890.0,0.128403
8892.0,0.138719
8894.0,0.148116
8896.0,0.141117
8898.0,0.120159
8900.0,0.115637
8902.0,0.122859
8904.0,0.125865
8906.0,0.126246
8908.0,0.125811
8910.0,0.126016
8912.0,0.126224
8914.0,0.119213
8916.0,0.0986301
8918.0,0.0935638
8920.0,0.101163
8922.0,0.110151
8924.0,0.118639
8926.0,0.126877
8928.0,0.126676
8930.0,0.115213
8932.0,0.11485
8934.0,0.121561
8936.0,0.127629
8938.0,0.134488
8940.0,0.139211
8942.0,0.133697
8944.0,0.116644
8946.0,0.115455
8948.0,0.130311
8950.0,0.134059
8952.0,0.126869
8954.0,0.115415
8956.0,0.100607
8958.0,0.0805418
8960.0,0.0827785
8962.0,0.114062
8964.0,0.122423
8966.0,0.111825
8968.0,0.10119
8970.0,0.0976232
8972.0,0.0968492
8974.0,0.0995425
8976.0,0.106652
8978.0,0.114014
8980.0,0.126266
8982.0,0.133882
8984.0,0.135797
8986.0,0.132903
8988.0,0.122928
8990.0,0.102168
8992.0,0.0937708
8994.0,0.0891165
8996.0,0.0923806
8998.0,0.111428
9000.0,0.128471
9002.0,0.122419
9004.0,0.0996589
9006.0,0.0953794
9008.0,0.104716
9010.0,0.106038
9012.0,0.0995632
9014.0,0.0949512
9016.0,0.0983194
9018.0,0.105808
9020.0,0.107267
9022.0,0.107886
9024.0,0.10233
9026.0,0.0850391
9028.0,0.0752785
9030.0,0.0811513
9032.0,0.0929231
9034.0,0.0944835
9036.0,0.0899857
9038.0,0.0885711
9040.0,0.0865738
9042.0,0.0865177
9044.0,0.0892215
9046.0,0.0927858
9048.0,0.0959716
9050.0,0.100646
9052.0,0.0961953
9054.0,0.0798303
9056.0,0.0710974
9058.0,0.0680921
9060.0,0.0679036
9062.0,0.0707766
9064.0,0.0765677
9066.0,0.0748427
9068.0,0.0650399
9070.0,0.0610057
9072.0,0.0597096
9074.0,0.0598334
9076.0,0.0613755
9078.0,0.0641184
9080.0,0.0667128
9082.0,0.071574
9084.0,0.0711665
9086.0,0.0671564
9088.0,0.0613112
9090.0,0.050088
9092.0,0.0403487
9094.0,0.0442842
9096.0,0.0603639
9098.0,0.0660163
9100.0,0.0691255
9102.0,0.0676244
9104.0,0.0578881
9106.0,0.0488895
9108.0,0.0487432
9110.0,0.0538907
9112.0,0.0542006
9114.0,0.0524992
9116.0,0.0508046
9118.0,0.0484025
9120.0,0.0459489
9122.0,0.0443137
9124.0,0.0426115
9126.0,0.0375671
9128.0,0.0270092
9130.0,0.0230719
9132.0,0.0231032
9134.0,0.0243898
9136.0,0.0276162
9138.0,0.0313451
9140.0,0.0317017
9142.0,0.0286613
9144.0,0.0306588
9146.0,0.0383612
9148.0,0.041743
9150.0,0.0399982
9152.0,0.0369552
9154.0,0.0352202
9156.0,0.0334185
9158.0,0.033772
9160.0,0.0382789
9162.0,0.0381586
9164.0,0.0318908
9166.0,0.0277268
9168.0,0.0305402
9170.0,0.0371346
9172.0,0.0410264
9174.0,0.0456287
9176.0,0.0472474
9178.0,0.0472061
9180.0,0.0447885
9182.0,0.0381348
9184.0,0.0302081
9186.0,0.0277927
9188.0,0.0289824
9190.0,0.0303378
9192.0,0.0353706
9194.0,0.03682
9196.0,0.0326047
9198.0,0.0279467
9200.0,0.0284484
9202.0,0.0322234
9204.0,0.0340736
9206.0,0.0359889
9208.0,0.0370608
9210.0,0.0366101
9212.0,0.0366662
9214.0,0.0386076
9216.0,0.0416779
9218.0,0.0445092
9220.0,0.0493046
9222.0,0.0503243
9224.0,0.0470064
9226.0,0.0449371
9228.0,0.0461853
9230.0,0.0487511
9232.0,0.0500744
9234.0,0.0522501
9236.0,0.0506703
9238.0,0.0424089
9240.0,0.0400442
9242.0,0.0482358
9244.0,0.0573367
9246.0,0.054517
9248.0,0.0421395
9250.0,0.0412605
9252.0,0.0469397
9254.0,0.0535009
9256.0,0.0650259
9258.0,0.0738059
9260.0,0.0724904
9262.0,0.0644565
9264.0,0.0614544
9266.0,0.0592913
9268.0,0.0585121
9270.0,0.0598151
9272.0,0.061032
9274.0,0.0615732
9276.0,0.0617277
9278.0,0.0606412
9280.0,0.0581642
9282.0,0.0560285
9284.0,0.0548683
9286.0,0.0514033
9288.0,0.0418842
9290.0,0.0331058
9292.0,0.0373871
9294.0,0.0542939
9296.0,0.0578628
9298.0,0.0522858
9300.0,0.0497867
9302.0,0.0491699
9304.0,0.0502201
9306.0,0.054663
9308.0,0.0623115
9310.0,0.0632307
9312.0,0.0585249
9314.0,0.0553961
9316.0,0.059969
9318.0,0.0527992
9320.0,0.0141993
9322.0,-0.0391012
9324.0,-0.0419399
9326.0,0.00638086
9328.0,0.0230802
9330.0,0.0350574
9332.0,0.0354127
9334.0,0.0133192
9336.0,-0.0135486
9338.0,-0.00794362
9340.0,0.0238577
9342.0,0.0409039
9344.0,0.0569806
9346.0,0.0689481
9348.0,0.0794174
9350.0,0.0832594
9352.0,0.0713809
9354.0,0.0441383
9356.0,0.0389451
9358.0,0.0483856
9360.0,0.0568601
9362.0,0.0742994
9364.0,0.0832542
9366.0,0.0684396
9368.0,0.0393747
9370.0,0.0310789
9372.0,0.0297756
9374.0,0.0402229
9376.0,0.0724461
9378.0,0.0956952
9380.0,0.102088
9382.0,0.0984131
9384.0,0.0858814
9386.0,0.0531476
9388.0,0.0467504
9390.0,0.0601794
9392.0,0.070794
9394.0,0.0798366
9396.0,0.0862106
9398.0,0.0840303
9400.0,0.0740173
9402.0,0.0696979
9404.0,0.0670343
9406.0,0.0649627
9408.0,0.0662538
9410.0,0.0647056
9412.0,0.0535733
9414.0,0.036122
9416.0,0.0317619
9418.0,0.0334748
9420.0,0.0423001
9422.0,0.066836
9424.0,0.0836545
9426.0,0.0816519
9428.0,0.0709509
9430.0,0.0695092
9432.0,0.0748264
9434.0,0.0706963
9436.0,0.0611043
9438.0,0.0486223
9440.0,0.0291343
9442.0,0.0105271
9444.0,0.0063328
9446.0,0.0117464
9448.0,0.021965
9450.0,0.0510359
9452.0,0.0605987
9454.0,0.0447052
9456.0,0.0273266
9458.0,0.0257485
9460.0,0.0316025
9462.0,0.0462908
9464.0,0.0835317
9466.0,0.0972765
9468.0,0.0923538
9470.0,0.0825929
9472.0,0.0702614
9474.0,0.0554009
9476.0,0.053523
9478.0,0.0651413
9480.0,0.0685443
9482.0,0.068382
9484.0,0.0696793
9486.0,0.0732836
9488.0,0.0781677
9490.0,0.0845248
9492.0,0.0952584
9494.0,0.095133
9496.0,0.0827113
9498.0,0.0766564
9500.0,0.0766529
9502.0,0.0799949
9504.0,0.0884756
9506.0,0.103883
9508.0,0.0959508
9510.0,0.0592036
9512.0,0.0431919
9514.0,0.0394633
9516.0,0.0451979
9518.0,0.066585
9520.0,0.0980814
9522.0,0.0980725
9524.0,0.0659351
9526.0,0.0536167
9528.0,0.0464278
9530.0,0.0444736
9532.0,0.0499126
9534.0,0.0593366
9536.0,0.0646394
9538.0,0.0706149
9540.0,0.0698939
9542.0,0.0568723
9544.0,0.0547788
9546.0,0.0671371
9548.0,0.0844396
9550.0,0.0989388
9552.0,0.11522
9554.0,0.123344
9556.0,0.122331
9558.0,0.125422
9560.0,0.13351
9562.0,0.139232
9564.0,0.138401
9566.0,0.133205
9568.0,0.123762
9570.0,0.108164
9572.0,0.0926045
9574.0,0.0696831
9576.0,0.0549082
9578.0,0.0557131
9580.0,0.0646065
9582.0,0.068093
9584.0,0.072344
9586.0,0.0730393
9588.0,0.0672876
9590.0,0.067233
9592.0,0.0781373
9594.0,0.0895907
9596.0,0.0874994
9598.0,0.0755064
9600.0,0.0683548
9602.0,0.0567548
9604.0,0.0547997
9606.0,0.0645319
9608.0,0.0769282
9610.0,0.0872382
9612.0,0.0982132
9614.0,0.0974763
9616.0,0.0801562
9618.0,0.0759245
9620.0,0.0812134
9622.0,0.0874227
9624.0,0.0927624
9626.0,0.097737
9628.0,0.0964035
9630.0,0.0885451
9632.0,0.0828946
9634.0,0.0756037
9636.0,0.0701892
9638.0,0.0653924
9640.0,0.0637366
9642.0,0.0721852
9644.0,0.0932077
9646.0,0.0981607
9648.0,0.0912523
9650.0,0.0870512
9652.0,0.0850348
9654.0,0.0832329
9656.0,0.0803073
9658.0,0.076379
9660.0,0.0783643
9662.0,0.0910642
9664.0,0.0916332
9666.0,0.0783864
9668.0,0.067343
9670.0,0.0672608
9672.0,0.0723969
9674.0,0.0728749
9676.0,0.0720868
9678.0,0.0705471
9680.0,0.0663517
9682.0,0.0643524
9684.0,0.0663275
9686.0,0.0699617
9688.0,0.0723034
9690.0,0.0770787
9692.0,0.0722567
9694.0,0.055445
9696.0,0.044829
9698.0,0.0393474
9700.0,0.0389366
9702.0,0.0464546
9704.0,0.0616806
9706.0,0.0749545
9708.0,0.096818
9710.0,0.103984
9712.0,0.095198
9714.0,0.0834582
9716.0,0.0752709
9718.0,0.0672061
9720.0,0.0619186
9722.0,0.0546397
9724.0,0.0581656
9726.0,0.0764032
9728.0,0.0895964
9730.0,0.0905701
9732.0,0.0864188
9734.0,0.0867379
9736.0,0.0908234
9738.0,0.0863957
9740.0,0.0688519
9742.0,0.062508
9744.0,0.072758
9746.0,0.0878016
9748.0,0.0966824
9750.0,0.106789
9752.0,0.0989176
9754.0,0.066997
9756.0,0.049095
9758.0,0.0423611
9760.0,0.0406572
9762.0,0.0411072
9764.0,0.0451102
9766.0,0.0549264
9768.0,0.0818126
9770.0,0.0862607
9772.0,0.0689469
9774.0,0.053172
9776.0,0.0465884
9778.0,0.0440264
9780.0,0.0453574
9782.0,0.0533617
9784.0,0.0577606
9786.0,0.0633937
9788.0,0.0652536
9790.0,0.0604815
9792.0,0.0542318
9794.0,0.0539478
9796.0,0.0562674
9798.0,0.0629703
9800.0,0.0822184
9802.0,0.0873971
9804.0,0.07289
9806.0,0.0579917
9808.0,0.0594113
9810.0,0.0702229
9812.0,0.0734803
9814.0,0.0776666
9816.0,0.0738084
9818.0,0.0563949
9820.0,0.0444074
9822.0,0.04891
9824.0,0.061832
9826.0,0.0660535
9828.0,0.0677774
9830.0,0.0669853
9832.0,0.0631747
9834.0,0.0577625
9836.0,0.0494257
9838.0,0.0406044
9840.0,0.0376887
9842.0,0.0420838
9844.0,0.0343662
9846.0,0.00697345
9848.0,0.00066386
9850.0,0.022788
9852.0,0.0509871
9854.0,0.0669268
9856.0,0.0801088
9858.0,0.0775691
9860.0,0.0536795
9862.0,0.0399454
9864.0,0.0287949
9866.0,0.0244633
9868.0,0.0338393
9870.0,0.0521546
9872.0,0.0542517
9874.0,0.0408037
9876.0,0.0394026
9878.0,0.0435037
9880.0,0.0501907
9882.0,0.0621925
9884.0,0.0747858
9886.0,0.0736699
9888.0,0.0608929
9890.0,0.0514598
9892.0,0.0354579
9894.0,0.0284833
9896.0,0.0361777
9898.0,0.0458669
9900.0,0.0416855
9902.0,0.0271158
9904.0,0.0281468
9906.0,0.0480183
9908.0,0.0502536
9910.0,0.0288093
9912.0,0.0116408
9914.0,0.0196647
9916.0,0.0422529
9918.0,0.0500874
9920.0,0.0537988
9922.0,0.0517989
9924.0,0.037412
9926.0,0.0294143
9928.0,0.035783
9930.0,0.0494067
9932.0,0.0598917
9934.0,0.0729505
9936.0,0.081497
9938.0,0.0879825
9940.0,0.0915074
9942.0,0.0946183
9944.0,0.0924169
9946.0,0.0737705
9948.0,0.034185
9950.0,0.0299937
9952.0,0.060591
9954.0,0.0726842
9956.0,0.0650654
9958.0,0.0555099
9960.0,0.0573567
9962.0,0.0650219
9964.0,0.0588648
9966.0,0.0333085
9968.0,0.0281399
9970.0,0.0470614
9972.0,0.0574222
9974.0,0.0387057
9976.0,0.00807272
9978.0,0.00969135
9980.0,0.0433786
9982.0,0.0523708
9984.0,0.0490872
9986.0,0.0460509
9988.0,0.0437557
9990.0,0.0423828
9992.0,0.0469454
9994.0,0.0592598
9996.0,0.0593928
9998.0,0.0503006
10000.0,0.0419112
10002.0,0.0257891
10004.0,0.0185476
10006.0,0.0443548
10008.0,0.098167
10010.0,0.105969
10012.0,0.0832099
10014.0,0.0592372
10016.0,0.0157881
10018.0,-0.015891
10020.0,-0.0143692
10022.0,0.0063616
10024.0,0.0133946
10026.0,0.0122508
10028.0,0.0239067
10030.0,0.0551218
10032.0,0.0708922
10034.0,0.0572388
10036.0,0.0317
10038.0,0.0211847
10040.0,0.012194
10042.0,0.018434
10044.0,0.0514774
10046.0,0.0645931
10048.0,0.0477908
10050.0,0.026837
10052.0,0.0295085
10054.0,0.0481707
10056.0,0.0439565
10058.0,0.021108
10060.0,0.00621099
10062.0,-0.0112791
10064.0,-0.0165913
10066.0,0.00815996
10068.0,0.0528841
10070.0,0.060304
10072.0,0.0252642
10074.0,0.0312825
10076.0,0.0809858
10078.0,0.108979
10080.0,0.0898154
10082.0,0.047835
10084.0,0.0161417
10086.0,-0.0360482
10088.0,-0.0348385
10090.0,0.0331452
10092.0,0.0641172
10094.0,0.0322921
10096.0,-0.00941317
10098.0,0.0016094
10100.0,0.0502169
10102.0,0.0615142
10104.0,0.0471475
10106.0,0.0454065
10108.0,0.0567995
10110.0,0.0680846
10112.0,0.0716575
10114.0,0.0713634
10116.0,0.0641485
10118.0,0.0423514
10120.0,0.0344397
10122.0,0.0382349
10124.0,0.0419722
10126.0,0.042673
10128.0,0.0416732
10130.0,0.0333507
10132.0,0.0091357
10134.0,0.00814876
10136.0,0.0286218
10138.0,0.0423963
10140.0,0.0445865
10142.0,0.042539
10144.0,0.0405499
10146.0,0.0316606
10148.0,0.0446511
10150.0,0.0954656
10152.0,0.108134
10154.0,0.069867
10156.0,0.0263818
10158.0,0.0126173
10160.0,0.0115511
10162.0,0.0333078
10164.0,0.110759
10166.0,0.127204
10168.0,0.0873263
10170.0,0.0406185
10172.0,0.00132683
10174.0,-0.0362018
10176.0,-0.0337226
10178.0,0.0134379
10180.0,0.04274
10182.0,0.0908165
10184.0,0.106994
10186.0,0.0566564
10188.0,-0.00821554
10190.0,0.0156038
10192.0,0.126314
10194.0,0.139001
10196.0,0.0830063
10198.0,0.0418578
10200.0,0.00576606
10202.0,-0.0159098
10204.0,0.00386643
10206.0,0.0620472
10208.0,0.072145
10210.0,0.0454324
10212.0,0.0362519
10214.0,0.0408
10216.0,0.0446319
10218.0,0.0397092
10220.0,0.0306415
10222.0,0.0268462
10224.0,0.02142
10226.0,0.0263583
10228.0,0.0433129
10230.0,0.0590524
10232.0,0.0760903
10234.0,0.0882362
10236.0,0.0680527
10238.0,0.000149476
10240.0,-0.00640424
10242.0,0.0371883
10244.0,0.0663697
10246.0,0.08409
10248.0,0.0877545
10250.0,0.0549607
10252.0,-0.0218125
10254.0,-0.0186793
10256.0,0.0638049
10258.0,0.102863
10260.0,0.109361
10262.0,0.100364
10264.0,0.0793894
10266.0,0.0443285
10268.0,0.0184222
10270.0,-0.011024
10272.0,-0.0285785
10274.0,-0.0279632
10276.0,-0.0356818
10278.0,-0.0737778
10280.0,-0.118555
10282.0,-0.102236
10284.0,-0.0166157
10286.0,0.0111243
10288.0,-0.00133936
10290.0,0.00479417
10292.0,0.0490114
10294.0,0.0962594
10296.0,0.0997445
10298.0,0.0713108
10300.0,0.0547431
10302.0,0.0236158
10304.0,0.016219
10306.0,0.0416872
10308.0,0.06936
10310.0,0.0753797
10312.0,0.0709533
10314.0,0.0591883
10316.0,0.0179652
10318.0,0.0155021
10320.0,0.0602914
10322.0,0.092484
10324.0,0.0775264
10326.0,0.0415735
10328.0,0.0433991
10330.0,0.110855
10332.0,0.0725275
10334.0,-0.0855482
10336.0,-0.182344
10338.0,-0.166687
10340.0,-0.109344
10342.0,-0.0974217
10344.0,-0.106328
10346.0,-0.0853734
10348.0,-0.032824
10350.0,-0.00136581
10352.0,-9.97778e-05
10354.0,-0.000312419
10356.0,0.0308434
10358.0,0.0869525
10360.0,0.0746989
10362.0,-0.019056
10364.0,-0.0540474
10366.0,-0.0414158
10368.0,-0.0195013
10370.0,-0.00464635
10372.0,0.0121194
10374.0,0.0277305
10376.0,0.0450317
10378.0,0.0581179
10380.0,0.0743621
10382.0,0.0781231
10384.0,0.053936
10386.0,0.0237518
10388.0,0.0403238
10390.0,0.112196
10392.0,0.112099
10394.0,0.041111
10396.0,0.0111079
10398.0,0.0497168
10400.0,0.0907359
