3348.0,0.099369
3350.0,0.233072
3352.0,0.127173
3354.0,0.132564
3356.0,0.273734
3358.0,0.342129
3360.0,0.213571
3362.0,0.138767
3364.0,0.166416
3366.0,0.100809
3368.0,0.156966
3370.0,0.265111
3372.0,0.194698
3374.0,0.191068
3376.0,0.162162
3378.0,0.338836
3380.0,0.335465
3382.0,0.173436
3384.0,0.06382
3386.0,0.108596
3388.0,0.117193
3390.0,0.215542
3392.0,0.259267
3394.0,0.32269
3396.0,0.25484
3398.0,0.266437
3400.0,0.230313
3402.0,0.163339
3404.0,0.139706
3406.0,0.148817
3408.0,0.165296
3410.0,0.235345
3412.0,0.185152
3414.0,0.217054
3416.0,0.294368
3418.0,0.293742
3420.0,0.192106
3422.0,0.183708
3424.0,0.153861
3426.0,0.110618
3428.0,0.162909
3430.0,0.152865
3432.0,0.251673
3434.0,0.235979
3436.0,0.254061
3438.0,0.324556
3440.0,0.27921
3442.0,0.273393
3444.0,0.335692
3446.0,0.305208
3448.0,0.276624
3450.0,0.277065
3452.0,0.327722
3454.0,0.378378
3456.0,0.429034
3458.0,0.429034
3460.0,0.290462
3462.0,0.236112
3464.0,0.319865
3466.0,0.267051
3468.0,0.325372
3470.0,0.323627
3472.0,0.312697
3474.0,0.431419
3476.0,0.362177
3478.0,0.327718
3480.0,0.223639
3482.0,0.233063
3484.0,0.27947
3486.0,0.300687
3488.0,0.226344
3490.0,0.263428
3492.0,0.296291
3494.0,0.370613
3496.0,0.366593
3498.0,0.269776
3500.0,0.319027
3502.0,0.37322
3504.0,0.338653
3506.0,0.292341
3508.0,0.262797
3510.0,0.189826
3512.0,0.227692
3514.0,0.288051
3516.0,0.285226
3518.0,0.373135
3520.0,0.282522
3522.0,0.318235
3524.0,0.355469
3526.0,0.300108
3528.0,0.377091
3530.0,0.296455
3532.0,0.224883
3534.0,0.310832
3536.0,0.324714
3538.0,0.303267
3540.0,0.26882
3542.0,0.332035
3544.0,0.315814
3546.0,0.399589
3548.0,0.29809
3550.0,0.248868
3552.0,0.31808
3554.0,0.349033
3556.0,0.327798
3558.0,0.249634
3560.0,0.294158
3562.0,0.36798
3564.0,0.340854
3566.0,0.346021
3568.0,0.33733
3570.0,0.389918
3572.0,0.384746
3574.0,0.334986
3576.0,0.366245
3578.0,0.309109
3580.0,0.335427
3582.0,0.268304
3584.0,0.440667
3586.0,0.319245
3588.0,0.437311
3590.0,0.50685
3592.0,0.411498
3594.0,0.440692
3596.0,0.502899
3598.0,0.513487
3600.0,0.476391
3602.0,0.515833
3604.0,0.532778
3606.0,0.51135
3608.0,0.468943
3610.0,0.487079
3612.0,0.49129
3614.0,0.474895
3616.0,0.539398
3618.0,0.491411
3620.0,0.417394
3622.0,0.483805
3624.0,0.488024
3626.0,0.571566
3628.0,0.521411
3630.0,0.546483
3632.0,0.576556
3634.0,0.486913
3636.0,0.492949
3638.0,0.509815
3640.0,0.454269
3642.0,0.535875
3644.0,0.64872
3646.0,0.597452
3648.0,0.640226
3650.0,0.698174
3652.0,0.607734
3654.0,0.562121
3656.0,0.576097
3658.0,0.569934
3660.0,0.454288
3662.0,0.54204
3664.0,0.599442
3666.0,0.559903
3668.0,0.575824
3670.0,0.604843
3672.0,0.545344
3674.0,0.588818
3676.0,0.596247
3678.0,0.586337
3680.0,0.645577
3682.0,0.709453
3684.0,0.594626
3686.0,0.552198
3688.0,0.603405
3690.0,0.6106
3692.0,0.5925
3694.0,0.637167
3696.0,0.635142
3698.0,0.609894
3700.0,0.625147
3702.0,0.630283
3704.0,0.672989
3706.0,0.597841
3708.0,0.586452
3710.0,0.68378
3712.0,0.678723
3714.0,0.616982
3716.0,0.611293
3718.0,0.60387
3720.0,0.62013
3722.0,0.650271
3724.0,0.629593
3726.0,0.622498
3728.0,0.666939
3730.0,0.704529
3732.0,0.683252
3734.0,0.645611
3736.0,0.693248
3738.0,0.659922
3740.0,0.662569
3742.0,0.735576
3744.0,0.734088
3746.0,0.708367
3748.0,0.662937
3750.0,0.687305
3752.0,0.742426
3754.0,0.738739
3756.0,0.740422
3758.0,0.686671
3760.0,0.647618
3762.0,0.709035
3764.0,0.676538
3766.0,0.676454
3768.0,0.676983
3770.0,0.697807
3772.0,0.680851
3774.0,0.701383
3776.0,0.646936
3778.0,0.643391
3780.0,0.711773
3782.0,0.674018
3784.0,0.646331
3786.0,0.574861
3788.0,0.58752
3790.0,0.606417
3792.0,0.571092
3794.0,0.593147
3796.0,0.553352
3798.0,0.443979
3800.0,0.509565
3802.0,0.473653
3804.0,0.422348
3806.0,0.409988
3808.0,0.419101
3810.0,0.442465
3812.0,0.466417
3814.0,0.467643
3816.0,0.399725
3818.0,0.369888
3820.0,0.372109
3822.0,0.413558
3824.0,0.422661
3826.0,0.354112
3828.0,0.366546
3830.0,0.365704
3832.0,0.337413
3834.0,0.346055
3836.0,0.3908
3838.0,0.339881
3840.0,0.324674
3842.0,0.347184
3844.0,0.350969
3846.0,0.334585
3848.0,0.322099
3850.0,0.339809
3852.0,0.280305
3854.0,0.287464
3856.0,0.330509
3858.0,0.303182
3860.0,0.32281
3862.0,0.32517
3864.0,0.31184
3866.0,0.322729
3868.0,0.332719
3870.0,0.367371
3872.0,0.354382
3874.0,0.354306
3876.0,0.351733
3878.0,0.328051
3880.0,0.319173
3882.0,0.340278
3884.0,0.309319
3886.0,0.245863
3888.0,0.246653
3890.0,0.319558
3892.0,0.343337
3894.0,0.370817
3896.0,0.359606
3898.0,0.363877
3900.0,0.355231
3902.0,0.327836
3904.0,0.321216
3906.0,0.383955
3908.0,0.421391
3910.0,0.405341
3912.0,0.425437
3914.0,0.403727
3916.0,0.388364
3918.0,0.376464
3920.0,0.421389
3922.0,0.427395
3924.0,0.377468
3926.0,0.358814
3928.0,0.393116
3930.0,0.382809
3932.0,0.384515
3934.0,0.3466
3936.0,0.375102
3938.0,0.408792
3940.0,0.39158
3942.0,0.419818
3944.0,0.4418
3946.0,0.435574
3948.0,0.445641
3950.0,0.411422
3952.0,0.407045
3954.0,0.456047
3956.0,0.454446
3958.0,0.440016
3960.0,0.479675
3962.0,0.416947
3964.0,0.411936
3966.0,0.44851
3968.0,0.455027
3970.0,0.445909
3972.0,0.4887
3974.0,0.50565
3976.0,0.487632
3978.0,0.497408
3980.0,0.499648
3982.0,0.510576
3984.0,0.496045
3986.0,0.553955
3988.0,0.529196
3990.0,0.498605
3992.0,0.52632
3994.0,0.607071
3996.0,0.602555
3998.0,0.567075
4000.0,0.590017
4002.0,0.579429
4004.0,0.613783
4006.0,0.59021
4008.0,0.618015
4010.0,0.615137
4012.0,0.621287
4014.0,0.636893
4016.0,0.640983
4018.0,0.645751
4020.0,0.630784
4022.0,0.679604
4024.0,0.639663
4026.0,0.635392
4028.0,0.658511
4030.0,0.665621
4032.0,0.656036
4034.0,0.662493
4036.0,0.674044
4038.0,0.69005
4040.0,0.653713
4042.0,0.684039
4044.0,0.757176
4046.0,0.670117
4048.0,0.693151
4050.0,0.746985
4052.0,0.682617
4054.0,0.660054
4056.0,0.6501
4058.0,0.677495
4060.0,0.678536
4062.0,0.625533
4064.0,0.649485
4066.0,0.659878
4068.0,0.652976
4070.0,0.653922
4072.0,0.64645
4074.0,0.647523
4076.0,0.713394
4078.0,0.719749
4080.0,0.68903
4082.0,0.662478
4084.0,0.690917
4086.0,0.711679
4088.0,0.709413
4090.0,0.695089
4092.0,0.683039
4094.0,0.635354
4096.0,0.608332
4098.0,0.649395
4100.0,0.697705
4102.0,0.712314
4104.0,0.719403
4106.0,0.704199
4108.0,0.667628
4110.0,0.697959
4112.0,0.713284
4114.0,0.698093
4116.0,0.679926
4118.0,0.693078
4120.0,0.682108
4122.0,0.658509
4124.0,0.65558
4126.0,0.654552
4128.0,0.682764
4130.0,0.667857
4132.0,0.637296
4134.0,0.631571
4136.0,0.644
4138.0,0.685536
4140.0,0.724293
4142.0,0.694911
4144.0,0.689326
4146.0,0.706539
4148.0,0.673836
4150.0,0.700067
4152.0,0.718484
4154.0,0.714394
4156.0,0.700284
4158.0,0.693277
4160.0,0.683683
4162.0,0.699815
4164.0,0.712217
4166.0,0.717393
4168.0,0.732197
4170.0,0.734067
4172.0,0.707609
4174.0,0.673963
4176.0,0.70811
4178.0,0.751172
4180.0,0.693095
4182.0,0.744876
4184.0,0.775575
4186.0,0.731901
4188.0,0.77521
4190.0,0.797148
4192.0,0.789616
4194.0,0.760644
4196.0,0.719745
4198.0,0.738385
4200.0,0.79507
4202.0,0.767457
4204.0,0.755925
4206.0,0.774666
4208.0,0.795898
4210.0,0.777631
4212.0,0.791456
4214.0,0.798854
4216.0,0.772617
4218.0,0.737175
4220.0,0.761512
4222.0,0.790373
4224.0,0.781057
4226.0,0.747598
4228.0,0.728251
4230.0,0.730444
4232.0,0.734483
4234.0,0.751776
4236.0,0.77244
4238.0,0.760665
4240.0,0.732563
4242.0,0.698371
4244.0,0.682774
4246.0,0.700018
4248.0,0.752634
4250.0,0.762751
4252.0,0.762602
4254.0,0.737288
4256.0,0.68514
4258.0,0.710322
4260.0,0.682788
4262.0,0.657069
4264.0,0.718987
4266.0,0.70518
4268.0,0.676443
4270.0,0.693513
4272.0,0.707058
4274.0,0.688525
4276.0,0.661062
4278.0,0.678364
4280.0,0.663396
4282.0,0.658587
4284.0,0.615394
4286.0,0.654325
4288.0,0.680161
4290.0,0.639866
4292.0,0.639747
4294.0,0.650268
4296.0,0.651772
4298.0,0.656404
4300.0,0.632624
4302.0,0.649522
4304.0,0.659953
4306.0,0.666354
4308.0,0.654578
4310.0,0.671818
4312.0,0.668924
4314.0,0.658603
4316.0,0.663535
4318.0,0.662695
4320.0,0.680245
4322.0,0.625113
4324.0,0.66331
4326.0,0.677681
4328.0,0.651826
4330.0,0.63907
4332.0,0.635714
4334.0,0.63667
4336.0,0.653816
4338.0,0.660177
4340.0,0.625294
4342.0,0.651333
4344.0,0.658521
4346.0,0.607935
4348.0,0.60547
4350.0,0.631569
4352.0,0.658717
4354.0,0.623733
4356.0,0.600385
4358.0,0.644634
4360.0,0.577248
4362.0,0.537855
4364.0,0.668354
4366.0,0.643737
4368.0,0.601821
4370.0,0.576529
4372.0,0.547762
4374.0,0.582277
4376.0,0.584729
4378.0,0.552011
4380.0,0.552198
4382.0,0.545872
4384.0,0.531656
4386.0,0.500202
4388.0,0.509588
4390.0,0.510434
4392.0,0.478553
4394.0,0.47629
4396.0,0.530699
4398.0,0.522312
4400.0,0.445165
4402.0,0.468831
4404.0,0.483014
4406.0,0.470107
4408.0,0.466905
4410.0,0.445862
4412.0,0.438108
4414.0,0.427352
4416.0,0.423644
4418.0,0.448378
4420.0,0.412753
4422.0,0.395521
4424.0,0.380075
4426.0,0.3759
4428.0,0.401938
4430.0,0.361959
4432.0,0.359553
4434.0,0.379454
4436.0,0.380216
4438.0,0.388792
4440.0,0.362767
4442.0,0.373425
4444.0,0.386021
4446.0,0.370146
4448.0,0.37285
4450.0,0.355863
4452.0,0.3393
4454.0,0.383979
4456.0,0.386472
4458.0,0.364062
4460.0,0.375954
4462.0,0.385214
4464.0,0.389818
4466.0,0.375969
4468.0,0.38226
4470.0,0.376525
4472.0,0.357658
4474.0,0.355282
4476.0,0.374687
4478.0,0.378959
4480.0,0.355615
4482.0,0.395579
4484.0,0.399579
4486.0,0.381571
4488.0,0.387121
4490.0,0.384213
4492.0,0.409896
4494.0,0.423371
4496.0,0.406355
4498.0,0.418995
4500.0,0.385179
4502.0,0.409175
4504.0,0.412412
4506.0,0.43369
4508.0,0.419764
4510.0,0.406863
4512.0,0.416916
4514.0,0.421995
4516.0,0.418165
4518.0,0.435182
4520.0,0.421304
4522.0,0.428498
4524.0,0.437855
4526.0,0.443294
4528.0,0.442321
4530.0,0.462366
4532.0,0.482348
4534.0,0.443161
4536.0,0.431409
4538.0,0.471558
4540.0,0.469461
4542.0,0.499589
4544.0,0.532598
4546.0,0.515827
4548.0,0.487455
4550.0,0.496415
4552.0,0.47434
4554.0,0.488189
4556.0,0.533869
4558.0,0.510016
4560.0,0.494986
4562.0,0.502315
4564.0,0.522015
4566.0,0.529767
4568.0,0.522905
4570.0,0.521931
4572.0,0.521773
4574.0,0.53267
4576.0,0.53646
4578.0,0.535685
4580.0,0.556184
4582.0,0.552963
4584.0,0.539816
4586.0,0.562183
4588.0,0.567438
4590.0,0.5628
4592.0,0.568348
4594.0,0.547457
4596.0,0.537198
4598.0,0.569149
4600.0,0.578342
4602.0,0.56594
4604.0,0.58783
4606.0,0.559928
4608.0,0.574329
4610.0,0.583575
4612.0,0.581309
4614.0,0.584227
4616.0,0.579156
4618.0,0.567074
4620.0,0.593649
4622.0,0.601082
4624.0,0.603048
4626.0,0.573054
4628.0,0.5945
4630.0,0.604535
4632.0,0.602634
4634.0,0.610859
4636.0,0.611231
4638.0,0.621592
4640.0,0.600385
4642.0,0.602664
4644.0,0.608333
4646.0,0.619411
4648.0,0.623521
4650.0,0.597715
4652.0,0.591415
4654.0,0.628471
4656.0,0.656385
4658.0,0.64543
4660.0,0.620656
4662.0,0.579898
4664.0,0.600253
4666.0,0.619782
4668.0,0.630338
4670.0,0.625592
4672.0,0.623976
4674.0,0.634907
4676.0,0.621532
4678.0,0.604736
4680.0,0.588087
4682.0,0.601076
4684.0,0.593559
4686.0,0.613564
4688.0,0.633061
4690.0,0.617751
4692.0,0.590726
4694.0,0.599575
4696.0,0.598493
4698.0,0.607703
4700.0,0.612579
4702.0,0.608495
4704.0,0.611136
4706.0,0.563119
4708.0,0.554401
4710.0,0.595263
4712.0,0.605519
4714.0,0.598552
4716.0,0.583132
4718.0,0.59691
4720.0,0.569952
4722.0,0.590039
4724.0,0.62913
4726.0,0.586448
4728.0,0.571808
4730.0,0.596293
4732.0,0.60362
4734.0,0.633264
4736.0,0.615801
4738.0,0.591152
4740.0,0.606747
4742.0,0.635874
4744.0,0.610977
4746.0,0.592672
4748.0,0.558735
4750.0,0.563987
4752.0,0.585978
4754.0,0.591203
4756.0,0.602128
4758.0,0.58831
4760.0,0.596393
4762.0,0.601655
4764.0,0.586932
4766.0,0.590633
4768.0,0.606619
4770.0,0.574937
4772.0,0.581493
4774.0,0.58889
4776.0,0.606798
4778.0,0.603651
4780.0,0.623333
4782.0,0.595706
4784.0,0.597784
4786.0,0.592294
4788.0,0.586547
4790.0,0.571873
4792.0,0.57781
4794.0,0.578188
4796.0,0.550091
4798.0,0.539001
4800.0,0.562091
4802.0,0.572849
4804.0,0.560794
4806.0,0.546603
4808.0,0.55461
4810.0,0.55166
4812.0,0.529637
4814.0,0.517136
4816.0,0.504548
4818.0,0.501425
4820.0,0.514771
4822.0,0.515425
4824.0,0.492545
4826.0,0.489602
4828.0,0.509084
4830.0,0.506989
4832.0,0.498735
4834.0,0.488907
4836.0,0.468704
4838.0,0.493781
4840.0,0.497541
4842.0,0.487224
4844.0,0.502233
4846.0,0.494228
4848.0,0.505527
4850.0,0.494307
4852.0,0.463823
4854.0,0.468146
4856.0,0.473698
4858.0,0.431589
4860.0,0.43737
4862.0,0.445384
4864.0,0.468851
4866.0,0.497845
4868.0,0.444992
4870.0,0.4523
4872.0,0.472047
4874.0,0.47292
4876.0,0.457839
4878.0,0.451772
4880.0,0.457688
4882.0,0.43788
4884.0,0.449221
4886.0,0.435493
4888.0,0.429654
4890.0,0.426563
4892.0,0.429341
4894.0,0.451115
4896.0,0.441802
4898.0,0.426705
4900.0,0.422558
4902.0,0.414122
4904.0,0.41449
4906.0,0.425407
4908.0,0.436819
4910.0,0.412933
4912.0,0.415635
4914.0,0.430469
4916.0,0.410501
4918.0,0.392332
4920.0,0.383066
4922.0,0.379563
4924.0,0.361442
4926.0,0.369062
4928.0,0.387196
4930.0,0.391055
4932.0,0.407447
4934.0,0.40055
4936.0,0.39897
4938.0,0.41886
4940.0,0.411246
4942.0,0.364459
4944.0,0.413612
4946.0,0.436066
4948.0,0.395217
4950.0,0.418909
4952.0,0.447449
4954.0,0.427084
4956.0,0.405658
4958.0,0.419642
4960.0,0.449941
4962.0,0.459645
4964.0,0.437305
4966.0,0.41076
4968.0,0.391367
4970.0,0.419398
4972.0,0.408539
4974.0,0.422706
4976.0,0.454187
4978.0,0.470056
4980.0,0.435325
4982.0,0.416908
4984.0,0.447512
4986.0,0.478409
4988.0,0.468335
4990.0,0.4413
4992.0,0.419255
4994.0,0.388886
4996.0,0.425716
4998.0,0.435118
5000.0,0.412925
5002.0,0.378045
5004.0,0.375175
5006.0,0.400012
5008.0,0.409808
5010.0,0.385127
5012.0,0.37845
5014.0,0.398745
5016.0,0.412714
5018.0,0.399512
5020.0,0.387847
5022.0,0.371511
5024.0,0.379284
5026.0,0.378613
5028.0,0.370957
5030.0,0.373639
5032.0,0.368989
5034.0,0.351305
5036.0,0.357685
5038.0,0.368246
5040.0,0.362128
5042.0,0.364286
5044.0,0.366896
5046.0,0.357492
5048.0,0.349304
5050.0,0.355499
5052.0,0.380982
5054.0,0.37384
5056.0,0.36918
5058.0,0.380122
5060.0,0.420758
5062.0,0.357589
5064.0,0.358393
5066.0,0.382003
5068.0,0.383206
5070.0,0.365307
5072.0,0.368254
5074.0,0.360064
5076.0,0.357536
5078.0,0.362054
5080.0,0.344311
5082.0,0.381966
5084.0,0.394627
5086.0,0.370946
5088.0,0.390151
5090.0,0.360961
5092.0,0.330669
5094.0,0.356319
5096.0,0.345356
5098.0,0.314032
5100.0,0.324879
5102.0,0.324206
5104.0,0.304561
5106.0,0.301612
5108.0,0.291095
5110.0,0.311622
5112.0,0.336393
5114.0,0.333479
5116.0,0.349494
5118.0,0.344152
5120.0,0.318267
5122.0,0.309466
5124.0,0.312888
5126.0,0.314173
5128.0,0.302848
5130.0,0.321195
5132.0,0.331038
5134.0,0.324135
5136.0,0.3187
5138.0,0.289351
5140.0,0.301811
5142.0,0.314975
5144.0,0.310291
5146.0,0.324614
5148.0,0.329355
5150.0,0.326294
5152.0,0.329692
5154.0,0.339246
5156.0,0.324714
5158.0,0.315229
5160.0,0.316514
5162.0,0.3096
5164.0,0.310236
5166.0,0.320083
5168.0,0.297239
5170.0,0.316691
5172.0,0.356506
5174.0,0.331616
5176.0,0.298563
5178.0,0.330173
5180.0,0.329452
5182.0,0.322809
5184.0,0.342422
5186.0,0.335979
5188.0,0.333957
5190.0,0.324578
5192.0,0.338364
5194.0,0.343746
5196.0,0.336322
5198.0,0.345668
5200.0,0.362846
5202.0,0.353333
5204.0,0.352209
5206.0,0.357087
5208.0,0.35473
5210.0,0.357381
5212.0,0.345145
5214.0,0.316822
5216.0,0.320163
5218.0,0.362337
5220.0,0.373106
5222.0,0.394207
5224.0,0.378177
5226.0,0.379245
5228.0,0.378233
5230.0,0.345697
5232.0,0.351748
5234.0,0.372281
5236.0,0.396804
5238.0,0.417185
5240.0,0.4258
5242.0,0.41892
5244.0,0.413982
5246.0,0.414185
5248.0,0.39496
5250.0,0.406797
5252.0,0.425013
5254.0,0.412139
5256.0,0.436013
5258.0,0.443512
5260.0,0.410402
5262.0,0.379845
5264.0,0.371967
5266.0,0.392281
5268.0,0.396709
5270.0,0.415676
5272.0,0.4361
5274.0,0.430771
5276.0,0.435373
5278.0,0.445305
5280.0,0.454366
5282.0,0.473345
5284.0,0.477997
5286.0,0.481513
5288.0,0.48493
5290.0,0.481598
5292.0,0.478402
5294.0,0.469161
5296.0,0.465891
5298.0,0.479089
5300.0,0.476851
5302.0,0.481268
5304.0,0.485448
5306.0,0.475046
5308.0,0.469051
5310.0,0.479
5312.0,0.487648
5314.0,0.475139
5316.0,0.477934
5318.0,0.477087
5320.0,0.486992
5322.0,0.481393
5324.0,0.46871
5326.0,0.474657
5328.0,0.477187
5330.0,0.484463
5332.0,0.492028
5334.0,0.473507
5336.0,0.478856
5338.0,0.488814
5340.0,0.48462
5342.0,0.466302
5344.0,0.454087
5346.0,0.45823
5348.0,0.46908
5350.0,0.467432
5352.0,0.45872
5354.0,0.436761
5356.0,0.437294
5358.0,0.45098
5360.0,0.45906
5362.0,0.475243
5364.0,0.467992
5366.0,0.447447
5368.0,0.444562
5370.0,0.462107
5372.0,0.450693
5374.0,0.453486
5376.0,0.457026
5378.0,0.45184
5380.0,0.458653
5382.0,0.462487
5384.0,0.452808
5386.0,0.463102
5388.0,0.472546
5390.0,0.489391
5392.0,0.477223
5394.0,0.464513
5396.0,0.463871
5398.0,0.453552
5400.0,0.461323
5402.0,0.460905
5404.0,0.450001
5406.0,0.460523
5408.0,0.467665
5410.0,0.454846
5412.0,0.442789
5414.0,0.454034
5416.0,0.461398
5418.0,0.449746
5420.0,0.448721
5422.0,0.430187
5424.0,0.426237
5426.0,0.44254
5428.0,0.42542
5430.0,0.42243
5432.0,0.417788
5434.0,0.411111
5436.0,0.404287
5438.0,0.395822
5440.0,0.388783
5442.0,0.389055
5444.0,0.394736
5446.0,0.402406
5448.0,0.420408
5450.0,0.425756
5452.0,0.419239
5454.0,0.408046
5456.0,0.391648
5458.0,0.372247
5460.0,0.371863
5462.0,0.392932
5464.0,0.397404
5466.0,0.396587
5468.0,0.390318
5470.0,0.375121
5472.0,0.358144
5474.0,0.348908
5476.0,0.343597
5478.0,0.339833
5480.0,0.338113
5482.0,0.339331
5484.0,0.347272
5486.0,0.351629
5488.0,0.34586
5490.0,0.33574
5492.0,0.333225
5494.0,0.33517
5496.0,0.336294
5498.0,0.341165
5500.0,0.340904
5502.0,0.331308
5504.0,0.322464
5506.0,0.325064
5508.0,0.334997
5510.0,0.339333
5512.0,0.346766
5514.0,0.342821
5516.0,0.322425
5518.0,0.308298
5520.0,0.310487
5522.0,0.318785
5524.0,0.318264
5526.0,0.312523
5528.0,0.311809
5530.0,0.312924
5532.0,0.316003
5534.0,0.322417
5536.0,0.328952
5538.0,0.333675
5540.0,0.337525
5542.0,0.335423
5544.0,0.322839
5546.0,0.320883
5548.0,0.326253
5550.0,0.332599
5552.0,0.340495
5554.0,0.347814
5556.0,0.347791
5558.0,0.341728
5560.0,0.337871
5562.0,0.330892
5564.0,0.329345
5566.0,0.333905
5568.0,0.340113
5570.0,0.34617
5572.0,0.352786
5574.0,0.355796
5576.0,0.358452
5578.0,0.354561
5580.0,0.340047
5582.0,0.331751
5584.0,0.334679
5586.0,0.340381
5588.0,0.338775
5590.0,0.332243
5592.0,0.334904
5594.0,0.347808
5596.0,0.353111
5598.0,0.351479
5600.0,0.34915
5602.0,0.348462
5604.0,0.348225
5606.0,0.349817
5608.0,0.354496
5610.0,0.355463
5612.0,0.35504
5614.0,0.352358
5616.0,0.34514
5618.0,0.338225
5620.0,0.337831
5622.0,0.341808
5624.0,0.343464
5626.0,0.346983
5628.0,0.345891
5630.0,0.337256
5632.0,0.33243
5634.0,0.338902
5636.0,0.349004
5638.0,0.346029
5640.0,0.332346
5642.0,0.32511
5644.0,0.318462
5646.0,0.314343
5648.0,0.313899
5650.0,0.314275
5652.0,0.312156
5654.0,0.308815
5656.0,0.311705
5658.0,0.325004
5660.0,0.326448
5662.0,0.316502
5664.0,0.30881
5666.0,0.307452
5668.0,0.30864
5670.0,0.309436
5672.0,0.310497
5674.0,0.314355
5676.0,0.322007
5678.0,0.327951
5680.0,0.334968
5682.0,0.337885
5684.0,0.330841
5686.0,0.316974
5688.0,0.30932
5690.0,0.29854
5692.0,0.301044
5694.0,0.320974
5696.0,0.333899
5698.0,0.331956
5700.0,0.326318
5702.0,0.330581
5704.0,0.341382
5706.0,0.344766
5708.0,0.343908
5710.0,0.342743
5712.0,0.339972
5714.0,0.337344
5716.0,0.334724
5718.0,0.33277
5720.0,0.339341
5722.0,0.359426
5724.0,0.364931
5726.0,0.361083
5728.0,0.356699
5730.0,0.351283
5732.0,0.346184
5734.0,0.345021
5736.0,0.346422
5738.0,0.348974
5740.0,0.354067
5742.0,0.358694
5744.0,0.363365
5746.0,0.368241
5748.0,0.37428
5750.0,0.380245
5752.0,0.381121
5754.0,0.376717
5756.0,0.375284
5758.0,0.3736
5760.0,0.373875
5762.0,0.377478
5764.0,0.381278
5766.0,0.381423
5768.0,0.379142
5770.0,0.382021
5772.0,0.390537
5774.0,0.394838
5776.0,0.398303
5778.0,0.397832
5780.0,0.389751
5782.0,0.378822
5784.0,0.3764
5786.0,0.378595
5788.0,0.383462
5790.0,0.396637
5792.0,0.402789
5794.0,0.400354
5796.0,0.395817
5798.0,0.393126
5800.0,0.390377
5802.0,0.390517
5804.0,0.394501
5806.0,0.395761
5808.0,0.393542
5810.0,0.394619
5812.0,0.403852
5814.0,0.414048
5816.0,0.411769
5818.0,0.398893
5820.0,0.394869
5822.0,0.394361
5824.0,0.395034
5826.0,0.397255
5828.0,0.400847
5830.0,0.406458
5832.0,0.413512
5834.0,0.416057
5836.0,0.414741
5838.0,0.414465
5840.0,0.416008
5842.0,0.413129
5844.0,0.399517
5846.0,0.386712
5848.0,0.393786
5850.0,0.417215
5852.0,0.42523
5854.0,0.426883
5856.0,0.42569
5858.0,0.4174
5860.0,0.411252
5862.0,0.414352
5864.0,0.421412
5866.0,0.419123
5868.0,0.409921
5870.0,0.402678
5872.0,0.391617
5874.0,0.385925
5876.0,0.388518
5878.0,0.393271
5880.0,0.394507
5882.0,0.395213
5884.0,0.389435
5886.0,0.375075
5888.0,0.365276
5890.0,0.350827
5892.0,0.348822
5894.0,0.37295
5896.0,0.409203
5898.0,0.424105
5900.0,0.429913
5902.0,0.427349
5904.0,0.407752
5906.0,0.396437
5908.0,0.395695
5910.0,0.39743
5912.0,0.396494
5914.0,0.395314
5916.0,0.39193
5918.0,0.383067
5920.0,0.381761
5922.0,0.38903
5924.0,0.393669
5926.0,0.391055
5928.0,0.386062
5930.0,0.385421
5932.0,0.3871
5934.0,0.388294
5936.0,0.391618
5938.0,0.391706
5940.0,0.38684
5942.0,0.382317
5944.0,0.382352
5946.0,0.384868
5948.0,0.386065
5950.0,0.385868
5952.0,0.388945
5954.0,0.396777
5956.0,0.401691
5958.0,0.401689
5960.0,0.399185
5962.0,0.395879
5964.0,0.389962
5966.0,0.388503
5968.0,0.391201
5970.0,0.391996
5972.0,0.392095
5974.0,0.390663
5976.0,0.386334
5978.0,0.380087
5980.0,0.375946
5982.0,0.371662
5984.0,0.370156
5986.0,0.370644
5988.0,0.372918
5990.0,0.378753
5992.0,0.384596
5994.0,0.38463
5996.0,0.380266
5998.0,0.380105
6000.0,0.380922
6002.0,0.384162
6004.0,0.393118
6006.0,0.398674
6008.0,0.394752
6010.0,0.386193
6012.0,0.383425
6014.0,0.382716
6016.0,0.383816
6018.0,0.388874
6020.0,0.391767
6022.0,0.391904
6024.0,0.390853
6026.0,0.389583
6028.0,0.387671
6030.0,0.385079
6032.0,0.379876
6034.0,0.378426
6036.0,0.381184
6038.0,0.383249
6040.0,0.382444
6042.0,0.380714
6044.0,0.380829
6046.0,0.382492
6048.0,0.382305
6050.0,0.380732
6052.0,0.379509
6054.0,0.378906
6056.0,0.37802
6058.0,0.375959
6060.0,0.373089
6062.0,0.371451
6064.0,0.370617
6066.0,0.36971
6068.0,0.367375
6070.0,0.367939
6072.0,0.374976
6074.0,0.383289
6076.0,0.382533
6078.0,0.374137
6080.0,0.372351
6082.0,0.375195
6084.0,0.375046
6086.0,0.371214
6088.0,0.367496
6090.0,0.366967
6092.0,0.36791
6094.0,0.364388
6096.0,0.35456
6098.0,0.351731
6100.0,0.353393
6102.0,0.356004
6104.0,0.3597
6106.0,0.363793
6108.0,0.366296
6110.0,0.368257
6112.0,0.367997
6114.0,0.363576
6116.0,0.362835
6118.0,0.365749
6120.0,0.369262
6122.0,0.372746
6124.0,0.376145
6126.0,0.374858
6128.0,0.368955
6130.0,0.364243
6132.0,0.356713
6134.0,0.353031
6136.0,0.354926
6138.0,0.358959
6140.0,0.362387
6142.0,0.367124
6144.0,0.365761
6146.0,0.35798
6148.0,0.352615
6150.0,0.345893
6152.0,0.343098
6154.0,0.348957
6156.0,0.358772
6158.0,0.360168
6160.0,0.354814
6162.0,0.354807
6164.0,0.358223
6166.0,0.359918
6168.0,0.359445
6170.0,0.358281
6172.0,0.357059
6174.0,0.35533
6176.0,0.356153
6178.0,0.360078
6180.0,0.36192
6182.0,0.361966
6184.0,0.362684
6186.0,0.365477
6188.0,0.368719
6190.0,0.369575
6192.0,0.370066
6194.0,0.365609
6196.0,0.352706
6198.0,0.346359
6200.0,0.347776
6202.0,0.350981
6204.0,0.35198
6206.0,0.352681
6208.0,0.354876
6210.0,0.36066
6212.0,0.360915
6214.0,0.355904
6216.0,0.351595
6218.0,0.349083
6220.0,0.347468
6222.0,0.347128
6224.0,0.348268
6226.0,0.348768
6228.0,0.352107
6230.0,0.349495
6232.0,0.337802
6234.0,0.327543
6236.0,0.326186
6238.0,0.329439
6240.0,0.329117
6242.0,0.3265
6244.0,0.32711
6246.0,0.330211
6248.0,0.333291
6250.0,0.337289
6252.0,0.340156
6254.0,0.337778
6256.0,0.331084
6258.0,0.326153
6260.0,0.320729
6262.0,0.315784
6264.0,0.310857
6266.0,0.306691
6268.0,0.304021
6270.0,0.302211
6272.0,0.299264
6274.0,0.294648
6276.0,0.293218
6278.0,0.294849
6280.0,0.295654
6282.0,0.296361
6284.0,0.295535
6286.0,0.289704
6288.0,0.279275
6290.0,0.277594
6292.0,0.283482
6294.0,0.28648
6296.0,0.289386
6298.0,0.290652
6300.0,0.289573
6302.0,0.286621
6304.0,0.281942
6306.0,0.275837
6308.0,0.266728
6310.0,0.251429
6312.0,0.240985
6314.0,0.235522
6316.0,0.233194
6318.0,0.234244
6320.0,0.238848
6322.0,0.238584
6324.0,0.23715
6326.0,0.231675
6328.0,0.219652
6330.0,0.20984
6332.0,0.20503
6334.0,0.202561
6336.0,0.200273
6338.0,0.199358
6340.0,0.197946
6342.0,0.197117
6344.0,0.195331
6346.0,0.190649
6348.0,0.188066
6350.0,0.193044
6352.0,0.202628
6354.0,0.202807
6356.0,0.195206
6358.0,0.190743
6360.0,0.184663
6362.0,0.181845
6364.0,0.184145
6366.0,0.188818
6368.0,0.192405
6370.0,0.196232
6372.0,0.200739
6374.0,0.207978
6376.0,0.211039
6378.0,0.209012
6380.0,0.206742
6382.0,0.206731
6384.0,0.207639
6386.0,0.209522
6388.0,0.213798
6390.0,0.21528
6392.0,0.21474
6394.0,0.214365
6396.0,0.214137
6398.0,0.214178
6400.0,0.215295
6402.0,0.217464
6404.0,0.217795
6406.0,0.215852
6408.0,0.216057
6410.0,0.218102
6412.0,0.220619
6414.0,0.223121
6416.0,0.225886
6418.0,0.228789
6420.0,0.231599
6422.0,0.235445
6424.0,0.243331
6426.0,0.245331
6428.0,0.237507
6430.0,0.22912
6432.0,0.22962
6434.0,0.235244
6436.0,0.239196
6438.0,0.24467
6440.0,0.248574
6442.0,0.251521
6444.0,0.253736
6446.0,0.254778
6448.0,0.255366
6450.0,0.257746
6452.0,0.262013
6454.0,0.263712
6456.0,0.263076
6458.0,0.263544
6460.0,0.265524
6462.0,0.267431
6464.0,0.268192
6466.0,0.268314
6468.0,0.267763
6470.0,0.26411
6472.0,0.265544
6474.0,0.272653
6476.0,0.277976
6478.0,0.279356
6480.0,0.279115
6482.0,0.279277
6484.0,0.278925
6486.0,0.278753
6488.0,0.278154
6490.0,0.278345
6492.0,0.279758
6494.0,0.280975
6496.0,0.280635
6498.0,0.279563
6500.0,0.281044
6502.0,0.286647
6504.0,0.287076
6506.0,0.281538
6508.0,0.279915
6510.0,0.285398
6512.0,0.292848
6514.0,0.296362
6516.0,0.298192
6518.0,0.299564
6520.0,0.301034
6522.0,0.299588
6524.0,0.29338
6526.0,0.288336
6528.0,0.288457
6530.0,0.290905
6532.0,0.289524
6534.0,0.284883
6536.0,0.283188
6538.0,0.281787
6540.0,0.283048
6542.0,0.289029
6544.0,0.295427
6546.0,0.297207
6548.0,0.29649
6550.0,0.293751
6552.0,0.284435
6554.0,0.282834
6556.0,0.290254
6558.0,0.295625
6560.0,0.293574
6562.0,0.288519
6564.0,0.286946
6566.0,0.286532
6568.0,0.286923
6570.0,0.289221
6572.0,0.29044
6574.0,0.290382
6576.0,0.289836
6578.0,0.289016
6580.0,0.287718
6582.0,0.288356
6584.0,0.291689
6586.0,0.292518
6588.0,0.291481
6590.0,0.290212
6592.0,0.289462
6594.0,0.288377
6596.0,0.28533
6598.0,0.279629
6600.0,0.277929
6602.0,0.279335
6604.0,0.280282
6606.0,0.281264
6608.0,0.281959
6610.0,0.281919
6612.0,0.28136
6614.0,0.280093
6616.0,0.276327
6618.0,0.276334
6620.0,0.280269
6622.0,0.282953
6624.0,0.283274
6626.0,0.282428
6628.0,0.28108
6630.0,0.279131
6632.0,0.275547
6634.0,0.268403
6636.0,0.264772
6638.0,0.264716
6640.0,0.265601
6642.0,0.266339
6644.0,0.267417
6646.0,0.267484
6648.0,0.265996
6650.0,0.266559
6652.0,0.26868
6654.0,0.270734
6656.0,0.273377
6658.0,0.275203
6660.0,0.273367
6662.0,0.268301
6664.0,0.266391
6666.0,0.266714
6668.0,0.26562
6670.0,0.261949
6672.0,0.260371
6674.0,0.264439
6676.0,0.271089
6678.0,0.272259
6680.0,0.27008
6682.0,0.267739
6684.0,0.263552
6686.0,0.259679
6688.0,0.255391
6690.0,0.252142
6692.0,0.252328
6694.0,0.255254
6696.0,0.256038
6698.0,0.255655
6700.0,0.256188
6702.0,0.258076
6704.0,0.258949
6706.0,0.257544
6708.0,0.255107
6710.0,0.253919
6712.0,0.253766
6714.0,0.25171
6716.0,0.246818
6718.0,0.244628
6720.0,0.246286
6722.0,0.248275
6724.0,0.247742
6726.0,0.245975
6728.0,0.244652
6730.0,0.242291
6732.0,0.241942
6734.0,0.244042
6736.0,0.245283
6738.0,0.244237
6740.0,0.242649
6742.0,0.243171
6744.0,0.24536
6746.0,0.245988
6748.0,0.246458
6750.0,0.245543
6752.0,0.243082
6754.0,0.239805
6756.0,0.235738
6758.0,0.230956
6760.0,0.22841
6762.0,0.22614
6764.0,0.227333
6766.0,0.234046
6768.0,0.237915
6770.0,0.236783
6772.0,0.233705
6774.0,0.231238
6776.0,0.227525
6778.0,0.228266
6780.0,0.235523
6782.0,0.237019
6784.0,0.231357
6786.0,0.226907
6788.0,0.229257
6790.0,0.23459
6792.0,0.23417
6794.0,0.229628
6796.0,0.226465
6798.0,0.222008
6800.0,0.219301
6802.0,0.219266
6804.0,0.220062
6806.0,0.21982
6808.0,0.219358
6810.0,0.218448
6812.0,0.215855
6814.0,0.215812
6816.0,0.219184
6818.0,0.221552
6820.0,0.220662
6822.0,0.218285
6824.0,0.217098
6826.0,0.216463
6828.0,0.214926
6830.0,0.212834
6832.0,0.210461
6834.0,0.206501
6836.0,0.203793
6838.0,0.206041
6840.0,0.211982
6842.0,0.214227
6844.0,0.213921
6846.0,0.215416
6848.0,0.220141
6850.0,0.221532
6852.0,0.215547
6854.0,0.206934
6856.0,0.204868
6858.0,0.207044
6860.0,0.207633
6862.0,0.209034
6864.0,0.209396
6866.0,0.208168
6868.0,0.207022
6870.0,0.206846
6872.0,0.207206
6874.0,0.210756
6876.0,0.222845
6878.0,0.222399
6880.0,0.208934
6882.0,0.199273
6884.0,0.197795
6886.0,0.199671
6888.0,0.201439
6890.0,0.205474
6892.0,0.205793
6894.0,0.203381
6896.0,0.201038
6898.0,0.196887
6900.0,0.194587
6902.0,0.198059
6904.0,0.204757
6906.0,0.204779
6908.0,0.197586
6910.0,0.197067
6912.0,0.200727
6914.0,0.204093
6916.0,0.207353
6918.0,0.209768
6920.0,0.208869
6922.0,0.205055
6924.0,0.203221
6926.0,0.202348
6928.0,0.200671
6930.0,0.198358
6932.0,0.195764
6934.0,0.192247
6936.0,0.188647
6938.0,0.18928
6940.0,0.194299
6942.0,0.197087
6944.0,0.200557
6946.0,0.201941
6948.0,0.200552
6950.0,0.197915
6952.0,0.195106
6954.0,0.191348
6956.0,0.190374
6958.0,0.192079
6960.0,0.192805
6962.0,0.194123
6964.0,0.193926
6966.0,0.19066
6968.0,0.185932
6970.0,0.183076
6972.0,0.179605
6974.0,0.181012
6976.0,0.18883
6978.0,0.193412
6980.0,0.194477
6982.0,0.194016
6984.0,0.192714
6986.0,0.190167
6988.0,0.188928
6990.0,0.189135
6992.0,0.187465
6994.0,0.183638
6996.0,0.180643
6998.0,0.179414
7000.0,0.179066
7002.0,0.178909
7004.0,0.179426
7006.0,0.17948
7008.0,0.178908
7010.0,0.1793
7012.0,0.181486
7014.0,0.18309
7016.0,0.181658
7018.0,0.178508
7020.0,0.179599
7022.0,0.186273
7024.0,0.186985
7026.0,0.183214
7028.0,0.179777
7030.0,0.176894
7032.0,0.174836
7034.0,0.175854
7036.0,0.180006
7038.0,0.180938
7040.0,0.179643
7042.0,0.179341
7044.0,0.180121
7046.0,0.180559
7048.0,0.179769
7050.0,0.178313
7052.0,0.177345
7054.0,0.176038
7056.0,0.175892
7058.0,0.178129
7060.0,0.177936
7062.0,0.173196
7064.0,0.168
7066.0,0.167371
7068.0,0.169603
7070.0,0.170965
7072.0,0.173195
7074.0,0.174587
7076.0,0.175282
7078.0,0.175751
7080.0,0.176651
7082.0,0.177251
7084.0,0.174846
7086.0,0.167634
7088.0,0.166969
7090.0,0.171931
7092.0,0.175132
7094.0,0.177019
7096.0,0.177149
7098.0,0.173514
7100.0,0.166594
7102.0,0.162829
7104.0,0.159569
7106.0,0.158505
7108.0,0.159647
7110.0,0.161954
7112.0,0.166256
7114.0,0.171003
7116.0,0.171058
7118.0,0.167251
7120.0,0.164836
7122.0,0.160732
7124.0,0.159411
7126.0,0.162104
7128.0,0.165147
7130.0,0.165669
7132.0,0.165012
7134.0,0.164099
7136.0,0.162237
7138.0,0.160699
7140.0,0.158722
7142.0,0.157509
7144.0,0.157653
7146.0,0.158361
7148.0,0.158386
7150.0,0.158029
7152.0,0.158364
7154.0,0.159257
7156.0,0.160079
7158.0,0.161476
7160.0,0.162081
7162.0,0.160516
7164.0,0.157605
7166.0,0.156404
7168.0,0.157005
7170.0,0.155443
7172.0,0.151393
7174.0,0.149036
7176.0,0.149759
7178.0,0.151324
7180.0,0.15102
7182.0,0.149664
7184.0,0.149431
7186.0,0.149362
7188.0,0.150296
7190.0,0.153162
7192.0,0.155265
7194.0,0.155026
7196.0,0.153456
7198.0,0.151874
7200.0,0.149493
7202.0,0.147493
7204.0,0.144878
7206.0,0.143534
7208.0,0.143914
7210.0,0.145068
7212.0,0.146153
7214.0,0.14758
7216.0,0.14882
7218.0,0.151009
7220.0,0.151017
7222.0,0.148496
7224.0,0.14603
7226.0,0.144438
7228.0,0.143301
7230.0,0.143289
7232.0,0.144849
7234.0,0.144995
7236.0,0.144344
7238.0,0.143755
7240.0,0.142902
7242.0,0.14241
7244.0,0.143517
7246.0,0.145884
7248.0,0.144492
7250.0,0.138599
7252.0,0.136235
7254.0,0.134882
7256.0,0.136176
7258.0,0.143051
7260.0,0.151174
7262.0,0.150211
7264.0,0.141798
7266.0,0.137729
7268.0,0.132099
7270.0,0.131852
7272.0,0.139582
7274.0,0.14758
7276.0,0.150138
7278.0,0.150039
7280.0,0.149021
7282.0,0.14586
7284.0,0.142678
7286.0,0.137817
7288.0,0.134313
7290.0,0.13322
7292.0,0.133113
7294.0,0.132202
7296.0,0.130941
7298.0,0.130964
7300.0,0.13274
7302.0,0.13318
7304.0,0.131248
7306.0,0.130574
7308.0,0.133964
7310.0,0.139635
7312.0,0.142796
7314.0,0.146351
7316.0,0.146021
7318.0,0.140487
7320.0,0.137149
7322.0,0.137617
7324.0,0.13914
7326.0,0.139408
7328.0,0.139635
7330.0,0.137726
7332.0,0.132486
7334.0,0.129916
7336.0,0.129314
7338.0,0.129682
7340.0,0.130617
7342.0,0.132404
7344.0,0.135577
7346.0,0.141635
7348.0,0.143869
7350.0,0.144245
7352.0,0.142886
7354.0,0.1391
7356.0,0.134365
7358.0,0.129689
7360.0,0.124095
7362.0,0.124838
7364.0,0.132942
7366.0,0.137206
7368.0,0.14009
7370.0,0.14155
7372.0,0.14142
7374.0,0.139837
7376.0,0.136707
7378.0,0.13035
7380.0,0.128581
7382.0,0.130297
7384.0,0.131621
7386.0,0.133031
7388.0,0.134077
7390.0,0.133949
7392.0,0.133005
7394.0,0.131992
7396.0,0.12966
7398.0,0.129339
7400.0,0.130647
7402.0,0.132336
7404.0,0.134561
7406.0,0.136801
7408.0,0.137284
7410.0,0.136245
7412.0,0.136172
7414.0,0.137695
7416.0,0.136458
7418.0,0.13123
7420.0,0.126178
7422.0,0.12388
7424.0,0.123066
7426.0,0.124375
7428.0,0.129266
7430.0,0.132009
7432.0,0.134477
7434.0,0.135946
7436.0,0.136622
7438.0,0.136022
7440.0,0.132706
7442.0,0.126284
7444.0,0.123517
7446.0,0.122394
7448.0,0.122466
7450.0,0.124934
7452.0,0.126972
7454.0,0.126443
7456.0,0.124826
7458.0,0.125762
7460.0,0.129695
7462.0,0.130195
7464.0,0.128032
7466.0,0.126492
7468.0,0.12569
7470.0,0.125451
7472.0,0.12633
7474.0,0.128354
7476.0,0.128911
7478.0,0.12815
7480.0,0.128336
7482.0,0.12942
7484.0,0.130371
7486.0,0.130849
7488.0,0.131031
7490.0,0.130714
7492.0,0.130065
7494.0,0.128695
7496.0,0.125546
7498.0,0.124121
7500.0,0.124842
7502.0,0.126449
7504.0,0.128308
7506.0,0.13085
7508.0,0.131392
7510.0,0.130433
7512.0,0.12928
7514.0,0.126904
7516.0,0.125263
7518.0,0.125445
7520.0,0.126242
7522.0,0.125471
7524.0,0.123443
7526.0,0.1227
7528.0,0.122953
7530.0,0.122698
7532.0,0.121782
7534.0,0.120876
7536.0,0.12068
7538.0,0.120868
7540.0,0.119321
7542.0,0.115172
7544.0,0.113778
7546.0,0.113867
7548.0,0.115041
7550.0,0.118147
7552.0,0.121607
7554.0,0.122013
7556.0,0.120192
7558.0,0.119255
7560.0,0.117641
7562.0,0.117171
7564.0,0.118206
7566.0,0.119266
7568.0,0.119738
7570.0,0.119856
7572.0,0.11804
7574.0,0.110707
7576.0,0.112155
7578.0,0.123868
7580.0,0.129652
7582.0,0.125362
7584.0,0.117773
7586.0,0.113042
7588.0,0.107648
7590.0,0.109261
7592.0,0.121938
7594.0,0.124858
7596.0,0.117395
7598.0,0.110357
7600.0,0.110422
7602.0,0.112577
7604.0,0.105584
7606.0,0.0865027
7608.0,0.0823796
7610.0,0.0900589
7612.0,0.0951416
7614.0,0.0972051
7616.0,0.0975106
7618.0,0.0946862
7620.0,0.0886045
7622.0,0.0879756
7624.0,0.0924028
7626.0,0.0938467
7628.0,0.0925962
7630.0,0.092364
7632.0,0.0949333
7634.0,0.0987145
7636.0,0.101237
7638.0,0.103973
7640.0,0.104493
7642.0,0.102614
7644.0,0.101113
7646.0,0.100207
7648.0,0.0990191
7650.0,0.0964922
7652.0,0.0929582
7654.0,0.0928742
7656.0,0.0959083
7658.0,0.098172
7660.0,0.100909
7662.0,0.103325
7664.0,0.105722
7666.0,0.107394
7668.0,0.106057
7670.0,0.101588
7672.0,0.099268
7674.0,0.0977422
7676.0,0.0961376
7678.0,0.0937538
7680.0,0.0924744
7682.0,0.0941101
7684.0,0.0977044
7686.0,0.0997006
7688.0,0.101932
7690.0,0.102347
7692.0,0.10069
7694.0,0.0992741
7696.0,0.0985127
7698.0,0.0979698
7700.0,0.0975803
7702.0,0.0974663
7704.0,0.0969973
7706.0,0.0970519
7708.0,0.0954896
7710.0,0.0924886
7712.0,0.0884063
7714.0,0.0823371
7716.0,0.0752432
7718.0,0.0734789
7720.0,0.0754596
7722.0,0.078761
7724.0,0.0858086
7726.0,0.0916531
7728.0,0.0962892
7730.0,0.0995248
7732.0,0.100061
7734.0,0.0983041
7736.0,0.0955294
7738.0,0.0898728
7740.0,0.0860081
7742.0,0.0822267
7744.0,0.0806545
7746.0,0.0833772
7748.0,0.0883955
7750.0,0.0901456
7752.0,0.0906399
7754.0,0.0899802
7756.0,0.085909
7758.0,0.0850356
7760.0,0.0892752
7762.0,0.0940056
7764.0,0.0948739
7766.0,0.0937063
7768.0,0.0921498
7770.0,0.0882282
7772.0,0.0866428
7774.0,0.0864857
7776.0,0.0873573
7778.0,0.0899276
7780.0,0.093092
7782.0,0.0934623
7784.0,0.0915769
7786.0,0.0909406
7788.0,0.0912982
7790.0,0.0901602
7792.0,0.087031
7794.0,0.0835142
7796.0,0.0798771
7798.0,0.0758881
7800.0,0.0789962
7802.0,0.0915937
7804.0,0.09716
7806.0,0.0991109
7808.0,0.0997733
7810.0,0.099321
7812.0,0.0978658
7814.0,0.0965267
7816.0,0.0951669
7818.0,0.0920628
7820.0,0.0854498
7822.0,0.0824965
7824.0,0.0835969
7826.0,0.0856244
7828.0,0.0872742
7830.0,0.0890918
7832.0,0.0881611
7834.0,0.0830594
7836.0,0.0821355
7838.0,0.0825565
7840.0,0.0855358
7842.0,0.0939635
7844.0,0.102395
7846.0,0.102262
7848.0,0.0968225
7850.0,0.0879404
7852.0,0.0660069
7854.0,0.0596889
7856.0,0.0708525
7858.0,0.0827687
7860.0,0.0873581
7862.0,0.0893116
7864.0,0.0904337
7866.0,0.0876016
7868.0,0.0901405
7870.0,0.0996513
7872.0,0.103369
7874.0,0.0981318
7876.0,0.0905664
7878.0,0.0869609
7880.0,0.0846371
7882.0,0.0833356
7884.0,0.0856937
7886.0,0.0834211
7888.0,0.0747353
7890.0,0.0687291
7892.0,0.0697787
7894.0,0.0743577
7896.0,0.0775781
7898.0,0.0810677
7900.0,0.0856223
7902.0,0.0936365
7904.0,0.0972109
7906.0,0.0949235
7908.0,0.0908568
7910.0,0.08841
7912.0,0.0861214
7914.0,0.0821518
7916.0,0.0749581
7918.0,0.071697
7920.0,0.0699412
7922.0,0.0716465
7924.0,0.0798363
7926.0,0.0901077
7928.0,0.092119
7930.0,0.0876288
7932.0,0.0878088
7934.0,0.0904973
7936.0,0.0917375
7938.0,0.0913708
7940.0,0.0906921
7942.0,0.0901547
7944.0,0.0895544
7946.0,0.0911122
7948.0,0.0968696
7950.0,0.0973453
7952.0,0.0939032
7954.0,0.0898913
7956.0,0.0851311
7958.0,0.080481
7960.0,0.0786554
7962.0,0.0787331
7964.0,0.0796993
7966.0,0.0836213
7968.0,0.0850142
7970.0,0.0835886
7972.0,0.0819751
7974.0,0.0813157
7976.0,0.0810986
7978.0,0.0827354
7980.0,0.086469
7982.0,0.0896843
7984.0,0.093584
7986.0,0.096915
7988.0,0.0999431
7990.0,0.10206
7992.0,0.101658
7994.0,0.0986607
7996.0,0.0993576
7998.0,0.105476
8000.0,0.104969
8002.0,0.0966493
8004.0,0.0891663
8006.0,0.0865129
8008.0,0.0861671
8010.0,0.086593
8012.0,0.0894451
8014.0,0.0903886
8016.0,0.0898087
8018.0,0.0903955
8020.0,0.0925571
8022.0,0.0952911
8024.0,0.0982758
8026.0,0.102012
8028.0,0.101628
8030.0,0.0968745
8032.0,0.0938313
8034.0,0.0902385
8036.0,0.0885791
8038.0,0.0905549
8040.0,0.0943725
8042.0,0.096536
8044.0,0.098965
8046.0,0.0989011
8048.0,0.0955209
8050.0,0.0938634
8052.0,0.0941307
8054.0,0.0950416
8056.0,0.0956734
8058.0,0.0964119
8060.0,0.0990458
8062.0,0.106276
8064.0,0.107057
8066.0,0.100437
8068.0,0.0966468
8070.0,0.099791
8072.0,0.10502
8074.0,0.105766
8076.0,0.104472
8078.0,0.101773
8080.0,0.0943775
8082.0,0.0918712
8084.0,0.0954691
8086.0,0.0995826
8088.0,0.100793
8090.0,0.100816
8092.0,0.0998457
8094.0,0.0954936
8096.0,0.0956648
8098.0,0.100479
8100.0,0.103289
8102.0,0.101884
8104.0,0.099627
8106.0,0.100893
8108.0,0.104958
8110.0,0.10452
8112.0,0.0996102
8114.0,0.0974909
8116.0,0.0976012
8118.0,0.0984667
8120.0,0.100069
8122.0,0.102133
8124.0,0.101317
8126.0,0.0963853
8128.0,0.0962873
8130.0,0.100098
8132.0,0.102817
8134.0,0.104136
8136.0,0.104589
8138.0,0.103713
8140.0,0.101338
8142.0,0.101087
8144.0,0.101777
8146.0,0.103421
8148.0,0.10762
8150.0,0.110204
8152.0,0.108579
8154.0,0.104989
8156.0,0.103901
8158.0,0.103874
8160.0,0.104054
8162.0,0.105532
8164.0,0.105819
8166.0,0.104608
8168.0,0.102809
8170.0,0.100993
8172.0,0.0988569
8174.0,0.097266
8176.0,0.0952335
8178.0,0.0950645
8180.0,0.0976143
8182.0,0.099144
8184.0,0.0969897
8186.0,0.0944208
8188.0,0.0984689
8190.0,0.108805
8192.0,0.11398
8194.0,0.119217
8196.0,0.119316
8198.0,0.111223
8200.0,0.10312
8202.0,0.102146
8204.0,0.104913
8206.0,0.104341
8208.0,0.102303
8210.0,0.100641
8212.0,0.098698
8214.0,0.0969482
8216.0,0.095275
8218.0,0.0939777
8220.0,0.093893
8222.0,0.0949066
8224.0,0.0957276
8226.0,0.096334
8228.0,0.0980618
8230.0,0.101974
8232.0,0.105045
8234.0,0.10553
8236.0,0.104297
8238.0,0.100655
8240.0,0.0912712
8242.0,0.0885006
8244.0,0.0907998
8246.0,0.0922594
8248.0,0.0918695
8250.0,0.0911124
8252.0,0.0909131
8254.0,0.0908759
8256.0,0.0911056
8258.0,0.0925592
8260.0,0.0920725
8262.0,0.0881833
8264.0,0.0860051
8266.0,0.089042
8268.0,0.0946195
8270.0,0.0965865
8272.0,0.0967079
8274.0,0.0967563
8276.0,0.0970883
8278.0,0.0951056
8280.0,0.0873858
8282.0,0.0812234
8284.0,0.0867532
8286.0,0.101257
8288.0,0.104531
8290.0,0.100449
8292.0,0.0980211
8294.0,0.0943631
8296.0,0.0920715
8298.0,0.0929511
8300.0,0.0952311
8302.0,0.0954024
8304.0,0.0948232
8306.0,0.0932824
8308.0,0.090248
8310.0,0.0875152
8312.0,0.0849946
8314.0,0.0826366
8316.0,0.0799892
8318.0,0.077081
8320.0,0.0790447
8322.0,0.0880005
8324.0,0.0911447
8326.0,0.0907332
8328.0,0.089161
8330.0,0.0847546
8332.0,0.080803
8334.0,0.0871825
8336.0,0.105221
8338.0,0.107947
8340.0,0.101148
8342.0,0.0927714
8344.0,0.0781486
8346.0,0.0663035
8348.0,0.0656407
8350.0,0.0718463
8352.0,0.0750835
8354.0,0.0800222
8356.0,0.0823463
8358.0,0.0826017
8360.0,0.0826045
8362.0,0.0823419
8364.0,0.0820962
8366.0,0.0830134
8368.0,0.084934
8370.0,0.0858769
8372.0,0.0872178
8374.0,0.0865982
8376.0,0.0831297
8378.0,0.0798936
8380.0,0.0782846
8382.0,0.0776818
8384.0,0.079809
8386.0,0.0862128
8388.0,0.089118
8390.0,0.089477
8392.0,0.0911544
8394.0,0.0964279
8396.0,0.10085
8398.0,0.0979869
8400.0,0.08911
8402.0,0.0872598
8404.0,0.0912754
8406.0,0.0912882
8408.0,0.0881119
8410.0,0.0844618
8412.0,0.0806644
8414.0,0.0769853
8416.0,0.0768926
8418.0,0.0801057
8420.0,0.082609
8422.0,0.0851272
8424.0,0.0890873
8426.0,0.0968621
8428.0,0.103207
8430.0,0.102005
8432.0,0.0955641
8434.0,0.0901673
8436.0,0.0799601
8438.0,0.0773401
8440.0,0.0834272
8442.0,0.087779
8444.0,0.0863485
8446.0,0.0826371
8448.0,0.0799443
8450.0,0.074532
8452.0,0.0781095
8454.0,0.0949266
8456.0,0.101156
8458.0,0.0940116
8460.0,0.0843273
8462.0,0.0785199
8464.0,0.0734494
8466.0,0.0769058
8468.0,0.0940752
8470.0,0.0986806
8472.0,0.0950213
8474.0,0.0899168
8476.0,0.0836945
8478.0,0.0770668
8480.0,0.0739221
8482.0,0.0724592
8484.0,0.0742334
8486.0,0.0821593
8488.0,0.0856552
8490.0,0.0834427
8492.0,0.0818119
8494.0,0.0862294
8496.0,0.0934245
8498.0,0.0910996
8500.0,0.0771574
8502.0,0.0734547
8504.0,0.0752153
8506.0,0.0781175
8508.0,0.0829371
8510.0,0.0877286
8512.0,0.0880659
8514.0,0.0852705
8516.0,0.0829558
8518.0,0.0787561
8520.0,0.0765219
8522.0,0.0760189
8524.0,0.0762246
8526.0,0.0768995
8528.0,0.0780772
8530.0,0.078774
8532.0,0.0799653
8534.0,0.0793086
8536.0,0.076982
8538.0,0.0744963
8540.0,0.0707503
8542.0,0.0680342
8544.0,0.0699556
8546.0,0.0755026
8548.0,0.0788595
8550.0,0.0824147
8552.0,0.0845866
8554.0,0.0858031
8556.0,0.0857872
8558.0,0.0837444
8560.0,0.0806856
8562.0,0.0798697
8564.0,0.0806538
8566.0,0.0806113
8568.0,0.0798374
8570.0,0.0802476
8572.0,0.082018
8574.0,0.0845349
8576.0,0.0878615
8578.0,0.0921674
8580.0,0.0930494
8582.0,0.0911862
8584.0,0.0892156
8586.0,0.0855845
8588.0,0.0827986
8590.0,0.0812675
8592.0,0.0809562
8594.0,0.0835383
8596.0,0.0906667
8598.0,0.0907661
8600.0,0.0841338
8602.0,0.0808292
8604.0,0.0805131
8606.0,0.0816406
8608.0,0.0843608
8610.0,0.0885652
8612.0,0.0889163
8614.0,0.0854708
8616.0,0.0842358
8618.0,0.0829139
8620.0,0.0833926
8622.0,0.0878512
8624.0,0.0926357
8626.0,0.090452
8628.0,0.0812444
8630.0,0.0835124
8632.0,0.0973624
8634.0,0.104143
8636.0,0.105489
8638.0,0.103897
8640.0,0.0987328
8642.0,0.0908959
8644.0,0.0893944
8646.0,0.0939397
8648.0,0.0943357
8650.0,0.0923145
8652.0,0.0914932
8654.0,0.0926844
8656.0,0.0944982
8658.0,0.0959401
8660.0,0.0978709
8662.0,0.0965464
8664.0,0.0897067
8666.0,0.0884722
8668.0,0.0939159
8670.0,0.0981226
8672.0,0.0968157
8674.0,0.0930713
8676.0,0.0916821
8678.0,0.0910805
8680.0,0.0905698
8682.0,0.0905215
8684.0,0.0904541
8686.0,0.0902968
8688.0,0.0902239
8690.0,0.0903187
8692.0,0.0905046
8694.0,0.091323
8696.0,0.0935895
8698.0,0.0940485
8700.0,0.0927543
8702.0,0.0914453
8704.0,0.0899506
8706.0,0.0889853
8708.0,0.0921331
8710.0,0.100396
8712.0,0.103078
8714.0,0.106684
8716.0,0.101408
8718.0,0.0812549
8720.0,0.0614418
8722.0,0.0544624
8724.0,0.054447
8726.0,0.0634951
8728.0,0.0922582
8730.0,0.102782
8732.0,0.0985542
8734.0,0.0961601
8736.0,0.100807
8738.0,0.107041
8740.0,0.109545
8742.0,0.110783
8744.0,0.108628
8746.0,0.101223
8748.0,0.0963758
8750.0,0.0937877
8752.0,0.091993
8754.0,0.0904147
8756.0,0.089334
8758.0,0.0884997
8760.0,0.0871183
8762.0,0.08819
8764.0,0.09124
8766.0,0.0952178
8768.0,0.100663
8770.0,0.106424
8772.0,0.109871
8774.0,0.111165
8776.0,0.116589
8778.0,0.128194
8780.0,0.133156
8782.0,0.132762
8784.0,0.128868
8786.0,0.12083
8788.0,0.109638
8790.0,0.1026
8792.0,0.0946927
8794.0,0.0947909
8796.0,0.104843
8798.0,0.111563
8800.0,0.113346
8802.0,0.113221
8804.0,0.112599
8806.0,0.110551
8808.0,0.110314
8810.0,0.111861
8812.0,0.111873
8814.0,0.111821
8816.0,0.109576
8818.0,0.101857
8820.0,0.0923982
8822.0,0.0933494
8824.0,0.104933
8826.0,0.107563
8828.0,0.106325
8830.0,0.103655
8832.0,0.097688
8834.0,0.0922921
8836.0,0.0921476
8838.0,0.0953785
8840.0,0.0979023
8842.0,0.100527
8844.0,0.105076
8846.0,0.114319
8848.0,0.119669
8850.0,0.116599
8852.0,0.110065
8854.0,0.108602
8856.0,0.109793
8858.0,0.109572
8860.0,0.108786
8862.0,0.108666
8864.0,0.109157
8866.0,0.110131
8868.0,0.112008
8870.0,0.1146
8872.0,0.114456
8874.0,0.111774
8876.0,0.109858
8878.0,0.105958
8880.0,0.105291
8882.0,0.110264
8884.0,0.117536
8886.0,0.122566
8888.0,0.127967
8890.0,0.128889
8892.0,0.125628
8894.0,0.122017
8896.0,0.116311
8898.0,0.111514
8900.0,0.10976
8902.0,0.109919
8904.0,0.111502
8906.0,0.119095
8908.0,0.117459
8910.0,0.105592
8912.0,0.0990851
8914.0,0.101592
8916.0,0.107272
8918.0,0.111392
8920.0,0.117144
8922.0,0.114863
8924.0,0.101467
8926.0,0.0967084
8928.0,0.100332
8930.0,0.104263
8932.0,0.104903
8934.0,0.104404
8936.0,0.103677
8938.0,0.10152
8940.0,0.1013
8942.0,0.10343
8944.0,0.103749
8946.0,0.101252
8948.0,0.0981606
8950.0,0.0960573
8952.0,0.0938283
8954.0,0.0965854
8956.0,0.107585
8958.0,0.110733
8960.0,0.106168
8962.0,0.102463
8964.0,0.103679
8966.0,0.106266
8968.0,0.104513
8970.0,0.0982198
8972.0,0.0976799
8974.0,0.102508
8976.0,0.104446
8978.0,0.102925
8980.0,0.100374
8982.0,0.097424
8984.0,0.0935092
8986.0,0.0964944
8988.0,0.10775
8990.0,0.113909
8992.0,0.120477
8994.0,0.12136
8996.0,0.111684
8998.0,0.0981079
9000.0,0.0933274
9002.0,0.0922511
9004.0,0.0958233
9006.0,0.110978
9008.0,0.115435
9010.0,0.106441
9012.0,0.0962113
9014.0,0.0923336
9016.0,0.0910837
9018.0,0.0930588
9020.0,0.100841
9022.0,0.104969
9024.0,0.109005
9026.0,0.110276
9028.0,0.106699
9030.0,0.101748
9032.0,0.101149
9034.0,0.103427
9036.0,0.103141
9038.0,0.102448
9040.0,0.0999848
9042.0,0.0937268
9044.0,0.0891996
9046.0,0.0901363
9048.0,0.0942466
9050.0,0.0976459
9052.0,0.103219
9054.0,0.105548
9056.0,0.106058
9058.0,0.105238
9060.0,0.102291
9062.0,0.0988482
9064.0,0.0972653
9066.0,0.0965538
9068.0,0.0966831
9070.0,0.0993682
9072.0,0.0991177
9074.0,0.0952123
9076.0,0.0921832
9078.0,0.092223
9080.0,0.093791
9082.0,0.0951777
9084.0,0.0974331
9086.0,0.0988367
9088.0,0.09968
9090.0,0.10063
9092.0,0.102045
9094.0,0.103103
9096.0,0.102713
9098.0,0.10117
9100.0,0.101395
9102.0,0.105458
9104.0,0.103372
9106.0,0.0931937
9108.0,0.0861119
9110.0,0.0871255
9112.0,0.0914966
9114.0,0.092559
9116.0,0.0929575
9118.0,0.0921201
9120.0,0.088938
9122.0,0.0873149
9124.0,0.0873296
9126.0,0.0880774
9128.0,0.0894192
9130.0,0.0914604
9132.0,0.0914843
9134.0,0.088329
9136.0,0.0889882
9138.0,0.094495
9140.0,0.0970267
9142.0,0.0938845
9144.0,0.0882398
9146.0,0.0835002
9148.0,0.0773038
9150.0,0.0754617
9152.0,0.0767362
9154.0,0.0793241
9156.0,0.0859937
9158.0,0.0906097
9160.0,0.0873676
9162.0,0.0796643
9164.0,0.0787739
9166.0,0.0832571
9168.0,0.0845755
9170.0,0.0828012
9172.0,0.0847189
9174.0,0.0950205
9176.0,0.105382
9178.0,0.10257
9180.0,0.0889365
9182.0,0.0869912
9184.0,0.0951234
9186.0,0.0955804
9188.0,0.087606
9190.0,0.0805315
9192.0,0.0790269
9194.0,0.0802745
9196.0,0.0820841
9198.0,0.0858808
9200.0,0.0892625
9202.0,0.0944034
9204.0,0.0970333
9206.0,0.0964811
9208.0,0.0941524
9210.0,0.0904705
9212.0,0.0845403
9214.0,0.0840515
9216.0,0.0884554
9218.0,0.09137
9220.0,0.0948144
9222.0,0.0969027
9224.0,0.0966718
9226.0,0.0948377
9228.0,0.0920634
9230.0,0.0877122
9232.0,0.0834585
9234.0,0.0767124
9236.0,0.073716
9238.0,0.0763995
9240.0,0.0797544
9242.0,0.0788668
9244.0,0.0757028
9246.0,0.0761129
9248.0,0.0791
9250.0,0.0814766
9252.0,0.085033
9254.0,0.0869747
9256.0,0.0863753
9258.0,0.0840346
9260.0,0.0801444
9262.0,0.0728772
9264.0,0.0710685
9266.0,0.0733678
9268.0,0.0755461
9270.0,0.0791307
9272.0,0.0815219
9274.0,0.0793836
9276.0,0.0743868
9278.0,0.0746685
9280.0,0.0803821
9282.0,0.0815618
9284.0,0.0798147
9286.0,0.0781649
9288.0,0.0768422
9290.0,0.0759097
9292.0,0.0761914
9294.0,0.0766774
9296.0,0.0816082
9298.0,0.0901921
9300.0,0.100716
9302.0,0.119386
9304.0,0.131551
9306.0,0.125791
9308.0,0.109136
9310.0,0.0979427
9312.0,0.0838521
9314.0,0.0759686
9316.0,0.0697488
9318.0,0.0705788
9320.0,0.0848735
9322.0,0.100204
9324.0,0.0981224
9326.0,0.083945
9328.0,0.0775876
9330.0,0.0729061
9332.0,0.0690104
9334.0,0.0660114
9336.0,0.0640386
9338.0,0.0624681
9340.0,0.0620978
9342.0,0.0668246
9344.0,0.080718
9346.0,0.0820951
9348.0,0.0736374
9350.0,0.066567
9352.0,0.0603132
9354.0,0.0555728
9356.0,0.0549446
9358.0,0.0575315
9360.0,0.0600648
9362.0,0.0697388
9364.0,0.0665305
9366.0,0.0363367
9368.0,0.028163
9370.0,0.0748734
9372.0,0.141014
9374.0,0.15102
9376.0,0.122124
9378.0,0.105133
9380.0,0.0757868
9382.0,0.0605927
9384.0,0.0650125
9386.0,0.0723461
9388.0,0.068997
9390.0,0.0610901
9392.0,0.0567283
9394.0,0.0496528
9396.0,0.051615
9398.0,0.066575
9400.0,0.0755766
9402.0,0.0710302
9404.0,0.0618348
9406.0,0.0601108
9408.0,0.0620681
9410.0,0.0626277
9412.0,0.062258
9414.0,0.0644062
9416.0,0.0694078
9418.0,0.0755003
9420.0,0.081676
9422.0,0.08843
9424.0,0.0954662
9426.0,0.102535
9428.0,0.110837
9430.0,0.132293
9432.0,0.132247
9434.0,0.0959134
9436.0,0.046906
9438.0,0.0138847
9440.0,-0.0195023
9442.0,-0.0206171
9444.0,0.0175739
9446.0,0.0399248
9448.0,0.0538985
9450.0,0.0626277
9452.0,0.0634021
9454.0,0.059081
9456.0,0.0658703
9458.0,0.0849686
9460.0,0.0906719
9462.0,0.0923428
9464.0,0.0848469
9466.0,0.059946
9468.0,0.0344431
9470.0,0.0303817
9472.0,0.0393767
9474.0,0.0517387
9476.0,0.084231
9478.0,0.0928395
9480.0,0.0767568
9482.0,0.0605146
9484.0,0.053141
9486.0,0.0493142
9488.0,0.0505782
9490.0,0.0596613
9492.0,0.062832
9494.0,0.0610688
9496.0,0.0637933
9498.0,0.0759785
9500.0,0.0858437
9502.0,0.0799626
9504.0,0.0631112
9506.0,0.0578812
9508.0,0.057839
9510.0,0.0593741
9512.0,0.0675216
9514.0,0.0709793
9516.0,0.0635069
9518.0,0.0520231
9520.0,0.0488822
9522.0,0.051304
9524.0,0.0499166
9526.0,0.0458939
9528.0,0.0444531
9530.0,0.0457347
9532.0,0.0483251
9534.0,0.0517055
9536.0,0.0561327
9538.0,0.0595428
9540.0,0.0637653
9542.0,0.0650157
9544.0,0.0629468
9546.0,0.061294
9548.0,0.0604881
9550.0,0.0604351
9552.0,0.0625833
9554.0,0.067435
9556.0,0.068608
9558.0,0.0660546
9560.0,0.0661862
9562.0,0.0710998
9564.0,0.0736048
9566.0,0.0668764
9568.0,0.0553016
9570.0,0.0558083
9572.0,0.0704864
9574.0,0.0716168
9576.0,0.0646913
9578.0,0.0571574
9580.0,0.0468979
9582.0,0.0386939
9584.0,0.0426607
9586.0,0.0566344
9588.0,0.0648671
9590.0,0.0762302
9592.0,0.0785358
9594.0,0.0699773
9596.0,0.0605175
9598.0,0.0544148
9600.0,0.049414
9602.0,0.0470309
9604.0,0.047251
9606.0,0.0480185
9608.0,0.0499776
9610.0,0.0530345
9612.0,0.0591049
9614.0,0.0641472
9616.0,0.0623787
9618.0,0.0554322
9620.0,0.0537756
9622.0,0.0536619
9624.0,0.0560993
9626.0,0.0632879
9628.0,0.0688685
9630.0,0.0715541
9632.0,0.0713724
9634.0,0.0626983
9636.0,0.0396348
9638.0,0.0374498
9640.0,0.0547227
9642.0,0.0634708
9644.0,0.0608199
9646.0,0.0571
9648.0,0.060145
9650.0,0.0665966
9652.0,0.0696355
9654.0,0.0788668
9656.0,0.0699693
9658.0,0.0368782
9660.0,0.0123331
9662.0,0.00571544
9664.0,0.00887752
9666.0,0.0187748
9668.0,0.0421083
9670.0,0.050002
9672.0,0.0477177
9674.0,0.0466373
9676.0,0.0439208
9678.0,0.0433885
9680.0,0.0508539
9682.0,0.0631574
9684.0,0.0629703
9686.0,0.0490882
9688.0,0.0458999
9690.0,0.0468398
9692.0,0.0514509
9694.0,0.062972
9696.0,0.0753456
9698.0,0.0771474
9700.0,0.0716848
9702.0,0.0674015
9704.0,0.0606438
9706.0,0.0544985
9708.0,0.0458728
9710.0,0.0412827
9712.0,0.0466309
9714.0,0.0578067
9716.0,0.0620565
9718.0,0.0668507
9720.0,0.0616067
9722.0,0.0402349
9724.0,0.0293398
9726.0,0.0340602
9728.0,0.0451413
9730.0,0.0557795
9732.0,0.0702066
9734.0,0.0760801
9736.0,0.0777683
9738.0,0.0740773
9740.0,0.061005
9742.0,0.0494537
9744.0,0.0450076
9746.0,0.0437274
9748.0,0.0407291
9750.0,0.0338521
9752.0,0.0390996
9754.0,0.0613139
9756.0,0.0718797
9758.0,0.067315
9760.0,0.0571429
9762.0,0.046799
9764.0,0.0329517
9766.0,0.0297778
9768.0,0.0374478
9770.0,0.0399504
9772.0,0.0462638
9774.0,0.0419935
9776.0,0.0160411
9778.0,-0.0185547
9780.0,-0.0351849
9782.0,-0.0510044
9784.0,-0.032739
9786.0,0.0368167
9788.0,0.0743835
9790.0,0.0725359
9792.0,0.0637196
9794.0,0.0712314
9796.0,0.0843517
9798.0,0.0853209
9800.0,0.0764639
9802.0,0.0702274
9804.0,0.0621968
9806.0,0.0557183
9808.0,0.0515139
9810.0,0.0490298
9812.0,0.0489825
9814.0,0.0529527
9816.0,0.0503789
9818.0,0.0402301
9820.0,0.0359868
9822.0,0.0398575
9824.0,0.0424474
9826.0,0.0350248
9828.0,0.0228702
9830.0,0.0274298
9832.0,0.0542347
9834.0,0.0587775
9836.0,0.0484958
9838.0,0.0386557
9840.0,0.0277047
9842.0,0.0202433
9844.0,0.029961
9846.0,0.0564038
9848.0,0.0618238
9850.0,0.0503031
9852.0,0.0472137
9854.0,0.051996
9856.0,0.0554616
9858.0,0.0528502
9860.0,0.0472352
9862.0,0.0428359
9864.0,0.0354794
9866.0,0.0351617
9868.0,0.0425362
9870.0,0.0470321
9872.0,0.0455715
9874.0,0.0445746
9876.0,0.0533091
9878.0,0.0709395
9880.0,0.0636565
9882.0,0.023962
9884.0,0.0120872
9886.0,0.0254869
9888.0,0.0387769
9890.0,0.0412082
9892.0,0.0409369
9894.0,0.0470866
9896.0,0.0579198
9898.0,0.0663914
9900.0,0.0784748
9902.0,0.0826591
9904.0,0.0735362
9906.0,0.0644359
9908.0,0.0715461
9910.0,0.0893287
9912.0,0.0780506
9914.0,0.0293887
9916.0,0.0150024
9918.0,0.0307434
9920.0,0.041693
9922.0,0.0364277
9924.0,0.0253003
9926.0,0.0166536
9928.0,0.00407697
9930.0,0.00371743
9932.0,0.0160932
9934.0,0.0243156
9936.0,0.0356151
9938.0,0.0369534
9940.0,0.0111632
9942.0,-0.0331442
9944.0,-0.0497773
9946.0,-0.0547274
9948.0,-0.04757
9950.0,-0.0181232
9952.0,0.00484697
9954.0,0.0119232
9956.0,0.0155114
9958.0,0.0307663
9960.0,0.0545503
9962.0,0.0687701
9964.0,0.0842786
9966.0,0.0849232
9968.0,0.0668802
9970.0,0.0451645
9972.0,0.024931
9974.0,0.00475925
9976.0,0.0053788
9978.0,0.0313443
9980.0,0.0408496
9982.0,0.0439889
9984.0,0.0469816
9986.0,0.0534915
9988.0,0.056627
9990.0,0.0444491
9992.0,0.0167815
9994.0,0.0167292
9996.0,0.0508901
9998.0,0.0535442
10000.0,0.0211757
10002.0,-0.00675166
10004.0,-0.0111757
10006.0,-0.00473376
10008.0,-0.000305285
10010.0,0.00510688
10012.0,0.0181659
10014.0,0.04861
10016.0,0.0618175
10018.0,0.0470235
10020.0,0.0288488
10022.0,0.0328546
10024.0,0.0495429
10026.0,0.0559568
10028.0,0.059984
10030.0,0.0606007
10032.0,0.056179
10034.0,0.0516309
10036.0,0.0477875
10038.0,0.0447833
10040.0,0.046933
10042.0,0.0569063
10044.0,0.0551964
10046.0,0.0399459
10048.0,0.0347731
10050.0,0.0445046
10052.0,0.0543684
10054.0,0.0521392
10056.0,0.0432789
10058.0,0.0367009
10060.0,0.0254956
10062.0,0.0226725
10064.0,0.0297234
10066.0,0.0336052
10068.0,0.0313542
10070.0,0.0252465
10072.0,0.0130527
10074.0,-0.0118779
10076.0,-0.00866917
10078.0,0.025876
10080.0,0.0424475
10082.0,0.0385824
10084.0,0.0338793
10086.0,0.0409649
10088.0,0.0532268
10090.0,0.059831
10092.0,0.0699276
10094.0,0.0651643
10096.0,0.0382052
10098.0,0.0244023
10100.0,0.038382
10102.0,0.0569413
10104.0,0.0464111
10106.0,0.011754
10108.0,0.0130647
10110.0,0.0503969
10112.0,0.0630599
10114.0,0.0543673
10116.0,0.0399763
10118.0,0.0214289
10120.0,0.000458151
10122.0,0.0075428
10124.0,0.050688
10126.0,0.0604426
10128.0,0.0521301
10130.0,0.0408535
10132.0,0.0228604
10134.0,0.00616862
10136.0,0.00483105
10138.0,0.013922
10140.0,0.0231796
10142.0,0.0449241
10144.0,0.0501135
10146.0,0.0360915
10148.0,0.0245449
10150.0,0.0282026
10152.0,0.0361134
10154.0,0.0257026
10156.0,-0.00443234
10158.0,-0.0138469
10160.0,-0.00733789
10162.0,-0.00693936
10164.0,-0.016916
10166.0,-0.0258926
10168.0,-0.0246986
10170.0,-0.0175132
10172.0,-0.00314338
10174.0,0.0292724
10176.0,0.0425771
10178.0,0.0404811
10180.0,0.0361001
10182.0,0.032984
10184.0,0.0286781
10186.0,0.0223742
10188.0,0.00830644
10190.0,0.0159648
10192.0,0.0505688
10194.0,0.0684848
10196.0,0.0757769
10198.0,0.0674477
10200.0,0.0254826
10202.0,-0.0419056
10204.0,-0.0479297
10206.0,-0.00207636
10208.0,0.0277758
10210.0,0.0740495
10212.0,0.0963715
10214.0,0.0758854
10216.0,0.0386766
10218.0,0.0216844
10220.0,0.00860603
10222.0,0.00941623
10224.0,0.028083
10226.0,0.0424231
10228.0,0.053437
10230.0,0.0658899
10232.0,0.0885959
10234.0,0.11474
10236.0,0.0995988
10238.0,0.0276499
10240.0,0.00657655
10242.0,0.0148698
10244.0,0.0241085
10246.0,0.0281469
10248.0,0.0365818
10250.0,0.056996
10252.0,0.0850052
10254.0,0.130376
10256.0,0.243175
10258.0,0.253533
10260.0,0.135761
10262.0,0.02989
10264.0,0.00783071
10266.0,0.0237706
10268.0,0.0335406
10270.0,0.0707464
10272.0,0.0674439
10274.0,0.0327495
10276.0,-0.000697107
10278.0,-0.0482924
10280.0,-0.0783073
10282.0,-0.0355763
10284.0,0.0676103
10286.0,0.0926205
10288.0,0.0583603
10290.0,0.0516134
10292.0,0.069338
10294.0,0.071447
10296.0,0.026655
10298.0,-0.0306188
10300.0,-0.0133714
10302.0,0.0774184
10304.0,0.102964
10306.0,0.105302
10308.0,0.0847968
10310.0,0.0175408
10312.0,-0.0428371
10314.0,-0.0360051
10316.0,0.0135155
10318.0,0.016215
10320.0,0.0076183
10322.0,-0.00240711
10324.0,-0.0124325
10326.0,-0.0224579
10328.0,-0.0324833
10330.0,-0.0324833
10332.0,0.0266353
10334.0,0.0770082
10336.0,0.115599
10338.0,0.148801
10340.0,0.15981
10342.0,0.124393
10344.0,0.104186
10346.0,0.158955
10348.0,0.257369
10350.0,0.285417
10352.0,0.30484
10354.0,0.239731
10356.0,0.0212829
10358.0,-0.0983412
10360.0,-0.0348621
10362.0,0.0920809
10364.0,0.143354
10366.0,0.177001
10368.0,0.179517
10370.0,0.124934
10372.0,0.108585
10374.0,0.135443
10376.0,0.157822
10378.0,0.152505
10380.0,0.131606
10382.0,0.0900195
10384.0,-0.0205617
10386.0,-0.0199263
10388.0,0.0791388
10390.0,0.160301
10392.0,0.223211
10394.0,0.263552
10396.0,0.245737
10398.0,0.174132
10400.0,0.144328
10402.0,0.128682
10404.0,0.116526
10406.0,0.112747
10408.0,0.109927
10410.0,0.107045
10412.0,0.103039
10414.0,0.0846927
10416.0,0.0460669
10418.0,0.0308091
10420.0,0.0284654
10422.0,0.0311862
10424.0,0.0293405
10426.0,0.0443273
10428.0,0.111865
10430.0,0.225073
10432.0,0.246654
10434.0,0.183783
10436.0,0.162485
10438.0,0.170059
10440.0,0.164946
10442.0,0.131578
10444.0,0.083576
10446.0,0.0327803
10448.0,-0.0465906
10450.0,-0.0545834
10452.0,0.00633195
10454.0,0.0506291
10456.0,0.0807232
10458.0,0.106833
10460.0,0.134874
10462.0,0.162546
10464.0,0.15782
10466.0,0.105525
10468.0,0.0930253
10470.0,0.113445
10472.0,0.123767
10474.0,0.106709
10476.0,0.0840548
10478.0,0.0879501
10480.0,0.114234
10482.0,0.114972
10484.0,0.104678
10486.0,0.0848197
10488.0,0.0344421
10490.0,0.0036477
10492.0,0.0388115
10494.0,0.11291
10496.0,0.137002
10498.0,0.135749
10500.0,0.130972
10502.0,0.105977
10504.0,0.0903722
10506.0,0.0923701
10508.0,0.0993253
10510.0,0.0988762
10512.0,0.0975328
10514.0,0.0846855
10516.0,0.0347396
10518.0,0.0398429
10520.0,0.120385
10522.0,0.186575
10524.0,0.186251
10526.0,0.153286
10528.0,0.137294
10530.0,0.117313
10532.0,0.105141
10534.0,0.105576
10536.0,0.0943832
10538.0,0.0587861
10540.0,0.0253893
10542.0,0.0273152
10544.0,0.0542193
10546.0,0.0645382
10548.0,0.0674336
10550.0,0.0772647
10552.0,0.0976999
10554.0,0.111509
10556.0,0.105243
10558.0,0.0927069
10560.0,0.109287
10562.0,0.156602
10564.0,0.171596
10566.0,0.168391
10568.0,0.16183
10570.0,0.152231
10572.0,0.13719
10574.0,0.110076
10576.0,0.0714163
10578.0,0.075416
10580.0,0.130357
10582.0,0.148677
10584.0,0.144156
10586.0,0.13583
10588.0,0.125144
10590.0,0.113961
10592.0,0.116563
10594.0,0.132233
10596.0,0.137017
10598.0,0.139042
10600.0,0.136063
