3320.0,1.34054
3322.0,0.997531
3324.0,0.699645
3326.0,0.803917
3328.0,1.00189
3330.0,1.0321
3332.0,0.984222
3334.0,0.826198
3336.0,1.19055
3338.0,0.992879
3340.0,0.857403
3342.0,1.06903
3344.0,0.895864
3346.0,0.904442
3348.0,1.18268
3350.0,1.02282
3352.0,1.24164
3354.0,1.33783
3356.0,1.15962
3358.0,1.26958
3360.0,1.09532
3362.0,1.08273
3364.0,1.04275
3366.0,0.909779
3368.0,1.15329
3370.0,1.17983
3372.0,1.2774
3374.0,1.13789
3376.0,1.08477
3378.0,1.40237
3380.0,1.08692
3382.0,1.34619
3384.0,1.2492
3386.0,1.16923
3388.0,1.22908
3390.0,1.14301
3392.0,1.22095
3394.0,1.22281
3396.0,1.41045
3398.0,1.62419
3400.0,1.28206
3402.0,1.15122
3404.0,1.30583
3406.0,1.53748
3408.0,1.36785
3410.0,1.34163
3412.0,1.3811
3414.0,1.34106
3416.0,1.53271
3418.0,1.54129
3420.0,1.34629
3422.0,1.21996
3424.0,1.41745
3426.0,1.44258
3428.0,1.34301
3430.0,1.20952
3432.0,1.30582
3434.0,1.40591
3436.0,1.40655
3438.0,1.38937
3440.0,1.49602
3442.0,1.56349
3444.0,1.27878
3446.0,1.44503
3448.0,1.50883
3450.0,1.68292
3452.0,1.60342
3454.0,1.43928
3456.0,1.31747
3458.0,1.37863
3460.0,1.42784
3462.0,1.46367
3464.0,1.36037
3466.0,1.56191
3468.0,1.64131
3470.0,1.49133
3472.0,1.40031
3474.0,1.4794
3476.0,1.67656
3478.0,1.89212
3480.0,1.89185
3482.0,1.83795
3484.0,1.76667
3486.0,1.88996
3488.0,1.93757
3490.0,1.70985
3492.0,1.6687
3494.0,1.68424
3496.0,1.82959
3498.0,2.08558
3500.0,2.13285
3502.0,2.00076
3504.0,1.92142
3506.0,1.98316
3508.0,1.86275
3510.0,2.04072
3512.0,2.04238
3514.0,1.976
3516.0,2.10798
3518.0,1.89614
3520.0,2.17203
3522.0,2.26804
3524.0,2.1654
3526.0,2.13367
3528.0,2.17983
3530.0,2.27365
3532.0,2.30192
3534.0,2.224
3536.0,2.28239
3538.0,2.235
3540.0,2.42703
3542.0,2.35973
3544.0,2.45201
3546.0,2.40952
3548.0,2.47571
3550.0,2.58327
3552.0,2.6943
3554.0,2.6166
3556.0,2.39017
3558.0,2.52303
3560.0,2.60063
3562.0,2.46425
3564.0,2.57458
3566.0,2.58371
3568.0,2.76791
3570.0,2.61556
3572.0,2.57414
3574.0,2.67667
3576.0,2.74322
3578.0,2.84306
3580.0,2.82333
3582.0,2.69417
3584.0,2.71486
3586.0,2.73141
3588.0,2.64903
3590.0,2.85585
3592.0,2.75125
3594.0,2.7004
3596.0,2.71122
3598.0,2.62062
3600.0,2.52673
3602.0,2.62422
3604.0,2.72221
3606.0,2.53284
3608.0,2.73027
3610.0,2.68575
3612.0,2.57026
3614.0,2.55301
3616.0,2.59908
3618.0,2.57842
3620.0,2.49658
3622.0,2.57539
3624.0,2.61296
3626.0,2.74287
3628.0,2.53379
3630.0,2.48774
3632.0,2.43036
3634.0,2.36715
3636.0,2.36389
3638.0,2.41672
3640.0,2.56059
3642.0,2.41537
3644.0,2.49803
3646.0,2.33162
3648.0,2.3852
3650.0,2.23703
3652.0,2.43215
3654.0,2.46633
3656.0,2.44033
3658.0,2.50396
3660.0,2.45392
3662.0,2.41766
3664.0,2.41173
3666.0,2.47848
3668.0,2.4727
3670.0,2.21046
3672.0,2.19044
3674.0,2.24278
3676.0,1.96965
3678.0,2.00622
3680.0,2.08511
3682.0,1.98226
3684.0,1.8931
3686.0,1.88624
3688.0,1.79131
3690.0,1.83395
3692.0,1.65588
3694.0,1.70153
3696.0,1.67421
3698.0,1.60837
3700.0,1.64413
3702.0,1.52478
3704.0,1.45507
3706.0,1.45535
3708.0,1.47596
3710.0,1.30506
3712.0,1.24087
3714.0,1.21581
3716.0,1.11091
3718.0,1.15945
3720.0,1.22924
3722.0,1.13371
3724.0,1.13139
3726.0,1.13825
3728.0,1.03508
3730.0,0.980572
3732.0,0.953223
3734.0,0.984145
3736.0,0.994587
3738.0,0.99457
3740.0,0.951859
3742.0,1.03574
3744.0,0.944966
3746.0,1.00979
3748.0,1.0001
3750.0,1.06742
3752.0,1.04065
3754.0,1.01974
3756.0,0.857727
3758.0,0.866069
3760.0,0.912798
3762.0,0.955138
3764.0,0.880521
3766.0,0.820417
3768.0,1.01119
3770.0,1.02036
3772.0,1.10062
3774.0,0.992047
3776.0,0.956856
3778.0,1.03012
3780.0,1.03556
3782.0,1.0655
3784.0,1.11038
3786.0,1.07404
3788.0,1.05251
3790.0,1.08301
3792.0,1.17317
3794.0,1.25649
3796.0,1.21392
3798.0,1.14383
3800.0,1.22277
3802.0,1.23931
3804.0,1.26315
3806.0,1.29292
3808.0,1.1338
3810.0,1.25969
3812.0,1.49386
3814.0,1.41795
3816.0,1.38297
3818.0,1.44285
3820.0,1.47229
3822.0,1.45399
3824.0,1.47054
3826.0,1.58782
3828.0,1.64609
3830.0,1.65486
3832.0,1.58994
3834.0,1.72801
3836.0,1.75384
3838.0,1.8709
3840.0,1.89865
3842.0,1.91466
3844.0,2.01116
3846.0,1.97731
3848.0,2.10803
3850.0,2.07969
3852.0,2.16624
3854.0,2.30506
3856.0,2.37806
3858.0,2.35707
3860.0,2.35657
3862.0,2.48747
3864.0,2.55959
3866.0,2.59709
3868.0,2.63775
3870.0,2.70354
3872.0,2.71993
3874.0,2.76897
3876.0,2.83676
3878.0,3.0407
3880.0,3.207
3882.0,3.27822
3884.0,3.18563
3886.0,3.29508
3888.0,3.35174
3890.0,3.65085
3892.0,3.61083
3894.0,3.56405
3896.0,3.64994
3898.0,3.81091
3900.0,3.78186
3902.0,3.93463
3904.0,4.19377
3906.0,4.34923
3908.0,4.45425
3910.0,4.48166
3912.0,4.51049
3914.0,4.55497
3916.0,4.6068
3918.0,4.74389
3920.0,4.90406
3922.0,4.85736
3924.0,4.87318
3926.0,4.94938
3928.0,4.93808
3930.0,4.9163
3932.0,4.42389
3934.0,4.74959
3936.0,5.13732
3938.0,5.1618
3940.0,5.02924
3942.0,5.10401
3944.0,5.21486
3946.0,5.23424
3948.0,5.17713
3950.0,5.26008
3952.0,5.19683
3954.0,4.99793
3956.0,4.99944
3958.0,4.97121
3960.0,4.96536
3962.0,4.86967
3964.0,4.6447
3966.0,4.4027
3968.0,4.2919
3970.0,4.09719
3972.0,4.43844
3974.0,4.47235
3976.0,4.49909
3978.0,4.42064
3980.0,4.36585
3982.0,4.32139
3984.0,4.18516
3986.0,4.01187
3988.0,4.01587
3990.0,3.94545
3992.0,4.02154
3994.0,3.94025
3996.0,3.91897
3998.0,3.80917
4000.0,3.86729
4002.0,4.03884
4004.0,3.75294
4006.0,3.63427
4008.0,3.69257
4010.0,3.67724
4012.0,3.63067
4014.0,3.55405
4016.0,3.62272
4018.0,3.58695
4020.0,3.66788
4022.0,3.67147
4024.0,3.65428
4026.0,3.61083
4028.0,3.57562
4030.0,3.62521
4032.0,3.59974
4034.0,3.62776
4036.0,3.58423
4038.0,3.60761
4040.0,3.6816
4042.0,3.73393
4044.0,3.82511
4046.0,3.85121
4048.0,3.86923
4050.0,3.89681
4052.0,3.86792
4054.0,3.86499
4056.0,3.99979
4058.0,4.01524
4060.0,4.14175
4062.0,4.20261
4064.0,4.27622
4066.0,4.31246
4068.0,4.23161
4070.0,4.30945
4072.0,4.37146
4074.0,4.3314
4076.0,4.48151
4078.0,4.54211
4080.0,4.56118
4082.0,4.8486
4084.0,4.7779
4086.0,4.67863
4088.0,4.78909
4090.0,4.91185
4092.0,4.96844
4094.0,5.03784
4096.0,4.99095
4098.0,5.05684
4100.0,5.12358
4102.0,5.11595
4104.0,5.19294
4106.0,5.1944
4108.0,5.20151
4110.0,5.22889
4112.0,5.2408
4114.0,5.25219
4116.0,5.29521
4118.0,5.27376
4120.0,5.1821
4122.0,5.29138
4124.0,5.33428
4126.0,5.30751
4128.0,5.30653
4130.0,5.21377
4132.0,5.1888
4134.0,5.25344
4136.0,5.16919
4138.0,5.24281
4140.0,5.34372
4142.0,5.22778
4144.0,5.17185
4146.0,5.35365
4148.0,5.37219
4150.0,5.27956
4152.0,5.14093
4154.0,5.18404
4156.0,5.18077
4158.0,5.20041
4160.0,5.10955
4162.0,5.09103
4164.0,5.05987
4166.0,4.98062
4168.0,5.03595
4170.0,5.08723
4172.0,5.04535
4174.0,5.11281
4176.0,4.96678
4178.0,4.8211
4180.0,4.82392
4182.0,4.86023
4184.0,4.92453
4186.0,4.88598
4188.0,4.83545
4190.0,4.87251
4192.0,4.9615
4194.0,4.76458
4196.0,4.76963
4198.0,4.73792
4200.0,4.85665
4202.0,4.79961
4204.0,4.84182
4206.0,4.84086
4208.0,4.77593
4210.0,4.83121
4212.0,4.765
4214.0,4.81934
4216.0,4.91748
4218.0,4.86223
4220.0,4.73059
4222.0,4.80587
4224.0,4.78213
4226.0,4.56839
4228.0,4.54187
4230.0,4.72072
4232.0,4.72411
4234.0,4.79886
4236.0,4.72704
4238.0,4.6595
4240.0,4.75919
4242.0,4.58741
4244.0,4.40747
4246.0,4.45366
4248.0,4.41445
4250.0,4.37721
4252.0,4.39471
4254.0,4.36719
4256.0,4.40498
4258.0,4.31298
4260.0,4.303
4262.0,4.19481
4264.0,4.09778
4266.0,4.05112
4268.0,4.00828
4270.0,4.09544
4272.0,3.92137
4274.0,3.87578
4276.0,3.87765
4278.0,3.72685
4280.0,3.56592
4282.0,3.56872
4284.0,3.57158
4286.0,3.39218
4288.0,3.31502
4290.0,3.32872
4292.0,3.17509
4294.0,3.13437
4296.0,3.10283
4298.0,3.01298
4300.0,2.98127
4302.0,3.00717
4304.0,2.94225
4306.0,2.90063
4308.0,2.83182
4310.0,2.74007
4312.0,2.7131
4314.0,2.83623
4316.0,2.69736
4318.0,2.6807
4320.0,2.7481
4322.0,2.71967
4324.0,2.58869
4326.0,2.5486
4328.0,2.61738
4330.0,2.68269
4332.0,2.59989
4334.0,2.55494
4336.0,2.61206
4338.0,2.58
4340.0,2.58282
4342.0,2.61624
4344.0,2.64697
4346.0,2.50846
4348.0,2.50275
4350.0,2.58812
4352.0,2.54911
4354.0,2.64351
4356.0,2.7261
4358.0,2.57158
4360.0,2.68764
4362.0,2.84568
4364.0,2.78389
4366.0,2.77173
4368.0,2.77532
4370.0,2.66218
4372.0,2.75025
4374.0,2.74886
4376.0,2.69742
4378.0,2.83127
4380.0,2.73151
4382.0,2.89389
4384.0,2.94218
4386.0,2.92011
4388.0,2.9386
4390.0,2.89815
4392.0,2.876
4394.0,2.93061
4396.0,2.95885
4398.0,3.0699
4400.0,3.05804
4402.0,3.01328
4404.0,2.99739
4406.0,3.046
4408.0,3.015
4410.0,3.06185
4412.0,3.12448
4414.0,3.26161
4416.0,3.15497
4418.0,3.06201
4420.0,3.07555
4422.0,3.14048
4424.0,3.24281
4426.0,3.23374
4428.0,3.19538
4430.0,3.275
4432.0,3.3647
4434.0,3.46951
4436.0,3.54811
4438.0,3.4585
4440.0,3.50383
4442.0,3.62001
4444.0,3.70052
4446.0,4.02151
4448.0,4.17286
4450.0,3.90067
4452.0,3.80642
4454.0,3.83144
4456.0,3.77938
4458.0,3.75
4460.0,3.78687
4462.0,3.82038
4464.0,3.81764
4466.0,3.89513
4468.0,3.85767
4470.0,3.74512
4472.0,3.8153
4474.0,3.77832
4476.0,3.72098
4478.0,3.70518
4480.0,3.71937
4482.0,3.92078
4484.0,3.96257
4486.0,3.86584
4488.0,3.85794
4490.0,3.92438
4492.0,3.97906
4494.0,4.01451
4496.0,4.11291
4498.0,4.17603
4500.0,4.01728
4502.0,4.0699
4504.0,4.18162
4506.0,4.25105
4508.0,4.32629
4510.0,4.35948
4512.0,4.4053
4514.0,4.41708
4516.0,4.51518
4518.0,4.59798
4520.0,4.60577
4522.0,4.62057
4524.0,4.65321
4526.0,4.73096
4528.0,4.7306
4530.0,4.79656
4532.0,4.80289
4534.0,4.86215
4536.0,4.93615
4538.0,4.99553
4540.0,4.96957
4542.0,4.95893
4544.0,4.9805
4546.0,4.95533
4548.0,4.99813
4550.0,5.01884
4552.0,4.99607
4554.0,4.94239
4556.0,5.00167
4558.0,5.1175
4560.0,5.097
4562.0,5.02622
4564.0,4.98383
4566.0,4.9827
4568.0,4.97855
4570.0,5.03098
4572.0,4.95006
4574.0,4.9504
4576.0,4.97539
4578.0,4.78112
4580.0,4.79581
4582.0,4.81316
4584.0,4.85822
4586.0,4.99755
4588.0,4.95024
4590.0,4.94199
4592.0,4.88616
4594.0,4.82362
4596.0,4.83462
4598.0,4.85789
4600.0,4.90503
4602.0,4.84822
4604.0,4.77923
4606.0,4.73577
4608.0,4.66556
4610.0,4.7153
4612.0,4.75544
4614.0,4.64047
4616.0,4.64323
4618.0,4.68246
4620.0,4.55968
4622.0,4.54838
4624.0,4.60697
4626.0,4.61681
4628.0,4.65292
4630.0,4.65009
4632.0,4.53072
4634.0,4.60235
4636.0,4.69599
4638.0,4.58608
4640.0,4.59962
4642.0,4.68742
4644.0,4.68202
4646.0,4.62182
4648.0,4.60314
4650.0,4.62714
4652.0,4.62745
4654.0,4.5651
4656.0,4.48477
4658.0,4.51048
4660.0,4.6075
4662.0,4.59983
4664.0,4.45699
4666.0,4.53595
4668.0,4.45693
4670.0,4.35356
4672.0,4.26415
4674.0,4.22202
4676.0,4.14031
4678.0,4.1337
4680.0,4.19373
4682.0,4.18098
4684.0,4.09415
4686.0,4.03336
4688.0,3.94703
4690.0,3.91832
4692.0,3.90607
4694.0,3.8771
4696.0,3.76529
4698.0,3.68875
4700.0,3.68491
4702.0,3.68186
4704.0,3.55809
4706.0,3.51412
4708.0,3.56565
4710.0,3.60798
4712.0,3.60617
4714.0,3.54266
4716.0,3.49995
4718.0,3.50697
4720.0,3.59562
4722.0,3.54399
4724.0,3.41591
4726.0,3.45788
4728.0,3.46381
4730.0,3.438
4732.0,3.41326
4734.0,3.36478
4736.0,3.45204
4738.0,3.5263
4740.0,3.5516
4742.0,3.54907
4744.0,3.47028
4746.0,3.43851
4748.0,3.4759
4750.0,3.47011
4752.0,3.47908
4754.0,3.4495
4756.0,3.38116
4758.0,3.38353
4760.0,3.36013
4762.0,3.29245
4764.0,3.32119
4766.0,3.30005
4768.0,3.28462
4770.0,3.31362
4772.0,3.24504
4774.0,3.19767
4776.0,3.24253
4778.0,3.29121
4780.0,3.31261
4782.0,3.23571
4784.0,3.19119
4786.0,3.20448
4788.0,3.20292
4790.0,3.21642
4792.0,3.1698
4794.0,3.15749
4796.0,3.16135
4798.0,3.1017
4800.0,3.08266
4802.0,3.09371
4804.0,3.06131
4806.0,3.1203
4808.0,3.04445
4810.0,2.99637
4812.0,3.05508
4814.0,3.07099
4816.0,3.01889
4818.0,3.00163
4820.0,2.96936
4822.0,2.93205
4824.0,2.97695
4826.0,2.94599
4828.0,2.9735
4830.0,2.95642
4832.0,2.93488
4834.0,2.92274
4836.0,2.86717
4838.0,2.80014
4840.0,2.80218
4842.0,2.77092
4844.0,2.7403
4846.0,2.79571
4848.0,2.81115
4850.0,2.76582
4852.0,2.7086
4854.0,2.68476
4856.0,2.67158
4858.0,2.66486
4860.0,2.58599
4862.0,2.59258
4864.0,2.54399
4866.0,2.53672
4868.0,2.48793
4870.0,2.4763
4872.0,2.48563
4874.0,2.43936
4876.0,2.43919
4878.0,2.38466
4880.0,2.36311
4882.0,2.39068
4884.0,2.36925
4886.0,2.36122
4888.0,2.27219
4890.0,2.33676
4892.0,2.4153
4894.0,2.36017
4896.0,2.27618
4898.0,2.28477
4900.0,2.35308
4902.0,2.3587
4904.0,2.33922
4906.0,2.35226
4908.0,2.3747
4910.0,2.33464
4912.0,2.33418
4914.0,2.38984
4916.0,2.36827
4918.0,2.44062
4920.0,2.4984
4922.0,2.47481
4924.0,2.48319
4926.0,2.51953
4928.0,2.53074
4930.0,2.57177
4932.0,2.66569
4934.0,2.68306
4936.0,2.71317
4938.0,2.76796
4940.0,2.78669
4942.0,2.75487
4944.0,2.75006
4946.0,2.86644
4948.0,2.84606
4950.0,2.89185
4952.0,2.92256
4954.0,2.93731
4956.0,3.01505
4958.0,3.00925
4960.0,3.01843
4962.0,3.00451
4964.0,2.9648
4966.0,3.00902
4968.0,3.01252
4970.0,2.95975
4972.0,2.98376
4974.0,2.92675
4976.0,2.95848
4978.0,3.01697
4980.0,3.00132
4982.0,2.96349
4984.0,2.95837
4986.0,2.95104
4988.0,2.98099
4990.0,2.9644
4992.0,2.94393
4994.0,2.91176
4996.0,2.81891
4998.0,2.77719
5000.0,2.86628
5002.0,2.92417
5004.0,2.83508
5006.0,2.78149
5008.0,2.79385
5010.0,2.84434
5012.0,2.79672
5014.0,2.8505
5016.0,2.83351
5018.0,2.84684
5020.0,2.84383
5022.0,2.85432
5024.0,2.87585
5026.0,2.90173
5028.0,2.92422
5030.0,2.90823
5032.0,2.95586
5034.0,2.91978
5036.0,2.94587
5038.0,2.8693
5040.0,2.94534
5042.0,3.0068
5044.0,3.01333
5046.0,2.98789
5048.0,3.0303
5050.0,3.06815
5052.0,3.03511
5054.0,3.05852
5056.0,3.04092
5058.0,3.0
5060.0,2.97845
5062.0,2.80193
5064.0,3.03754
5066.0,3.18391
5068.0,3.19514
5070.0,3.20074
5072.0,3.14874
5074.0,3.05497
5076.0,3.16968
5078.0,3.2724
5080.0,3.16373
5082.0,3.13133
5084.0,3.26169
5086.0,3.26459
5088.0,3.23976
5090.0,3.22579
5092.0,3.27172
5094.0,3.20215
5096.0,3.30282
5098.0,3.3737
5100.0,3.39165
5102.0,3.38458
5104.0,3.34954
5106.0,3.39327
5108.0,3.43537
5110.0,3.44934
5112.0,3.46214
5114.0,3.49252
5116.0,3.5099
5118.0,3.56831
5120.0,3.62579
5122.0,3.63114
5124.0,3.6468
5126.0,3.69798
5128.0,3.64934
5130.0,3.72644
5132.0,3.78851
5134.0,3.83113
5136.0,3.89128
5138.0,3.86053
5140.0,3.83704
5142.0,3.97416
5144.0,4.0489
5146.0,3.99405
5148.0,4.07516
5150.0,4.0803
5152.0,4.14109
5154.0,4.05467
5156.0,4.10688
5158.0,4.15263
5160.0,4.29716
5162.0,4.20035
5164.0,4.17653
5166.0,4.19019
5168.0,4.18156
5170.0,4.19202
5172.0,4.23912
5174.0,4.21991
5176.0,4.18494
5178.0,4.31048
5180.0,4.22308
5182.0,4.27308
5184.0,4.24204
5186.0,4.25582
5188.0,4.22882
5190.0,4.19987
5192.0,4.24952
5194.0,4.21594
5196.0,4.16176
5198.0,4.17746
5200.0,4.20287
5202.0,4.15135
5204.0,4.22279
5206.0,4.20743
5208.0,4.07038
5210.0,4.04214
5212.0,3.94637
5214.0,4.06207
5216.0,4.09607
5218.0,4.019
5220.0,4.00778
5222.0,4.06213
5224.0,4.04283
5226.0,4.01959
5228.0,4.09722
5230.0,4.05074
5232.0,3.99782
5234.0,4.03927
5236.0,4.02401
5238.0,4.05279
5240.0,4.0945
5242.0,4.1339
5244.0,4.14141
5246.0,4.14168
5248.0,4.15263
5250.0,4.10111
5252.0,4.07955
5254.0,4.10261
5256.0,4.12408
5258.0,4.0289
5260.0,4.04079
5262.0,4.02474
5264.0,4.00951
5266.0,3.98093
5268.0,3.92422
5270.0,3.8294
5272.0,3.77906
5274.0,3.76978
5276.0,3.7117
5278.0,3.68731
5280.0,3.62212
5282.0,3.57457
5284.0,3.50226
5286.0,3.44632
5288.0,3.35733
5290.0,3.25358
5292.0,3.15978
5294.0,3.14734
5296.0,3.14684
5298.0,3.13943
5300.0,3.13507
5302.0,3.03919
5304.0,2.91728
5306.0,2.84974
5308.0,2.85381
5310.0,2.82661
5312.0,2.77808
5314.0,2.711
5316.0,2.67918
5318.0,2.70881
5320.0,2.67197
5322.0,2.63467
5324.0,2.66259
5326.0,2.69329
5328.0,2.67079
5330.0,2.62454
5332.0,2.57777
5334.0,2.55619
5336.0,2.52476
5338.0,2.49017
5340.0,2.50137
5342.0,2.50071
5344.0,2.48688
5346.0,2.51554
5348.0,2.55283
5350.0,2.53842
5352.0,2.57817
5354.0,2.59759
5356.0,2.59135
5358.0,2.66064
5360.0,2.7265
5362.0,2.66757
5364.0,2.62228
5366.0,2.63934
5368.0,2.71117
5370.0,2.73247
5372.0,2.77699
5374.0,2.76176
5376.0,2.77174
5378.0,2.80582
5380.0,2.80728
5382.0,2.83625
5384.0,2.86868
5386.0,2.85515
5388.0,2.91732
5390.0,2.9615
5392.0,2.94339
5394.0,2.98443
5396.0,2.98654
5398.0,2.96873
5400.0,2.99889
5402.0,2.92901
5404.0,2.98353
5406.0,2.9771
5408.0,2.98176
5410.0,2.92947
5412.0,2.97844
5414.0,2.9838
5416.0,2.9952
5418.0,3.0064
5420.0,3.03983
5422.0,3.05023
5424.0,2.98509
5426.0,2.9636
5428.0,3.00608
5430.0,3.0329
5432.0,2.97735
5434.0,3.00432
5436.0,2.99264
5438.0,3.00596
5440.0,2.98089
5442.0,3.04917
5444.0,2.96247
5446.0,2.93605
5448.0,2.95055
5450.0,2.96139
5452.0,2.97873
5454.0,2.97945
5456.0,2.92265
5458.0,2.82575
5460.0,2.78422
5462.0,2.77481
5464.0,2.76705
5466.0,2.78145
5468.0,2.78282
5470.0,2.76597
5472.0,2.7396
5474.0,2.70541
5476.0,2.66182
5478.0,2.63427
5480.0,2.62227
5482.0,2.59868
5484.0,2.56878
5486.0,2.53786
5488.0,2.50192
5490.0,2.46996
5492.0,2.45712
5494.0,2.45843
5496.0,2.44951
5498.0,2.43746
5500.0,2.42531
5502.0,2.41964
5504.0,2.3996
5506.0,2.35047
5508.0,2.29801
5510.0,2.2764
5512.0,2.27271
5514.0,2.27324
5516.0,2.29845
5518.0,2.29473
5520.0,2.25471
5522.0,2.23357
5524.0,2.25017
5526.0,2.28102
5528.0,2.30344
5530.0,2.32713
5532.0,2.34641
5534.0,2.35347
5536.0,2.3802
5538.0,2.43105
5540.0,2.475
5542.0,2.5042
5544.0,2.52446
5546.0,2.53122
5548.0,2.51789
5550.0,2.55114
5552.0,2.62219
5554.0,2.69057
5556.0,2.7787
5558.0,2.84724
5560.0,2.87308
5562.0,2.88297
5564.0,2.91524
5566.0,2.95283
5568.0,3.01137
5570.0,3.09412
5572.0,3.17461
5574.0,3.27977
5576.0,3.35031
5578.0,3.33998
5580.0,3.30251
5582.0,3.34253
5584.0,3.43657
5586.0,3.4871
5588.0,3.52442
5590.0,3.54833
5592.0,3.54589
5594.0,3.55108
5596.0,3.58573
5598.0,3.62987
5600.0,3.64853
5602.0,3.64836
5604.0,3.66386
5606.0,3.68788
5608.0,3.70954
5610.0,3.73571
5612.0,3.75256
5614.0,3.74576
5616.0,3.72958
5618.0,3.74034
5620.0,3.77041
5622.0,3.7918
5624.0,3.81981
5626.0,3.83311
5628.0,3.83253
5630.0,3.82228
5632.0,3.7977
5634.0,3.76597
5636.0,3.76055
5638.0,3.7762
5640.0,3.78199
5642.0,3.78597
5644.0,3.79203
5646.0,3.79959
5648.0,3.80915
5650.0,3.82453
5652.0,3.84166
5654.0,3.84066
5656.0,3.82007
5658.0,3.81589
5660.0,3.82284
5662.0,3.82421
5664.0,3.81707
5666.0,3.81143
5668.0,3.81405
5670.0,3.82127
5672.0,3.82853
5674.0,3.83638
5676.0,3.84897
5678.0,3.87124
5680.0,3.88448
5682.0,3.88711
5684.0,3.88494
5686.0,3.88187
5688.0,3.87578
5690.0,3.86088
5692.0,3.82522
5694.0,3.82071
5696.0,3.84346
5698.0,3.85968
5700.0,3.8678
5702.0,3.8732
5704.0,3.87845
5706.0,3.88219
5708.0,3.87559
5710.0,3.86163
5712.0,3.84044
5714.0,3.80075
5716.0,3.7758
5718.0,3.77887
5720.0,3.7806
5722.0,3.75157
5724.0,3.70466
5726.0,3.67067
5728.0,3.63163
5730.0,3.61375
5732.0,3.61837
5734.0,3.62028
5736.0,3.62522
5738.0,3.61908
5740.0,3.57339
5742.0,3.49803
5744.0,3.46944
5746.0,3.4873
5748.0,3.46598
5750.0,3.41082
5752.0,3.37144
5754.0,3.36273
5756.0,3.35966
5758.0,3.33623
5760.0,3.30161
5762.0,3.28714
5764.0,3.29943
5766.0,3.28136
5768.0,3.22834
5770.0,3.19364
5772.0,3.1911
5774.0,3.20231
5776.0,3.21702
5778.0,3.24328
5780.0,3.23322
5782.0,3.17613
5784.0,3.15985
5786.0,3.17512
5788.0,3.19095
5790.0,3.20572
5792.0,3.21574
5794.0,3.20326
5796.0,3.17127
5798.0,3.16015
5800.0,3.1538
5802.0,3.16266
5804.0,3.19739
5806.0,3.22243
5808.0,3.22659
5810.0,3.22051
5812.0,3.20977
5814.0,3.18927
5816.0,3.18238
5818.0,3.18165
5820.0,3.18722
5822.0,3.20277
5824.0,3.21823
5826.0,3.23018
5828.0,3.24126
5830.0,3.25363
5832.0,3.26885
5834.0,3.27035
5836.0,3.25262
5838.0,3.25042
5840.0,3.2582
5842.0,3.2742
5844.0,3.30193
5846.0,3.33553
5848.0,3.3615
5850.0,3.38843
5852.0,3.39526
5854.0,3.37853
5856.0,3.37036
5858.0,3.36212
5860.0,3.36304
5862.0,3.38111
5864.0,3.40836
5866.0,3.43058
5868.0,3.45697
5870.0,3.46626
5872.0,3.4523
5874.0,3.45541
5876.0,3.47732
5878.0,3.49908
5880.0,3.52096
5882.0,3.53567
5884.0,3.4999
5886.0,3.4098
5888.0,3.3632
5890.0,3.32829
5892.0,3.31161
5894.0,3.31495
5896.0,3.33185
5898.0,3.35669
5900.0,3.39429
5902.0,3.4602
5904.0,3.57199
5906.0,3.62389
5908.0,3.63208
5910.0,3.64523
5912.0,3.66232
5914.0,3.67427
5916.0,3.67434
5918.0,3.66829
5920.0,3.67723
5922.0,3.70188
5924.0,3.7074
5926.0,3.69903
5928.0,3.69252
5930.0,3.68968
5932.0,3.68334
5934.0,3.66558
5936.0,3.64227
5938.0,3.6385
5940.0,3.65967
5942.0,3.64938
5944.0,3.61096
5946.0,3.58481
5948.0,3.56695
5950.0,3.56202
5952.0,3.58426
5954.0,3.62433
5956.0,3.63201
5958.0,3.61571
5960.0,3.60889
5962.0,3.59863
5964.0,3.59437
5966.0,3.59239
5968.0,3.60072
5970.0,3.63674
5972.0,3.69085
5974.0,3.69364
5976.0,3.64569
5978.0,3.62877
5980.0,3.617
5982.0,3.61699
5984.0,3.63796
5986.0,3.65931
5988.0,3.65576
5990.0,3.63839
5992.0,3.65033
5994.0,3.70402
5996.0,3.7064
5998.0,3.66549
6000.0,3.63388
6002.0,3.61771
6004.0,3.60696
6006.0,3.59922
6008.0,3.5958
6010.0,3.58805
6012.0,3.5704
6014.0,3.57173
6016.0,3.60371
6018.0,3.61063
6020.0,3.5721
6022.0,3.52418
6024.0,3.50528
6026.0,3.5007
6028.0,3.48332
6030.0,3.47118
6032.0,3.43339
6034.0,3.36393
6036.0,3.30179
6038.0,3.25999
6040.0,3.21908
6042.0,3.15724
6044.0,3.08103
6046.0,3.02137
6048.0,2.97893
6050.0,2.91786
6052.0,2.84123
6054.0,2.76378
6056.0,2.68712
6058.0,2.61133
6060.0,2.53941
6062.0,2.46867
6064.0,2.41375
6066.0,2.38371
6068.0,2.3329
6070.0,2.2675
6072.0,2.19762
6074.0,2.12208
6076.0,2.04553
6078.0,1.97848
6080.0,1.9145
6082.0,1.87226
6084.0,1.86218
6086.0,1.83058
6088.0,1.77861
6090.0,1.73203
6092.0,1.70548
6094.0,1.68096
6096.0,1.62653
6098.0,1.5447
6100.0,1.50419
6102.0,1.5031
6104.0,1.47751
6106.0,1.43093
6108.0,1.38469
6110.0,1.34477
6112.0,1.30802
6114.0,1.27745
6116.0,1.25323
6118.0,1.2274
6120.0,1.1976
6122.0,1.17938
6124.0,1.17908
6126.0,1.17346
6128.0,1.14795
6130.0,1.11628
6132.0,1.10198
6134.0,1.09714
6136.0,1.09694
6138.0,1.11498
6140.0,1.11269
6142.0,1.08449
6144.0,1.05874
6146.0,1.04785
6148.0,1.0448
6150.0,1.05083
6152.0,1.07336
6154.0,1.0731
6156.0,1.0521
6158.0,1.04154
6160.0,1.03844
6162.0,1.04088
6164.0,1.05302
6166.0,1.0695
6168.0,1.06802
6170.0,1.04836
6172.0,1.04849
6174.0,1.06404
6176.0,1.07303
6178.0,1.07375
6180.0,1.07578
6182.0,1.08323
6184.0,1.09447
6186.0,1.11397
6188.0,1.14331
6190.0,1.169
6192.0,1.20026
6194.0,1.22108
6196.0,1.22967
6198.0,1.23332
6200.0,1.23346
6202.0,1.2308
6204.0,1.24202
6206.0,1.2616
6208.0,1.28827
6210.0,1.32594
6212.0,1.36385
6214.0,1.4073
6216.0,1.44508
6218.0,1.46374
6220.0,1.47103
6222.0,1.49239
6224.0,1.52212
6226.0,1.5486
6228.0,1.57014
6230.0,1.60201
6232.0,1.64992
6234.0,1.69978
6236.0,1.74083
6238.0,1.77797
6240.0,1.80889
6242.0,1.82078
6244.0,1.862
6246.0,1.92828
6248.0,1.99075
6250.0,2.04742
6252.0,2.10278
6254.0,2.15981
6256.0,2.2172
6258.0,2.2587
6260.0,2.28379
6262.0,2.31317
6264.0,2.33501
6266.0,2.36692
6268.0,2.41366
6270.0,2.46592
6272.0,2.51757
6274.0,2.57171
6276.0,2.61271
6278.0,2.64104
6280.0,2.67286
6282.0,2.69649
6284.0,2.73329
6286.0,2.79188
6288.0,2.85663
6290.0,2.91246
6292.0,2.96618
6294.0,3.00958
6296.0,3.04532
6298.0,3.07354
6300.0,3.08734
6302.0,3.10626
6304.0,3.13774
6306.0,3.1701
6308.0,3.18988
6310.0,3.2016
6312.0,3.21869
6314.0,3.23267
6316.0,3.25735
6318.0,3.30132
6320.0,3.33143
6322.0,3.33169
6324.0,3.32575
6326.0,3.34466
6328.0,3.37838
6330.0,3.40199
6332.0,3.43189
6334.0,3.4402
6336.0,3.42261
6338.0,3.40776
6340.0,3.40191
6342.0,3.40117
6344.0,3.40928
6346.0,3.42672
6348.0,3.43741
6350.0,3.45259
6352.0,3.45205
6354.0,3.42594
6356.0,3.412
6358.0,3.43064
6360.0,3.45776
6362.0,3.45653
6364.0,3.43609
6366.0,3.43254
6368.0,3.43031
6370.0,3.44319
6372.0,3.48364
6374.0,3.5116
6376.0,3.50693
6378.0,3.48889
6380.0,3.48199
6382.0,3.47511
6384.0,3.47934
6386.0,3.50746
6388.0,3.50724
6390.0,3.47025
6392.0,3.44093
6394.0,3.44291
6396.0,3.45577
6398.0,3.44953
6400.0,3.43009
6402.0,3.42681
6404.0,3.43078
6406.0,3.44163
6408.0,3.46977
6410.0,3.48848
6412.0,3.48129
6414.0,3.4609
6416.0,3.44426
6418.0,3.41769
6420.0,3.41855
6422.0,3.451
6424.0,3.4661
6426.0,3.4669
6428.0,3.46075
6430.0,3.44618
6432.0,3.42679
6434.0,3.4223
6436.0,3.43278
6438.0,3.42502
6440.0,3.40362
6442.0,3.38539
6444.0,3.36497
6446.0,3.35146
6448.0,3.35445
6450.0,3.36689
6452.0,3.37116
6454.0,3.37725
6456.0,3.36926
6458.0,3.33929
6460.0,3.32628
6462.0,3.33829
6464.0,3.3485
6466.0,3.33893
6468.0,3.31937
6470.0,3.30035
6472.0,3.27325
6474.0,3.2578
6476.0,3.24665
6478.0,3.24447
6480.0,3.25936
6482.0,3.27156
6484.0,3.26251
6486.0,3.24233
6488.0,3.2342
6490.0,3.23123
6492.0,3.22914
6494.0,3.23095
6496.0,3.23131
6498.0,3.23048
6500.0,3.22818
6502.0,3.22448
6504.0,3.21917
6506.0,3.20586
6508.0,3.18216
6510.0,3.1644
6512.0,3.15007
6514.0,3.13259
6516.0,3.10812
6518.0,3.0853
6520.0,3.07271
6522.0,3.0665
6524.0,3.06034
6526.0,3.05544
6528.0,3.05497
6530.0,3.04353
6532.0,3.06359
6534.0,3.14806
6536.0,3.22761
6538.0,3.22598
6540.0,3.17512
6542.0,3.11973
6544.0,3.00777
6546.0,2.96637
6548.0,2.98386
6550.0,2.99602
6552.0,2.99485
6554.0,2.99005
6556.0,2.98309
6558.0,2.97381
6560.0,2.95337
6562.0,2.9149
6564.0,2.89155
6566.0,2.87379
6568.0,2.86508
6570.0,2.87168
6572.0,2.88152
6574.0,2.8773
6576.0,2.86534
6578.0,2.85683
6580.0,2.84539
6582.0,2.84019
6584.0,2.84214
6586.0,2.84262
6588.0,2.84111
6590.0,2.83674
6592.0,2.82396
6594.0,2.80285
6596.0,2.79553
6598.0,2.79875
6600.0,2.79968
6602.0,2.80596
6604.0,2.80415
6606.0,2.78756
6608.0,2.76487
6610.0,2.7461
6612.0,2.72552
6614.0,2.71782
6616.0,2.73285
6618.0,2.72285
6620.0,2.68206
6622.0,2.65222
6624.0,2.65077
6626.0,2.65964
6628.0,2.65842
6630.0,2.65511
6632.0,2.64915
6634.0,2.63921
6636.0,2.63017
6638.0,2.61901
6640.0,2.61144
6642.0,2.61209
6644.0,2.61534
6646.0,2.61067
6648.0,2.60152
6650.0,2.5914
6652.0,2.57566
6654.0,2.56573
6656.0,2.56207
6658.0,2.55857
6660.0,2.55214
6662.0,2.54547
6664.0,2.54264
6666.0,2.54358
6668.0,2.54023
6670.0,2.53434
6672.0,2.52828
6674.0,2.51891
6676.0,2.51345
6678.0,2.51886
6680.0,2.52804
6682.0,2.52357
6684.0,2.50865
6686.0,2.49942
6688.0,2.49423
6690.0,2.48276
6692.0,2.45923
6694.0,2.44156
6696.0,2.4414
6698.0,2.45053
6700.0,2.45731
6702.0,2.47395
6704.0,2.46332
6706.0,2.42022
6708.0,2.39577
6710.0,2.39151
6712.0,2.39078
6714.0,2.38476
6716.0,2.37879
6718.0,2.37997
6720.0,2.39041
6722.0,2.39016
6724.0,2.38293
6726.0,2.37567
6728.0,2.36789
6730.0,2.35948
6732.0,2.35116
6734.0,2.34239
6736.0,2.33072
6738.0,2.31159
6740.0,2.30683
6742.0,2.31651
6744.0,2.32074
6746.0,2.32113
6748.0,2.31648
6750.0,2.30116
6752.0,2.27909
6754.0,2.27182
6756.0,2.27648
6758.0,2.27562
6760.0,2.2767
6762.0,2.27265
6764.0,2.25936
6766.0,2.24686
6768.0,2.24392
6770.0,2.24636
6772.0,2.24955
6774.0,2.2615
6776.0,2.25919
6778.0,2.24558
6780.0,2.23167
6782.0,2.21806
6784.0,2.2033
6786.0,2.18601
6788.0,2.16681
6790.0,2.15582
6792.0,2.15094
6794.0,2.14758
6796.0,2.15202
6798.0,2.14964
6800.0,2.13496
6802.0,2.11918
6804.0,2.1143
6806.0,2.11547
6808.0,2.10746
6810.0,2.09187
6812.0,2.08062
6814.0,2.06755
6816.0,2.06124
6818.0,2.06799
6820.0,2.07544
6822.0,2.06766
6824.0,2.05039
6826.0,2.04377
6828.0,2.04092
6830.0,2.04266
6832.0,2.0518
6834.0,2.05976
6836.0,2.06765
6838.0,2.07175
6840.0,2.06271
6842.0,2.04265
6844.0,2.03533
6846.0,2.04025
6848.0,2.03314
6850.0,2.01374
6852.0,1.99891
6854.0,1.99198
6856.0,1.98999
6858.0,1.99424
6860.0,2.00599
6862.0,2.00672
6864.0,2.00295
6866.0,1.99281
6868.0,1.97224
6870.0,1.95358
6872.0,1.93797
6874.0,1.92659
6876.0,1.92691
6878.0,1.93788
6880.0,1.94334
6882.0,1.94438
6884.0,1.95433
6886.0,1.97956
6888.0,1.99534
6890.0,1.98988
6892.0,1.97648
6894.0,1.97208
6896.0,1.9694
6898.0,1.97349
6900.0,1.99145
6902.0,1.99497
6904.0,1.98474
6906.0,1.97289
6908.0,1.96186
6910.0,1.95151
6912.0,1.94798
6914.0,1.95096
6916.0,1.94772
6918.0,1.93804
6920.0,1.93539
6922.0,1.94308
6924.0,1.94652
6926.0,1.93526
6928.0,1.92034
6930.0,1.9253
6932.0,1.95055
6934.0,1.94435
6936.0,1.90814
6938.0,1.88813
6940.0,1.88278
6942.0,1.87871
6944.0,1.87107
6946.0,1.86254
6948.0,1.85221
6950.0,1.83736
6952.0,1.83348
6954.0,1.8391
6956.0,1.84398
6958.0,1.853
6960.0,1.85703
6962.0,1.84865
6964.0,1.83364
6966.0,1.82321
6968.0,1.81179
6970.0,1.80635
6972.0,1.80526
6974.0,1.80703
6976.0,1.81596
6978.0,1.82173
6980.0,1.81694
6982.0,1.80618
6984.0,1.79553
6986.0,1.7798
6988.0,1.77203
6990.0,1.77427
6992.0,1.76816
6994.0,1.74795
6996.0,1.73123
6998.0,1.72908
7000.0,1.73592
7002.0,1.75148
7004.0,1.78617
7006.0,1.79828
7008.0,1.79741
7010.0,1.79187
7012.0,1.7778
7014.0,1.76326
7016.0,1.75569
7018.0,1.7513
7020.0,1.74616
7022.0,1.7423
7024.0,1.7372
7026.0,1.72987
7028.0,1.7255
7030.0,1.72681
7032.0,1.7271
7034.0,1.71963
7036.0,1.70784
7038.0,1.70208
7040.0,1.70035
7042.0,1.6971
7044.0,1.69156
7046.0,1.69083
7048.0,1.69896
7050.0,1.70676
7052.0,1.70463
7054.0,1.69691
7056.0,1.69546
7058.0,1.70283
7060.0,1.69634
7062.0,1.67691
7064.0,1.66066
7066.0,1.65089
7068.0,1.64114
7070.0,1.62344
7072.0,1.60062
7074.0,1.60095
7076.0,1.62624
7078.0,1.63798
7080.0,1.64783
7082.0,1.65197
7084.0,1.64765
7086.0,1.64024
7088.0,1.63601
7090.0,1.63248
7092.0,1.6261
7094.0,1.61503
7096.0,1.6095
7098.0,1.60874
7100.0,1.60756
7102.0,1.60431
7104.0,1.60155
7106.0,1.60254
7108.0,1.60656
7110.0,1.60473
7112.0,1.59799
7114.0,1.59286
7116.0,1.58546
7118.0,1.58238
7120.0,1.58807
7122.0,1.59526
7124.0,1.59309
7126.0,1.58462
7128.0,1.58407
7130.0,1.59092
7132.0,1.59164
7134.0,1.5892
7136.0,1.58366
7138.0,1.5705
7140.0,1.55811
7142.0,1.56329
7144.0,1.58234
7146.0,1.58983
7148.0,1.59477
7150.0,1.59414
7152.0,1.58823
7154.0,1.57792
7156.0,1.55953
7158.0,1.5399
7160.0,1.5347
7162.0,1.54074
7164.0,1.53699
7166.0,1.52553
7168.0,1.52115
7170.0,1.52273
7172.0,1.52592
7174.0,1.53154
7176.0,1.53686
7178.0,1.53197
7180.0,1.5163
7182.0,1.5174
7184.0,1.53534
7186.0,1.54224
7188.0,1.54198
7190.0,1.53653
7192.0,1.52355
7194.0,1.50697
7196.0,1.49788
7198.0,1.49209
7200.0,1.48981
7202.0,1.49136
7204.0,1.49549
7206.0,1.50596
7208.0,1.51351
7210.0,1.51208
7212.0,1.50672
7214.0,1.50606
7216.0,1.50877
7218.0,1.50532
7220.0,1.49709
7222.0,1.48892
7224.0,1.47669
7226.0,1.46937
7228.0,1.47514
7230.0,1.48694
7232.0,1.48832
7234.0,1.48746
7236.0,1.47403
7238.0,1.43829
7240.0,1.42037
7242.0,1.41892
7244.0,1.42687
7246.0,1.4477
7248.0,1.47555
7250.0,1.47664
7252.0,1.45192
7254.0,1.44976
7256.0,1.46569
7258.0,1.4689
7260.0,1.4556
7262.0,1.44118
7264.0,1.43295
7266.0,1.428
7268.0,1.43482
7270.0,1.46057
7272.0,1.46405
7274.0,1.44857
7276.0,1.44118
7278.0,1.44475
7280.0,1.44872
7282.0,1.44647
7284.0,1.4414
7286.0,1.43713
7288.0,1.43255
7290.0,1.42712
7292.0,1.41709
7294.0,1.41422
7296.0,1.42517
7298.0,1.43355
7300.0,1.42228
7302.0,1.40025
7304.0,1.39703
7306.0,1.40627
7308.0,1.41428
7310.0,1.43057
7312.0,1.43867
7314.0,1.43375
7316.0,1.42702
7318.0,1.42857
7320.0,1.4338
7322.0,1.43357
7324.0,1.43236
7326.0,1.42537
7328.0,1.41068
7330.0,1.39792
7332.0,1.38704
7334.0,1.37857
7336.0,1.37432
7338.0,1.37346
7340.0,1.37773
7342.0,1.39399
7344.0,1.39678
7346.0,1.38852
7348.0,1.38213
7350.0,1.38092
7352.0,1.37916
7354.0,1.37223
7356.0,1.36215
7358.0,1.34762
7360.0,1.32406
7362.0,1.30851
7364.0,1.2969
7366.0,1.2885
7368.0,1.28467
7370.0,1.28259
7372.0,1.27839
7374.0,1.27382
7376.0,1.26692
7378.0,1.25544
7380.0,1.24909
7382.0,1.24841
7384.0,1.24538
7386.0,1.23896
7388.0,1.22957
7390.0,1.21502
7392.0,1.19539
7394.0,1.1795
7396.0,1.16232
7398.0,1.15117
7400.0,1.14578
7402.0,1.14235
7404.0,1.14298
7406.0,1.14277
7408.0,1.13045
7410.0,1.10833
7412.0,1.0953
7414.0,1.08485
7416.0,1.0786
7418.0,1.08141
7420.0,1.0791
7422.0,1.06631
7424.0,1.04824
7426.0,1.02888
7428.0,1.00514
7430.0,0.988285
7432.0,0.975124
7434.0,0.964503
7436.0,0.959353
7438.0,0.952373
7440.0,0.941155
7442.0,0.927181
7444.0,0.910082
7446.0,0.889916
7448.0,0.867221
7450.0,0.83357
7452.0,0.815621
7454.0,0.813869
7456.0,0.815209
7458.0,0.817915
7460.0,0.820164
7462.0,0.808327
7464.0,0.783574
7466.0,0.768382
7468.0,0.755589
7470.0,0.745933
7472.0,0.742439
7474.0,0.736974
7476.0,0.722342
7478.0,0.705864
7480.0,0.705032
7482.0,0.718512
7484.0,0.719915
7486.0,0.716568
7488.0,0.710769
7490.0,0.701008
7492.0,0.690387
7494.0,0.679903
7496.0,0.669585
7498.0,0.66268
7500.0,0.655886
7502.0,0.659224
7504.0,0.677355
7506.0,0.686261
7508.0,0.684056
7510.0,0.681785
7512.0,0.685295
7514.0,0.691273
7516.0,0.697847
7518.0,0.708322
7520.0,0.711182
7522.0,0.707255
7524.0,0.704622
7526.0,0.701591
7528.0,0.700647
7530.0,0.704587
7532.0,0.711637
7534.0,0.717911
7536.0,0.726255
7538.0,0.730646
7540.0,0.73033
7542.0,0.733055
7544.0,0.740396
7546.0,0.747491
7548.0,0.751218
7550.0,0.753076
7552.0,0.752914
7554.0,0.74726
7556.0,0.749619
7558.0,0.758466
7560.0,0.766457
7562.0,0.772497
7564.0,0.779734
7566.0,0.790551
7568.0,0.803748
7570.0,0.816835
7572.0,0.838419
7574.0,0.840427
7576.0,0.820832
7578.0,0.80996
7580.0,0.808205
7582.0,0.814022
7584.0,0.832758
7586.0,0.861806
7588.0,0.874386
7590.0,0.880545
7592.0,0.876876
7594.0,0.867242
7596.0,0.843143
7598.0,0.786964
7600.0,0.737079
7602.0,0.738399
7604.0,0.772023
7606.0,0.798521
7608.0,0.840485
7610.0,0.86561
7612.0,0.874386
7614.0,0.890773
7616.0,0.925151
7618.0,0.957744
7620.0,0.96784
7622.0,0.963963
7624.0,0.952954
7626.0,0.917317
7628.0,0.908825
7630.0,0.919968
7632.0,0.934397
7634.0,0.951928
7636.0,0.97052
7638.0,0.985085
7640.0,0.99855
7642.0,0.999087
7644.0,0.980436
7646.0,0.976642
7648.0,0.981944
7650.0,0.989603
7652.0,1.00112
7654.0,1.01226
7656.0,1.01327
7658.0,1.00641
7660.0,1.01039
7662.0,1.02153
7664.0,1.03202
7666.0,1.04648
7668.0,1.05688
7670.0,1.0599
7672.0,1.05965
7674.0,1.06048
7676.0,1.06031
7678.0,1.06205
7680.0,1.06928
7682.0,1.06709
7684.0,1.05381
7686.0,1.04241
7688.0,1.03489
7690.0,1.03154
7692.0,1.04007
7694.0,1.06181
7696.0,1.06465
7698.0,1.05067
7700.0,1.04607
7702.0,1.04481
7704.0,1.04991
7706.0,1.06818
7708.0,1.08945
7710.0,1.09074
7712.0,1.07627
7714.0,1.07545
7716.0,1.08293
7718.0,1.08635
7720.0,1.08812
7722.0,1.08738
7724.0,1.08222
7726.0,1.07516
7728.0,1.07168
7730.0,1.06853
7732.0,1.07257
7734.0,1.09062
7736.0,1.09411
7738.0,1.07915
7740.0,1.06693
7742.0,1.06917
7744.0,1.07647
7746.0,1.07491
7748.0,1.06766
7750.0,1.06502
7752.0,1.05984
7754.0,1.0648
7756.0,1.08612
7758.0,1.10375
7760.0,1.10631
7762.0,1.10123
7764.0,1.09583
7766.0,1.08603
7768.0,1.07857
7770.0,1.06876
7772.0,1.06488
7774.0,1.06985
7776.0,1.07417
7778.0,1.07198
7780.0,1.06679
7782.0,1.06127
7784.0,1.04776
7786.0,1.0557
7788.0,1.08452
7790.0,1.10878
7792.0,1.13161
7794.0,1.15063
7796.0,1.16457
7798.0,1.17303
7800.0,1.1648
7802.0,1.13512
7804.0,1.11969
7806.0,1.10742
7808.0,1.09983
7810.0,1.0947
7812.0,1.09708
7814.0,1.11323
7816.0,1.13911
7818.0,1.15967
7820.0,1.18465
7822.0,1.1967
7824.0,1.19585
7826.0,1.19739
7828.0,1.2037
7830.0,1.20792
7832.0,1.20455
7834.0,1.19643
7836.0,1.19093
7838.0,1.18291
7840.0,1.18185
7842.0,1.18833
7844.0,1.19241
7846.0,1.19305
7848.0,1.19286
7850.0,1.19337
7852.0,1.19387
7854.0,1.19327
7856.0,1.18781
7858.0,1.19182
7860.0,1.20349
7862.0,1.21606
7864.0,1.23113
7866.0,1.24497
7868.0,1.25192
7870.0,1.25437
7872.0,1.25837
7874.0,1.26403
7876.0,1.26404
7878.0,1.259
7880.0,1.25294
7882.0,1.24541
7884.0,1.2377
7886.0,1.2318
7888.0,1.22678
7890.0,1.22457
7892.0,1.22327
7894.0,1.22718
7896.0,1.24313
7898.0,1.24837
7900.0,1.23616
7902.0,1.21698
7904.0,1.19834
7906.0,1.17568
7908.0,1.17052
7910.0,1.17962
7912.0,1.1902
7914.0,1.21178
7916.0,1.22613
7918.0,1.22465
7920.0,1.22055
7922.0,1.23095
7924.0,1.25056
7926.0,1.26085
7928.0,1.26731
7930.0,1.27153
7932.0,1.27288
7934.0,1.27212
7936.0,1.2678
7938.0,1.26288
7940.0,1.26353
7942.0,1.26846
7944.0,1.26719
7946.0,1.26085
7948.0,1.25675
7950.0,1.25276
7952.0,1.25058
7954.0,1.25104
7956.0,1.25323
7958.0,1.25634
7960.0,1.26117
7962.0,1.2642
7964.0,1.26725
7966.0,1.26801
7968.0,1.26567
7970.0,1.26355
7972.0,1.26223
7974.0,1.26185
7976.0,1.26535
7978.0,1.27435
7980.0,1.27097
7982.0,1.25676
7984.0,1.24475
7986.0,1.22697
7988.0,1.21869
7990.0,1.23162
7992.0,1.25306
7994.0,1.25905
7996.0,1.25738
7998.0,1.25514
8000.0,1.25017
8002.0,1.24239
8004.0,1.22471
8006.0,1.21559
8008.0,1.22908
8010.0,1.25171
8012.0,1.25605
8014.0,1.24975
8016.0,1.2459
8018.0,1.24241
8020.0,1.23325
8022.0,1.21245
8024.0,1.19725
8026.0,1.20085
8028.0,1.21221
8030.0,1.20741
8032.0,1.19024
8034.0,1.18421
8036.0,1.19223
8038.0,1.18294
8040.0,1.1487
8042.0,1.11715
8044.0,1.10456
8046.0,1.10131
8048.0,1.09879
8050.0,1.09998
8052.0,1.10537
8054.0,1.12332
8056.0,1.12749
8058.0,1.11461
8060.0,1.09829
8062.0,1.08492
8064.0,1.07198
8066.0,1.06658
8068.0,1.06923
8070.0,1.06752
8072.0,1.06505
8074.0,1.0621
8076.0,1.05946
8078.0,1.05519
8080.0,1.04839
8082.0,1.03926
8084.0,1.02443
8086.0,1.00171
8088.0,0.984112
8090.0,0.965183
8092.0,0.952859
8094.0,0.950432
8096.0,0.949504
8098.0,0.943039
8100.0,0.934507
8102.0,0.928753
8104.0,0.926193
8106.0,0.919233
8108.0,0.913349
8110.0,0.898787
8112.0,0.869463
8114.0,0.839491
8116.0,0.821037
8118.0,0.808612
8120.0,0.803219
8122.0,0.80884
8124.0,0.810481
8126.0,0.815773
8128.0,0.814939
8130.0,0.80572
8132.0,0.792803
8134.0,0.778287
8136.0,0.761043
8138.0,0.754483
8140.0,0.756839
8142.0,0.758758
8144.0,0.766625
8146.0,0.769293
8148.0,0.765579
8150.0,0.757011
8152.0,0.742093
8154.0,0.720906
8156.0,0.707084
8158.0,0.698782
8160.0,0.686939
8162.0,0.672312
8164.0,0.659419
8166.0,0.647229
8168.0,0.638513
8170.0,0.640591
8172.0,0.652245
8174.0,0.645366
8176.0,0.621708
8178.0,0.6063
8180.0,0.587372
8182.0,0.581099
8184.0,0.598121
8186.0,0.620672
8188.0,0.625537
8190.0,0.621838
8192.0,0.613471
8194.0,0.595065
8196.0,0.580339
8198.0,0.564116
8200.0,0.552212
8202.0,0.548926
8204.0,0.547646
8206.0,0.537825
8208.0,0.522126
8210.0,0.514505
8212.0,0.51005
8214.0,0.510268
8216.0,0.519513
8218.0,0.524984
8220.0,0.523046
8222.0,0.516426
8224.0,0.504257
8226.0,0.484449
8228.0,0.475408
8230.0,0.469482
8232.0,0.472686
8234.0,0.490166
8236.0,0.504954
8238.0,0.511637
8240.0,0.513725
8242.0,0.51021
8244.0,0.499569
8246.0,0.494344
8248.0,0.494035
8250.0,0.487582
8252.0,0.472706
8254.0,0.460478
8256.0,0.453261
8258.0,0.451267
8260.0,0.463061
8262.0,0.490641
8264.0,0.503575
8266.0,0.512337
8268.0,0.513506
8270.0,0.503399
8272.0,0.492967
8274.0,0.486479
8276.0,0.481908
8278.0,0.481266
8280.0,0.482746
8282.0,0.491928
8284.0,0.517356
8286.0,0.526569
8288.0,0.51567
8290.0,0.50554
8292.0,0.506507
8294.0,0.512193
8296.0,0.519508
8298.0,0.536267
8300.0,0.530346
8302.0,0.495906
8304.0,0.481685
8306.0,0.49118
8308.0,0.502157
8310.0,0.501275
8312.0,0.497434
8314.0,0.50572
8316.0,0.528022
8318.0,0.531936
8320.0,0.519912
8322.0,0.514431
8324.0,0.514767
8326.0,0.517842
8328.0,0.524655
8330.0,0.533637
8332.0,0.533973
8334.0,0.525897
8336.0,0.524247
8338.0,0.525947
8340.0,0.526932
8342.0,0.526004
8344.0,0.526663
8346.0,0.531763
8348.0,0.539672
8350.0,0.546887
8352.0,0.555829
8354.0,0.561847
8356.0,0.56261
8358.0,0.569297
8360.0,0.586743
8362.0,0.60259
8364.0,0.606723
8366.0,0.604104
8368.0,0.600148
8370.0,0.586449
8372.0,0.586976
8374.0,0.599963
8376.0,0.609847
8378.0,0.614787
8380.0,0.619505
8382.0,0.627307
8384.0,0.636638
8386.0,0.643103
8388.0,0.644378
8390.0,0.653718
8392.0,0.674092
8394.0,0.685481
8396.0,0.68224
8398.0,0.676331
8400.0,0.678008
8402.0,0.682795
8404.0,0.688046
8406.0,0.695204
8408.0,0.702356
8410.0,0.712665
8412.0,0.71845
8414.0,0.712849
8416.0,0.70991
8418.0,0.728026
8420.0,0.76041
8422.0,0.779179
8424.0,0.790856
8426.0,0.80465
8428.0,0.81792
8430.0,0.831406
8432.0,0.846078
8434.0,0.860053
8436.0,0.871142
8438.0,0.880369
8440.0,0.88602
8442.0,0.882923
8444.0,0.890399
8446.0,0.910353
8448.0,0.924115
8450.0,0.92323
8452.0,0.920908
8454.0,0.934523
8456.0,0.959015
8458.0,0.970962
8460.0,0.974546
8462.0,0.981074
8464.0,0.984707
8466.0,0.994589
8468.0,1.01647
8470.0,1.04174
8472.0,1.05809
8474.0,1.06977
8476.0,1.08293
8478.0,1.09422
8480.0,1.10817
8482.0,1.1276
8484.0,1.14213
8486.0,1.14609
8488.0,1.14674
8490.0,1.15455
8492.0,1.16579
8494.0,1.17755
8496.0,1.1945
8498.0,1.20438
8500.0,1.20252
8502.0,1.20785
8504.0,1.23165
8506.0,1.26077
8508.0,1.27393
8510.0,1.27742
8512.0,1.28377
8514.0,1.28817
8516.0,1.29353
8518.0,1.29659
8520.0,1.30468
8522.0,1.32386
8524.0,1.34714
8526.0,1.36035
8528.0,1.36646
8530.0,1.37946
8532.0,1.39806
8534.0,1.4125
8536.0,1.42998
8538.0,1.43564
8540.0,1.41478
8542.0,1.38336
8544.0,1.37833
8546.0,1.38894
8548.0,1.39951
8550.0,1.42337
8552.0,1.43348
8554.0,1.42551
8556.0,1.41975
8558.0,1.42787
8560.0,1.44143
8562.0,1.44824
8564.0,1.45026
8566.0,1.45945
8568.0,1.47637
8570.0,1.48793
8572.0,1.49868
8574.0,1.50087
8576.0,1.48311
8578.0,1.45611
8580.0,1.45535
8582.0,1.47371
8584.0,1.4861
8586.0,1.50207
8588.0,1.51536
8590.0,1.5276
8592.0,1.53614
8594.0,1.53727
8596.0,1.53388
8598.0,1.53557
8600.0,1.53615
8602.0,1.54719
8604.0,1.57493
8606.0,1.58973
8608.0,1.59007
8610.0,1.58433
8612.0,1.57461
8614.0,1.56083
8616.0,1.55608
8618.0,1.56287
8620.0,1.55365
8622.0,1.52979
8624.0,1.51169
8626.0,1.495
8628.0,1.48788
8630.0,1.50469
8632.0,1.53692
8634.0,1.54318
8636.0,1.52878
8638.0,1.52656
8640.0,1.52643
8642.0,1.52997
8644.0,1.54033
8646.0,1.5503
8648.0,1.551
8650.0,1.54672
8652.0,1.55571
8654.0,1.58367
8656.0,1.58908
8658.0,1.5753
8660.0,1.56779
8662.0,1.57123
8664.0,1.57582
8666.0,1.57347
8668.0,1.56763
8670.0,1.56858
8672.0,1.57717
8674.0,1.57864
8676.0,1.57262
8678.0,1.57199
8680.0,1.585
8682.0,1.59494
8684.0,1.58056
8686.0,1.54969
8688.0,1.53658
8690.0,1.53276
8692.0,1.52849
8694.0,1.52389
8696.0,1.52589
8698.0,1.53983
8700.0,1.55559
8702.0,1.56073
8704.0,1.56026
8706.0,1.55759
8708.0,1.54801
8710.0,1.54365
8712.0,1.54057
8714.0,1.54157
8716.0,1.55064
8718.0,1.56044
8720.0,1.55873
8722.0,1.54853
8724.0,1.553
8726.0,1.61386
8728.0,1.56671
8730.0,1.38812
8732.0,1.24789
8734.0,1.16893
8736.0,1.14844
8738.0,1.25675
8740.0,1.49925
8742.0,1.56435
8744.0,1.49617
8746.0,1.47831
8748.0,1.47419
8750.0,1.47815
8752.0,1.49716
8754.0,1.51859
8756.0,1.51554
8758.0,1.4937
8760.0,1.49061
8762.0,1.50557
8764.0,1.50196
8766.0,1.47429
8768.0,1.45651
8770.0,1.46436
8772.0,1.48162
8774.0,1.48707
8776.0,1.48711
8778.0,1.49353
8780.0,1.50718
8782.0,1.51335
8784.0,1.51244
8786.0,1.51019
8788.0,1.51199
8790.0,1.51095
8792.0,1.4903
8794.0,1.44919
8796.0,1.43018
8798.0,1.41609
8800.0,1.41975
8802.0,1.45153
8804.0,1.47913
8806.0,1.48981
8808.0,1.49014
8810.0,1.47418
8812.0,1.43701
8814.0,1.41652
8816.0,1.40189
8818.0,1.39061
8820.0,1.39076
8822.0,1.3825
8824.0,1.3479
8826.0,1.30365
8828.0,1.28987
8830.0,1.29624
8832.0,1.30169
8834.0,1.31639
8836.0,1.32844
8838.0,1.34491
8840.0,1.35142
8842.0,1.33359
8844.0,1.30329
8846.0,1.29156
8848.0,1.28763
8850.0,1.28981
8852.0,1.31218
8854.0,1.31264
8856.0,1.28269
8858.0,1.25265
8860.0,1.24173
8862.0,1.23902
8864.0,1.23332
8866.0,1.23217
8868.0,1.22068
8870.0,1.19757
8872.0,1.18034
8874.0,1.17302
8876.0,1.16307
8878.0,1.13884
8880.0,1.10779
8882.0,1.09423
8884.0,1.0963
8886.0,1.08804
8888.0,1.07222
8890.0,1.06359
8892.0,1.05889
8894.0,1.06424
8896.0,1.09163
8898.0,1.13362
8900.0,1.15025
8902.0,1.15234
8904.0,1.15077
8906.0,1.1418
8908.0,1.12714
8910.0,1.10107
8912.0,1.07659
8914.0,1.06613
8916.0,1.064
8918.0,1.06832
8920.0,1.08911
8922.0,1.09357
8924.0,1.09068
8926.0,1.08191
8928.0,1.06405
8930.0,1.04428
8932.0,1.03116
8934.0,1.02098
8936.0,1.00625
8938.0,0.979704
8940.0,0.975041
8942.0,0.991162
8944.0,1.00416
8946.0,1.01007
8948.0,1.0156
8950.0,1.02454
8952.0,1.03518
8954.0,1.04972
8956.0,1.07971
8958.0,1.0833
8960.0,1.0566
8962.0,1.04222
8964.0,1.052
8966.0,1.06699
8968.0,1.07025
8970.0,1.06866
8972.0,1.06611
8974.0,1.06342
8976.0,1.0535
8978.0,1.03119
8980.0,1.01603
8982.0,1.01415
8984.0,1.01697
8986.0,1.01616
8988.0,1.01481
8990.0,1.0169
8992.0,1.01861
8994.0,1.02837
8996.0,1.05481
8998.0,1.06843
9000.0,1.05609
9002.0,1.03591
9004.0,1.02854
9006.0,1.02421
9008.0,1.03702
9010.0,1.07869
9012.0,1.09548
9014.0,1.09294
9016.0,1.08708
9018.0,1.07753
9020.0,1.06918
9022.0,1.07918
9024.0,1.10512
9026.0,1.11301
9028.0,1.109
9030.0,1.10819
9032.0,1.11018
9034.0,1.10814
9036.0,1.09758
9038.0,1.08421
9040.0,1.07731
9042.0,1.07233
9044.0,1.07582
9046.0,1.09376
9048.0,1.10012
9050.0,1.0997
9052.0,1.09191
9054.0,1.07158
9056.0,1.04649
9058.0,1.03562
9060.0,1.03305
9062.0,1.03124
9064.0,1.0392
9066.0,1.03553
9068.0,1.01413
9070.0,0.999684
9072.0,1.00437
9074.0,1.01905
9076.0,1.03555
9078.0,1.06283
9080.0,1.06912
9082.0,1.05979
9084.0,1.04872
9086.0,1.02566
9088.0,1.01207
9090.0,1.02553
9092.0,1.05065
9094.0,1.05416
9096.0,1.04222
9098.0,1.04419
9100.0,1.05582
9102.0,1.06252
9104.0,1.06286
9106.0,1.06465
9108.0,1.07653
9110.0,1.09029
9112.0,1.07878
9114.0,1.04134
9116.0,1.02498
9118.0,1.01456
9120.0,1.01326
9122.0,1.02536
9124.0,1.03958
9126.0,1.0525
9128.0,1.06359
9130.0,1.05118
9132.0,1.01559
9134.0,0.987726
9136.0,0.946411
9138.0,0.928403
9140.0,0.941072
9142.0,0.960494
9144.0,0.974232
9146.0,0.98719
9148.0,0.983649
9150.0,0.957986
9152.0,0.953884
9154.0,0.95974
9156.0,0.971738
9158.0,0.995975
9160.0,1.01854
9162.0,1.02742
9164.0,1.02839
9166.0,1.02379
9168.0,1.00648
9170.0,0.999914
9172.0,0.998276
9174.0,0.998505
9176.0,1.00282
9178.0,1.00629
9180.0,1.00215
9182.0,0.993756
9184.0,0.995795
9186.0,1.01293
9188.0,1.01124
9190.0,0.993304
9192.0,0.980431
9194.0,0.972923
9196.0,0.970389
9198.0,0.977167
9200.0,0.991472
9202.0,0.996617
9204.0,0.99757
9206.0,0.996521
9208.0,0.991438
9210.0,0.986479
9212.0,0.976816
9214.0,0.973166
9216.0,0.995332
9218.0,1.03689
9220.0,1.03585
9222.0,0.992153
9224.0,0.976197
9226.0,0.973659
9228.0,0.972707
9230.0,0.966618
9232.0,0.967966
9234.0,0.997556
9236.0,1.05058
9238.0,1.05995
9240.0,1.02349
9242.0,1.02284
9244.0,1.05888
9246.0,1.07209
9248.0,1.04267
9250.0,0.999492
9252.0,0.969822
9254.0,0.941289
9256.0,0.928255
9258.0,0.931822
9260.0,0.932742
9262.0,0.9378
9264.0,0.940387
9266.0,0.937106
9268.0,0.932799
9270.0,0.933876
9272.0,0.938336
9274.0,0.940707
9276.0,0.951306
9278.0,0.941769
9280.0,0.902948
9282.0,0.876672
9284.0,0.87643
9286.0,0.889292
9288.0,0.909095
9290.0,0.944239
9292.0,0.947341
9294.0,0.921496
9296.0,0.905751
9298.0,0.884895
9300.0,0.879514
9302.0,0.906826
9304.0,0.944161
9306.0,0.950492
9308.0,0.937089
9310.0,0.935015
9312.0,0.92917
9314.0,0.93697
9316.0,0.97002
9318.0,0.989187
9320.0,0.971061
9322.0,0.939879
9324.0,0.935846
9326.0,0.948794
9328.0,0.948321
9330.0,0.952635
9332.0,0.933529
9334.0,0.872759
9336.0,0.829727
9338.0,0.832606
9340.0,0.861386
9342.0,0.903715
9344.0,0.980005
9346.0,1.00489
9348.0,0.997093
9350.0,0.980314
9352.0,0.938642
9354.0,0.904598
9356.0,0.89526
9358.0,0.900693
9360.0,0.921231
9362.0,0.971735
9364.0,0.978515
9366.0,0.944532
9368.0,0.930767
9370.0,0.929065
9372.0,0.942092
9374.0,0.987003
9376.0,1.04466
9378.0,1.04269
9380.0,0.990573
9382.0,0.963551
9384.0,0.93924
9386.0,0.91692
9388.0,0.893758
9390.0,0.876908
9392.0,0.873938
9394.0,0.879031
9396.0,0.874215
9398.0,0.864393
9400.0,0.855791
9402.0,0.833469
9404.0,0.83761
9406.0,0.876489
9408.0,0.923227
9410.0,0.967596
9412.0,1.01142
9414.0,1.01356
9416.0,0.972584
9418.0,0.950947
9420.0,0.929706
9422.0,0.910493
9424.0,0.893481
9426.0,0.878082
9428.0,0.864869
9430.0,0.853259
9432.0,0.836881
9434.0,0.816637
9436.0,0.797355
9438.0,0.761849
9440.0,0.757405
9442.0,0.802654
9444.0,0.852465
9446.0,0.869204
9448.0,0.870299
9450.0,0.866744
9452.0,0.842909
9454.0,0.840681
9456.0,0.862224
9458.0,0.865301
9460.0,0.833144
9462.0,0.802738
9464.0,0.811369
9466.0,0.842752
9468.0,0.856668
9470.0,0.867238
9472.0,0.872397
9474.0,0.871746
9476.0,0.868128
9478.0,0.856592
9480.0,0.848033
9482.0,0.860287
9484.0,0.887089
9486.0,0.883915
9488.0,0.860957
9490.0,0.833888
9492.0,0.78228
9494.0,0.753128
9496.0,0.758526
9498.0,0.779182
9500.0,0.801562
9502.0,0.832725
9504.0,0.84872
9506.0,0.863089
9508.0,0.856613
9510.0,0.815584
9512.0,0.792458
9514.0,0.804157
9516.0,0.826156
9518.0,0.834224
9520.0,0.837602
9522.0,0.845208
9524.0,0.853253
9526.0,0.864743
9528.0,0.888888
9530.0,0.897952
9532.0,0.876123
9534.0,0.847415
9536.0,0.845827
9538.0,0.860754
9540.0,0.862478
9542.0,0.857663
9544.0,0.855796
9546.0,0.857777
9548.0,0.855526
9550.0,0.842202
9552.0,0.828204
9554.0,0.834135
9556.0,0.858793
9558.0,0.84675
9560.0,0.787231
9562.0,0.773219
9564.0,0.808868
9566.0,0.833352
9568.0,0.823569
9570.0,0.801
9572.0,0.784797
9574.0,0.764908
9576.0,0.759598
9578.0,0.777423
9580.0,0.772009
9582.0,0.73319
9584.0,0.710124
9586.0,0.731117
9588.0,0.7668
9590.0,0.769728
9592.0,0.753875
9594.0,0.743584
9596.0,0.725358
9598.0,0.718296
9600.0,0.722079
9602.0,0.729587
9604.0,0.74309
9606.0,0.756636
9608.0,0.745811
9610.0,0.707851
9612.0,0.707244
9614.0,0.74301
9616.0,0.755342
9618.0,0.743313
9620.0,0.730664
9622.0,0.730052
9624.0,0.731788
9626.0,0.719909
9628.0,0.692336
9630.0,0.688315
9632.0,0.700328
9634.0,0.714526
9636.0,0.740563
9638.0,0.758204
9640.0,0.750142
9642.0,0.729883
9644.0,0.727409
9646.0,0.735457
9648.0,0.737834
9650.0,0.749625
9652.0,0.739077
9654.0,0.69256
9656.0,0.651268
9658.0,0.640464
9660.0,0.646577
9662.0,0.665134
9664.0,0.715059
9666.0,0.722978
9668.0,0.696574
9670.0,0.679379
9672.0,0.670782
9674.0,0.66457
9676.0,0.659644
9678.0,0.656286
9680.0,0.650834
9682.0,0.636264
9684.0,0.645494
9686.0,0.683671
9688.0,0.705688
9690.0,0.709705
9692.0,0.705285
9694.0,0.692871
9696.0,0.673505
9698.0,0.671925
9700.0,0.689986
9702.0,0.688851
9704.0,0.673409
9706.0,0.663013
9708.0,0.658513
9710.0,0.656884
9712.0,0.658379
9714.0,0.662707
9716.0,0.662189
9718.0,0.662936
9720.0,0.652593
9722.0,0.619515
9724.0,0.608785
9726.0,0.634462
9728.0,0.665368
9730.0,0.669568
9732.0,0.661036
9734.0,0.689045
9736.0,0.771044
9738.0,0.789653
9740.0,0.76934
9742.0,0.734332
9744.0,0.668902
9746.0,0.608663
9748.0,0.605633
9750.0,0.639443
9752.0,0.640363
9754.0,0.620715
9756.0,0.617567
9758.0,0.629165
9760.0,0.632345
9762.0,0.619674
9764.0,0.603924
9766.0,0.597991
9768.0,0.596902
9770.0,0.592313
9772.0,0.590209
9774.0,0.57961
9776.0,0.558456
9778.0,0.540365
9780.0,0.520965
9782.0,0.511499
9784.0,0.537232
9786.0,0.592894
9788.0,0.613509
9790.0,0.618895
9792.0,0.613292
9794.0,0.58242
9796.0,0.56355
9798.0,0.574737
9800.0,0.589696
9802.0,0.571178
9804.0,0.527861
9806.0,0.521957
9808.0,0.545692
9810.0,0.55866
9812.0,0.570793
9814.0,0.578678
9816.0,0.580511
9818.0,0.578316
9820.0,0.573281
9822.0,0.563302
9824.0,0.561644
9826.0,0.568762
9828.0,0.569351
9830.0,0.564683
9832.0,0.55952
9834.0,0.554669
9836.0,0.550092
9838.0,0.548424
9840.0,0.550606
9842.0,0.543018
9844.0,0.518144
9846.0,0.51429
9848.0,0.531614
9850.0,0.551344
9852.0,0.575129
9854.0,0.593947
9856.0,0.571348
9858.0,0.506563
9860.0,0.488826
9862.0,0.493354
9864.0,0.510766
9866.0,0.563591
9868.0,0.596629
9870.0,0.577714
9872.0,0.534563
9874.0,0.505427
9876.0,0.469876
9878.0,0.46162
9880.0,0.48268
9882.0,0.493693
9884.0,0.500941
9886.0,0.502455
9888.0,0.492568
9890.0,0.477567
9892.0,0.475466
9894.0,0.484491
9896.0,0.480569
9898.0,0.460507
9900.0,0.457377
9902.0,0.478702
9904.0,0.495505
9906.0,0.489365
9908.0,0.473115
9910.0,0.466872
9912.0,0.462401
9914.0,0.464135
9916.0,0.477385
9918.0,0.481479
9920.0,0.478154
9922.0,0.4681
9924.0,0.442983
9926.0,0.412137
9928.0,0.422443
9930.0,0.485205
9932.0,0.481397
9934.0,0.405318
9936.0,0.383581
9938.0,0.437919
9940.0,0.492872
9942.0,0.497079
9944.0,0.479084
9946.0,0.478326
9948.0,0.479671
9950.0,0.48831
9952.0,0.516366
9954.0,0.52234
9956.0,0.48964
9958.0,0.462439
9960.0,0.479495
9962.0,0.519876
9964.0,0.535681
9966.0,0.540576
9968.0,0.545427
9970.0,0.543951
9972.0,0.545477
9974.0,0.547604
9976.0,0.555301
9978.0,0.58015
9980.0,0.615685
9982.0,0.61542
9984.0,0.594889
9986.0,0.55525
9988.0,0.462184
9990.0,0.416453
9992.0,0.443513
9994.0,0.48648
9996.0,0.499686
9998.0,0.503452
10000.0,0.504925
10002.0,0.497794
10004.0,0.495535
10006.0,0.483987
10008.0,0.493548
10010.0,0.541268
10012.0,0.591964
10014.0,0.611108
10016.0,0.613835
10018.0,0.593921
10020.0,0.532873
10022.0,0.500988
10024.0,0.479201
10026.0,0.46876
10028.0,0.472491
10030.0,0.48469
10032.0,0.497313
10034.0,0.513148
10036.0,0.543544
10038.0,0.631639
10040.0,0.61877
10042.0,0.491335
10044.0,0.400762
10046.0,0.374405
10048.0,0.383028
10050.0,0.430014
10052.0,0.523365
10054.0,0.541584
10056.0,0.497464
10058.0,0.480376
10060.0,0.465988
10062.0,0.464076
10064.0,0.48442
10066.0,0.510716
10068.0,0.518991
10070.0,0.517931
10072.0,0.517341
10074.0,0.509336
10076.0,0.509641
10078.0,0.525422
10080.0,0.527468
10082.0,0.491247
10084.0,0.454315
10086.0,0.48681
10088.0,0.579647
10090.0,0.579914
10092.0,0.488478
10094.0,0.461965
10096.0,0.492289
10098.0,0.516717
10100.0,0.515047
10102.0,0.504406
10104.0,0.496957
10106.0,0.490433
10108.0,0.467692
10110.0,0.410543
10112.0,0.395636
10114.0,0.432864
10116.0,0.458736
10118.0,0.436773
10120.0,0.405847
10122.0,0.431518
10124.0,0.501276
10126.0,0.538658
10128.0,0.58065
10130.0,0.584672
10132.0,0.536059
10134.0,0.491434
10136.0,0.481075
10138.0,0.479329
10140.0,0.447741
10142.0,0.38525
10144.0,0.376903
10146.0,0.410719
10148.0,0.44161
10150.0,0.476925
10152.0,0.514178
10154.0,0.565133
10156.0,0.610587
10158.0,0.576979
10160.0,0.464025
10162.0,0.408518
10164.0,0.347753
10166.0,0.348117
10168.0,0.443313
10170.0,0.527779
10172.0,0.527882
10174.0,0.49793
10176.0,0.540939
10178.0,0.649483
10180.0,0.686213
10182.0,0.688807
10184.0,0.668759
10186.0,0.604462
10188.0,0.546631
10190.0,0.539073
10192.0,0.551331
10194.0,0.512175
10196.0,0.416368
10198.0,0.394725
10200.0,0.429238
10202.0,0.455269
10204.0,0.476204
10206.0,0.495799
10208.0,0.517912
10210.0,0.537844
10212.0,0.520671
10214.0,0.444145
10216.0,0.446216
10218.0,0.524294
10220.0,0.56236
10222.0,0.554419
10224.0,0.529075
10226.0,0.501678
10228.0,0.4642
10230.0,0.401136
10232.0,0.252513
10234.0,0.264245
10236.0,0.455961
10238.0,0.552597
10240.0,0.514608
10242.0,0.450689
10244.0,0.428858
10246.0,0.41811
10248.0,0.429304
10250.0,0.498447
10252.0,0.484046
10254.0,0.36019
10256.0,0.325368
10258.0,0.44065
10260.0,0.568417
10262.0,0.591318
10264.0,0.561694
10266.0,0.513323
10268.0,0.359744
10270.0,0.360254
10272.0,0.501254
10274.0,0.609076
10276.0,0.6773
10278.0,0.710143
10280.0,0.667169
10282.0,0.561292
10284.0,0.564763
10286.0,0.678221
10288.0,0.703326
10290.0,0.676926
10292.0,0.64507
10294.0,0.590321
10296.0,0.554478
10298.0,0.619977
10300.0,0.762981
10302.0,0.770896
10304.0,0.628705
10306.0,0.624124
10308.0,0.74473
10310.0,0.82046
10312.0,0.816527
10314.0,0.775121
10316.0,0.705109
10318.0,0.591521
10320.0,0.583676
10322.0,0.663625
10324.0,0.728796
10326.0,0.826009
10328.0,0.891286
10330.0,0.888288
10332.0,0.87291
10334.0,0.935389
10336.0,1.0622
10338.0,1.02063
10340.0,0.776782
10342.0,0.69152
10344.0,0.731046
10346.0,0.771619
10348.0,0.776585
10350.0,0.782971
10352.0,0.829321
10354.0,0.917697
10356.0,0.904182
10358.0,0.786637
10360.0,0.722411
10362.0,0.661377
10364.0,0.654293
10366.0,0.748859
10368.0,0.878755
10370.0,0.925608
10372.0,0.926563
10374.0,0.943701
10376.0,0.967962
10378.0,0.965348
10380.0,0.926546
10382.0,0.893058
10384.0,0.881615
10386.0,0.878736
10388.0,0.876208
10390.0,0.88479
10392.0,0.857075
10394.0,0.788413
10396.0,0.741234
10398.0,0.678676
10400.0,0.670993
10402.0,0.78133
10404.0,0.93971
10406.0,0.997556
10408.0,0.997761
10410.0,1.0107
10412.0,1.02619
10414.0,1.00773
10416.0,0.923663
10418.0,0.869258
10420.0,0.91104
10422.0,0.991111
10424.0,0.994978
10426.0,0.934578
10428.0,0.962009
10430.0,1.08729
10432.0,1.13293
10434.0,1.08542
10436.0,1.03395
10438.0,1.02416
10440.0,1.02802
10442.0,1.02435
10444.0,1.03149
10446.0,0.99998
10448.0,0.908174
10450.0,0.869985
10452.0,0.895318
10454.0,0.931147
10456.0,0.949587
10458.0,0.965667
10460.0,0.98573
10462.0,1.01404
10464.0,1.02257
10466.0,1.03263
10468.0,1.00434
10470.0,0.899007
10472.0,0.818076
10474.0,0.855732
10476.0,0.951105
10478.0,0.939161
10480.0,0.853502
10482.0,0.792037
10484.0,0.680884
10486.0,0.656889
10488.0,0.767453
10490.0,0.882651
10492.0,0.897788
10494.0,0.868121
10496.0,0.88808
10498.0,0.951692
10500.0,0.957901
