3310.0,0.0840108
3312.0,0.0497674
3314.0,0.0804553
3316.0,-0.0258399
3318.0,-0.012223
3320.0,0.010045
3322.0,0.0423985
3324.0,0.0936088
3326.0,0.00182743
3328.0,0.102526
3330.0,0.191236
3332.0,0.104251
3334.0,-0.0380389
3336.0,0.0787882
3338.0,0.174991
3340.0,0.0960192
3342.0,-0.0390574
3344.0,0.0692521
3346.0,0.0329807
3348.0,0.0201135
3350.0,0.0535839
3352.0,0.160658
3354.0,0.140633
3356.0,0.151278
3358.0,0.132085
3360.0,0.166092
3362.0,0.215013
3364.0,0.172202
3366.0,0.126378
3368.0,0.140218
3370.0,0.124086
3372.0,0.142823
3374.0,0.251072
3376.0,0.0740924
3378.0,0.110366
3380.0,0.144976
3382.0,0.072508
3384.0,0.0670428
3386.0,0.248709
3388.0,0.233051
3390.0,0.11507
3392.0,0.0226412
3394.0,0.0981161
3396.0,0.12329
3398.0,0.145136
3400.0,0.159107
3402.0,0.199557
3404.0,0.133702
3406.0,0.137931
3408.0,0.158189
3410.0,0.175161
3412.0,0.15379
3414.0,0.19259
3416.0,0.0865497
3418.0,0.122435
3420.0,0.132135
3422.0,0.133278
3424.0,0.185313
3426.0,0.18752
3428.0,0.161066
3430.0,0.13173
3432.0,0.127086
3434.0,0.175935
3436.0,0.101707
3438.0,0.0222034
3440.0,0.0835437
3442.0,0.0853592
3444.0,0.0945395
3446.0,0.129941
3448.0,0.19518
3450.0,0.164421
3452.0,0.126773
3454.0,0.16924
3456.0,0.165752
3458.0,0.115221
3460.0,0.133995
3462.0,0.11148
3464.0,0.144791
3466.0,0.15145
3468.0,0.175179
3470.0,0.105708
3472.0,0.19084
3474.0,0.190331
3476.0,0.142151
3478.0,0.100331
3480.0,0.0893613
3482.0,0.134392
3484.0,0.1567
3486.0,0.208846
3488.0,0.205815
3490.0,0.172656
3492.0,0.123486
3494.0,0.141335
3496.0,0.171576
3498.0,0.151691
3500.0,0.168757
3502.0,0.173024
3504.0,0.154619
3506.0,0.185003
3508.0,0.132473
3510.0,0.167036
3512.0,0.165511
3514.0,0.158476
3516.0,0.211223
3518.0,0.181976
3520.0,0.159248
3522.0,0.222379
3524.0,0.214151
3526.0,0.16668
3528.0,0.187518
3530.0,0.184127
3532.0,0.149032
3534.0,0.216118
3536.0,0.177504
3538.0,0.149659
3540.0,0.209681
3542.0,0.225703
3544.0,0.126283
3546.0,0.0900843
3548.0,0.165413
3550.0,0.2109
3552.0,0.186228
3554.0,0.195172
3556.0,0.209797
3558.0,0.166074
3560.0,0.127471
3562.0,0.157161
3564.0,0.175368
3566.0,0.172815
3568.0,0.204617
3570.0,0.161416
3572.0,0.176915
3574.0,0.143192
3576.0,0.238982
3578.0,0.171399
3580.0,0.118604
3582.0,0.204958
3584.0,0.26059
3586.0,0.217801
3588.0,0.157238
3590.0,0.179757
3592.0,0.0587556
3594.0,0.062549
3596.0,0.140781
3598.0,0.138213
3600.0,0.169852
3602.0,0.146877
3604.0,0.115146
3606.0,0.178732
3608.0,0.249369
3610.0,0.146249
3612.0,0.162877
3614.0,0.204588
3616.0,0.118922
3618.0,0.142449
3620.0,0.152404
3622.0,0.117796
3624.0,0.153622
3626.0,0.19991
3628.0,0.116437
3630.0,0.124317
3632.0,0.231756
3634.0,0.142184
3636.0,0.17482
3638.0,0.148614
3640.0,0.130525
3642.0,0.126207
3644.0,0.176713
3646.0,0.135494
3648.0,0.116426
3650.0,0.222599
3652.0,0.150505
3654.0,0.160141
3656.0,0.178448
3658.0,0.118994
3660.0,0.134063
3662.0,0.140267
3664.0,0.180549
3666.0,0.103251
3668.0,0.145519
3670.0,0.198499
3672.0,0.17895
3674.0,0.134521
3676.0,0.118631
3678.0,0.135874
3680.0,0.119725
3682.0,0.135866
3684.0,0.157095
3686.0,0.110478
3688.0,0.130787
3690.0,0.0896994
3692.0,0.0621178
3694.0,0.117535
3696.0,0.14371
3698.0,0.136563
3700.0,0.123171
3702.0,0.128082
3704.0,0.162045
3706.0,0.18232
3708.0,0.19401
3710.0,0.173458
3712.0,0.16308
3714.0,0.161524
3716.0,0.158035
3718.0,0.187093
3720.0,0.169047
3722.0,0.186416
3724.0,0.198002
3726.0,0.194499
3728.0,0.224317
3730.0,0.276294
3732.0,0.29404
3734.0,0.276189
3736.0,0.270871
3738.0,0.263192
3740.0,0.284174
3742.0,0.292581
3744.0,0.273746
3746.0,0.331889
3748.0,0.334179
3750.0,0.304234
3752.0,0.288168
3754.0,0.289959
3756.0,0.296193
3758.0,0.329835
3760.0,0.323842
3762.0,0.31686
3764.0,0.298108
3766.0,0.234743
3768.0,0.227145
3770.0,0.231451
3772.0,0.239745
3774.0,0.250438
3776.0,0.278411
3778.0,0.29936
3780.0,0.282646
3782.0,0.240593
3784.0,0.222383
3786.0,0.219277
3788.0,0.217661
3790.0,0.232768
3792.0,0.209424
3794.0,0.218091
3796.0,0.195689
3798.0,0.209925
3800.0,0.210139
3802.0,0.177582
3804.0,0.193485
3806.0,0.19808
3808.0,0.177188
3810.0,0.244471
3812.0,0.197766
3814.0,0.170456
3816.0,0.178025
3818.0,0.159853
3820.0,0.170514
3822.0,0.148667
3824.0,0.139642
3826.0,0.132838
3828.0,0.176508
3830.0,0.192847
3832.0,0.14479
3834.0,0.18533
3836.0,0.16954
3838.0,0.16567
3840.0,0.156197
3842.0,0.135501
3844.0,0.128145
3846.0,0.163058
3848.0,0.170952
3850.0,0.18496
3852.0,0.159144
3854.0,0.144674
3856.0,0.120892
3858.0,0.132648
3860.0,0.150144
3862.0,0.158238
3864.0,0.145107
3866.0,0.121481
3868.0,0.116665
3870.0,0.129543
3872.0,0.163944
3874.0,0.149439
3876.0,0.139225
3878.0,0.12985
3880.0,0.137721
3882.0,0.142995
3884.0,0.135601
3886.0,0.135071
3888.0,0.153367
3890.0,0.183368
3892.0,0.147258
3894.0,0.128692
3896.0,0.157623
3898.0,0.127809
3900.0,0.145114
3902.0,0.150843
3904.0,0.178853
3906.0,0.170072
3908.0,0.181986
3910.0,0.215507
3912.0,0.191172
3914.0,0.201515
3916.0,0.206477
3918.0,0.162709
3920.0,0.16918
3922.0,0.171659
3924.0,0.167175
3926.0,0.181525
3928.0,0.172529
3930.0,0.177904
3932.0,0.209744
3934.0,0.217373
3936.0,0.220225
3938.0,0.233499
3940.0,0.231361
3942.0,0.220205
3944.0,0.202919
3946.0,0.205839
3948.0,0.222906
3950.0,0.231735
3952.0,0.231439
3954.0,0.21606
3956.0,0.255907
3958.0,0.261194
3960.0,0.265035
3962.0,0.253412
3964.0,0.282413
3966.0,0.305558
3968.0,0.327511
3970.0,0.326034
3972.0,0.30526
3974.0,0.297891
3976.0,0.322936
3978.0,0.314841
3980.0,0.339209
3982.0,0.344522
3984.0,0.321542
3986.0,0.328944
3988.0,0.386229
3990.0,0.401678
3992.0,0.353293
3994.0,0.374504
3996.0,0.427272
3998.0,0.427063
4000.0,0.424499
4002.0,0.437812
4004.0,0.449683
4006.0,0.504283
4008.0,0.470392
4010.0,0.483719
4012.0,0.484961
4014.0,0.483917
4016.0,0.499974
4018.0,0.503946
4020.0,0.508418
4022.0,0.56216
4024.0,0.578622
4026.0,0.552921
4028.0,0.53614
4030.0,0.526076
4032.0,0.563968
4034.0,0.57052
4036.0,0.534529
4038.0,0.523916
4040.0,0.526439
4042.0,0.51376
4044.0,0.470562
4046.0,0.483398
4048.0,0.49444
4050.0,0.582854
4052.0,0.55842
4054.0,0.531727
4056.0,0.515588
4058.0,0.497983
4060.0,0.468161
4062.0,0.453842
4064.0,0.437834
4066.0,0.407916
4068.0,0.385755
4070.0,0.370871
4072.0,0.389101
4074.0,0.363055
4076.0,0.38257
4078.0,0.365007
4080.0,0.310556
4082.0,0.338739
4084.0,0.334321
4086.0,0.320251
4088.0,0.352803
4090.0,0.342811
4092.0,0.289434
4094.0,0.272224
4096.0,0.274046
4098.0,0.286678
4100.0,0.271963
4102.0,0.277663
4104.0,0.284345
4106.0,0.307341
4108.0,0.333039
4110.0,0.296906
4112.0,0.297418
4114.0,0.320843
4116.0,0.317292
4118.0,0.356512
4120.0,0.335108
4122.0,0.310613
4124.0,0.338704
4126.0,0.334332
4128.0,0.352192
4130.0,0.357877
4132.0,0.344594
4134.0,0.360261
4136.0,0.34171
4138.0,0.384499
4140.0,0.391095
4142.0,0.35485
4144.0,0.34294
4146.0,0.382659
4148.0,0.386144
4150.0,0.393674
4152.0,0.399181
4154.0,0.390276
4156.0,0.383061
4158.0,0.372614
4160.0,0.411412
4162.0,0.401284
4164.0,0.406157
4166.0,0.434187
4168.0,0.422478
4170.0,0.370279
4172.0,0.39118
4174.0,0.408
4176.0,0.451923
4178.0,0.426089
4180.0,0.400274
4182.0,0.401981
4184.0,0.38815
4186.0,0.383453
4188.0,0.367384
4190.0,0.353488
4192.0,0.321225
4194.0,0.315489
4196.0,0.319893
4198.0,0.299944
4200.0,0.288011
4202.0,0.294511
4204.0,0.29483
4206.0,0.301587
4208.0,0.288734
4210.0,0.294891
4212.0,0.267871
4214.0,0.258476
4216.0,0.239266
4218.0,0.213792
4220.0,0.232026
4222.0,0.260327
4224.0,0.239807
4226.0,0.240344
4228.0,0.226971
4230.0,0.230937
4232.0,0.239509
4234.0,0.249058
4236.0,0.254153
4238.0,0.239093
4240.0,0.21898
4242.0,0.198263
4244.0,0.220406
4246.0,0.226473
4248.0,0.234242
4250.0,0.249855
4252.0,0.224435
4254.0,0.263923
4256.0,0.261656
4258.0,0.230809
4260.0,0.224077
4262.0,0.22812
4264.0,0.230645
4266.0,0.240679
4268.0,0.267542
4270.0,0.259506
4272.0,0.239211
4274.0,0.264947
4276.0,0.289194
4278.0,0.259315
4280.0,0.264001
4282.0,0.289255
4284.0,0.307122
4286.0,0.294492
4288.0,0.300002
4290.0,0.278746
4292.0,0.26881
4294.0,0.295041
4296.0,0.281987
4298.0,0.250325
4300.0,0.251435
4302.0,0.288881
4304.0,0.258335
4306.0,0.254253
4308.0,0.245331
4310.0,0.264855
4312.0,0.277518
4314.0,0.254073
4316.0,0.28534
4318.0,0.262431
4320.0,0.260835
4322.0,0.254326
4324.0,0.2423
4326.0,0.256505
4328.0,0.272511
4330.0,0.237799
4332.0,0.26825
4334.0,0.257352
4336.0,0.230481
4338.0,0.228007
4340.0,0.253499
4342.0,0.271261
4344.0,0.264925
4346.0,0.245175
4348.0,0.238037
4350.0,0.225224
4352.0,0.219014
4354.0,0.175625
4356.0,0.218693
4358.0,0.236142
4360.0,0.259319
4362.0,0.250952
4364.0,0.242759
4366.0,0.257064
4368.0,0.216513
4370.0,0.192126
4372.0,0.227838
4374.0,0.221983
4376.0,0.219287
4378.0,0.244415
4380.0,0.237878
4382.0,0.210249
4384.0,0.206831
4386.0,0.209948
4388.0,0.201893
4390.0,0.217645
4392.0,0.205352
4394.0,0.21211
4396.0,0.215272
4398.0,0.209943
4400.0,0.211971
4402.0,0.201458
4404.0,0.207846
4406.0,0.201639
4408.0,0.227002
4410.0,0.231201
4412.0,0.218453
4414.0,0.217923
4416.0,0.230755
4418.0,0.231648
4420.0,0.217242
4422.0,0.200009
4424.0,0.202998
4426.0,0.185005
4428.0,0.195568
4430.0,0.212292
4432.0,0.209884
4434.0,0.223293
4436.0,0.21818
4438.0,0.208055
4440.0,0.197813
4442.0,0.217211
4444.0,0.240775
4446.0,0.203602
4448.0,0.183785
4450.0,0.227432
4452.0,0.232413
4454.0,0.219724
4456.0,0.221675
4458.0,0.20453
4460.0,0.189798
4462.0,0.195327
4464.0,0.212077
4466.0,0.211544
4468.0,0.210017
4470.0,0.216372
4472.0,0.211085
4474.0,0.208087
4476.0,0.222086
4478.0,0.194771
4480.0,0.178518
4482.0,0.181967
4484.0,0.208418
4486.0,0.238722
4488.0,0.23776
4490.0,0.221236
4492.0,0.255402
4494.0,0.274179
4496.0,0.253092
4498.0,0.249985
4500.0,0.228777
4502.0,0.233598
4504.0,0.249496
4506.0,0.290249
4508.0,0.296382
4510.0,0.276344
4512.0,0.281403
4514.0,0.290679
4516.0,0.305168
4518.0,0.32708
4520.0,0.322306
4522.0,0.350029
4524.0,0.35245
4526.0,0.339011
4528.0,0.373841
4530.0,0.359121
4532.0,0.329899
4534.0,0.350492
4536.0,0.381225
4538.0,0.413658
4540.0,0.383384
4542.0,0.368047
4544.0,0.368086
4546.0,0.389544
4548.0,0.435842
4550.0,0.417501
4552.0,0.411285
4554.0,0.396807
4556.0,0.422793
4558.0,0.447998
4560.0,0.454889
4562.0,0.470241
4564.0,0.462601
4566.0,0.456846
4568.0,0.474936
4570.0,0.467757
4572.0,0.461584
4574.0,0.458018
4576.0,0.475127
4578.0,0.482504
4580.0,0.486585
4582.0,0.494044
4584.0,0.482112
4586.0,0.485369
4588.0,0.489074
4590.0,0.500814
4592.0,0.492543
4594.0,0.489266
4596.0,0.507711
4598.0,0.515089
4600.0,0.523655
4602.0,0.522126
4604.0,0.51704
4606.0,0.506399
4608.0,0.534816
4610.0,0.537275
4612.0,0.509642
4614.0,0.510318
4616.0,0.508944
4618.0,0.506198
4620.0,0.498379
4622.0,0.493499
4624.0,0.512423
4626.0,0.508437
4628.0,0.503353
4630.0,0.523796
4632.0,0.519898
4634.0,0.539286
4636.0,0.543026
4638.0,0.51283
4640.0,0.505632
4642.0,0.513813
4644.0,0.505619
4646.0,0.496876
4648.0,0.54008
4650.0,0.573472
4652.0,0.531941
4654.0,0.543183
4656.0,0.530854
4658.0,0.501206
4660.0,0.467817
4662.0,0.4787
4664.0,0.505258
4666.0,0.491899
4668.0,0.476083
4670.0,0.495195
4672.0,0.488848
4674.0,0.48984
4676.0,0.501718
4678.0,0.495237
4680.0,0.482844
4682.0,0.446064
4684.0,0.452694
4686.0,0.449298
4688.0,0.455837
4690.0,0.475007
4692.0,0.451147
4694.0,0.410995
4696.0,0.439589
4698.0,0.431458
4700.0,0.421401
4702.0,0.435381
4704.0,0.432753
4706.0,0.427866
4708.0,0.425982
4710.0,0.450039
4712.0,0.455528
4714.0,0.42173
4716.0,0.418252
4718.0,0.438329
4720.0,0.449908
4722.0,0.423153
4724.0,0.409147
4726.0,0.419042
4728.0,0.410108
4730.0,0.404706
4732.0,0.418948
4734.0,0.424664
4736.0,0.427249
4738.0,0.394356
4740.0,0.394664
4742.0,0.414163
4744.0,0.422883
4746.0,0.418172
4748.0,0.40709
4750.0,0.406102
4752.0,0.410766
4754.0,0.41495
4756.0,0.409026
4758.0,0.398052
4760.0,0.40901
4762.0,0.420271
4764.0,0.402087
4766.0,0.397879
4768.0,0.423283
4770.0,0.405079
4772.0,0.387873
4774.0,0.384249
4776.0,0.37034
4778.0,0.389209
4780.0,0.381588
4782.0,0.376009
4784.0,0.382815
4786.0,0.361247
4788.0,0.359005
4790.0,0.370369
4792.0,0.36473
4794.0,0.365495
4796.0,0.366218
4798.0,0.363837
4800.0,0.372592
4802.0,0.375849
4804.0,0.391854
4806.0,0.382919
4808.0,0.377324
4810.0,0.391147
4812.0,0.386394
4814.0,0.367727
4816.0,0.373071
4818.0,0.380162
4820.0,0.392218
4822.0,0.393948
4824.0,0.376651
4826.0,0.387613
4828.0,0.392764
4830.0,0.416795
4832.0,0.399581
4834.0,0.415063
4836.0,0.436133
4838.0,0.436042
4840.0,0.414284
4842.0,0.423884
4844.0,0.419381
4846.0,0.420218
4848.0,0.433145
4850.0,0.445953
4852.0,0.448864
4854.0,0.450046
4856.0,0.437735
4858.0,0.436321
4860.0,0.435533
4862.0,0.418766
4864.0,0.408479
4866.0,0.402812
4868.0,0.397233
4870.0,0.402202
4872.0,0.406476
4874.0,0.389549
4876.0,0.389168
4878.0,0.392202
4880.0,0.398608
4882.0,0.408116
4884.0,0.393715
4886.0,0.395328
4888.0,0.406876
4890.0,0.397073
4892.0,0.37485
4894.0,0.374596
4896.0,0.369052
4898.0,0.370777
4900.0,0.380097
4902.0,0.382271
4904.0,0.388683
4906.0,0.379341
4908.0,0.391931
4910.0,0.399331
4912.0,0.395673
4914.0,0.389417
4916.0,0.389244
4918.0,0.429959
4920.0,0.419825
4922.0,0.410669
4924.0,0.409744
4926.0,0.405895
4928.0,0.378805
4930.0,0.376415
4932.0,0.404194
4934.0,0.408846
4936.0,0.413059
4938.0,0.406236
4940.0,0.389894
4942.0,0.41923
4944.0,0.422557
4946.0,0.3891
4948.0,0.37615
4950.0,0.363764
4952.0,0.342206
4954.0,0.336546
4956.0,0.349692
4958.0,0.348584
4960.0,0.333991
4962.0,0.335296
4964.0,0.324156
4966.0,0.306452
4968.0,0.293284
4970.0,0.300202
4972.0,0.278418
4974.0,0.282704
4976.0,0.296991
4978.0,0.273581
4980.0,0.281994
4982.0,0.268216
4984.0,0.261555
4986.0,0.282163
4988.0,0.246112
4990.0,0.224966
4992.0,0.249641
4994.0,0.240837
4996.0,0.257502
4998.0,0.273642
5000.0,0.284537
5002.0,0.282089
5004.0,0.261982
5006.0,0.268972
5008.0,0.265306
5010.0,0.253844
5012.0,0.248542
5014.0,0.270092
5016.0,0.310705
5018.0,0.301592
5020.0,0.296425
5022.0,0.292412
5024.0,0.297094
5026.0,0.308627
5028.0,0.301571
5030.0,0.29497
5032.0,0.305829
5034.0,0.302832
5036.0,0.290951
5038.0,0.316025
5040.0,0.272938
5042.0,0.196882
5044.0,0.320166
5046.0,0.330929
5048.0,0.31489
5050.0,0.320581
5052.0,0.308868
5054.0,0.302543
5056.0,0.295648
5058.0,0.29509
5060.0,0.28267
5062.0,0.29373
5064.0,0.287565
5066.0,0.281585
5068.0,0.306958
5070.0,0.332093
5072.0,0.301635
5074.0,0.287225
5076.0,0.299224
5078.0,0.290409
5080.0,0.279268
5082.0,0.254806
5084.0,0.260106
5086.0,0.270126
5088.0,0.277183
5090.0,0.314422
5092.0,0.302818
5094.0,0.290968
5096.0,0.276879
5098.0,0.267981
5100.0,0.271429
5102.0,0.273199
5104.0,0.267541
5106.0,0.268055
5108.0,0.278109
5110.0,0.275207
5112.0,0.277826
5114.0,0.281736
5116.0,0.294919
5118.0,0.290183
5120.0,0.280709
5122.0,0.258263
5124.0,0.261461
5126.0,0.275979
5128.0,0.259619
5130.0,0.265357
5132.0,0.266746
5134.0,0.269686
5136.0,0.267297
5138.0,0.257374
5140.0,0.258616
5142.0,0.271739
5144.0,0.268192
5146.0,0.262353
5148.0,0.27231
5150.0,0.296186
5152.0,0.298939
5154.0,0.28672
5156.0,0.290123
5158.0,0.31338
5160.0,0.311921
5162.0,0.274556
5164.0,0.266326
5166.0,0.292245
5168.0,0.28848
5170.0,0.290175
5172.0,0.298396
5174.0,0.287412
5176.0,0.291784
5178.0,0.30291
5180.0,0.29709
5182.0,0.29595
5184.0,0.304903
5186.0,0.293894
5188.0,0.304138
5190.0,0.307422
5192.0,0.305574
5194.0,0.30459
5196.0,0.294197
5198.0,0.292095
5200.0,0.315996
5202.0,0.32386
5204.0,0.319248
5206.0,0.326155
5208.0,0.31934
5210.0,0.302435
5212.0,0.311583
5214.0,0.309811
5216.0,0.312985
5218.0,0.321513
5220.0,0.307434
5222.0,0.316785
5224.0,0.311793
5226.0,0.29509
5228.0,0.315791
5230.0,0.313496
5232.0,0.299002
5234.0,0.316391
5236.0,0.315537
5238.0,0.320318
5240.0,0.316945
5242.0,0.323507
5244.0,0.328187
5246.0,0.319611
5248.0,0.329708
5250.0,0.333484
5252.0,0.328783
5254.0,0.346291
5256.0,0.354278
5258.0,0.328829
5260.0,0.31494
5262.0,0.320678
5264.0,0.320515
5266.0,0.316126
5268.0,0.309658
5270.0,0.312395
5272.0,0.306101
5274.0,0.32487
5276.0,0.33136
5278.0,0.321184
5280.0,0.305015
5282.0,0.300526
5284.0,0.325708
5286.0,0.331506
5288.0,0.332073
5290.0,0.318163
5292.0,0.269636
5294.0,0.297459
5296.0,0.292032
5298.0,0.293222
5300.0,0.287368
5302.0,0.285609
5304.0,0.291891
5306.0,0.296762
5308.0,0.297003
5310.0,0.291161
5312.0,0.309257
5314.0,0.305598
5316.0,0.299432
5318.0,0.301429
5320.0,0.294335
5322.0,0.287832
5324.0,0.291004
5326.0,0.299408
5328.0,0.296182
5330.0,0.292039
5332.0,0.290147
5334.0,0.303109
5336.0,0.297953
5338.0,0.296444
5340.0,0.304309
5342.0,0.306022
5344.0,0.298976
5346.0,0.305568
5348.0,0.318171
5350.0,0.318486
5352.0,0.319764
5354.0,0.324769
5356.0,0.322776
5358.0,0.318201
5360.0,0.321639
5362.0,0.324444
5364.0,0.324752
5366.0,0.324725
5368.0,0.321452
5370.0,0.310011
5372.0,0.294507
5374.0,0.296619
5376.0,0.320204
5378.0,0.32624
5380.0,0.325192
5382.0,0.31852
5384.0,0.303462
5386.0,0.284353
5388.0,0.274431
5390.0,0.269326
5392.0,0.266214
5394.0,0.26677
5396.0,0.268648
5398.0,0.274446
5400.0,0.279253
5402.0,0.273728
5404.0,0.258642
5406.0,0.251732
5408.0,0.2456
5410.0,0.245582
5412.0,0.254581
5414.0,0.26503
5416.0,0.269943
5418.0,0.272454
5420.0,0.273622
5422.0,0.27361
5424.0,0.270784
5426.0,0.263652
5428.0,0.256585
5430.0,0.251277
5432.0,0.246868
5434.0,0.2491
5436.0,0.260283
5438.0,0.266166
5440.0,0.268994
5442.0,0.272441
5444.0,0.279601
5446.0,0.287139
5448.0,0.284883
5450.0,0.272471
5452.0,0.26502
5454.0,0.258975
5456.0,0.251595
5458.0,0.238124
5460.0,0.226654
5462.0,0.234139
5464.0,0.261255
5466.0,0.271955
5468.0,0.274893
5470.0,0.277755
5472.0,0.281273
5474.0,0.282931
5476.0,0.280131
5478.0,0.273076
5480.0,0.269116
5482.0,0.26486
5484.0,0.263399
5486.0,0.264972
5488.0,0.267924
5490.0,0.27191
5492.0,0.277312
5494.0,0.278039
5496.0,0.273331
5498.0,0.272416
5500.0,0.274394
5502.0,0.276209
5504.0,0.27639
5506.0,0.27597
5508.0,0.276742
5510.0,0.280606
5512.0,0.278955
5514.0,0.271028
5516.0,0.265777
5518.0,0.265912
5520.0,0.268414
5522.0,0.269792
5524.0,0.273
5526.0,0.271272
5528.0,0.265078
5530.0,0.259068
5532.0,0.252658
5534.0,0.246803
5536.0,0.243764
5538.0,0.24253
5540.0,0.243455
5542.0,0.247787
5544.0,0.25138
5546.0,0.256151
5548.0,0.258883
5550.0,0.255136
5552.0,0.246024
5554.0,0.244486
5556.0,0.249972
5558.0,0.250422
5560.0,0.246946
5562.0,0.242658
5564.0,0.239056
5566.0,0.235286
5568.0,0.230554
5570.0,0.222459
5572.0,0.219902
5574.0,0.220572
5576.0,0.224332
5578.0,0.234039
5580.0,0.245781
5582.0,0.245716
5584.0,0.233882
5586.0,0.229801
5588.0,0.229376
5590.0,0.227537
5592.0,0.222235
5594.0,0.21694
5596.0,0.217188
5598.0,0.222775
5600.0,0.223269
5602.0,0.221661
5604.0,0.218802
5606.0,0.213146
5608.0,0.207838
5610.0,0.206511
5612.0,0.207623
5614.0,0.210453
5616.0,0.218076
5618.0,0.221617
5620.0,0.221278
5622.0,0.220036
5624.0,0.219605
5626.0,0.219112
5628.0,0.218024
5630.0,0.2143
5632.0,0.215199
5634.0,0.222011
5636.0,0.226944
5638.0,0.225939
5640.0,0.222169
5642.0,0.222077
5644.0,0.224555
5646.0,0.225306
5648.0,0.224482
5650.0,0.225185
5652.0,0.228642
5654.0,0.233206
5656.0,0.236094
5658.0,0.237401
5660.0,0.241532
5662.0,0.250089
5664.0,0.254412
5666.0,0.253063
5668.0,0.249535
5670.0,0.247063
5672.0,0.243841
5674.0,0.24268
5676.0,0.24145
5678.0,0.243908
5680.0,0.253015
5682.0,0.260928
5684.0,0.259941
5686.0,0.252937
5688.0,0.253567
5690.0,0.257205
5692.0,0.263904
5694.0,0.279836
5696.0,0.289536
5698.0,0.282054
5700.0,0.264626
5702.0,0.259047
5704.0,0.258954
5706.0,0.25966
5708.0,0.265799
5710.0,0.268366
5712.0,0.262785
5714.0,0.254145
5716.0,0.252844
5718.0,0.257239
5720.0,0.258269
5722.0,0.259329
5724.0,0.258571
5726.0,0.254178
5728.0,0.249498
5730.0,0.250179
5732.0,0.255233
5734.0,0.25741
5736.0,0.260517
5738.0,0.259993
5740.0,0.253766
5742.0,0.247231
5744.0,0.245566
5746.0,0.246492
5748.0,0.249194
5750.0,0.257216
5752.0,0.260247
5754.0,0.259341
5756.0,0.256339
5758.0,0.251355
5760.0,0.244316
5762.0,0.240416
5764.0,0.23606
5766.0,0.237115
5768.0,0.246441
5770.0,0.252756
5772.0,0.25016
5774.0,0.243748
5776.0,0.244386
5778.0,0.253131
5780.0,0.251959
5782.0,0.241191
5784.0,0.234933
5786.0,0.237943
5788.0,0.243429
5790.0,0.241259
5792.0,0.233296
5794.0,0.229563
5796.0,0.225553
5798.0,0.225376
5800.0,0.231118
5802.0,0.238081
5804.0,0.240848
5806.0,0.241707
5808.0,0.241136
5810.0,0.236301
5812.0,0.235481
5814.0,0.239754
5816.0,0.243905
5818.0,0.243788
5820.0,0.241211
5822.0,0.241324
5824.0,0.244397
5826.0,0.243898
5828.0,0.24001
5830.0,0.235893
5832.0,0.232164
5834.0,0.228708
5836.0,0.229768
5838.0,0.237271
5840.0,0.239619
5842.0,0.238043
5844.0,0.238171
5846.0,0.242544
5848.0,0.248153
5850.0,0.249571
5852.0,0.249653
5854.0,0.245247
5856.0,0.233692
5858.0,0.22543
5860.0,0.221379
5862.0,0.219617
5864.0,0.219608
5866.0,0.222713
5868.0,0.222314
5870.0,0.219646
5872.0,0.217351
5874.0,0.215665
5876.0,0.213447
5878.0,0.210341
5880.0,0.206991
5882.0,0.197844
5884.0,0.176161
5886.0,0.169173
5888.0,0.17632
5890.0,0.186446
5892.0,0.195428
5894.0,0.205363
5896.0,0.205742
5898.0,0.195602
5900.0,0.190307
5902.0,0.184829
5904.0,0.181975
5906.0,0.184314
5908.0,0.189056
5910.0,0.188128
5912.0,0.182723
5914.0,0.179531
5916.0,0.175499
5918.0,0.173569
5920.0,0.174724
5922.0,0.177425
5924.0,0.179464
5926.0,0.1815
5928.0,0.184649
5930.0,0.190158
5932.0,0.193286
5934.0,0.192418
5936.0,0.191586
5938.0,0.195858
5940.0,0.204485
5942.0,0.205451
5944.0,0.197785
5946.0,0.196723
5948.0,0.202718
5950.0,0.209155
5952.0,0.211979
5954.0,0.21323
5956.0,0.213177
5958.0,0.2104
5960.0,0.209211
5962.0,0.207292
5964.0,0.20804
5966.0,0.214814
5968.0,0.224681
5970.0,0.226586
5972.0,0.221274
5974.0,0.219791
5976.0,0.218456
5978.0,0.218462
5980.0,0.22121
5982.0,0.224634
5984.0,0.223806
5986.0,0.218752
5988.0,0.21755
5990.0,0.215645
5992.0,0.219063
5994.0,0.232103
5996.0,0.246039
5998.0,0.248462
6000.0,0.242491
6002.0,0.241474
6004.0,0.240889
6006.0,0.241485
6008.0,0.244222
6010.0,0.246741
6012.0,0.246196
6014.0,0.24334
6016.0,0.246488
6018.0,0.257045
6020.0,0.261617
6022.0,0.26078
6024.0,0.259736
6026.0,0.26099
6028.0,0.263117
6030.0,0.265533
6032.0,0.269124
6034.0,0.271631
6036.0,0.274238
6038.0,0.275401
6040.0,0.274186
6042.0,0.27161
6044.0,0.269962
6046.0,0.267568
6048.0,0.267527
6050.0,0.27067
6052.0,0.271978
6054.0,0.270005
6056.0,0.267195
6058.0,0.266762
6060.0,0.267758
6062.0,0.268313
6064.0,0.270127
6066.0,0.269874
6068.0,0.267022
6070.0,0.26328
6072.0,0.25969
6074.0,0.255148
6076.0,0.255385
6078.0,0.261173
6080.0,0.264187
6082.0,0.266114
6084.0,0.266254
6086.0,0.26298
6088.0,0.257036
6090.0,0.255252
6092.0,0.256754
6094.0,0.25668
6096.0,0.256551
6098.0,0.255454
6100.0,0.251804
6102.0,0.247243
6104.0,0.248343
6106.0,0.254918
6108.0,0.259249
6110.0,0.265811
6112.0,0.268552
6114.0,0.265104
6116.0,0.258721
6118.0,0.254391
6120.0,0.248819
6122.0,0.247981
6124.0,0.252353
6126.0,0.255127
6128.0,0.255724
6130.0,0.255859
6132.0,0.257013
6134.0,0.25905
6136.0,0.258562
6138.0,0.255545
6140.0,0.253393
6142.0,0.250847
6144.0,0.249759
6146.0,0.252782
6148.0,0.259141
6150.0,0.259858
6152.0,0.257135
6154.0,0.253652
6156.0,0.246593
6158.0,0.241604
6160.0,0.243333
6162.0,0.248506
6164.0,0.245062
6166.0,0.232103
6168.0,0.227043
6170.0,0.226906
6172.0,0.226674
6174.0,0.224415
6176.0,0.222158
6178.0,0.223431
6180.0,0.230602
6182.0,0.228932
6184.0,0.219535
6186.0,0.212054
6188.0,0.207049
6190.0,0.203535
6192.0,0.202331
6194.0,0.204132
6196.0,0.203224
6198.0,0.202863
6200.0,0.198687
6202.0,0.18805
6204.0,0.177617
6206.0,0.174598
6208.0,0.176688
6210.0,0.17355
6212.0,0.168668
6214.0,0.16186
6216.0,0.150818
6218.0,0.141209
6220.0,0.137152
6222.0,0.136444
6224.0,0.133784
6226.0,0.130613
6228.0,0.128271
6230.0,0.126892
6232.0,0.125242
6234.0,0.123047
6236.0,0.120419
6238.0,0.116638
6240.0,0.110174
6242.0,0.107472
6244.0,0.107469
6246.0,0.107755
6248.0,0.109008
6250.0,0.10986
6252.0,0.106299
6254.0,0.0981053
6256.0,0.0938435
6258.0,0.0906022
6260.0,0.0891104
6262.0,0.0900975
6264.0,0.0919792
6266.0,0.0929162
6268.0,0.0937677
6270.0,0.094116
6272.0,0.093901
6274.0,0.0937293
6276.0,0.0934406
6278.0,0.0932023
6280.0,0.093001
6282.0,0.0927813
6284.0,0.0940343
6286.0,0.0977672
6288.0,0.0990798
6290.0,0.0986231
6292.0,0.0975077
6294.0,0.0954637
6296.0,0.0929186
6298.0,0.0939727
6300.0,0.0986719
6302.0,0.101887
6304.0,0.105317
6306.0,0.108346
6308.0,0.110778
6310.0,0.112821
6312.0,0.114698
6314.0,0.116011
6316.0,0.118052
6318.0,0.120481
6320.0,0.123138
6322.0,0.126016
6324.0,0.129135
6326.0,0.132684
6328.0,0.137149
6330.0,0.139182
6332.0,0.13773
6334.0,0.139237
6336.0,0.144283
6338.0,0.15002
6340.0,0.154565
6342.0,0.159036
6344.0,0.160546
6346.0,0.157944
6348.0,0.157949
6350.0,0.160149
6352.0,0.162399
6354.0,0.163177
6356.0,0.163381
6358.0,0.166526
6360.0,0.173027
6362.0,0.177414
6364.0,0.181376
6366.0,0.184219
6368.0,0.185851
6370.0,0.186249
6372.0,0.184591
6374.0,0.178103
6376.0,0.178243
6378.0,0.183433
6380.0,0.188407
6382.0,0.193543
6384.0,0.197869
6386.0,0.197495
6388.0,0.191676
6390.0,0.191932
6392.0,0.196524
6394.0,0.199892
6396.0,0.202045
6398.0,0.20379
6400.0,0.205322
6402.0,0.206408
6404.0,0.208266
6406.0,0.211933
6408.0,0.212928
6410.0,0.209638
6412.0,0.207545
6414.0,0.211384
6416.0,0.218988
6418.0,0.221069
6420.0,0.219706
6422.0,0.218524
6424.0,0.21552
6426.0,0.213678
6428.0,0.214911
6430.0,0.217701
6432.0,0.218155
6434.0,0.21663
6436.0,0.216719
6438.0,0.217393
6440.0,0.21856
6442.0,0.220928
6444.0,0.223349
6446.0,0.222772
6448.0,0.219053
6450.0,0.217964
6452.0,0.217472
6454.0,0.218324
6456.0,0.221526
6458.0,0.225047
6460.0,0.226182
6462.0,0.226231
6464.0,0.224229
6466.0,0.218035
6468.0,0.215151
6470.0,0.215421
6472.0,0.217118
6474.0,0.219802
6476.0,0.224056
6478.0,0.224386
6480.0,0.220363
6482.0,0.219266
6484.0,0.220648
6486.0,0.221949
6488.0,0.221649
6490.0,0.220694
6492.0,0.221498
6494.0,0.225195
6496.0,0.225158
6498.0,0.22153
6500.0,0.21873
6502.0,0.217777
6504.0,0.217994
6506.0,0.220212
6508.0,0.226473
6510.0,0.227687
6512.0,0.224439
6514.0,0.222893
6516.0,0.224869
6518.0,0.227207
6520.0,0.225546
6522.0,0.220478
6524.0,0.218291
6526.0,0.217189
6528.0,0.216618
6530.0,0.216316
6532.0,0.216947
6534.0,0.219645
6536.0,0.224515
6538.0,0.225784
6540.0,0.223886
6542.0,0.223435
6544.0,0.223851
6546.0,0.224638
6548.0,0.225963
6550.0,0.227764
6552.0,0.227526
6554.0,0.224333
6556.0,0.224043
6558.0,0.226917
6560.0,0.228568
6562.0,0.226911
6564.0,0.223602
6566.0,0.221571
6568.0,0.218107
6570.0,0.218933
6572.0,0.225533
6574.0,0.229052
6576.0,0.226695
6578.0,0.222221
6580.0,0.220855
6582.0,0.220891
6584.0,0.22072
6586.0,0.220788
6588.0,0.221248
6590.0,0.22237
6592.0,0.223595
6594.0,0.224358
6596.0,0.225217
6598.0,0.223981
6600.0,0.219384
6602.0,0.217512
6604.0,0.218586
6606.0,0.220195
6608.0,0.221031
6610.0,0.221863
6612.0,0.220197
6614.0,0.215095
6616.0,0.212293
6618.0,0.210817
6620.0,0.210028
6622.0,0.209708
6624.0,0.209991
6626.0,0.21097
6628.0,0.213482
6630.0,0.214611
6632.0,0.21538
6634.0,0.215233
6636.0,0.213869
6638.0,0.211642
6640.0,0.209245
6642.0,0.206227
6644.0,0.203331
6646.0,0.198576
6648.0,0.196997
6650.0,0.200453
6652.0,0.205427
6654.0,0.207222
6656.0,0.207662
6658.0,0.207436
6660.0,0.205366
6662.0,0.204351
6664.0,0.20457
6666.0,0.205001
6668.0,0.204612
6670.0,0.203592
6672.0,0.205007
6674.0,0.21065
6676.0,0.211633
6678.0,0.207401
6680.0,0.203248
6682.0,0.202055
6684.0,0.202273
6686.0,0.203765
6688.0,0.209037
6690.0,0.209991
6692.0,0.206961
6694.0,0.204472
6696.0,0.203878
6698.0,0.204287
6700.0,0.206138
6702.0,0.212469
6704.0,0.211685
6706.0,0.20369
6708.0,0.198488
6710.0,0.198136
6712.0,0.199845
6714.0,0.201229
6716.0,0.204005
6718.0,0.204515
6720.0,0.202544
6722.0,0.202101
6724.0,0.204237
6726.0,0.20628
6728.0,0.205197
6730.0,0.201776
6732.0,0.200178
6734.0,0.199063
6736.0,0.198388
6738.0,0.198466
6740.0,0.198583
6742.0,0.197974
6744.0,0.196945
6746.0,0.197548
6748.0,0.201325
6750.0,0.201014
6752.0,0.195761
6754.0,0.191907
6756.0,0.193318
6758.0,0.197124
6760.0,0.195873
6762.0,0.189957
6764.0,0.187131
6766.0,0.184271
6768.0,0.183776
6770.0,0.187321
6772.0,0.19264
6774.0,0.194967
6776.0,0.196971
6778.0,0.195187
6780.0,0.186892
6782.0,0.183046
6784.0,0.186138
6786.0,0.19098
6788.0,0.191703
6790.0,0.190446
6792.0,0.189191
6794.0,0.185579
6796.0,0.184859
6798.0,0.18804
6800.0,0.19155
6802.0,0.191976
6804.0,0.190477
6806.0,0.192729
6808.0,0.200906
6810.0,0.202047
6812.0,0.195467
6814.0,0.18906
6816.0,0.187109
6818.0,0.187196
6820.0,0.187141
6822.0,0.187665
6824.0,0.188928
6826.0,0.192048
6828.0,0.19394
6830.0,0.193453
6832.0,0.191582
6834.0,0.189501
6836.0,0.186004
6838.0,0.183962
6840.0,0.182926
6842.0,0.181721
6844.0,0.179819
6846.0,0.178108
6848.0,0.17808
6850.0,0.179759
6852.0,0.179979
6854.0,0.179497
6856.0,0.179021
6858.0,0.178439
6860.0,0.177874
6862.0,0.177435
6864.0,0.176913
6866.0,0.177662
6868.0,0.179886
6870.0,0.181558
6872.0,0.184014
6874.0,0.184865
6876.0,0.181277
6878.0,0.174502
6880.0,0.173753
6882.0,0.17822
6884.0,0.180195
6886.0,0.181168
6888.0,0.181984
6890.0,0.183233
6892.0,0.184376
6894.0,0.183509
6896.0,0.180029
6898.0,0.178379
6900.0,0.176732
6902.0,0.176499
6904.0,0.178694
6906.0,0.18184
6908.0,0.183036
6910.0,0.183974
6912.0,0.182203
6914.0,0.176619
6916.0,0.172648
6918.0,0.170488
6920.0,0.16939
6922.0,0.169501
6924.0,0.171496
6926.0,0.170541
6928.0,0.166095
6930.0,0.164583
6932.0,0.166498
6934.0,0.168878
6936.0,0.16983
6938.0,0.170384
6940.0,0.16863
6942.0,0.16284
6944.0,0.160612
6946.0,0.161996
6948.0,0.16296
6950.0,0.16114
6952.0,0.158019
6954.0,0.156905
6956.0,0.15753
6958.0,0.156858
6960.0,0.154958
6962.0,0.153876
6964.0,0.15504
6966.0,0.156753
6968.0,0.154762
6970.0,0.148412
6972.0,0.146544
6974.0,0.14767
6976.0,0.148389
6978.0,0.14837
6980.0,0.148154
6982.0,0.14778
6984.0,0.146924
6986.0,0.147237
6988.0,0.149425
6990.0,0.149802
6992.0,0.147316
6994.0,0.144946
6996.0,0.145699
6998.0,0.148526
7000.0,0.150353
7002.0,0.15248
7004.0,0.154014
7006.0,0.155764
7008.0,0.15616
7010.0,0.153071
7012.0,0.147572
7014.0,0.148209
7016.0,0.155567
7018.0,0.157991
7020.0,0.156907
7022.0,0.156082
7024.0,0.156797
7026.0,0.158177
7028.0,0.159995
7030.0,0.1638
7032.0,0.164415
7034.0,0.162772
7036.0,0.16057
7038.0,0.157113
7040.0,0.153738
7042.0,0.154221
7044.0,0.158506
7046.0,0.159974
7048.0,0.160327
7050.0,0.160599
7052.0,0.160368
7054.0,0.160394
7056.0,0.162246
7058.0,0.166152
7060.0,0.16562
7062.0,0.159646
7064.0,0.157824
7066.0,0.161097
7068.0,0.164197
7070.0,0.16293
7072.0,0.159087
7074.0,0.158169
7076.0,0.158394
7078.0,0.159482
7080.0,0.163428
7082.0,0.165344
7084.0,0.161537
7086.0,0.154706
7088.0,0.153849
7090.0,0.157535
7092.0,0.159727
7094.0,0.16264
7096.0,0.164896
7098.0,0.16603
7100.0,0.166522
7102.0,0.166982
7104.0,0.167186
7106.0,0.167097
7108.0,0.166969
7110.0,0.166106
7112.0,0.163877
7114.0,0.16149
7116.0,0.160718
7118.0,0.160776
7120.0,0.161934
7122.0,0.166258
7124.0,0.167234
7126.0,0.16355
7128.0,0.159569
7130.0,0.159003
7132.0,0.160179
7134.0,0.162588
7136.0,0.168747
7138.0,0.171218
7140.0,0.170713
7142.0,0.168869
7144.0,0.166043
7146.0,0.162071
7148.0,0.159697
7150.0,0.157377
7152.0,0.15703
7154.0,0.158844
7156.0,0.161023
7158.0,0.162956
7160.0,0.165101
7162.0,0.167801
7164.0,0.17286
7166.0,0.173213
7168.0,0.168539
7170.0,0.165695
7172.0,0.166109
7174.0,0.167762
7176.0,0.168941
7178.0,0.171545
7180.0,0.169693
7182.0,0.161983
7184.0,0.158017
7186.0,0.158568
7188.0,0.160757
7190.0,0.162668
7192.0,0.165705
7194.0,0.165455
7196.0,0.161092
7198.0,0.159656
7200.0,0.161561
7202.0,0.163317
7204.0,0.16209
7206.0,0.159124
7208.0,0.159894
7210.0,0.164834
7212.0,0.166457
7214.0,0.166411
7216.0,0.164849
7218.0,0.160906
7220.0,0.155472
7222.0,0.153397
7224.0,0.153366
7226.0,0.153881
7228.0,0.156547
7230.0,0.158164
7232.0,0.157413
7234.0,0.155934
7236.0,0.156601
7238.0,0.159341
7240.0,0.159741
7242.0,0.158115
7244.0,0.15748
7246.0,0.158616
7248.0,0.159871
7250.0,0.159135
7252.0,0.156688
7254.0,0.15629
7256.0,0.158163
7258.0,0.157959
7260.0,0.155204
7262.0,0.152099
7264.0,0.150342
7266.0,0.149164
7268.0,0.148125
7270.0,0.145542
7272.0,0.147252
7274.0,0.155226
7276.0,0.161739
7278.0,0.16213
7280.0,0.159131
7282.0,0.157515
7284.0,0.154565
7286.0,0.153701
7288.0,0.154681
7290.0,0.155724
7292.0,0.156345
7294.0,0.156899
7296.0,0.157323
7298.0,0.157037
7300.0,0.158327
7302.0,0.162893
7304.0,0.163961
7306.0,0.158895
7308.0,0.152175
7310.0,0.150419
7312.0,0.151609
7314.0,0.152314
7316.0,0.154744
7318.0,0.155521
7320.0,0.153541
7322.0,0.151715
7324.0,0.153255
7326.0,0.157241
7328.0,0.159079
7330.0,0.159949
7332.0,0.160881
7334.0,0.161683
7336.0,0.162408
7338.0,0.163432
7340.0,0.164601
7342.0,0.163537
7344.0,0.159463
7346.0,0.157593
7348.0,0.15705
7350.0,0.156885
7352.0,0.157299
7354.0,0.157907
7356.0,0.155884
7358.0,0.149423
7360.0,0.148325
7362.0,0.151591
7364.0,0.153939
7366.0,0.153967
7368.0,0.153372
7370.0,0.154184
7372.0,0.156749
7374.0,0.155988
7376.0,0.1517
7378.0,0.14906
7380.0,0.148389
7382.0,0.148658
7384.0,0.149207
7386.0,0.150153
7388.0,0.15261
7390.0,0.158965
7392.0,0.160785
7394.0,0.157588
7396.0,0.152971
7398.0,0.14891
7400.0,0.144178
7402.0,0.143352
7404.0,0.146713
7406.0,0.148395
7408.0,0.149446
7410.0,0.150312
7412.0,0.151111
7414.0,0.151773
7416.0,0.152242
7418.0,0.152423
7420.0,0.152698
7422.0,0.153058
7424.0,0.153244
7426.0,0.153344
7428.0,0.153188
7430.0,0.152081
7432.0,0.149978
7434.0,0.148098
7436.0,0.145746
7438.0,0.143854
7440.0,0.142982
7442.0,0.142097
7444.0,0.139335
7446.0,0.134263
7448.0,0.133443
7450.0,0.136092
7452.0,0.138316
7454.0,0.140371
7456.0,0.142484
7458.0,0.14466
7460.0,0.147043
7462.0,0.148159
7464.0,0.148285
7466.0,0.148083
7468.0,0.146805
7470.0,0.145971
7472.0,0.146732
7474.0,0.148479
7476.0,0.149718
7478.0,0.151968
7480.0,0.151946
7482.0,0.149418
7484.0,0.147135
7486.0,0.146267
7488.0,0.145886
7490.0,0.144655
7492.0,0.142114
7494.0,0.141663
7496.0,0.143614
7498.0,0.144263
7500.0,0.142368
7502.0,0.139717
7504.0,0.138902
7506.0,0.139023
7508.0,0.139477
7510.0,0.140704
7512.0,0.141958
7514.0,0.142999
7516.0,0.144399
7518.0,0.147348
7520.0,0.15245
7522.0,0.151488
7524.0,0.144221
7526.0,0.139643
7528.0,0.137051
7530.0,0.13509
7532.0,0.133048
7534.0,0.131223
7536.0,0.130826
7538.0,0.132197
7540.0,0.132904
7542.0,0.133138
7544.0,0.133771
7546.0,0.135363
7548.0,0.137501
7550.0,0.138921
7552.0,0.141329
7554.0,0.140518
7556.0,0.137101
7558.0,0.132677
7560.0,0.126491
7562.0,0.119932
7564.0,0.117744
7566.0,0.118777
7568.0,0.120269
7570.0,0.124076
7572.0,0.127275
7574.0,0.129502
7576.0,0.131507
7578.0,0.134113
7580.0,0.137741
7582.0,0.137916
7584.0,0.134761
7586.0,0.132225
7588.0,0.130477
7590.0,0.128213
7592.0,0.123552
7594.0,0.116491
7596.0,0.117354
7598.0,0.126976
7600.0,0.13179
7602.0,0.135833
7604.0,0.135505
7606.0,0.125613
7608.0,0.109296
7610.0,0.106443
7612.0,0.115478
7614.0,0.118518
7616.0,0.121316
7618.0,0.120904
7620.0,0.114234
7622.0,0.104711
7624.0,0.102448
7626.0,0.104843
7628.0,0.107565
7630.0,0.114228
7632.0,0.118311
7634.0,0.118547
7636.0,0.116764
7638.0,0.114548
7640.0,0.110938
7642.0,0.107532
7644.0,0.102966
7646.0,0.0998062
7648.0,0.0986303
7650.0,0.0978616
7652.0,0.0956731
7654.0,0.0923989
7656.0,0.0918946
7658.0,0.0951441
7660.0,0.0951584
7662.0,0.0914786
7664.0,0.0877503
7666.0,0.0862869
7668.0,0.0859291
7670.0,0.0862762
7672.0,0.0892523
7674.0,0.0890512
7676.0,0.0859817
7678.0,0.0826901
7680.0,0.0800224
7682.0,0.0775226
7684.0,0.0760918
7686.0,0.0757591
7688.0,0.0753192
7690.0,0.0747681
7692.0,0.0750926
7694.0,0.0766622
7696.0,0.0790169
7698.0,0.0813473
7700.0,0.0832032
7702.0,0.0878687
7704.0,0.0972
7706.0,0.102862
7708.0,0.104226
7710.0,0.10295
7712.0,0.0998403
7714.0,0.0941916
7716.0,0.0882964
7718.0,0.0779896
7720.0,0.0737515
7722.0,0.0767265
7724.0,0.0814979
7726.0,0.0840516
7728.0,0.0863002
7730.0,0.0881791
7732.0,0.0896111
7734.0,0.090912
7736.0,0.0932288
7738.0,0.093559
7740.0,0.0898259
7742.0,0.0833123
7744.0,0.0775603
7746.0,0.0697985
7748.0,0.0650714
7750.0,0.0614209
7752.0,0.0604566
7754.0,0.0632321
7756.0,0.0685716
7758.0,0.0737337
7760.0,0.0803401
7762.0,0.086139
7764.0,0.0927334
7766.0,0.0975005
7768.0,0.09999
7770.0,0.100933
7772.0,0.100885
7774.0,0.0992464
7776.0,0.0979651
7778.0,0.0966192
7780.0,0.0946357
7782.0,0.0925628
7784.0,0.089329
7786.0,0.0826972
7788.0,0.0723067
7790.0,0.0706555
7792.0,0.0774181
7794.0,0.0807133
7796.0,0.0816651
7798.0,0.0823682
7800.0,0.0835149
7802.0,0.0847213
7804.0,0.0878671
7806.0,0.0919781
7808.0,0.0981127
7810.0,0.107094
7812.0,0.116122
7814.0,0.12556
7816.0,0.13446
7818.0,0.135336
7820.0,0.128244
7822.0,0.122549
7824.0,0.112529
7826.0,0.106336
7828.0,0.107107
7830.0,0.110513
7832.0,0.109496
7834.0,0.105057
7836.0,0.105192
7838.0,0.108093
7840.0,0.111811
7842.0,0.116417
7844.0,0.12193
7846.0,0.128443
7848.0,0.136721
7850.0,0.141236
7852.0,0.143484
7854.0,0.144354
7856.0,0.142668
7858.0,0.140852
7860.0,0.14132
7862.0,0.143112
7864.0,0.142426
7866.0,0.139646
7868.0,0.137676
7870.0,0.136211
7872.0,0.134469
7874.0,0.13218
7876.0,0.129486
7878.0,0.126073
7880.0,0.121158
7882.0,0.117737
7884.0,0.11334
7886.0,0.112385
7888.0,0.117209
7890.0,0.125096
7892.0,0.130539
7894.0,0.136095
7896.0,0.139939
7898.0,0.14011
7900.0,0.143821
7902.0,0.152829
7904.0,0.163867
7906.0,0.173581
7908.0,0.184988
7910.0,0.189011
7912.0,0.188893
7914.0,0.183528
7916.0,0.169228
7918.0,0.154268
7920.0,0.147234
7922.0,0.144652
7924.0,0.141637
7926.0,0.141895
7928.0,0.138839
7930.0,0.13058
7932.0,0.124575
7934.0,0.125645
7936.0,0.131203
7938.0,0.137127
7940.0,0.146571
7942.0,0.153887
7944.0,0.16127
7946.0,0.166687
7948.0,0.168735
7950.0,0.168766
7952.0,0.170323
7954.0,0.172263
7956.0,0.173972
7958.0,0.177012
7960.0,0.177521
7962.0,0.174369
7964.0,0.169183
7966.0,0.164059
7968.0,0.157946
7970.0,0.151863
7972.0,0.144285
7974.0,0.138785
7976.0,0.13552
7978.0,0.133747
7980.0,0.133093
7982.0,0.133855
7984.0,0.135015
7986.0,0.13735
7988.0,0.139479
7990.0,0.141518
7992.0,0.143668
7994.0,0.14599
7996.0,0.148447
7998.0,0.151195
8000.0,0.154326
8002.0,0.15737
8004.0,0.160305
8006.0,0.163455
8008.0,0.167303
8010.0,0.171419
8012.0,0.173699
8014.0,0.175003
8016.0,0.174994
8018.0,0.173208
8020.0,0.171178
8022.0,0.169076
8024.0,0.166861
8026.0,0.165232
8028.0,0.164378
8030.0,0.162399
8032.0,0.159382
8034.0,0.156753
8036.0,0.155055
8038.0,0.153198
8040.0,0.149558
8042.0,0.144138
8044.0,0.140987
8046.0,0.139307
8048.0,0.137595
8050.0,0.135582
8052.0,0.134236
8054.0,0.134436
8056.0,0.135855
8058.0,0.137449
8060.0,0.138905
8062.0,0.142327
8064.0,0.148356
8066.0,0.154425
8068.0,0.159635
8070.0,0.164416
8072.0,0.165555
8074.0,0.161468
8076.0,0.161147
8078.0,0.165018
8080.0,0.165708
8082.0,0.159611
8084.0,0.150218
8086.0,0.144601
8088.0,0.14126
8090.0,0.135922
8092.0,0.128284
8094.0,0.122832
8096.0,0.120653
8098.0,0.120057
8100.0,0.119034
8102.0,0.118197
8104.0,0.118535
8106.0,0.120776
8108.0,0.121829
8110.0,0.120859
8112.0,0.120091
8114.0,0.121993
8116.0,0.125901
8118.0,0.128181
8120.0,0.130033
8122.0,0.131424
8124.0,0.131846
8126.0,0.132515
8128.0,0.134959
8130.0,0.138541
8132.0,0.137566
8134.0,0.133307
8136.0,0.127999
8138.0,0.119409
8140.0,0.111939
8142.0,0.107108
8144.0,0.10407
8146.0,0.104174
8148.0,0.110095
8150.0,0.111059
8152.0,0.107382
8154.0,0.106976
8156.0,0.112523
8158.0,0.120687
8160.0,0.126768
8162.0,0.133451
8164.0,0.137029
8166.0,0.139496
8168.0,0.138367
8170.0,0.134324
8172.0,0.126164
8174.0,0.11039
8176.0,0.0850057
8178.0,0.07247
8180.0,0.0664913
8182.0,0.0642451
8184.0,0.0673094
8186.0,0.0729079
8188.0,0.0792499
8190.0,0.0876898
8192.0,0.0907378
8194.0,0.0864459
8196.0,0.0891126
8198.0,0.0979147
8200.0,0.107648
8202.0,0.116488
8204.0,0.125346
8206.0,0.130845
8208.0,0.133069
8210.0,0.135734
8212.0,0.138429
8214.0,0.139551
8216.0,0.138336
8218.0,0.135597
8220.0,0.132891
8222.0,0.128842
8224.0,0.126499
8226.0,0.125059
8228.0,0.124177
8230.0,0.124547
8232.0,0.124887
8234.0,0.122851
8236.0,0.119427
8238.0,0.114468
8240.0,0.105066
8242.0,0.100085
8244.0,0.100227
8246.0,0.102342
8248.0,0.10436
8250.0,0.107701
8252.0,0.107803
8254.0,0.104009
8256.0,0.103111
8258.0,0.105063
8260.0,0.107177
8262.0,0.107769
8264.0,0.107706
8266.0,0.108608
8268.0,0.109317
8270.0,0.111784
8272.0,0.117592
8274.0,0.121377
8276.0,0.121755
8278.0,0.119361
8280.0,0.111367
8282.0,0.0943882
8284.0,0.0839651
8286.0,0.0748936
8288.0,0.0687836
8290.0,0.0664607
8292.0,0.0667039
8294.0,0.0674259
8296.0,0.0698049
8298.0,0.0722253
8300.0,0.0754796
8302.0,0.0787099
8304.0,0.0823551
8306.0,0.0856045
8308.0,0.0873469
8310.0,0.0882156
8312.0,0.0871342
8314.0,0.0824227
8316.0,0.0803338
8318.0,0.0814533
8320.0,0.0824594
8322.0,0.0811286
8324.0,0.0785747
8326.0,0.0742721
8328.0,0.0662299
8330.0,0.0614326
8332.0,0.0620481
8334.0,0.0588256
8336.0,0.0447183
8338.0,0.0248302
8340.0,0.0170395
8342.0,0.0163105
8344.0,0.0180479
8346.0,0.027399
8348.0,0.0339193
8350.0,0.0334597
8352.0,0.0305469
8354.0,0.032614
8356.0,0.0380706
8358.0,0.0418715
8360.0,0.0466037
8362.0,0.049248
8364.0,0.0491245
8366.0,0.047532
8368.0,0.0454387
8370.0,0.0407722
8372.0,0.0430043
8374.0,0.053424
8376.0,0.0590432
8378.0,0.0605443
8380.0,0.0592892
8382.0,0.0549364
8384.0,0.0470539
8386.0,0.0420731
8388.0,0.0401975
8390.0,0.0340243
8392.0,0.0205224
8394.0,0.0103732
8396.0,0.010473
8398.0,0.017062
8400.0,0.0238904
8402.0,0.0374101
8404.0,0.043559
8406.0,0.0444055
8408.0,0.0439218
8410.0,0.0426884
8412.0,0.0406663
8414.0,0.0409816
8416.0,0.0428456
8418.0,0.0449046
8420.0,0.0482684
8422.0,0.0509602
8424.0,0.0527354
8426.0,0.0538705
8428.0,0.0543156
8430.0,0.0541648
8432.0,0.0530622
8434.0,0.0499809
8436.0,0.0482905
8438.0,0.0480131
8440.0,0.0486784
8442.0,0.0502175
8444.0,0.0527921
8446.0,0.0553856
8448.0,0.0591684
8450.0,0.0615346
8452.0,0.0631187
8454.0,0.0633526
8456.0,0.0616532
8458.0,0.0582977
8460.0,0.053692
8462.0,0.0445404
8464.0,0.0410726
8466.0,0.042863
8468.0,0.0451002
8470.0,0.0458124
8472.0,0.0462343
8474.0,0.0467904
8476.0,0.0464187
8478.0,0.0481827
8480.0,0.0529893
8482.0,0.0559241
8484.0,0.0554711
8486.0,0.0533113
8488.0,0.0513555
8490.0,0.0472443
8492.0,0.047792
8494.0,0.0525269
8496.0,0.0567656
8498.0,0.0619502
8500.0,0.0654466
8502.0,0.0618568
8504.0,0.0517981
8506.0,0.0453425
8508.0,0.0365663
8510.0,0.0337056
8512.0,0.0385279
8514.0,0.0449862
8516.0,0.0483046
8518.0,0.0508074
8520.0,0.0515134
8522.0,0.049991
8524.0,0.0486605
8526.0,0.0470724
8528.0,0.0451687
8530.0,0.04242
8532.0,0.0392129
8534.0,0.0393506
8536.0,0.0430434
8538.0,0.0451423
8540.0,0.0460697
8542.0,0.0483237
8544.0,0.0531585
8546.0,0.0593101
8548.0,0.0641812
8550.0,0.0695561
8552.0,0.072386
8554.0,0.0730276
8556.0,0.0730715
8558.0,0.0727888
8560.0,0.071768
8562.0,0.0696428
8564.0,0.0664131
8566.0,0.062833
8568.0,0.0576836
8570.0,0.0538964
8572.0,0.050995
8574.0,0.0495196
8576.0,0.0507449
8578.0,0.054617
8580.0,0.0566804
8582.0,0.0583269
8584.0,0.0597752
8586.0,0.0608834
8588.0,0.0619037
8590.0,0.0625167
8592.0,0.0628045
8594.0,0.0667952
8596.0,0.075056
8598.0,0.081208
8600.0,0.0876004
8602.0,0.0920634
8604.0,0.0929773
8606.0,0.0917257
8608.0,0.0923364
8610.0,0.0956395
8612.0,0.093741
8614.0,0.0859046
8616.0,0.0806239
8618.0,0.0807294
8620.0,0.0826152
8622.0,0.0810393
8624.0,0.0773039
8626.0,0.0747067
8628.0,0.0710219
8630.0,0.0697815
8632.0,0.0712161
8634.0,0.0746249
8636.0,0.0804104
8638.0,0.09033
8640.0,0.0916633
8642.0,0.0855864
8644.0,0.0810487
8646.0,0.0739029
8648.0,0.0709752
8650.0,0.0807787
8652.0,0.100579
8654.0,0.108622
8656.0,0.109903
8658.0,0.111934
8660.0,0.112811
8662.0,0.11341
8664.0,0.115203
8666.0,0.117107
8668.0,0.113306
8670.0,0.10169
8672.0,0.0962049
8674.0,0.0927064
8676.0,0.0920606
8678.0,0.0961103
8680.0,0.102376
8682.0,0.103554
8684.0,0.100462
8686.0,0.100745
8688.0,0.101302
8690.0,0.104374
8692.0,0.111678
8694.0,0.120076
8696.0,0.124864
8698.0,0.128677
8700.0,0.127715
8702.0,0.118737
8704.0,0.115097
8706.0,0.116698
8708.0,0.121151
8710.0,0.12837
8712.0,0.139742
8714.0,0.142051
8716.0,0.136937
8718.0,0.132983
8720.0,0.128243
8722.0,0.123787
8724.0,0.120716
8726.0,0.118456
8728.0,0.115801
8730.0,0.112415
8732.0,0.110777
8734.0,0.110647
8736.0,0.111054
8738.0,0.111946
8740.0,0.113212
8742.0,0.113415
8744.0,0.111542
8746.0,0.113063
8748.0,0.113353
8750.0,0.120761
8752.0,0.139718
8754.0,0.16351
8756.0,0.181058
8758.0,0.200756
8760.0,0.204086
8762.0,0.19002
8764.0,0.17851
8766.0,0.169214
8768.0,0.160805
8770.0,0.155056
8772.0,0.152558
8774.0,0.143507
8776.0,0.12758
8778.0,0.115586
8780.0,0.105382
8782.0,0.0984001
8784.0,0.0970658
8786.0,0.100507
8788.0,0.101937
8790.0,0.103659
8792.0,0.105687
8794.0,0.108604
8796.0,0.11093
8798.0,0.111748
8800.0,0.111693
8802.0,0.112285
8804.0,0.113049
8806.0,0.113747
8808.0,0.114687
8810.0,0.115214
8812.0,0.114802
8814.0,0.114144
8816.0,0.114786
8818.0,0.115399
8820.0,0.118984
8822.0,0.124314
8824.0,0.132288
8826.0,0.145168
8828.0,0.158633
8830.0,0.16631
8832.0,0.171835
8834.0,0.169526
8836.0,0.15528
8838.0,0.147
8840.0,0.144374
8842.0,0.143981
8844.0,0.144723
8846.0,0.14781
8848.0,0.145278
8850.0,0.140695
8852.0,0.131157
8854.0,0.113348
8856.0,0.0966929
8858.0,0.0863131
8860.0,0.079447
8862.0,0.0774523
8864.0,0.0824764
8866.0,0.0858564
8868.0,0.0902055
8870.0,0.0945048
8872.0,0.0987872
8874.0,0.102792
8876.0,0.104543
8878.0,0.104554
8880.0,0.103638
8882.0,0.100505
8884.0,0.0980988
8886.0,0.0958059
8888.0,0.0948992
8890.0,0.0992374
8892.0,0.109417
8894.0,0.114983
8896.0,0.118108
8898.0,0.122037
8900.0,0.127969
8902.0,0.132964
8904.0,0.134
8906.0,0.132516
8908.0,0.127682
8910.0,0.117657
8912.0,0.109013
8914.0,0.0996825
8916.0,0.0921511
8918.0,0.088854
8920.0,0.0886635
8922.0,0.0884738
8924.0,0.0888631
8926.0,0.0914096
8928.0,0.0983228
8930.0,0.103021
8932.0,0.101539
8934.0,0.0968811
8936.0,0.0964159
8938.0,0.098384
8940.0,0.0997032
8942.0,0.0997573
8944.0,0.102712
8946.0,0.108092
8948.0,0.117209
8950.0,0.136679
8952.0,0.175841
8954.0,0.184018
8956.0,0.16936
8958.0,0.153373
8960.0,0.133459
8962.0,0.113741
8964.0,0.104905
8966.0,0.104593
8968.0,0.0994034
8970.0,0.0920563
8972.0,0.0873443
8974.0,0.0852502
8976.0,0.0845451
8978.0,0.0845074
8980.0,0.0855046
8982.0,0.0871847
8984.0,0.0917506
8986.0,0.0925526
8988.0,0.0896402
8990.0,0.0861579
8992.0,0.0827516
8994.0,0.0792274
8996.0,0.0813799
8998.0,0.0901769
9000.0,0.0955937
9002.0,0.102711
9004.0,0.105113
9006.0,0.0982483
9008.0,0.0872352
9010.0,0.0849506
9012.0,0.0880311
9014.0,0.0908327
9016.0,0.0962387
9018.0,0.1009
9020.0,0.105377
9022.0,0.108523
9024.0,0.106963
9026.0,0.100411
9028.0,0.0974324
9030.0,0.0963717
9032.0,0.094128
9034.0,0.0904773
9036.0,0.0864226
9038.0,0.0823373
9040.0,0.0775002
9042.0,0.0768502
9044.0,0.0814136
9046.0,0.0828912
9048.0,0.082219
9050.0,0.0804513
9052.0,0.0773012
9054.0,0.0728317
9056.0,0.0723908
9058.0,0.0765789
9060.0,0.0773978
9062.0,0.0762686
9064.0,0.0744701
9066.0,0.0717307
9068.0,0.0685662
9070.0,0.0686831
9072.0,0.0720919
9074.0,0.0740602
9076.0,0.0771596
9078.0,0.0781587
9080.0,0.0757094
9082.0,0.0716694
9084.0,0.0690153
9086.0,0.0659579
9088.0,0.0652649
9090.0,0.0677503
9092.0,0.0685279
9094.0,0.067289
9096.0,0.0650302
9098.0,0.0622171
9100.0,0.0583672
9102.0,0.0553881
9104.0,0.0514823
9106.0,0.0502837
9108.0,0.0523291
9110.0,0.0553047
9112.0,0.0578363
9114.0,0.0607581
9116.0,0.0611728
9118.0,0.0586473
9120.0,0.0577167
9122.0,0.0577799
9124.0,0.0579577
9126.0,0.0577179
9128.0,0.0574239
9130.0,0.0582865
9132.0,0.0603891
9134.0,0.0620086
9136.0,0.0639069
9138.0,0.0653153
9140.0,0.0660918
9142.0,0.0663132
9144.0,0.0657943
9146.0,0.065307
9148.0,0.062077
9150.0,0.0546344
9152.0,0.0495983
9154.0,0.0484832
9156.0,0.0485263
9158.0,0.0462372
9160.0,0.0417725
9162.0,0.0421772
9164.0,0.0470231
9166.0,0.0508817
9168.0,0.0548114
9170.0,0.05762
9172.0,0.0564711
9174.0,0.0513764
9176.0,0.0554346
9178.0,0.0696754
9180.0,0.0771748
9182.0,0.0797955
9184.0,0.0803271
9186.0,0.0794501
9188.0,0.0768039
9190.0,0.0760372
9192.0,0.0774192
9194.0,0.0758858
9196.0,0.0709821
9198.0,0.0672129
9200.0,0.0665628
9202.0,0.0674115
9204.0,0.0671877
9206.0,0.0665719
9208.0,0.0665303
9210.0,0.0655902
9212.0,0.067061
9214.0,0.0725255
9216.0,0.0795663
9218.0,0.0842444
9220.0,0.0886613
9222.0,0.0903032
9224.0,0.0887582
9226.0,0.0875479
9228.0,0.0856971
9230.0,0.0848185
9232.0,0.0879395
9234.0,0.0947731
9236.0,0.0976853
9238.0,0.0988779
9240.0,0.099208
9242.0,0.0978656
9244.0,0.0964428
9246.0,0.0968078
9248.0,0.0982736
9250.0,0.0953342
9252.0,0.0882851
9254.0,0.0822336
9256.0,0.0746529
9258.0,0.0690922
9260.0,0.0675371
9262.0,0.0686632
9264.0,0.0703622
9266.0,0.0741463
9268.0,0.0774832
9270.0,0.0821228
9272.0,0.0852728
9274.0,0.0857006
9276.0,0.0848746
9278.0,0.0852068
9280.0,0.0836942
9282.0,0.0888913
9284.0,0.102897
9286.0,0.112107
9288.0,0.115808
9290.0,0.115662
9292.0,0.111655
9294.0,0.10413
9296.0,0.0911045
9298.0,0.0673888
9300.0,0.0506537
9302.0,0.0421846
9304.0,0.0349121
9306.0,0.0226677
9308.0,0.00750773
9310.0,-0.00078335
9312.0,-0.00872834
9314.0,-0.00598434
9316.0,0.0109058
9318.0,0.0286511
9320.0,0.0404719
9322.0,0.0500308
9324.0,0.0546225
9326.0,0.0492691
9328.0,0.0535804
9330.0,0.0642234
9332.0,0.0765316
9334.0,0.0916579
9336.0,0.107267
9338.0,0.110959
9340.0,0.10053
9342.0,0.1013
9344.0,0.10953
9346.0,0.114313
9348.0,0.111815
9350.0,0.108167
9352.0,0.11308
9354.0,0.127357
9356.0,0.127679
9358.0,0.125399
9360.0,0.108453
9362.0,0.0725545
9364.0,0.0284421
9366.0,-0.0162371
9368.0,-0.0702642
9370.0,-0.0894454
9372.0,-0.0853063
9374.0,-0.0669666
9376.0,-0.0201738
9378.0,0.0248605
9380.0,0.044541
9382.0,0.0503545
9384.0,0.0597007
9386.0,0.0646161
9388.0,0.071561
9390.0,0.0828879
9392.0,0.0887093
9394.0,0.0823725
9396.0,0.0692869
9398.0,0.0651418
9400.0,0.0641114
9402.0,0.0666084
9404.0,0.0716135
9406.0,0.0815944
9408.0,0.099668
9410.0,0.121168
9412.0,0.135767
9414.0,0.149643
9416.0,0.153491
9418.0,0.149544
9420.0,0.139632
9422.0,0.124753
9424.0,0.102843
9426.0,0.0695173
9428.0,0.0221091
9430.0,-0.0106285
9432.0,-0.043574
9434.0,-0.0594417
9436.0,-0.0589993
9438.0,-0.0452531
9440.0,-0.0166954
9442.0,0.0280035
9444.0,0.0592966
9446.0,0.0877392
9448.0,0.111343
9450.0,0.132675
9452.0,0.146355
9454.0,0.148
9456.0,0.140434
9458.0,0.134133
9460.0,0.109958
9462.0,0.119242
9464.0,0.159297
9466.0,0.20027
9468.0,0.240729
9470.0,0.277533
9472.0,0.279984
9474.0,0.250697
9476.0,0.224169
9478.0,0.18259
9480.0,0.146959
9482.0,0.119321
9484.0,0.0966008
9486.0,0.078864
9488.0,0.0670107
9490.0,0.0561757
9492.0,0.0474602
9494.0,0.0421564
9496.0,0.0391975
9498.0,0.0406381
9500.0,0.0500146
9502.0,0.0673165
9504.0,0.0779088
9506.0,0.0887173
9508.0,0.0931363
9510.0,0.0889384
9512.0,0.0841281
9514.0,0.0834004
9516.0,0.0842906
9518.0,0.088615
9520.0,0.101739
9522.0,0.104047
9524.0,0.0947409
9526.0,0.0882416
9528.0,0.0906902
9530.0,0.0975278
9532.0,0.103068
9534.0,0.110262
9536.0,0.116093
9538.0,0.122135
9540.0,0.126507
9542.0,0.129556
9544.0,0.130506
9546.0,0.126685
9548.0,0.117863
9550.0,0.109835
9552.0,0.101148
9554.0,0.0908061
9556.0,0.0769987
9558.0,0.0634664
9560.0,0.0537278
9562.0,0.0434482
9564.0,0.0521042
9566.0,0.0888364
9568.0,0.106126
9570.0,0.103939
9572.0,0.0970478
9574.0,0.0940985
9576.0,0.0906257
9578.0,0.0913719
9580.0,0.0965749
9582.0,0.100303
9584.0,0.103241
9586.0,0.106841
9588.0,0.113292
9590.0,0.120808
9592.0,0.119325
9594.0,0.106236
9596.0,0.102325
9598.0,0.104832
9600.0,0.105527
9602.0,0.102309
9604.0,0.0969757
9606.0,0.0901085
9608.0,0.0801265
9610.0,0.0724649
9612.0,0.065835
9614.0,0.0591912
9616.0,0.0493262
9618.0,0.0422721
9620.0,0.0490144
9622.0,0.0694337
9624.0,0.0787664
9626.0,0.083354
9628.0,0.0877567
9630.0,0.0913886
9632.0,0.0945559
9634.0,0.0980008
9636.0,0.101429
9638.0,0.104341
9640.0,0.108176
9642.0,0.10891
9644.0,0.104866
9646.0,0.101884
9648.0,0.104712
9650.0,0.110761
9652.0,0.109732
9654.0,0.100826
9656.0,0.0985176
9658.0,0.100515
9660.0,0.103236
9662.0,0.105818
9664.0,0.108723
9666.0,0.11075
9668.0,0.11073
9670.0,0.114496
9672.0,0.120812
9674.0,0.128256
9676.0,0.140091
9678.0,0.150573
9680.0,0.146462
9682.0,0.128458
9684.0,0.118351
9686.0,0.106261
9688.0,0.101338
9690.0,0.110927
9692.0,0.118757
9694.0,0.102558
9696.0,0.0656224
9698.0,0.0570055
9700.0,0.0708338
9702.0,0.0758358
9704.0,0.0732289
9706.0,0.0709468
9708.0,0.0738466
9710.0,0.0796713
9712.0,0.084246
9714.0,0.08921
9716.0,0.0938715
9718.0,0.0985458
9720.0,0.102824
9722.0,0.106207
9724.0,0.109123
9726.0,0.11344
9728.0,0.119698
9730.0,0.123805
9732.0,0.129383
9734.0,0.129766
9736.0,0.12038
9738.0,0.10735
9740.0,0.104311
9742.0,0.110784
9744.0,0.10682
9746.0,0.0952629
9748.0,0.085549
9750.0,0.0776491
9752.0,0.0713379
9754.0,0.0680637
9756.0,0.067167
9758.0,0.0689586
9760.0,0.0742764
9762.0,0.0802705
9764.0,0.0883439
9766.0,0.0960825
9768.0,0.100767
9770.0,0.103427
9772.0,0.10714
9774.0,0.110304
9776.0,0.11474
9778.0,0.120039
9780.0,0.126341
9782.0,0.135125
9784.0,0.145376
9786.0,0.147683
9788.0,0.145139
9790.0,0.138477
9792.0,0.124955
9794.0,0.111345
9796.0,0.0987652
9798.0,0.086956
9800.0,0.0801965
9802.0,0.0776403
9804.0,0.0764572
9806.0,0.0806926
9808.0,0.0813189
9810.0,0.074214
9812.0,0.066262
9814.0,0.0682654
9816.0,0.0769138
9818.0,0.0869124
9820.0,0.108132
9822.0,0.116102
9824.0,0.107498
9826.0,0.0930991
9828.0,0.0815984
9830.0,0.0679383
9832.0,0.0621367
9834.0,0.064533
9836.0,0.0638192
9838.0,0.0591774
9840.0,0.0568358
9842.0,0.0613951
9844.0,0.0706578
9846.0,0.0780987
9848.0,0.0880221
9850.0,0.0937245
9852.0,0.0950395
9854.0,0.0964481
9856.0,0.0996859
9858.0,0.103631
9860.0,0.107972
9862.0,0.110809
9864.0,0.119009
9866.0,0.136876
9868.0,0.146938
9870.0,0.144949
9872.0,0.135632
9874.0,0.122282
9876.0,0.0970118
9878.0,0.0886278
9880.0,0.0921996
9882.0,0.0962289
9884.0,0.100507
9886.0,0.106163
9888.0,0.113857
9890.0,0.125763
9892.0,0.125942
9894.0,0.116155
9896.0,0.1067
9898.0,0.092941
9900.0,0.082457
9902.0,0.0847896
9904.0,0.0969375
9906.0,0.0948656
9908.0,0.0829236
9910.0,0.0731056
9912.0,0.0582484
9914.0,0.0500838
9916.0,0.0590109
9918.0,0.0780402
9920.0,0.0791902
9922.0,0.0638106
9924.0,0.0605522
9926.0,0.0622021
9928.0,0.0671808
9930.0,0.0792551
9932.0,0.0928406
9934.0,0.0888243
9936.0,0.0686966
9938.0,0.0547768
9940.0,0.0328775
9942.0,0.0241826
9944.0,0.033418
9946.0,0.0523776
9948.0,0.0733835
9950.0,0.105575
9952.0,0.116938
9954.0,0.111927
9956.0,0.107503
9958.0,0.102854
9960.0,0.0965379
9962.0,0.0869535
9964.0,0.0726838
9966.0,0.074221
9968.0,0.0960704
9970.0,0.102809
9972.0,0.0952044
9974.0,0.0861072
9976.0,0.082196
9978.0,0.0799562
9980.0,0.0811615
9982.0,0.083692
9984.0,0.0924784
9986.0,0.115346
9988.0,0.128751
9990.0,0.120161
9992.0,0.100133
9994.0,0.0910937
9996.0,0.0838244
9998.0,0.0817229
10000.0,0.0860981
10002.0,0.0904919
10004.0,0.0942353
10006.0,0.0978147
10008.0,0.100221
10010.0,0.10358
10012.0,0.0999836
10014.0,0.0916648
10016.0,0.0792647
10018.0,0.057238
10020.0,0.0367908
10022.0,0.0336504
10024.0,0.0433198
10026.0,0.0494591
10028.0,0.059264
10030.0,0.0668507
10032.0,0.0713723
10034.0,0.0766547
10036.0,0.0882455
10038.0,0.104742
10040.0,0.0999567
10042.0,0.0663658
10044.0,0.0568504
10046.0,0.0665341
10048.0,0.0789081
10050.0,0.088809
10052.0,0.0987495
10054.0,0.099036
10056.0,0.0855427
10058.0,0.083766
10060.0,0.089471
10062.0,0.0946568
10064.0,0.0981725
10066.0,0.100508
10068.0,0.0990136
10070.0,0.0978824
10072.0,0.0842607
10074.0,0.0507677
10076.0,0.0298892
10078.0,0.0240705
10080.0,0.0284496
10082.0,0.0443533
10084.0,0.0788006
10086.0,0.0886272
10088.0,0.0768406
10090.0,0.0758206
10092.0,0.0860317
10094.0,0.0992339
10096.0,0.11056
10098.0,0.122698
10100.0,0.130804
10102.0,0.141059
10104.0,0.138999
10106.0,0.121148
10108.0,0.102479
10110.0,0.0870598
10112.0,0.0729754
10114.0,0.0907852
10116.0,0.154324
10118.0,0.182677
10120.0,0.191779
10122.0,0.19406
10124.0,0.194652
10126.0,0.189039
10128.0,0.168778
10130.0,0.126548
10132.0,0.100474
10134.0,0.0736635
10136.0,0.0614829
10138.0,0.0757019
10140.0,0.0969313
10142.0,0.0886346
10144.0,0.0548993
10146.0,0.046559
10148.0,0.0515446
10150.0,0.0586252
10152.0,0.0705224
10154.0,0.083028
10156.0,0.0889186
10158.0,0.0900116
10160.0,0.0969239
10162.0,0.104739
10164.0,0.11798
10166.0,0.145049
10168.0,0.164687
10170.0,0.15772
10172.0,0.132582
10174.0,0.123258
10176.0,0.121495
10178.0,0.116343
10180.0,0.109278
10182.0,0.102874
10184.0,0.100185
10186.0,0.0984512
10188.0,0.0853617
10190.0,0.0551847
10192.0,0.0422961
10194.0,0.041756
10196.0,0.0396845
10198.0,0.0253602
10200.0,0.0136823
10202.0,0.0386245
10204.0,0.101464
10206.0,0.141291
10208.0,0.189758
10210.0,0.209231
10212.0,0.188066
10214.0,0.150388
10216.0,0.123674
10218.0,0.0921865
10220.0,0.0814427
10222.0,0.0923466
10224.0,0.0972763
10226.0,0.101028
10228.0,0.100001
10230.0,0.0876284
10232.0,0.0659362
10234.0,0.0490066
10236.0,0.0223797
10238.0,0.017091
10240.0,0.0366992
10242.0,0.0573729
10244.0,0.0674267
10246.0,0.0733041
10248.0,0.0728117
10250.0,0.0643459
10252.0,0.055799
10254.0,0.0395028
10256.0,0.0303069
10258.0,0.0389392
10260.0,0.0534454
10262.0,0.0421253
10264.0,-0.00450737
10266.0,-0.00561667
10268.0,0.0256106
10270.0,0.0575009
10272.0,0.0919644
10274.0,0.124141
10276.0,0.13577
10278.0,0.131711
10280.0,0.124957
10282.0,0.100862
10284.0,0.0909806
10286.0,0.0989015
10288.0,0.111864
10290.0,0.119391
10292.0,0.126579
10294.0,0.129868
10296.0,0.137868
10298.0,0.127298
10300.0,0.0874263
10302.0,0.0528091
10304.0,0.0495616
10306.0,0.0648468
10308.0,0.067397
10310.0,0.061242
10312.0,0.0684329
10314.0,0.0905944
10316.0,0.109993
10318.0,0.123026
10320.0,0.130555
10322.0,0.116261
10324.0,0.0669231
10326.0,0.0485384
10328.0,0.0430372
10330.0,0.0462846
10332.0,0.0616904
10334.0,0.0831995
10336.0,0.0949479
10338.0,0.104735
10340.0,0.105553
10342.0,0.0909099
10344.0,0.0861046
10346.0,0.0965173
10348.0,0.109607
10350.0,0.111143
10352.0,0.104731
10354.0,0.106847
10356.0,0.120241
10358.0,0.120187
10360.0,0.101086
10362.0,0.0829246
10364.0,0.0785432
10366.0,0.0804302
10368.0,0.110235
10370.0,0.181613
10372.0,0.227346
10374.0,0.275315
10376.0,0.290724
10378.0,0.241439
10380.0,0.149736
10382.0,0.104689
10384.0,0.073544
10386.0,0.0597106
10388.0,0.0717622
10390.0,0.0841045
10392.0,0.0940046
10394.0,0.101095
10396.0,0.0873956
10398.0,0.0453926
10400.0,0.0313905
10402.0,0.0323266
10404.0,0.0367302
10406.0,0.0440253
10408.0,0.0551052
10410.0,0.0703766
10412.0,0.0956719
10414.0,0.0984019
10416.0,0.0787682
10418.0,0.0671601
10420.0,0.064452
10422.0,0.062745
10424.0,0.0571456
10426.0,0.0503518
10428.0,0.0377277
10430.0,0.0120603
10432.0,0.000892978
10434.0,-0.0044332
10436.0,0.00526817
10438.0,0.0438457
10440.0,0.104138
10442.0,0.130972
10444.0,0.141592
10446.0,0.142403
10448.0,0.123304
10450.0,0.106549
10452.0,0.103343
10454.0,0.104252
10456.0,0.0907008
10458.0,0.0545394
10460.0,0.0490995
10462.0,0.0668449
10464.0,0.0844241
10466.0,0.102539
10468.0,0.11785
10470.0,0.113082
10472.0,0.0836827
10474.0,0.082605
10476.0,0.105958
10478.0,0.116757
10480.0,0.111915
10482.0,0.101602
10484.0,0.0913993
10486.0,0.0744905
10488.0,0.0827643
10490.0,0.122645
10492.0,0.142314
10494.0,0.14588
10496.0,0.140853
10498.0,0.12678
10500.0,0.102417
10502.0,0.0995955
10504.0,0.116341
10506.0,0.124073
10508.0,0.134525
10510.0,0.133828
10512.0,0.10708
10514.0,0.0661602
10516.0,0.0612995
10518.0,0.0964279
10520.0,0.0976765
10522.0,0.0770108
10524.0,0.0590128
10526.0,0.0471994
10528.0,0.0399284
10530.0,0.0462225
10532.0,0.0716807
10534.0,0.0792352
10536.0,0.0723116
10538.0,0.0736414
10540.0,0.0890738
10542.0,0.107087
10544.0,0.112969
10546.0,0.109097
10548.0,0.117289
10550.0,0.143767
10552.0,0.148626
10554.0,0.127688
10556.0,0.0994519
10558.0,0.0760681
10560.0,0.0497848
10562.0,0.0449079
10564.0,0.0617303
10566.0,0.0736506
10568.0,0.088365
10570.0,0.0992799
10572.0,0.100388
10574.0,0.095108
10576.0,0.0945059
10578.0,0.0952602
10580.0,0.0955164
10582.0,0.0966255
10584.0,0.0962817
10586.0,0.0905878
10588.0,0.0842023
10590.0,0.0930422
10592.0,0.117618
10594.0,0.134217
10596.0,0.160381
10598.0,0.166755
10600.0,0.141814
