3150.0,0.94837
3152.0,0.743027
3154.0,1.14073
3156.0,0.468334
3158.0,0.575658
3160.0,1.29977
3162.0,1.01374
3164.0,-0.224531
3166.0,1.18213
3168.0,0.197947
3170.0,0.157461
3172.0,0.877804
3174.0,1.17392
3176.0,0.153699
3178.0,1.17181
3180.0,1.31417
3182.0,0.807378
3184.0,0.318189
3186.0,0.100117
3188.0,1.07304
3190.0,0.773446
3192.0,0.0858838
3194.0,0.128447
3196.0,1.10588
3198.0,0.303775
3200.0,0.319873
3202.0,0.340087
3204.0,0.122777
3206.0,0.33996
3208.0,1.08953
3210.0,0.131267
3212.0,-0.135778
3214.0,0.535751
3216.0,0.587097
3218.0,0.842136
3220.0,1.07048
3222.0,0.956242
3224.0,0.752628
3226.0,0.842508
3228.0,0.454662
3230.0,0.723386
3232.0,0.797035
3234.0,0.580302
3236.0,0.436116
3238.0,0.444062
3240.0,0.2158
3242.0,0.250917
3244.0,0.390323
3246.0,0.326419
3248.0,0.336549
3250.0,0.198066
3252.0,0.340079
3254.0,0.682797
3256.0,0.857411
3258.0,0.356467
3260.0,1.1409
3262.0,1.11533
3264.0,0.709445
3266.0,0.670028
3268.0,0.501633
3270.0,0.945079
3272.0,1.10695
3274.0,0.943169
3276.0,0.76845
3278.0,0.944422
3280.0,0.181483
3282.0,0.476494
3284.0,0.934399
3286.0,0.805297
3288.0,0.617674
3290.0,0.777863
3292.0,0.835775
3294.0,0.761206
3296.0,0.652734
3298.0,0.621085
3300.0,0.477238
3302.0,0.626579
3304.0,0.533718
3306.0,0.284143
3308.0,0.539893
3310.0,0.502203
3312.0,0.559875
3314.0,0.615363
3316.0,0.600808
3318.0,0.553818
3320.0,0.670496
3322.0,0.557788
3324.0,0.655705
3326.0,0.83375
3328.0,0.672115
3330.0,0.611323
3332.0,0.521433
3334.0,0.60045
3336.0,0.874771
3338.0,1.1487
3340.0,0.908447
3342.0,0.781606
3344.0,0.756387
3346.0,0.744404
3348.0,0.697766
3350.0,0.827701
3352.0,0.510863
3354.0,0.614781
3356.0,0.798754
3358.0,0.617603
3360.0,0.813925
3362.0,0.882165
3364.0,0.751663
3366.0,0.707244
3368.0,0.871368
3370.0,0.754199
3372.0,0.605705
3374.0,0.672049
3376.0,0.825198
3378.0,0.887026
3380.0,0.850626
3382.0,0.729955
3384.0,0.659266
3386.0,0.652966
3388.0,0.687685
3390.0,0.742951
3392.0,0.815665
3394.0,0.638577
3396.0,0.589192
3398.0,0.798045
3400.0,0.916455
3402.0,0.867761
3404.0,0.8733
3406.0,0.877085
3408.0,0.885572
3410.0,0.984079
3412.0,0.915047
3414.0,0.77738
3416.0,0.782136
3418.0,0.840048
3420.0,0.683493
3422.0,0.744441
3424.0,0.772427
3426.0,0.745333
3428.0,0.734059
3430.0,0.793112
3432.0,0.602632
3434.0,0.804167
3436.0,0.868984
3438.0,0.749755
3440.0,0.739792
3442.0,0.879352
3444.0,0.809941
3446.0,0.791721
3448.0,0.832477
3450.0,0.814805
3452.0,0.764737
3454.0,0.837498
3456.0,0.775763
3458.0,0.666679
3460.0,0.681403
3462.0,0.730257
3464.0,0.751713
3466.0,0.776492
3468.0,0.805238
3470.0,0.825749
3472.0,0.824417
3474.0,0.855835
3476.0,0.88926
3478.0,0.855373
3480.0,0.771262
3482.0,0.819674
3484.0,0.798434
3486.0,0.860452
3488.0,0.872688
3490.0,0.8095
3492.0,0.912757
3494.0,0.746491
3496.0,0.691483
3498.0,0.809434
3500.0,0.927273
3502.0,0.749411
3504.0,0.828346
3506.0,0.834242
3508.0,0.833761
3510.0,0.880887
3512.0,0.925809
3514.0,0.92206
3516.0,0.905263
3518.0,0.897929
3520.0,0.927711
3522.0,0.988241
3524.0,0.787068
3526.0,0.777258
3528.0,0.910089
3530.0,1.03135
3532.0,1.01026
3534.0,0.966828
3536.0,0.941381
3538.0,0.923531
3540.0,0.89704
3542.0,0.856541
3544.0,0.836602
3546.0,0.820173
3548.0,0.906104
3550.0,0.976923
3552.0,0.899516
3554.0,0.964812
3556.0,0.863913
3558.0,0.861694
3560.0,0.896252
3562.0,0.839508
3564.0,0.923121
3566.0,0.857877
3568.0,0.859501
3570.0,0.898432
3572.0,0.879773
3574.0,0.827193
3576.0,0.883783
3578.0,0.931974
3580.0,0.900353
3582.0,0.812536
3584.0,0.823095
3586.0,0.939846
3588.0,0.863698
3590.0,0.830329
3592.0,0.977018
3594.0,0.992341
3596.0,0.932738
3598.0,0.892908
3600.0,0.850957
3602.0,0.829405
3604.0,0.937757
3606.0,0.954238
3608.0,0.89204
3610.0,0.89841
3612.0,0.972037
3614.0,0.925471
3616.0,0.930992
3618.0,0.949773
3620.0,0.946483
3622.0,0.925922
3624.0,0.92856
3626.0,0.941559
3628.0,0.868951
3630.0,0.855188
3632.0,0.885461
3634.0,0.822342
3636.0,0.844674
3638.0,0.862168
3640.0,0.90413
3642.0,0.952241
3644.0,0.94901
3646.0,0.843929
3648.0,0.868803
3650.0,0.938757
3652.0,1.00487
3654.0,1.04045
3656.0,0.928423
3658.0,0.938832
3660.0,0.943748
3662.0,0.926409
3664.0,0.920912
3666.0,0.867094
3668.0,1.05366
3670.0,1.02758
3672.0,0.920803
3674.0,0.974898
3676.0,0.927608
3678.0,0.956676
3680.0,0.928832
3682.0,0.91954
3684.0,1.00285
3686.0,1.07338
3688.0,1.04363
3690.0,0.980691
3692.0,0.928396
3694.0,0.916367
3696.0,0.960028
3698.0,0.950631
3700.0,0.91966
3702.0,0.862295
3704.0,0.821529
3706.0,0.902109
3708.0,0.805171
3710.0,0.912719
3712.0,0.982765
3714.0,0.902293
3716.0,0.902005
3718.0,0.86101
3720.0,0.865433
3722.0,0.892714
3724.0,0.932814
3726.0,0.997903
3728.0,0.947109
3730.0,0.934589
3732.0,0.933526
3734.0,0.91754
3736.0,0.894402
3738.0,0.910989
3740.0,0.892626
3742.0,0.90813
3744.0,0.921281
3746.0,0.850061
3748.0,0.880255
3750.0,0.961603
3752.0,0.979228
3754.0,0.948049
3756.0,0.950949
3758.0,0.925773
3760.0,0.942434
3762.0,0.967896
3764.0,1.03271
3766.0,1.13386
3768.0,1.01399
3770.0,1.02116
3772.0,1.07145
3774.0,1.06543
3776.0,0.99943
3778.0,1.14115
3780.0,1.07892
3782.0,1.13557
3784.0,1.17839
3786.0,1.06397
3788.0,1.08315
3790.0,1.22402
3792.0,1.30031
3794.0,1.24437
3796.0,1.13631
3798.0,1.21389
3800.0,1.12462
3802.0,1.03892
3804.0,1.04502
3806.0,1.11702
3808.0,1.10071
3810.0,1.08426
3812.0,1.0793
3814.0,1.10867
3816.0,1.14657
3818.0,1.11009
3820.0,0.959094
3822.0,0.982859
3824.0,1.09116
3826.0,1.15273
3828.0,1.12029
3830.0,1.10576
3832.0,1.06406
3834.0,1.03761
3836.0,1.01947
3838.0,0.957252
3840.0,0.926427
3842.0,0.98943
3844.0,0.995088
3846.0,0.949004
3848.0,0.988566
3850.0,1.06301
3852.0,0.982371
3854.0,1.01317
3856.0,1.10538
3858.0,1.02049
3860.0,0.914477
3862.0,0.921492
3864.0,0.925436
3866.0,0.861253
3868.0,0.750577
3870.0,0.73196
3872.0,0.717174
3874.0,0.722006
3876.0,0.762048
3878.0,0.814085
3880.0,0.739243
3882.0,0.791077
3884.0,0.903033
3886.0,0.832899
3888.0,0.552057
3890.0,0.730047
3892.0,0.745944
3894.0,0.769627
3896.0,0.817546
3898.0,0.828017
3900.0,0.693186
3902.0,0.630062
3904.0,0.67143
3906.0,0.736496
3908.0,0.762999
3910.0,0.80172
3912.0,0.710045
3914.0,0.707881
3916.0,0.752135
3918.0,0.748972
3920.0,0.6643
3922.0,0.696269
3924.0,0.713859
3926.0,0.737115
3928.0,0.771142
3930.0,0.766212
3932.0,0.718892
3934.0,0.798137
3936.0,0.881365
3938.0,0.880135
3940.0,0.826593
3942.0,0.840894
3944.0,0.873913
3946.0,0.897776
3948.0,0.901919
3950.0,0.900356
3952.0,0.967552
3954.0,0.930331
3956.0,0.915365
3958.0,0.943524
3960.0,0.952781
3962.0,1.06895
3964.0,1.05025
3966.0,0.958553
3968.0,0.921532
3970.0,1.02866
3972.0,1.15627
3974.0,1.17977
3976.0,1.17505
3978.0,1.12682
3980.0,1.03812
3982.0,1.17589
3984.0,1.17362
3986.0,1.12824
3988.0,1.13329
3990.0,1.21744
3992.0,1.27585
3994.0,1.16883
3996.0,1.18001
3998.0,1.28564
4000.0,1.35584
4002.0,1.35818
4004.0,1.32377
4006.0,1.23334
4008.0,1.19089
4010.0,1.26179
4012.0,1.36263
4014.0,1.33863
4016.0,1.33264
4018.0,1.33294
4020.0,1.30487
4022.0,1.25756
4024.0,1.33334
4026.0,1.37132
4028.0,1.39784
4030.0,1.434
4032.0,1.43405
4034.0,1.42399
4036.0,1.47428
4038.0,1.48338
4040.0,1.44243
4042.0,1.46754
4044.0,1.41739
4046.0,1.40155
4048.0,1.42483
4050.0,1.45988
4052.0,1.46705
4054.0,1.40456
4056.0,1.37922
4058.0,1.39325
4060.0,1.40497
4062.0,1.3815
4064.0,1.47638
4066.0,1.46463
4068.0,1.46726
4070.0,1.51667
4072.0,1.54537
4074.0,1.44299
4076.0,1.55357
4078.0,1.57877
4080.0,1.55363
4082.0,1.65112
4084.0,1.67358
4086.0,1.64851
4088.0,1.67536
4090.0,1.67555
4092.0,1.56623
4094.0,1.53414
4096.0,1.54061
4098.0,1.53015
4100.0,1.50109
4102.0,1.48656
4104.0,1.54322
4106.0,1.42206
4108.0,1.35899
4110.0,1.38336
4112.0,1.42039
4114.0,1.36982
4116.0,1.36729
4118.0,1.33973
4120.0,1.29819
4122.0,1.26582
4124.0,1.23899
4126.0,1.24097
4128.0,1.25089
4130.0,1.21804
4132.0,1.1556
4134.0,1.16477
4136.0,1.15232
4138.0,1.19413
4140.0,1.22019
4142.0,1.19169
4144.0,1.14985
4146.0,1.10253
4148.0,1.08982
4150.0,1.0976
4152.0,1.13343
4154.0,1.21796
4156.0,1.20768
4158.0,1.15412
4160.0,1.12828
4162.0,1.13691
4164.0,1.13307
4166.0,1.14447
4168.0,1.17533
4170.0,1.16897
4172.0,1.13572
4174.0,1.12727
4176.0,1.11063
4178.0,1.07093
4180.0,1.04647
4182.0,1.0391
4184.0,1.02962
4186.0,1.0277
4188.0,1.07279
4190.0,1.08893
4192.0,1.08623
4194.0,1.10301
4196.0,1.09105
4198.0,1.0655
4200.0,1.05691
4202.0,1.05803
4204.0,1.05486
4206.0,1.07176
4208.0,1.06883
4210.0,1.01824
4212.0,0.975858
4214.0,1.00414
4216.0,1.10385
4218.0,1.10618
4220.0,1.09119
4222.0,1.11054
4224.0,1.15499
4226.0,1.1304
4228.0,1.06369
4230.0,1.05666
4232.0,1.13106
4234.0,1.20299
4236.0,1.1009
4238.0,1.03522
4240.0,1.12384
4242.0,1.19197
4244.0,1.13995
4246.0,1.07783
4248.0,1.10767
4250.0,1.10498
4252.0,1.11604
4254.0,1.14714
4256.0,1.1349
4258.0,1.14856
4260.0,1.09408
4262.0,1.05918
4264.0,1.05307
4266.0,1.00086
4268.0,0.969639
4270.0,1.08589
4272.0,1.11563
4274.0,1.02844
4276.0,0.981674
4278.0,0.961518
4280.0,0.991859
4282.0,1.00696
4284.0,1.00167
4286.0,1.00971
4288.0,1.01208
4290.0,0.932975
4292.0,0.939169
4294.0,0.991321
4296.0,0.975399
4298.0,1.01001
4300.0,0.996855
4302.0,1.01281
4304.0,1.08519
4306.0,1.17686
4308.0,1.17118
4310.0,1.1098
4312.0,1.08022
4314.0,1.10745
4316.0,1.14994
4318.0,1.09501
4320.0,1.12031
4322.0,1.19695
4324.0,1.2332
4326.0,1.18145
4328.0,1.1266
4330.0,1.1227
4332.0,1.13723
4334.0,1.11263
4336.0,1.06289
4338.0,1.11855
4340.0,1.20971
4342.0,1.13841
4344.0,1.04093
4346.0,1.03636
4348.0,1.07355
4350.0,1.08919
4352.0,1.14312
4354.0,1.15304
4356.0,1.07753
4358.0,0.978005
4360.0,1.08585
4362.0,1.099
4364.0,1.07509
4366.0,1.05937
4368.0,1.02222
4370.0,0.987572
4372.0,0.949661
4374.0,0.975177
4376.0,1.04067
4378.0,1.05648
4380.0,1.05797
4382.0,1.11456
4384.0,1.15476
4386.0,1.14859
4388.0,1.11753
4390.0,1.0942
4392.0,1.07509
4394.0,1.0697
4396.0,1.09663
4398.0,1.14664
4400.0,1.09269
4402.0,1.06557
4404.0,1.0855
4406.0,1.11356
4408.0,1.10738
4410.0,1.11513
4412.0,1.09971
4414.0,1.08822
4416.0,1.07805
4418.0,1.06019
4420.0,1.04656
4422.0,1.05544
4424.0,1.05283
4426.0,1.06832
4428.0,1.10503
4430.0,1.06005
4432.0,1.03349
4434.0,0.983418
4436.0,0.939073
4438.0,0.933098
4440.0,0.960056
4442.0,1.04745
4444.0,1.05358
4446.0,1.00062
4448.0,0.947185
4450.0,0.920188
4452.0,0.891923
4454.0,0.949988
4456.0,0.995776
4458.0,0.978595
4460.0,0.966442
4462.0,0.950944
4464.0,0.934304
4466.0,0.943037
4468.0,0.974627
4470.0,0.991918
4472.0,0.977984
4474.0,0.913267
4476.0,0.882547
4478.0,0.92291
4480.0,0.991706
4482.0,0.956772
4484.0,0.971604
4486.0,0.989559
4488.0,0.969641
4490.0,0.919655
4492.0,0.963587
4494.0,0.941982
4496.0,0.898008
4498.0,0.895209
4500.0,0.950616
4502.0,0.898127
4504.0,0.905452
4506.0,0.908732
4508.0,0.895855
4510.0,0.891048
4512.0,0.906432
4514.0,0.931809
4516.0,0.912479
4518.0,0.909582
4520.0,0.97119
4522.0,0.945125
4524.0,0.942686
4526.0,0.932755
4528.0,0.914701
4530.0,0.897593
4532.0,0.88149
4534.0,0.888221
4536.0,0.921108
4538.0,0.944111
4540.0,0.9495
4542.0,1.00795
4544.0,1.02057
4546.0,1.00872
4548.0,1.00173
4550.0,1.00217
4552.0,0.96759
4554.0,0.947161
4556.0,1.01661
4558.0,1.07066
4560.0,1.05524
4562.0,1.05339
4564.0,1.08303
4566.0,1.10974
4568.0,1.10357
4570.0,1.0909
4572.0,1.14117
4574.0,1.13343
4576.0,1.14571
4578.0,1.15361
4580.0,1.15291
4582.0,1.17111
4584.0,1.19649
4586.0,1.21504
4588.0,1.25863
4590.0,1.3033
4592.0,1.29327
4594.0,1.28314
4596.0,1.32424
4598.0,1.33058
4600.0,1.3016
4602.0,1.296
4604.0,1.28563
4606.0,1.31803
4608.0,1.33409
4610.0,1.34396
4612.0,1.37816
4614.0,1.35477
4616.0,1.36904
4618.0,1.40326
4620.0,1.40031
4622.0,1.3519
4624.0,1.45032
4626.0,1.42883
4628.0,1.39826
4630.0,1.41883
4632.0,1.48662
4634.0,1.51997
4636.0,1.4874
4638.0,1.42985
4640.0,1.39898
4642.0,1.4148
4644.0,1.42956
4646.0,1.46343
4648.0,1.50662
4650.0,1.51339
4652.0,1.486
4654.0,1.51995
4656.0,1.57182
4658.0,1.58234
4660.0,1.55393
4662.0,1.51648
4664.0,1.50388
4666.0,1.50449
4668.0,1.60478
4670.0,1.66475
4672.0,1.61457
4674.0,1.54604
4676.0,1.55544
4678.0,1.57794
4680.0,1.61288
4682.0,1.6673
4684.0,1.73381
4686.0,1.70662
4688.0,1.69482
4690.0,1.72129
4692.0,1.74083
4694.0,1.70139
4696.0,1.82377
4698.0,1.89704
4700.0,1.85124
4702.0,1.76542
4704.0,1.77249
4706.0,1.74875
4708.0,1.76766
4710.0,1.75777
4712.0,1.74491
4714.0,1.79151
4716.0,1.81567
4718.0,1.79274
4720.0,1.73125
4722.0,1.66116
4724.0,1.62121
4726.0,1.64551
4728.0,1.68652
4730.0,1.70294
4732.0,1.68772
4734.0,1.6636
4736.0,1.67341
4738.0,1.68833
4740.0,1.66536
4742.0,1.64011
4744.0,1.65369
4746.0,1.68116
4748.0,1.68196
4750.0,1.67818
4752.0,1.70531
4754.0,1.73267
4756.0,1.61209
4758.0,1.54863
4760.0,1.55719
4762.0,1.59834
4764.0,1.62851
4766.0,1.63818
4768.0,1.62031
4770.0,1.58058
4772.0,1.56093
4774.0,1.57295
4776.0,1.57752
4778.0,1.55794
4780.0,1.60192
4782.0,1.64288
4784.0,1.62133
4786.0,1.54343
4788.0,1.54079
4790.0,1.55233
4792.0,1.56338
4794.0,1.53847
4796.0,1.44622
4798.0,1.44128
4800.0,1.39209
4802.0,1.37184
4804.0,1.41006
4806.0,1.46274
4808.0,1.42686
4810.0,1.36342
4812.0,1.36367
4814.0,1.39065
4816.0,1.3465
4818.0,1.28576
4820.0,1.33057
4822.0,1.29717
4824.0,1.22742
4826.0,1.26026
4828.0,1.33002
4830.0,1.27158
4832.0,1.21292
4834.0,1.18851
4836.0,1.17504
4838.0,1.16203
4840.0,1.1315
4842.0,1.13239
4844.0,1.12918
4846.0,1.08317
4848.0,1.03802
4850.0,1.06132
4852.0,1.087
4854.0,1.09427
4856.0,1.08279
4858.0,1.05494
4860.0,1.01135
4862.0,1.02734
4864.0,1.07716
4866.0,1.11347
4868.0,1.11937
4870.0,1.07676
4872.0,1.01104
4874.0,0.986333
4876.0,1.02285
4878.0,1.06503
4880.0,1.07803
4882.0,1.06036
4884.0,1.04301
4886.0,1.05162
4888.0,1.08762
4890.0,1.10531
4892.0,1.1003
4894.0,1.10081
4896.0,1.11615
4898.0,1.12491
4900.0,1.08221
4902.0,1.05006
4904.0,1.06947
4906.0,1.12196
4908.0,1.14377
4910.0,1.09875
4912.0,1.10461
4914.0,1.12501
4916.0,1.1501
4918.0,1.18818
4920.0,1.17198
4922.0,1.13013
4924.0,1.13534
4926.0,1.19764
4928.0,1.26847
4930.0,1.26902
4932.0,1.25493
4934.0,1.24931
4936.0,1.25391
4938.0,1.27205
4940.0,1.3641
4942.0,1.37061
4944.0,1.30365
4946.0,1.22922
4948.0,1.21542
4950.0,1.27434
4952.0,1.26375
4954.0,1.28621
4956.0,1.3064
4958.0,1.2656
4960.0,1.17656
4962.0,1.16725
4964.0,1.20613
4966.0,1.2197
4968.0,1.17527
4970.0,1.13972
4972.0,1.20179
4974.0,1.22735
4976.0,1.20755
4978.0,1.20172
4980.0,1.29276
4982.0,1.21423
4984.0,1.17826
4986.0,1.15771
4988.0,1.13549
4990.0,1.17213
4992.0,1.20206
4994.0,1.19517
4996.0,1.18735
4998.0,1.19566
5000.0,1.19753
5002.0,1.16971
5004.0,1.12456
5006.0,1.09363
5008.0,1.0963
5010.0,1.12455
5012.0,1.10305
5014.0,1.12339
5016.0,1.1217
5018.0,1.08676
5020.0,1.06607
5022.0,1.09186
5024.0,1.13608
5026.0,1.13274
5028.0,1.11178
5030.0,1.1387
5032.0,1.12771
5034.0,1.09312
5036.0,1.08963
5038.0,1.10938
5040.0,1.11811
5042.0,1.13789
5044.0,1.16731
5046.0,1.15305
5048.0,1.11369
5050.0,1.10279
5052.0,1.15514
5054.0,1.22069
5056.0,1.21464
5058.0,1.19314
5060.0,1.22225
5062.0,1.23516
5064.0,1.23617
5066.0,1.24038
5068.0,1.24658
5070.0,1.25535
5072.0,1.28282
5074.0,1.31469
5076.0,1.31963
5078.0,1.30429
5080.0,1.28178
5082.0,1.25176
5084.0,1.16188
5086.0,1.18195
5088.0,1.24535
5090.0,1.28567
5092.0,1.32808
5094.0,1.26201
5096.0,1.18597
5098.0,1.1898
5100.0,1.25535
5102.0,1.25384
5104.0,1.18639
5106.0,1.13325
5108.0,1.1071
5110.0,1.10349
5112.0,1.10698
5114.0,1.04632
5116.0,1.06565
5118.0,1.07894
5120.0,1.06193
5122.0,1.06625
5124.0,1.08796
5126.0,1.06371
5128.0,1.03982
5130.0,1.03989
5132.0,1.05267
5134.0,1.04462
5136.0,1.00604
5138.0,0.974401
5140.0,0.976215
5142.0,1.0055
5144.0,0.989269
5146.0,0.950413
5148.0,0.948153
5150.0,0.955687
5152.0,0.928169
5154.0,0.916751
5156.0,0.97463
5158.0,0.97061
5160.0,0.930745
5162.0,0.931029
5164.0,0.9678
5166.0,0.966093
5168.0,0.957358
5170.0,0.950744
5172.0,0.939079
5174.0,0.898713
5176.0,0.893903
5178.0,0.945628
5180.0,0.990137
5182.0,0.97159
5184.0,0.906233
5186.0,0.930055
5188.0,0.941735
5190.0,0.945063
5192.0,0.95992
5194.0,0.983833
5196.0,0.996063
5198.0,0.992591
5200.0,1.01033
5202.0,1.05224
5204.0,1.06829
5206.0,1.03001
5208.0,1.01124
5210.0,0.994318
5212.0,0.990095
5214.0,1.04199
5216.0,1.05074
5218.0,1.05125
5220.0,1.05207
5222.0,1.01016
5224.0,1.0001
5226.0,1.01223
5228.0,1.03937
5230.0,1.0535
5232.0,1.04298
5234.0,1.0361
5236.0,1.06974
5238.0,1.09139
5240.0,1.10663
5242.0,1.12669
5244.0,1.13721
5246.0,1.06539
5248.0,1.02159
5250.0,1.01734
5252.0,1.05211
5254.0,1.10716
5256.0,1.11653
5258.0,1.10073
5260.0,1.1084
5262.0,1.12507
5264.0,1.11518
5266.0,1.07716
5268.0,1.06371
5270.0,1.08124
5272.0,1.10089
5274.0,1.11286
5276.0,1.10373
5278.0,1.10458
5280.0,1.0855
5282.0,1.07869
5284.0,1.096
5286.0,1.072
5288.0,1.06222
5290.0,1.08202
5292.0,1.11595
5294.0,1.12748
5296.0,1.11772
5298.0,1.09756
5300.0,1.09091
5302.0,1.0951
5304.0,1.10301
5306.0,1.08966
5308.0,1.11238
5310.0,1.07618
5312.0,1.05306
5314.0,1.08222
5316.0,1.11433
5318.0,1.08001
5320.0,1.09597
5322.0,1.11027
5324.0,1.09404
5326.0,1.07266
5328.0,1.08748
5330.0,1.10773
5332.0,1.11453
5334.0,1.10136
5336.0,1.08288
5338.0,1.14373
5340.0,1.12727
5342.0,1.10149
5344.0,1.09575
5346.0,1.1434
5348.0,1.13626
5350.0,1.14464
5352.0,1.17053
5354.0,1.19186
5356.0,1.21139
5358.0,1.22842
5360.0,1.24295
5362.0,1.25611
5364.0,1.24766
5366.0,1.20061
5368.0,1.19205
5370.0,1.21854
5372.0,1.24588
5374.0,1.26187
5376.0,1.27341
5378.0,1.2745
5380.0,1.25919
5382.0,1.25593
5384.0,1.25494
5386.0,1.26
5388.0,1.27534
5390.0,1.29386
5392.0,1.30099
5394.0,1.29535
5396.0,1.31361
5398.0,1.36661
5400.0,1.38722
5402.0,1.36254
5404.0,1.33301
5406.0,1.33677
5408.0,1.3599
5410.0,1.36108
5412.0,1.35404
5414.0,1.33876
5416.0,1.30538
5418.0,1.27853
5420.0,1.27489
5422.0,1.28352
5424.0,1.27722
5426.0,1.25639
5428.0,1.25242
5430.0,1.26896
5432.0,1.27136
5434.0,1.24459
5436.0,1.20809
5438.0,1.19422
5440.0,1.19345
5442.0,1.19166
5444.0,1.19591
5446.0,1.19818
5448.0,1.20261
5450.0,1.20142
5452.0,1.18083
5454.0,1.14164
5456.0,1.13063
5458.0,1.13699
5460.0,1.14654
5462.0,1.1714
5464.0,1.18798
5466.0,1.18016
5468.0,1.15676
5470.0,1.12957
5472.0,1.08259
5474.0,1.05539
5476.0,1.03482
5478.0,1.02798
5480.0,1.04345
5482.0,1.06979
5484.0,1.0778
5486.0,1.0757
5488.0,1.07556
5490.0,1.07047
5492.0,1.06985
5494.0,1.07854
5496.0,1.08639
5498.0,1.07893
5500.0,1.05798
5502.0,1.05481
5504.0,1.0651
5506.0,1.07091
5508.0,1.07477
5510.0,1.07694
5512.0,1.07571
5514.0,1.07182
5516.0,1.07417
5518.0,1.08227
5520.0,1.08766
5522.0,1.08944
5524.0,1.09548
5526.0,1.11263
5528.0,1.13334
5530.0,1.13578
5532.0,1.11615
5534.0,1.12036
5536.0,1.14066
5538.0,1.15962
5540.0,1.17803
5542.0,1.19402
5544.0,1.20031
5546.0,1.19853
5548.0,1.19704
5550.0,1.1854
5552.0,1.18751
5554.0,1.21051
5556.0,1.23148
5558.0,1.22985
5560.0,1.21419
5562.0,1.21453
5564.0,1.23046
5566.0,1.23025
5568.0,1.21124
5570.0,1.1987
5572.0,1.20596
5574.0,1.22262
5576.0,1.22825
5578.0,1.22613
5580.0,1.23122
5582.0,1.24565
5584.0,1.25086
5586.0,1.24078
5588.0,1.22482
5590.0,1.21548
5592.0,1.20825
5594.0,1.20029
5596.0,1.19235
5598.0,1.18489
5600.0,1.18123
5602.0,1.17391
5604.0,1.15218
5606.0,1.1182
5608.0,1.10941
5610.0,1.12559
5612.0,1.12733
5614.0,1.12308
5616.0,1.11165
5618.0,1.0879
5620.0,1.05632
5622.0,1.04025
5624.0,1.03071
5626.0,1.02977
5628.0,1.04741
5630.0,1.05432
5632.0,1.04191
5634.0,1.02065
5636.0,1.00229
5638.0,0.979324
5640.0,0.965438
5642.0,0.950889
5644.0,0.952064
5646.0,0.978989
5648.0,1.00812
5650.0,1.01478
5652.0,1.00957
5654.0,0.996272
5656.0,0.956263
5658.0,0.944591
5660.0,0.964921
5662.0,0.984026
5664.0,0.978952
5666.0,0.963374
5668.0,0.976565
5670.0,1.02121
5672.0,1.04203
5674.0,1.05161
5676.0,1.05658
5678.0,1.05736
5680.0,1.0544
5682.0,1.05168
5684.0,1.04378
5686.0,1.04739
5688.0,1.06233
5690.0,1.07416
5692.0,1.08177
5694.0,1.08836
5696.0,1.09586
5698.0,1.10336
5700.0,1.11146
5702.0,1.12159
5704.0,1.12866
5706.0,1.13242
5708.0,1.13535
5710.0,1.13913
5712.0,1.1429
5714.0,1.14494
5716.0,1.13632
5718.0,1.14856
5720.0,1.18814
5722.0,1.21669
5724.0,1.21834
5726.0,1.20738
5728.0,1.20443
5730.0,1.20005
5732.0,1.20095
5734.0,1.20835
5736.0,1.21289
5738.0,1.21211
5740.0,1.2108
5742.0,1.21578
5744.0,1.2279
5746.0,1.22358
5748.0,1.19979
5750.0,1.1891
5752.0,1.19048
5754.0,1.19659
5756.0,1.20655
5758.0,1.22173
5760.0,1.21566
5762.0,1.18767
5764.0,1.16939
5766.0,1.14971
5768.0,1.1385
5770.0,1.14561
5772.0,1.16127
5774.0,1.15452
5776.0,1.1259
5778.0,1.11507
5780.0,1.11048
5782.0,1.11129
5784.0,1.12087
5786.0,1.13301
5788.0,1.13589
5790.0,1.13266
5792.0,1.13248
5794.0,1.13507
5796.0,1.1325
5798.0,1.12275
5800.0,1.11211
5802.0,1.1056
5804.0,1.10081
5806.0,1.09854
5808.0,1.10168
5810.0,1.10002
5812.0,1.09639
5814.0,1.08904
5816.0,1.07346
5818.0,1.05392
5820.0,1.05116
5822.0,1.06542
5824.0,1.07025
5826.0,1.07959
5828.0,1.07637
5830.0,1.05176
5832.0,1.01891
5834.0,0.999505
5836.0,0.983025
5838.0,0.978919
5840.0,0.99217
5842.0,0.999071
5844.0,0.999992
5846.0,0.997855
5848.0,0.99117
5850.0,0.9783
5852.0,0.983634
5854.0,1.01264
5856.0,1.02229
5858.0,1.01456
5860.0,1.00449
5862.0,0.997586
5864.0,0.991203
5866.0,0.99503
5868.0,1.01505
5870.0,1.01963
5872.0,1.0158
5874.0,1.0084
5876.0,0.996273
5878.0,0.982037
5880.0,0.975408
5882.0,0.978442
5884.0,0.965458
5886.0,0.927657
5888.0,0.914221
5890.0,0.936805
5892.0,0.966985
5894.0,0.974441
5896.0,0.969206
5898.0,0.97715
5900.0,0.997966
5902.0,1.00618
5904.0,0.999511
5906.0,0.993445
5908.0,0.998775
5910.0,1.00975
5912.0,1.01195
5914.0,1.00841
5916.0,1.00572
5918.0,1.00395
5920.0,0.998366
5922.0,0.986522
5924.0,0.971019
5926.0,0.956884
5928.0,0.940835
5930.0,0.928457
5932.0,0.919329
5934.0,0.909759
5936.0,0.900211
5938.0,0.889849
5940.0,0.875985
5942.0,0.857884
5944.0,0.848139
5946.0,0.844485
5948.0,0.841414
5950.0,0.839977
5952.0,0.839488
5954.0,0.838748
5956.0,0.838267
5958.0,0.841491
5960.0,0.853758
5962.0,0.853706
5964.0,0.838545
5966.0,0.828929
5968.0,0.834814
5970.0,0.847771
5972.0,0.85282
5974.0,0.852811
5976.0,0.857827
5978.0,0.865574
5980.0,0.873978
5982.0,0.881956
5984.0,0.891446
5986.0,0.906202
5988.0,0.927832
5990.0,0.93818
5992.0,0.936457
5994.0,0.942622
5996.0,0.95783
5998.0,0.974473
6000.0,0.987456
6002.0,0.999245
6004.0,1.00898
6006.0,1.0162
6008.0,1.02336
6010.0,1.02874
6012.0,1.0354
6014.0,1.0438
6016.0,1.05407
6018.0,1.07117
6020.0,1.09919
6022.0,1.11755
6024.0,1.13625
6026.0,1.14436
6028.0,1.13328
6030.0,1.11703
6032.0,1.1216
6034.0,1.1422
6036.0,1.1505
6038.0,1.15637
6040.0,1.15676
6042.0,1.14855
6044.0,1.13909
6046.0,1.13491
6048.0,1.13245
6050.0,1.13845
6052.0,1.15795
6054.0,1.16773
6056.0,1.17181
6058.0,1.17138
6060.0,1.16473
6062.0,1.15342
6064.0,1.14878
6066.0,1.14599
6068.0,1.14769
6070.0,1.15628
6072.0,1.16311
6074.0,1.16622
6076.0,1.16749
6078.0,1.16795
6080.0,1.16911
6082.0,1.16232
6084.0,1.14443
6086.0,1.13267
6088.0,1.13007
6090.0,1.12839
6092.0,1.11857
6094.0,1.10243
6096.0,1.09902
6098.0,1.10751
6100.0,1.11086
6102.0,1.11591
6104.0,1.11309
6106.0,1.09245
6108.0,1.05977
6110.0,1.04086
6112.0,1.02559
6114.0,1.0176
6116.0,1.02031
6118.0,1.02186
6120.0,1.02
6122.0,1.01586
6124.0,1.00525
6126.0,0.984312
6128.0,0.975704
6130.0,0.975265
6132.0,0.974998
6134.0,0.975785
6136.0,0.976196
6138.0,0.972376
6140.0,0.964813
6142.0,0.961731
6144.0,0.957165
6146.0,0.961417
6148.0,0.983181
6150.0,0.998367
6152.0,0.986684
6154.0,0.957922
6156.0,0.942749
6158.0,0.925453
6160.0,0.922996
6162.0,0.937667
6164.0,0.952458
6166.0,0.958912
6168.0,0.964798
6170.0,0.985832
6172.0,1.0331
6174.0,1.04167
6176.0,1.01609
6178.0,0.999357
6180.0,0.997671
6182.0,1.0002
6184.0,0.998969
6186.0,0.997191
6188.0,0.995394
6190.0,0.98823
6192.0,0.99158
6194.0,1.01402
6196.0,1.03158
6198.0,1.02115
6200.0,0.991994
6202.0,0.984302
6204.0,0.986668
6206.0,0.991915
6208.0,1.00973
6210.0,1.01926
6212.0,1.00692
6214.0,0.98402
6216.0,0.979161
6218.0,0.98809
6220.0,0.988715
6222.0,0.990029
6224.0,0.985198
6226.0,0.968089
6228.0,0.949136
6230.0,0.947767
6232.0,0.96254
6234.0,0.95979
6236.0,0.938299
6238.0,0.93368
6240.0,0.950672
6242.0,0.971602
6244.0,0.983437
6246.0,0.992897
6248.0,0.990752
6250.0,0.970306
6252.0,0.962919
6254.0,0.964721
6256.0,0.969528
6258.0,0.975234
6260.0,0.982962
6262.0,0.991232
6264.0,1.01138
6266.0,1.00682
6268.0,0.97835
6270.0,0.953119
6272.0,0.937679
6274.0,0.924722
6276.0,0.907636
6278.0,0.885119
6280.0,0.875531
6282.0,0.880529
6284.0,0.878252
6286.0,0.869661
6288.0,0.855603
6290.0,0.831114
6292.0,0.794124
6294.0,0.785533
6296.0,0.810188
6298.0,0.81018
6300.0,0.787381
6302.0,0.76255
6304.0,0.745932
6306.0,0.731948
6308.0,0.7197
6310.0,0.711814
6312.0,0.700564
6314.0,0.689817
6316.0,0.674773
6318.0,0.64954
6320.0,0.622315
6322.0,0.613832
6324.0,0.623121
6326.0,0.620339
6328.0,0.607486
6330.0,0.605455
6332.0,0.621757
6334.0,0.639775
6336.0,0.640083
6338.0,0.629398
6340.0,0.620186
6342.0,0.599009
6344.0,0.595228
6346.0,0.614005
6348.0,0.632248
6350.0,0.632716
6352.0,0.624157
6354.0,0.629862
6356.0,0.64825
6358.0,0.657914
6360.0,0.661122
6362.0,0.666161
6364.0,0.677412
6366.0,0.690422
6368.0,0.695372
6370.0,0.688908
6372.0,0.698684
6374.0,0.724794
6376.0,0.742885
6378.0,0.748608
6380.0,0.75034
6382.0,0.755475
6384.0,0.759569
6386.0,0.771249
6388.0,0.792987
6390.0,0.808678
6392.0,0.820707
6394.0,0.828322
6396.0,0.82761
6398.0,0.819728
6400.0,0.825638
6402.0,0.845207
6404.0,0.855579
6406.0,0.859044
6408.0,0.863361
6410.0,0.872544
6412.0,0.883232
6414.0,0.888186
6416.0,0.885312
6418.0,0.891959
6420.0,0.909901
6422.0,0.91944
6424.0,0.914334
6426.0,0.904754
6428.0,0.904172
6430.0,0.908576
6432.0,0.909959
6434.0,0.908471
6436.0,0.911317
6438.0,0.91949
6440.0,0.929147
6442.0,0.93769
6444.0,0.946567
6446.0,0.952286
6448.0,0.955256
6450.0,0.95793
6452.0,0.95767
6454.0,0.959875
6456.0,0.969901
6458.0,0.9833
6460.0,0.983139
6462.0,0.962464
6464.0,0.96586
6466.0,0.986568
6468.0,1.00681
6470.0,1.02544
6472.0,1.04232
6474.0,1.05049
6476.0,1.05125
6478.0,1.05175
6480.0,1.04696
6482.0,1.04525
6484.0,1.04706
6486.0,1.05015
6488.0,1.05282
6490.0,1.05566
6492.0,1.06045
6494.0,1.06729
6496.0,1.07397
6498.0,1.08127
6500.0,1.08828
6502.0,1.09503
6504.0,1.10136
6506.0,1.10338
6508.0,1.10519
6510.0,1.09764
6512.0,1.07215
6514.0,1.05907
6516.0,1.07145
6518.0,1.09364
6520.0,1.09953
6522.0,1.09722
6524.0,1.09544
6526.0,1.08864
6528.0,1.08526
6530.0,1.08567
6532.0,1.08837
6534.0,1.09258
6536.0,1.09849
6538.0,1.10737
6540.0,1.12702
6542.0,1.13168
6544.0,1.11891
6546.0,1.10463
6548.0,1.09837
6550.0,1.09516
6552.0,1.09227
6554.0,1.09052
6556.0,1.09039
6558.0,1.09486
6560.0,1.09562
6562.0,1.08794
6564.0,1.07696
6566.0,1.07374
6568.0,1.07871
6570.0,1.0733
6572.0,1.06022
6574.0,1.04794
6576.0,1.03479
6578.0,1.0239
6580.0,1.02186
6582.0,1.02708
6584.0,1.03163
6586.0,1.0421
6588.0,1.04596
6590.0,1.04509
6592.0,1.03906
6594.0,1.02394
6596.0,1.00104
6598.0,0.99532
6600.0,1.00551
6602.0,1.00778
6604.0,1.00577
6606.0,1.0048
6608.0,1.00692
6610.0,1.01055
6612.0,1.01365
6614.0,1.01712
6616.0,1.02043
6618.0,1.02119
6620.0,1.02665
6622.0,1.04254
6624.0,1.05853
6626.0,1.05722
6628.0,1.04068
6630.0,1.03797
6632.0,1.04249
6634.0,1.0463
6636.0,1.05197
6638.0,1.05566
6640.0,1.05205
6642.0,1.04291
6644.0,1.04161
6646.0,1.04793
6648.0,1.04801
6650.0,1.04337
6652.0,1.03779
6654.0,1.03159
6656.0,1.02511
6658.0,1.02449
6660.0,1.0298
6662.0,1.03302
6664.0,1.039
6666.0,1.04081
6668.0,1.03478
6670.0,1.02665
6672.0,1.02627
6674.0,1.03212
6676.0,1.032
6678.0,1.02994
6680.0,1.02524
6682.0,1.01699
6684.0,1.00731
6686.0,0.997075
6688.0,0.984723
6690.0,0.983802
6692.0,0.995414
6694.0,1.00168
6696.0,1.00585
6698.0,1.00847
6700.0,1.00957
6702.0,1.00909
6704.0,1.00601
6706.0,1.0018
6708.0,0.9927
6710.0,0.973802
6712.0,0.961518
6714.0,0.960503
6716.0,0.965674
6718.0,0.972243
6720.0,0.984701
6722.0,0.991102
6724.0,0.997334
6726.0,0.996872
6728.0,0.985984
6730.0,0.973191
6732.0,0.968638
6734.0,0.969167
6736.0,0.963417
6738.0,0.951746
6740.0,0.944734
6742.0,0.940223
6744.0,0.939092
6746.0,0.945566
6748.0,0.956981
6750.0,0.949457
6752.0,0.922664
6754.0,0.905531
6756.0,0.889179
6758.0,0.876918
6760.0,0.869951
6762.0,0.86719
6764.0,0.867678
6766.0,0.872575
6768.0,0.878578
6770.0,0.892287
6772.0,0.897405
6774.0,0.890105
6776.0,0.878699
6778.0,0.871815
6780.0,0.865549
6782.0,0.861559
6784.0,0.859847
6786.0,0.85874
6788.0,0.86072
6790.0,0.860502
6792.0,0.852796
6794.0,0.840083
6796.0,0.834258
6798.0,0.832112
6800.0,0.830742
6802.0,0.833397
6804.0,0.833378
6806.0,0.82625
6808.0,0.816482
6810.0,0.81515
6812.0,0.822192
6814.0,0.822077
6816.0,0.818801
6818.0,0.814301
6820.0,0.806999
6822.0,0.799942
6824.0,0.798953
6826.0,0.802957
6828.0,0.803955
6830.0,0.805639
6832.0,0.804489
6834.0,0.799077
6836.0,0.793621
6838.0,0.791199
6840.0,0.790254
6842.0,0.792464
6844.0,0.801094
6846.0,0.803692
6848.0,0.80078
6850.0,0.798174
6852.0,0.798195
6854.0,0.799318
6856.0,0.800806
6858.0,0.806637
6860.0,0.803609
6862.0,0.793902
6864.0,0.782421
6866.0,0.763454
6868.0,0.74763
6870.0,0.758822
6872.0,0.795907
6874.0,0.814312
6876.0,0.831743
6878.0,0.836956
6880.0,0.824198
6882.0,0.808414
6884.0,0.804362
6886.0,0.806291
6888.0,0.800498
6890.0,0.785762
6892.0,0.780649
6894.0,0.782633
6896.0,0.78868
6898.0,0.800045
6900.0,0.815096
6902.0,0.819473
6904.0,0.814019
6906.0,0.813289
6908.0,0.814877
6910.0,0.813781
6912.0,0.808035
6914.0,0.80024
6916.0,0.79409
6918.0,0.786441
6920.0,0.785252
6922.0,0.790251
6924.0,0.794913
6926.0,0.800732
6928.0,0.805383
6930.0,0.80536
6932.0,0.802053
6934.0,0.797064
6936.0,0.789885
6938.0,0.780458
6940.0,0.762999
6942.0,0.751715
6944.0,0.758498
6946.0,0.776174
6948.0,0.778752
6950.0,0.773543
6952.0,0.766682
6954.0,0.748849
6956.0,0.740808
6958.0,0.753866
6960.0,0.774418
6962.0,0.775532
6964.0,0.763533
6966.0,0.755452
6968.0,0.742789
6970.0,0.735184
6972.0,0.734399
6974.0,0.736262
6976.0,0.737048
6978.0,0.738855
6980.0,0.73793
6982.0,0.734742
6984.0,0.731622
6986.0,0.72718
6988.0,0.723883
6990.0,0.724395
6992.0,0.727387
6994.0,0.725855
6996.0,0.722626
6998.0,0.716365
7000.0,0.702703
7002.0,0.694129
7004.0,0.69746
7006.0,0.705849
7008.0,0.704757
7010.0,0.694103
7012.0,0.695569
7014.0,0.710013
7016.0,0.716103
7018.0,0.709006
7020.0,0.697982
7022.0,0.692723
7024.0,0.688638
7026.0,0.689211
7028.0,0.697884
7030.0,0.700633
7032.0,0.694233
7034.0,0.690254
7036.0,0.700259
7038.0,0.719672
7040.0,0.7198
7042.0,0.70174
7044.0,0.693763
7046.0,0.686136
7048.0,0.687239
7050.0,0.705702
7052.0,0.733005
7054.0,0.741708
7056.0,0.738606
7058.0,0.735652
7060.0,0.726371
7062.0,0.719
7064.0,0.715033
7066.0,0.712278
7068.0,0.708441
7070.0,0.702395
7072.0,0.705406
7074.0,0.721041
7076.0,0.727701
7078.0,0.724003
7080.0,0.717844
7082.0,0.714375
7084.0,0.710915
7086.0,0.711524
7088.0,0.717387
7090.0,0.720308
7092.0,0.721922
7094.0,0.722413
7096.0,0.721449
7098.0,0.719348
7100.0,0.717732
7102.0,0.717267
7104.0,0.713696
7106.0,0.705439
7108.0,0.700381
7110.0,0.700934
7112.0,0.703927
7114.0,0.705643
7116.0,0.709056
7118.0,0.706851
7120.0,0.699304
7122.0,0.692392
7124.0,0.684045
7126.0,0.677804
7128.0,0.678573
7130.0,0.684687
7132.0,0.690576
7134.0,0.698907
7136.0,0.707051
7138.0,0.720987
7140.0,0.72713
7142.0,0.713518
7144.0,0.687941
7146.0,0.680489
7148.0,0.685048
7150.0,0.686399
7152.0,0.692156
7154.0,0.693045
7156.0,0.68403
7158.0,0.671494
7160.0,0.667641
7162.0,0.669172
7164.0,0.669887
7166.0,0.674408
7168.0,0.674733
7170.0,0.668102
7172.0,0.660873
7174.0,0.660868
7176.0,0.666363
7178.0,0.663861
7180.0,0.652629
7182.0,0.648734
7184.0,0.649861
7186.0,0.65535
7188.0,0.667856
7190.0,0.685891
7192.0,0.691005
7194.0,0.686717
7196.0,0.682637
7198.0,0.671504
7200.0,0.666116
7202.0,0.671422
7204.0,0.682923
7206.0,0.695633
7208.0,0.720547
7210.0,0.721012
7212.0,0.695958
7214.0,0.680671
7216.0,0.678613
7218.0,0.682385
7220.0,0.689333
7222.0,0.704347
7224.0,0.702301
7226.0,0.682737
7228.0,0.672005
7230.0,0.66877
7232.0,0.667808
7234.0,0.667674
7236.0,0.669331
7238.0,0.663566
7240.0,0.644144
7242.0,0.641807
7244.0,0.657097
7246.0,0.669538
7248.0,0.670442
7250.0,0.666599
7252.0,0.666848
7254.0,0.668342
7256.0,0.669516
7258.0,0.672508
7260.0,0.672567
7262.0,0.667896
7264.0,0.661622
7266.0,0.658395
7268.0,0.657806
7270.0,0.651317
7272.0,0.633648
7274.0,0.629135
7276.0,0.63975
7278.0,0.655066
7280.0,0.669728
7282.0,0.687391
7284.0,0.688683
7286.0,0.669846
7288.0,0.664122
7290.0,0.667626
7292.0,0.671983
7294.0,0.673946
7296.0,0.675553
7298.0,0.677646
7300.0,0.678506
7302.0,0.683049
7304.0,0.693107
7306.0,0.699486
7308.0,0.69999
7310.0,0.697503
7312.0,0.693832
7314.0,0.683306
7316.0,0.69088
7318.0,0.719766
7320.0,0.736897
7322.0,0.742744
7324.0,0.742063
7326.0,0.7345
7328.0,0.718274
7330.0,0.715635
7332.0,0.72734
7334.0,0.727422
7336.0,0.71112
7338.0,0.702799
7340.0,0.719985
7342.0,0.750978
7344.0,0.759768
7346.0,0.753511
7348.0,0.751277
7350.0,0.743523
7352.0,0.741631
7354.0,0.749383
7356.0,0.762405
7358.0,0.775993
7360.0,0.798331
7362.0,0.800637
7364.0,0.785384
7366.0,0.771509
7368.0,0.754934
7370.0,0.74219
7372.0,0.746081
7374.0,0.764827
7376.0,0.765108
7378.0,0.748019
7380.0,0.744412
7382.0,0.755809
7384.0,0.765851
7386.0,0.764371
7388.0,0.75691
7390.0,0.75271
7392.0,0.746957
7394.0,0.744922
7396.0,0.748195
7398.0,0.748752
7400.0,0.742602
7402.0,0.73414
7404.0,0.731968
7406.0,0.735957
7408.0,0.733129
7410.0,0.724839
7412.0,0.718646
7414.0,0.71572
7416.0,0.713438
7418.0,0.709219
7420.0,0.703678
7422.0,0.700208
7424.0,0.698242
7426.0,0.696143
7428.0,0.691913
7430.0,0.690818
7432.0,0.698089
7434.0,0.711303
7436.0,0.717805
7438.0,0.72709
7440.0,0.722245
7442.0,0.698712
7444.0,0.679361
7446.0,0.671731
7448.0,0.670632
7450.0,0.675927
7452.0,0.694435
7454.0,0.700344
7456.0,0.70006
7458.0,0.697465
7460.0,0.689328
7462.0,0.681878
7464.0,0.687432
7466.0,0.70474
7468.0,0.710844
7470.0,0.713216
7472.0,0.711318
7474.0,0.702157
7476.0,0.692713
7478.0,0.689531
7480.0,0.689813
7482.0,0.686421
7484.0,0.68109
7486.0,0.676034
7488.0,0.668932
7490.0,0.664495
7492.0,0.665677
7494.0,0.670097
7496.0,0.672151
7498.0,0.674925
7500.0,0.674715
7502.0,0.67017
7504.0,0.668187
7506.0,0.671698
7508.0,0.676059
7510.0,0.674055
7512.0,0.667189
7514.0,0.662772
7516.0,0.655419
7518.0,0.654463
7520.0,0.66195
7522.0,0.671526
7524.0,0.678672
7526.0,0.68615
7528.0,0.685228
7530.0,0.672232
7532.0,0.668264
7534.0,0.671627
7536.0,0.675962
7538.0,0.67813
7540.0,0.680123
7542.0,0.684904
7544.0,0.696483
7546.0,0.697707
7548.0,0.690687
7550.0,0.68329
7552.0,0.675431
7554.0,0.668335
7556.0,0.668088
7558.0,0.673044
7560.0,0.679742
7562.0,0.69238
7564.0,0.701662
7566.0,0.709491
7568.0,0.713021
7570.0,0.706152
7572.0,0.689269
7574.0,0.684182
7576.0,0.688887
7578.0,0.687067
7580.0,0.679653
7582.0,0.671432
7584.0,0.665156
7586.0,0.659249
7588.0,0.650374
7590.0,0.645177
7592.0,0.625365
7594.0,0.586459
7596.0,0.553977
7598.0,0.529971
7600.0,0.515879
7602.0,0.530891
7604.0,0.580848
7606.0,0.609694
7608.0,0.6342
7610.0,0.655425
7612.0,0.678723
7614.0,0.693169
7616.0,0.682634
7618.0,0.650511
7620.0,0.623285
7622.0,0.578366
7624.0,0.559501
7626.0,0.57079
7628.0,0.586621
7630.0,0.591342
7632.0,0.592939
7634.0,0.592965
7636.0,0.587904
7638.0,0.587592
7640.0,0.594664
7642.0,0.595595
7644.0,0.584142
7646.0,0.566131
7648.0,0.551605
7650.0,0.53621
7652.0,0.522257
7654.0,0.50761
7656.0,0.496409
7658.0,0.49066
7660.0,0.486516
7662.0,0.478746
7664.0,0.469195
7666.0,0.459966
7668.0,0.449435
7670.0,0.440536
7672.0,0.432418
7674.0,0.42619
7676.0,0.423573
7678.0,0.423954
7680.0,0.421432
7682.0,0.419315
7684.0,0.413363
7686.0,0.40322
7688.0,0.392336
7690.0,0.381212
7692.0,0.369965
7694.0,0.362646
7696.0,0.358764
7698.0,0.354702
7700.0,0.351504
7702.0,0.34927
7704.0,0.348472
7706.0,0.348256
7708.0,0.34676
7710.0,0.343493
7712.0,0.345247
7714.0,0.354296
7716.0,0.357256
7718.0,0.353811
7720.0,0.347612
7722.0,0.339295
7724.0,0.327412
7726.0,0.328757
7728.0,0.345275
7730.0,0.352602
7732.0,0.355318
7734.0,0.354633
7736.0,0.348133
7738.0,0.338345
7740.0,0.340333
7742.0,0.35089
7744.0,0.362476
7746.0,0.383108
7748.0,0.396678
7750.0,0.398501
7752.0,0.394593
7754.0,0.391202
7756.0,0.380752
7758.0,0.387982
7760.0,0.41505
7762.0,0.432525
7764.0,0.439219
7766.0,0.442102
7768.0,0.444786
7770.0,0.444798
7772.0,0.450874
7774.0,0.465341
7776.0,0.471648
7778.0,0.469451
7780.0,0.467147
7782.0,0.468571
7784.0,0.471687
7786.0,0.478445
7788.0,0.491454
7790.0,0.499649
7792.0,0.50459
7794.0,0.510357
7796.0,0.521423
7798.0,0.53142
7800.0,0.524392
7802.0,0.496436
7804.0,0.49158
7806.0,0.498964
7808.0,0.510782
7810.0,0.533103
7812.0,0.554066
7814.0,0.55628
7816.0,0.54496
7818.0,0.538761
7820.0,0.528056
7822.0,0.524006
7824.0,0.528076
7826.0,0.532446
7828.0,0.532433
7830.0,0.530472
7832.0,0.527263
7834.0,0.515777
7836.0,0.518503
7838.0,0.536578
7840.0,0.551539
7842.0,0.558607
7844.0,0.560965
7846.0,0.556261
7848.0,0.540377
7850.0,0.533391
7852.0,0.521998
7854.0,0.527097
7856.0,0.560369
7858.0,0.598585
7860.0,0.610631
7862.0,0.607444
7864.0,0.603253
7866.0,0.579043
7868.0,0.579497
7870.0,0.613036
7872.0,0.645981
7874.0,0.652649
7876.0,0.645092
7878.0,0.646275
7880.0,0.648527
7882.0,0.651255
7884.0,0.651621
7886.0,0.657415
7888.0,0.676797
7890.0,0.701104
7892.0,0.702211
7894.0,0.676891
7896.0,0.675738
7898.0,0.692685
7900.0,0.70189
7902.0,0.694861
7904.0,0.686132
7906.0,0.695465
7908.0,0.718424
7910.0,0.734286
7912.0,0.757465
7914.0,0.764013
7916.0,0.746368
7918.0,0.727416
7920.0,0.726118
7922.0,0.733848
7924.0,0.7449
7926.0,0.769785
7928.0,0.780735
7930.0,0.777799
7932.0,0.776087
7934.0,0.784047
7936.0,0.795443
7938.0,0.796823
7940.0,0.792414
7942.0,0.784456
7944.0,0.767401
7946.0,0.754913
7948.0,0.751205
7950.0,0.750369
7952.0,0.744563
7954.0,0.73567
7956.0,0.729916
7958.0,0.722926
7960.0,0.722006
7962.0,0.730241
7964.0,0.739661
7966.0,0.742129
7968.0,0.740677
7970.0,0.742839
7972.0,0.74828
7974.0,0.750101
7976.0,0.747293
7978.0,0.745673
7980.0,0.749978
7982.0,0.756943
7984.0,0.754425
7986.0,0.736069
7988.0,0.737833
7990.0,0.756137
7992.0,0.772939
7994.0,0.789456
7996.0,0.800957
7998.0,0.786104
8000.0,0.741091
8002.0,0.720539
8004.0,0.703001
8006.0,0.702128
8008.0,0.726271
8010.0,0.756584
8012.0,0.774017
8014.0,0.789456
8016.0,0.781101
8018.0,0.737729
8020.0,0.717094
8022.0,0.712381
8024.0,0.716556
8026.0,0.731543
8028.0,0.755852
8030.0,0.758818
8032.0,0.740611
8034.0,0.73633
8036.0,0.740892
8038.0,0.743127
8040.0,0.740511
8042.0,0.734712
8044.0,0.723443
8046.0,0.698953
8048.0,0.696766
8050.0,0.717189
8052.0,0.727871
8054.0,0.726239
8056.0,0.718582
8058.0,0.706115
8060.0,0.684
8062.0,0.682523
8064.0,0.701909
8066.0,0.711165
8068.0,0.714808
8070.0,0.712643
8072.0,0.701696
8074.0,0.683262
8076.0,0.668491
8078.0,0.648508
8080.0,0.639885
8082.0,0.63961
8084.0,0.645012
8086.0,0.658947
8088.0,0.677145
8090.0,0.681659
8092.0,0.677382
8094.0,0.671093
8096.0,0.653922
8098.0,0.645427
8100.0,0.652958
8102.0,0.663156
8104.0,0.656992
8106.0,0.637514
8108.0,0.633311
8110.0,0.637272
8112.0,0.643362
8114.0,0.65709
8116.0,0.667491
8118.0,0.662094
8120.0,0.645557
8122.0,0.644777
8124.0,0.657821
8126.0,0.661434
8128.0,0.658924
8130.0,0.655056
8132.0,0.650719
8134.0,0.64576
8136.0,0.644331
8138.0,0.646908
8140.0,0.646437
8142.0,0.651441
8144.0,0.643841
8146.0,0.613034
8148.0,0.576326
8150.0,0.562646
8152.0,0.563923
8154.0,0.561675
8156.0,0.561391
8158.0,0.563991
8160.0,0.570509
8162.0,0.57849
8164.0,0.586874
8166.0,0.597189
8168.0,0.596248
8170.0,0.586088
8172.0,0.574255
8174.0,0.548338
8176.0,0.535737
8178.0,0.560149
8180.0,0.60413
8182.0,0.604695
8184.0,0.562642
8186.0,0.551478
8188.0,0.554859
8190.0,0.559372
8192.0,0.564399
8194.0,0.569118
8196.0,0.565955
8198.0,0.55597
8200.0,0.548047
8202.0,0.539874
8204.0,0.530149
8206.0,0.515137
8208.0,0.502906
8210.0,0.504491
8212.0,0.51764
8214.0,0.517747
8216.0,0.506781
8218.0,0.504048
8220.0,0.510575
8222.0,0.515529
8224.0,0.510499
8226.0,0.500515
8228.0,0.504494
8230.0,0.5214
8232.0,0.532484
8234.0,0.547851
8236.0,0.553824
8238.0,0.541626
8240.0,0.522117
8242.0,0.51888
8244.0,0.529653
8246.0,0.525789
8248.0,0.510499
8250.0,0.499992
8252.0,0.493456
8254.0,0.491605
8256.0,0.499611
8258.0,0.518482
8260.0,0.524196
8262.0,0.518814
8264.0,0.52015
8266.0,0.530233
8268.0,0.537819
8270.0,0.532744
8272.0,0.520011
8274.0,0.525248
8276.0,0.550726
8278.0,0.559728
8280.0,0.559077
8282.0,0.554981
8284.0,0.547169
8286.0,0.537167
8288.0,0.534642
8290.0,0.539769
8292.0,0.537754
8294.0,0.532925
8296.0,0.525674
8298.0,0.512659
8300.0,0.500322
8302.0,0.499851
8304.0,0.50953
8306.0,0.510973
8308.0,0.51008
8310.0,0.50675
8312.0,0.499795
8314.0,0.491983
8316.0,0.484761
8318.0,0.477167
8320.0,0.475804
8322.0,0.480543
8324.0,0.484492
8326.0,0.496017
8328.0,0.497507
8330.0,0.475929
8332.0,0.443137
8334.0,0.432461
8336.0,0.437406
8338.0,0.437206
8340.0,0.439853
8342.0,0.44025
8344.0,0.437159
8346.0,0.432479
8348.0,0.428192
8350.0,0.423141
8352.0,0.419251
8354.0,0.415511
8356.0,0.413147
8358.0,0.4165
8360.0,0.415629
8362.0,0.398573
8364.0,0.368914
8366.0,0.355323
8368.0,0.351127
8370.0,0.346922
8372.0,0.346468
8374.0,0.345169
8376.0,0.340036
8378.0,0.333133
8380.0,0.328703
8382.0,0.328224
8384.0,0.321493
8386.0,0.305938
8388.0,0.297043
8390.0,0.301331
8392.0,0.309627
8394.0,0.307191
8396.0,0.29765
8398.0,0.291573
8400.0,0.284992
8402.0,0.279952
8404.0,0.278638
8406.0,0.276063
8408.0,0.265457
8410.0,0.248025
8412.0,0.242379
8414.0,0.245446
8416.0,0.247494
8418.0,0.249405
8420.0,0.253416
8422.0,0.262438
8424.0,0.274389
8426.0,0.276322
8428.0,0.266572
8430.0,0.266071
8432.0,0.272242
8434.0,0.276384
8436.0,0.277209
8438.0,0.275295
8440.0,0.266975
8442.0,0.245932
8444.0,0.245903
8446.0,0.263751
8448.0,0.278266
8450.0,0.291093
8452.0,0.300527
8454.0,0.300825
8456.0,0.293545
8458.0,0.286089
8460.0,0.269897
8462.0,0.264251
8464.0,0.268592
8466.0,0.276882
8468.0,0.28766
8470.0,0.30164
8472.0,0.306079
8474.0,0.299353
8476.0,0.301513
8478.0,0.307999
8480.0,0.317273
8482.0,0.331366
8484.0,0.347138
8486.0,0.353683
8488.0,0.355792
8490.0,0.350746
8492.0,0.333693
8494.0,0.321054
8496.0,0.311023
8498.0,0.306928
8500.0,0.318796
8502.0,0.347269
8504.0,0.360366
8506.0,0.369394
8508.0,0.371085
8510.0,0.361158
8512.0,0.350605
8514.0,0.348572
8516.0,0.350798
8518.0,0.348628
8520.0,0.341436
8522.0,0.340945
8524.0,0.344728
8526.0,0.351908
8528.0,0.364141
8530.0,0.379209
8532.0,0.387428
8534.0,0.389247
8536.0,0.396256
8538.0,0.409609
8540.0,0.416159
8542.0,0.411121
8544.0,0.402709
8546.0,0.402507
8548.0,0.407898
8550.0,0.406906
8552.0,0.401949
8554.0,0.397196
8556.0,0.387066
8558.0,0.383134
8560.0,0.401416
8562.0,0.43753
8564.0,0.438339
8566.0,0.404745
8568.0,0.391587
8570.0,0.390296
8572.0,0.392788
8574.0,0.397049
8576.0,0.403975
8578.0,0.409789
8580.0,0.41723
8582.0,0.42155
8584.0,0.424975
8586.0,0.425207
8588.0,0.419924
8590.0,0.412921
8592.0,0.411811
8594.0,0.416266
8596.0,0.412785
8598.0,0.397651
8600.0,0.394665
8602.0,0.406422
8604.0,0.423232
8606.0,0.439506
8608.0,0.459813
8610.0,0.461354
8612.0,0.443582
8614.0,0.432331
8616.0,0.422572
8618.0,0.414521
8620.0,0.406335
8622.0,0.399842
8624.0,0.411385
8626.0,0.45317
8628.0,0.464535
8630.0,0.454393
8632.0,0.445179
8634.0,0.439459
8636.0,0.436543
8638.0,0.445771
8640.0,0.471219
8642.0,0.478215
8644.0,0.465643
8646.0,0.468366
8648.0,0.494889
8650.0,0.523954
8652.0,0.532298
8654.0,0.526658
8656.0,0.536539
8658.0,0.561831
8660.0,0.572561
8662.0,0.57841
8664.0,0.568075
8666.0,0.520449
8668.0,0.448036
8670.0,0.445871
8672.0,0.509865
8674.0,0.543191
8676.0,0.57728
8678.0,0.595975
8680.0,0.588316
8682.0,0.567064
8684.0,0.559782
8686.0,0.553724
8688.0,0.558275
8690.0,0.577936
8692.0,0.591311
8694.0,0.592861
8696.0,0.594336
8698.0,0.609885
8700.0,0.636488
8702.0,0.653368
8704.0,0.668718
8706.0,0.677873
8708.0,0.678517
8710.0,0.67766
8712.0,0.680982
8714.0,0.68577
8716.0,0.684933
8718.0,0.676362
8720.0,0.67499
8722.0,0.678394
8724.0,0.683429
8726.0,0.689047
8728.0,0.696025
8730.0,0.705108
8732.0,0.720021
8734.0,0.725578
8736.0,0.725498
8738.0,0.722196
8740.0,0.71298
8742.0,0.703007
8744.0,0.701494
8746.0,0.705103
8748.0,0.711102
8750.0,0.727385
8752.0,0.732447
8754.0,0.724168
8756.0,0.71305
8758.0,0.70512
8760.0,0.696859
8762.0,0.700975
8764.0,0.72297
8766.0,0.731055
8768.0,0.730154
8770.0,0.725677
8772.0,0.718539
8774.0,0.708637
8776.0,0.70076
8778.0,0.688462
8780.0,0.688368
8782.0,0.699581
8784.0,0.710755
8786.0,0.72255
8788.0,0.732777
8790.0,0.733253
8792.0,0.725361
8794.0,0.718966
8796.0,0.70286
8798.0,0.701524
8800.0,0.719768
8802.0,0.742292
8804.0,0.757822
8806.0,0.77283
8808.0,0.771139
8810.0,0.750079
8812.0,0.735445
8814.0,0.720836
8816.0,0.709454
8818.0,0.702102
8820.0,0.698795
8822.0,0.707479
8824.0,0.736752
8826.0,0.747946
8828.0,0.753242
8830.0,0.749739
8832.0,0.730401
8834.0,0.706448
8836.0,0.704149
8838.0,0.721662
8840.0,0.719774
8842.0,0.703687
8844.0,0.693976
8846.0,0.691468
8848.0,0.691879
8850.0,0.692823
8852.0,0.695428
8854.0,0.699026
8856.0,0.708091
8858.0,0.709177
8860.0,0.699528
8862.0,0.691647
8864.0,0.695932
8866.0,0.70617
8868.0,0.697721
8870.0,0.671665
8872.0,0.653298
8874.0,0.630214
8876.0,0.617577
8878.0,0.624181
8880.0,0.639488
8882.0,0.642257
8884.0,0.640256
8886.0,0.634975
8888.0,0.622866
8890.0,0.612973
8892.0,0.602452
8894.0,0.596553
8896.0,0.605768
8898.0,0.629581
8900.0,0.63854
8902.0,0.646975
8904.0,0.639905
8906.0,0.605924
8908.0,0.577498
8910.0,0.579444
8912.0,0.599338
8914.0,0.611183
8916.0,0.640148
8918.0,0.63282
8920.0,0.580929
8922.0,0.541625
8924.0,0.539321
8926.0,0.552377
8928.0,0.547757
8930.0,0.532831
8932.0,0.527008
8934.0,0.526487
8936.0,0.525363
8938.0,0.525593
8940.0,0.523354
8942.0,0.509887
8944.0,0.484604
8946.0,0.47382
8948.0,0.470852
8950.0,0.470447
8952.0,0.478356
8954.0,0.482839
8956.0,0.470965
8958.0,0.447859
8960.0,0.442326
8962.0,0.46066
8964.0,0.450473
8966.0,0.407782
8968.0,0.373873
8970.0,0.367773
8972.0,0.375277
8974.0,0.376225
8976.0,0.375713
8978.0,0.382036
8980.0,0.396084
8982.0,0.408353
8984.0,0.420506
8986.0,0.428853
8988.0,0.422383
8990.0,0.399558
8992.0,0.39278
8994.0,0.398745
8996.0,0.396566
8998.0,0.381921
9000.0,0.368934
9002.0,0.369849
9004.0,0.379522
9006.0,0.39011
9008.0,0.413369
9010.0,0.419928
9012.0,0.406425
9014.0,0.396688
9016.0,0.403829
9018.0,0.419051
9020.0,0.42669
9022.0,0.435414
9024.0,0.434927
9026.0,0.419949
9028.0,0.413533
9030.0,0.425954
9032.0,0.442678
9034.0,0.439312
9036.0,0.419796
9038.0,0.411448
9040.0,0.403488
9042.0,0.402772
9044.0,0.410643
9046.0,0.423225
9048.0,0.439017
9050.0,0.460974
9052.0,0.466092
9054.0,0.454578
9056.0,0.44984
9058.0,0.448417
9060.0,0.448282
9062.0,0.450429
9064.0,0.453953
9066.0,0.448936
9068.0,0.428526
9070.0,0.427443
9072.0,0.44289
9074.0,0.456479
9076.0,0.462848
9078.0,0.467297
9080.0,0.475122
9082.0,0.486964
9084.0,0.491154
9086.0,0.493026
9088.0,0.487416
9090.0,0.466228
9092.0,0.446475
9094.0,0.451852
9096.0,0.477028
9098.0,0.483088
9100.0,0.476451
9102.0,0.476608
9104.0,0.482856
9106.0,0.489466
9108.0,0.496972
9110.0,0.505034
9112.0,0.487366
9114.0,0.433518
9116.0,0.40833
9118.0,0.4
9120.0,0.395822
9122.0,0.393874
9124.0,0.394524
9126.0,0.390486
9128.0,0.37761
9130.0,0.383406
9132.0,0.408461
9134.0,0.426989
9136.0,0.439895
9138.0,0.445684
9140.0,0.435438
9142.0,0.408605
9144.0,0.393336
9146.0,0.381074
9148.0,0.370394
9150.0,0.360754
9152.0,0.353857
9154.0,0.35168
9156.0,0.353441
9158.0,0.352697
9160.0,0.35364
9162.0,0.349756
9164.0,0.340264
9166.0,0.3312
9168.0,0.323413
9170.0,0.317112
9172.0,0.31901
9174.0,0.332094
9176.0,0.33616
9178.0,0.336269
9180.0,0.335211
9182.0,0.332068
9184.0,0.328685
9186.0,0.329554
9188.0,0.334763
9190.0,0.333474
9192.0,0.325775
9194.0,0.32183
9196.0,0.320662
9198.0,0.322043
9200.0,0.327781
9202.0,0.337768
9204.0,0.339735
9206.0,0.334035
9208.0,0.332851
9210.0,0.332774
9212.0,0.335869
9214.0,0.345397
9216.0,0.358369
9218.0,0.362279
9220.0,0.35954
9222.0,0.357449
9224.0,0.352349
9226.0,0.34843
9228.0,0.346099
9230.0,0.345107
9232.0,0.346422
9234.0,0.349967
9236.0,0.354212
9238.0,0.359106
9240.0,0.366237
9242.0,0.377639
9244.0,0.388632
9246.0,0.393696
9248.0,0.39449
9250.0,0.400366
9252.0,0.414556
9254.0,0.416884
9256.0,0.406763
9258.0,0.395218
9260.0,0.385418
9262.0,0.376226
9264.0,0.381086
9266.0,0.405377
9268.0,0.414917
9270.0,0.415901
9272.0,0.41769
9274.0,0.424538
9276.0,0.431044
9278.0,0.426599
9280.0,0.405733
9282.0,0.411456
9284.0,0.443799
9286.0,0.463551
9288.0,0.46836
9290.0,0.466996
9292.0,0.463711
9294.0,0.454876
9296.0,0.45548
9298.0,0.458071
9300.0,0.470702
9302.0,0.506291
9304.0,0.530309
9306.0,0.513977
9308.0,0.47321
9310.0,0.464697
9312.0,0.4755
9314.0,0.482832
9316.0,0.499961
9318.0,0.507279
9320.0,0.497987
9322.0,0.478192
9324.0,0.453128
9326.0,0.410041
9328.0,0.393061
9330.0,0.384138
9332.0,0.396744
9334.0,0.445325
9336.0,0.500738
9338.0,0.523799
9340.0,0.530246
9342.0,0.526098
9344.0,0.497928
9346.0,0.481386
9348.0,0.471597
9350.0,0.468171
9352.0,0.471097
9354.0,0.480147
9356.0,0.507154
9358.0,0.575862
9360.0,0.594944
9362.0,0.573922
9364.0,0.545789
9366.0,0.506834
9368.0,0.468588
9370.0,0.504747
9372.0,0.658038
9374.0,0.663094
9376.0,0.55152
9378.0,0.460783
9380.0,0.3896
9382.0,0.34483
9384.0,0.379281
9386.0,0.500705
9388.0,0.535064
9390.0,0.520379
9392.0,0.509328
9394.0,0.495581
9396.0,0.47978
9398.0,0.465948
9400.0,0.452158
9402.0,0.438489
9404.0,0.41415
9406.0,0.41405
9408.0,0.437206
9410.0,0.46637
9412.0,0.504018
9414.0,0.543895
9416.0,0.535308
9418.0,0.480028
9420.0,0.436943
9422.0,0.365748
9424.0,0.330586
9426.0,0.356411
9428.0,0.404809
9430.0,0.417915
9432.0,0.40877
9434.0,0.429895
9436.0,0.48436
9438.0,0.513319
9440.0,0.516773
9442.0,0.505941
9444.0,0.483227
9446.0,0.44464
9448.0,0.425905
9450.0,0.411348
9452.0,0.413089
9454.0,0.436126
9456.0,0.461905
9458.0,0.485872
9460.0,0.509062
9462.0,0.504702
9464.0,0.468756
9466.0,0.447195
9468.0,0.40395
9470.0,0.402067
9472.0,0.474485
9474.0,0.575844
9476.0,0.629166
9478.0,0.685318
9480.0,0.648054
9482.0,0.475649
9484.0,0.380335
9486.0,0.376563
9488.0,0.408156
9490.0,0.443401
9492.0,0.506101
9494.0,0.506714
9496.0,0.441826
9498.0,0.414974
9500.0,0.416231
9502.0,0.425715
9504.0,0.437175
9506.0,0.453598
9508.0,0.459742
9510.0,0.454865
9512.0,0.459305
9514.0,0.476805
9516.0,0.482498
9518.0,0.464421
9520.0,0.436167
9522.0,0.422135
9524.0,0.408663
9526.0,0.414047
9528.0,0.44888
9530.0,0.465881
9532.0,0.455296
9534.0,0.439323
9536.0,0.440997
9538.0,0.452069
9540.0,0.46068
9542.0,0.480024
9544.0,0.480927
9546.0,0.46358
9548.0,0.437893
9550.0,0.404068
9552.0,0.361618
9554.0,0.352365
9556.0,0.375222
9558.0,0.386176
9560.0,0.395851
9562.0,0.405049
9564.0,0.413335
9566.0,0.421285
9568.0,0.431429
9570.0,0.452127
9572.0,0.447279
9574.0,0.412769
9576.0,0.391713
9578.0,0.391622
9580.0,0.398603
9582.0,0.399222
9584.0,0.397027
9586.0,0.404599
9588.0,0.42466
9590.0,0.43652
9592.0,0.443006
9594.0,0.443494
9596.0,0.43251
9598.0,0.411342
9600.0,0.413228
9602.0,0.430661
9604.0,0.451325
9606.0,0.484356
9608.0,0.513345
9610.0,0.534324
9612.0,0.548394
9614.0,0.541736
9616.0,0.503758
9618.0,0.490925
9620.0,0.492756
9622.0,0.491348
9624.0,0.487162
9626.0,0.478056
9628.0,0.452008
9630.0,0.4021
9632.0,0.391753
9634.0,0.408982
9636.0,0.429663
9638.0,0.466505
9640.0,0.496403
9642.0,0.491379
9644.0,0.461258
9646.0,0.450513
9648.0,0.447377
9650.0,0.44187
9652.0,0.435394
9654.0,0.429586
9656.0,0.423558
9658.0,0.418443
9660.0,0.423024
9662.0,0.432735
9664.0,0.452355
9666.0,0.498229
9668.0,0.52113
9670.0,0.496585
9672.0,0.459743
9674.0,0.472853
9676.0,0.528417
9678.0,0.54483
9680.0,0.545369
9682.0,0.536173
9684.0,0.503336
9686.0,0.47573
9688.0,0.492724
9690.0,0.545116
9692.0,0.548915
9694.0,0.522562
9696.0,0.495332
9698.0,0.447886
9700.0,0.414743
9702.0,0.42332
9704.0,0.456832
9706.0,0.464522
9708.0,0.463107
9710.0,0.456615
9712.0,0.435602
9714.0,0.422757
9716.0,0.420336
9718.0,0.428729
9720.0,0.463521
9722.0,0.543946
9724.0,0.560538
9726.0,0.521504
9728.0,0.501303
9730.0,0.508497
9732.0,0.519985
9734.0,0.515438
9736.0,0.500607
9738.0,0.499345
9740.0,0.506857
9742.0,0.51391
9744.0,0.529283
9746.0,0.535423
9748.0,0.517823
9750.0,0.484011
9752.0,0.454545
9754.0,0.405935
9756.0,0.392332
9758.0,0.408173
9760.0,0.4315
9762.0,0.463533
9764.0,0.498249
9766.0,0.500164
9768.0,0.466764
9770.0,0.461214
9772.0,0.473922
9774.0,0.477349
9776.0,0.464269
9778.0,0.449024
9780.0,0.451559
9782.0,0.473149
9784.0,0.450972
9786.0,0.372061
9788.0,0.338554
9790.0,0.350196
9792.0,0.376205
9794.0,0.402861
9796.0,0.438033
9798.0,0.445451
9800.0,0.425605
9802.0,0.417373
9804.0,0.404896
9806.0,0.405797
9808.0,0.439846
9810.0,0.486351
9812.0,0.476905
9814.0,0.404741
9816.0,0.387877
9818.0,0.403453
9820.0,0.416163
9822.0,0.423267
9824.0,0.427923
9826.0,0.425485
9828.0,0.413892
9830.0,0.415352
9832.0,0.431753
9834.0,0.435997
9836.0,0.426874
9838.0,0.413506
9840.0,0.400252
9842.0,0.383998
9844.0,0.381939
9846.0,0.397048
9848.0,0.401075
9850.0,0.395214
9852.0,0.39173
9854.0,0.395749
9856.0,0.404113
9858.0,0.415809
9860.0,0.445091
9862.0,0.444065
9864.0,0.409027
9866.0,0.389798
9868.0,0.408324
9870.0,0.43211
9872.0,0.405915
9874.0,0.329443
9876.0,0.313106
9878.0,0.343809
9880.0,0.357606
9882.0,0.356543
9884.0,0.346788
9886.0,0.325607
9888.0,0.291408
9890.0,0.27527
9892.0,0.254956
9894.0,0.268544
9896.0,0.333845
9898.0,0.388622
9900.0,0.391626
9902.0,0.368764
9904.0,0.382191
9906.0,0.431714
9908.0,0.443729
9910.0,0.440646
9912.0,0.41765
9914.0,0.3541
9916.0,0.282282
9918.0,0.2849
9920.0,0.360409
9922.0,0.37231
9924.0,0.338994
9926.0,0.330205
9928.0,0.357985
9930.0,0.390566
9932.0,0.3997
9934.0,0.399277
9936.0,0.376318
9938.0,0.301887
9940.0,0.280278
9942.0,0.310658
9944.0,0.353208
9946.0,0.396184
9948.0,0.444947
9950.0,0.432361
9952.0,0.316594
9954.0,0.314554
9956.0,0.426726
9958.0,0.499709
9960.0,0.476018
9962.0,0.410395
9964.0,0.375278
9966.0,0.332704
9968.0,0.325599
9970.0,0.355866
9972.0,0.380066
9974.0,0.398805
9976.0,0.41216
9978.0,0.410812
9980.0,0.394821
9982.0,0.390946
9984.0,0.404416
9986.0,0.392325
9988.0,0.336857
9990.0,0.294024
9992.0,0.312098
9994.0,0.368622
9996.0,0.383664
9998.0,0.372869
10000.0,0.374917
10002.0,0.375581
10004.0,0.387756
10006.0,0.434235
10008.0,0.488215
10010.0,0.457224
10012.0,0.329743
10014.0,0.278884
10016.0,0.249633
10018.0,0.250701
10020.0,0.300889
10022.0,0.365111
10024.0,0.385622
10026.0,0.382148
10028.0,0.37831
10030.0,0.358568
10032.0,0.347524
10034.0,0.339546
10036.0,0.34107
10038.0,0.366418
10040.0,0.412258
10042.0,0.411243
10044.0,0.360628
10046.0,0.343041
10048.0,0.345688
10050.0,0.354814
10052.0,0.370222
10054.0,0.389777
10056.0,0.388772
10058.0,0.353948
10060.0,0.36366
10062.0,0.42684
10064.0,0.453185
10066.0,0.414681
10068.0,0.352513
10070.0,0.318951
10072.0,0.289333
10074.0,0.282888
10076.0,0.28937
10078.0,0.321513
10080.0,0.418195
10082.0,0.491723
10084.0,0.433593
10086.0,0.273484
10088.0,0.256499
10090.0,0.346434
10092.0,0.398281
10094.0,0.448807
10096.0,0.477548
10098.0,0.463841
10100.0,0.422165
10102.0,0.399374
10104.0,0.380662
10106.0,0.359521
10108.0,0.324289
10110.0,0.312242
10112.0,0.341623
10114.0,0.387766
10116.0,0.408591
10118.0,0.424175
10120.0,0.417707
10122.0,0.388008
10124.0,0.353994
10126.0,0.297188
10128.0,0.2543
10130.0,0.277063
10132.0,0.352254
10134.0,0.392289
10136.0,0.435051
10138.0,0.45155
10140.0,0.436387
10142.0,0.415028
10144.0,0.404526
10146.0,0.395259
10148.0,0.366079
10150.0,0.291617
10152.0,0.281293
10154.0,0.321346
10156.0,0.369852
10158.0,0.428062
10160.0,0.48655
10162.0,0.49044
10164.0,0.41271
10166.0,0.454915
10168.0,0.624387
10170.0,0.720063
10172.0,0.732534
10174.0,0.69098
10176.0,0.586225
10178.0,0.390211
10180.0,0.336598
10182.0,0.428147
10184.0,0.421086
10186.0,0.303416
10188.0,0.189657
10190.0,0.14849
10192.0,0.145098
10194.0,0.176034
10196.0,0.276583
10198.0,0.334356
10200.0,0.386574
10202.0,0.408382
10204.0,0.378981
10206.0,0.320906
10208.0,0.292865
10210.0,0.273744
10212.0,0.260365
10214.0,0.237657
10216.0,0.251673
10218.0,0.314384
10220.0,0.403509
10222.0,0.503943
10224.0,0.650997
10226.0,0.665747
10228.0,0.553143
10230.0,0.473115
10232.0,0.405821
10234.0,0.351776
10236.0,0.319517
10238.0,0.304327
10240.0,0.320171
10242.0,0.397634
10244.0,0.421738
10246.0,0.431756
10248.0,0.393491
10250.0,0.254164
10252.0,0.0683866
10254.0,0.0425521
10256.0,0.1546
10258.0,0.21196
10260.0,0.28867
10262.0,0.337557
10264.0,0.346455
10266.0,0.333826
10268.0,0.318438
10270.0,0.283611
10272.0,0.278161
10274.0,0.288594
10276.0,0.309295
10278.0,0.348687
10280.0,0.389255
10282.0,0.416729
10284.0,0.439711
10286.0,0.430826
10288.0,0.412762
10290.0,0.342012
10292.0,0.164092
10294.0,0.0391619
10296.0,0.068519
10298.0,0.181814
10300.0,0.215335
10302.0,0.213558
10304.0,0.225103
10306.0,0.243288
10308.0,0.247202
10310.0,0.223029
10312.0,0.191404
10314.0,0.190164
10316.0,0.203587
10318.0,0.235622
10320.0,0.314511
10322.0,0.352373
10324.0,0.331707
10326.0,0.302296
10328.0,0.312094
10330.0,0.343262
10332.0,0.360245
10334.0,0.363854
10336.0,0.388649
10338.0,0.464059
10340.0,0.502176
10342.0,0.423957
10344.0,0.279701
10346.0,0.279227
10348.0,0.422635
10350.0,0.461571
10352.0,0.453823
10354.0,0.427163
10356.0,0.37636
10358.0,0.31399
10360.0,0.288884
10362.0,0.29909
10364.0,0.271837
10366.0,0.192995
10368.0,0.169515
10370.0,0.244513
10372.0,0.322005
10374.0,0.280624
10376.0,0.147912
10378.0,0.117788
10380.0,0.144065
10382.0,0.174331
10384.0,0.240568
10386.0,0.285896
10388.0,0.259414
10390.0,0.187415
10392.0,0.158073
10394.0,0.128879
10396.0,0.139309
10398.0,0.212425
10400.0,0.260049
