3176.0,1.58887
3178.0,1.98203
3180.0,1.00529
3182.0,0.301579
3184.0,0.177544
3186.0,0.270767
3188.0,-0.0342522
3190.0,0.897891
3192.0,1.23037
3194.0,1.46328
3196.0,1.6787
3198.0,1.02119
3200.0,1.82677
3202.0,1.68574
3204.0,1.58644
3206.0,2.3491
3208.0,3.56326
3210.0,2.09485
3212.0,2.01204
3214.0,1.81959
3216.0,1.37355
3218.0,1.97037
3220.0,1.85728
3222.0,1.40742
3224.0,1.82966
3226.0,2.12078
3228.0,0.754221
3230.0,1.96981
3232.0,2.45175
3234.0,2.41956
3236.0,2.00987
3238.0,1.41185
3240.0,1.64092
3242.0,1.66343
3244.0,1.53867
3246.0,1.31033
3248.0,1.13744
3250.0,1.59335
3252.0,1.66716
3254.0,1.48147
3256.0,1.11911
3258.0,0.986878
3260.0,2.29873
3262.0,3.44117
3264.0,2.47251
3266.0,1.38581
3268.0,2.06626
3270.0,2.85652
3272.0,2.19027
3274.0,1.73224
3276.0,1.95726
3278.0,2.39581
3280.0,1.85243
3282.0,1.85913
3284.0,1.88072
3286.0,1.68331
3288.0,1.39345
3290.0,1.50659
3292.0,2.3935
3294.0,2.45052
3296.0,1.93617
3298.0,1.34636
3300.0,0.929317
3302.0,1.63063
3304.0,1.42049
3306.0,1.12996
3308.0,1.31647
3310.0,1.63653
3312.0,1.40168
3314.0,1.57373
3316.0,1.63813
3318.0,1.55333
3320.0,1.705
3322.0,1.48974
3324.0,1.81456
3326.0,1.73564
3328.0,1.3864
3330.0,1.47381
3332.0,0.954363
3334.0,1.36293
3336.0,1.73748
3338.0,1.68084
3340.0,1.38898
3342.0,1.3152
3344.0,1.31935
3346.0,1.53425
3348.0,1.65594
3350.0,1.44986
3352.0,1.52102
3354.0,1.46763
3356.0,1.53525
3358.0,1.39207
3360.0,0.988061
3362.0,1.50332
3364.0,1.69753
3366.0,1.55256
3368.0,1.22602
3370.0,0.960909
3372.0,0.934744
3374.0,0.797194
3376.0,0.991124
3378.0,1.20147
3380.0,1.24133
3382.0,1.49408
3384.0,1.23271
3386.0,1.31356
3388.0,1.53072
3390.0,1.57555
3392.0,1.429
3394.0,1.29349
3396.0,1.31208
3398.0,1.39097
3400.0,1.52055
3402.0,1.78786
3404.0,1.5639
3406.0,1.72188
3408.0,1.64887
3410.0,1.41136
3412.0,1.71872
3414.0,1.3987
3416.0,1.46447
3418.0,1.62755
3420.0,1.71512
3422.0,1.76711
3424.0,1.62577
3426.0,1.71993
3428.0,1.95767
3430.0,1.98406
3432.0,1.59521
3434.0,1.74589
3436.0,1.63595
3438.0,1.79601
3440.0,2.05045
3442.0,1.98161
3444.0,1.96492
3446.0,1.78194
3448.0,1.62976
3450.0,1.6554
3452.0,1.85933
3454.0,2.00359
3456.0,1.93233
3458.0,1.68016
3460.0,1.56874
3462.0,1.76208
3464.0,1.83053
3466.0,1.89484
3468.0,1.92223
3470.0,1.84753
3472.0,1.73956
3474.0,1.90607
3476.0,1.88812
3478.0,1.79795
3480.0,1.80989
3482.0,1.98232
3484.0,2.15511
3486.0,1.97116
3488.0,1.88971
3490.0,1.86089
3492.0,1.79309
3494.0,1.72435
3496.0,1.86867
3498.0,1.97925
3500.0,2.06802
3502.0,2.14799
3504.0,2.17762
3506.0,2.08431
3508.0,2.23708
3510.0,2.26592
3512.0,2.16423
3514.0,2.27591
3516.0,2.20991
3518.0,2.23035
3520.0,2.40571
3522.0,2.5432
3524.0,2.40671
3526.0,2.45331
3528.0,2.40726
3530.0,2.3933
3532.0,2.57957
3534.0,2.89689
3536.0,2.34011
3538.0,2.174
3540.0,2.32559
3542.0,2.50809
3544.0,2.46572
3546.0,2.28674
3548.0,2.68403
3550.0,2.82048
3552.0,2.6956
3554.0,2.63635
3556.0,2.60198
3558.0,2.57363
3560.0,2.70362
3562.0,2.76946
3564.0,2.57175
3566.0,2.27466
3568.0,2.42097
3570.0,2.54008
3572.0,2.42457
3574.0,2.1193
3576.0,1.91113
3578.0,2.05463
3580.0,2.30042
3582.0,2.5662
3584.0,2.74457
3586.0,2.66211
3588.0,2.65072
3590.0,2.58238
3592.0,2.50821
3594.0,2.4449
3596.0,2.34713
3598.0,2.59755
3600.0,2.53763
3602.0,2.53713
3604.0,2.71536
3606.0,2.74791
3608.0,2.68194
3610.0,2.5145
3612.0,2.48051
3614.0,2.55099
3616.0,2.50116
3618.0,2.61527
3620.0,2.53573
3622.0,2.54375
3624.0,2.65954
3626.0,2.70684
3628.0,2.84211
3630.0,2.9093
3632.0,2.98192
3634.0,2.94012
3636.0,2.67307
3638.0,2.54817
3640.0,2.82397
3642.0,2.95489
3644.0,2.91316
3646.0,2.94883
3648.0,3.13549
3650.0,3.13441
3652.0,3.0326
3654.0,2.92486
3656.0,2.85664
3658.0,2.74614
3660.0,2.66672
3662.0,2.80891
3664.0,2.97185
3666.0,2.92363
3668.0,2.707
3670.0,2.68052
3672.0,2.84347
3674.0,3.06863
3676.0,3.20138
3678.0,3.15472
3680.0,3.11577
3682.0,2.95101
3684.0,2.89917
3686.0,2.97737
3688.0,2.80687
3690.0,3.03298
3692.0,3.06898
3694.0,3.00235
3696.0,2.90169
3698.0,2.66356
3700.0,2.54543
3702.0,2.66095
3704.0,2.90703
3706.0,3.09207
3708.0,3.03792
3710.0,2.77101
3712.0,2.84542
3714.0,2.81834
3716.0,2.66373
3718.0,2.75369
3720.0,2.90832
3722.0,2.80898
3724.0,2.60806
3726.0,2.53245
3728.0,2.67473
3730.0,2.54264
3732.0,2.56321
3734.0,2.44363
3736.0,2.3392
3738.0,2.51403
3740.0,2.54435
3742.0,2.27321
3744.0,2.13528
3746.0,2.092
3748.0,1.96043
3750.0,1.96942
3752.0,1.97582
3754.0,2.04909
3756.0,2.11053
3758.0,2.06021
3760.0,1.89652
3762.0,1.86351
3764.0,1.86438
3766.0,1.91084
3768.0,1.9203
3770.0,1.57314
3772.0,1.56384
3774.0,1.68092
3776.0,1.74435
3778.0,1.66428
3780.0,1.50929
3782.0,1.97657
3784.0,1.70098
3786.0,1.29494
3788.0,1.34103
3790.0,1.58303
3792.0,1.52588
3794.0,1.55177
3796.0,1.52991
3798.0,1.43967
3800.0,1.47229
3802.0,1.49051
3804.0,1.18874
3806.0,1.07099
3808.0,1.22805
3810.0,1.25992
3812.0,1.30417
3814.0,1.39096
3816.0,1.39531
3818.0,1.33027
3820.0,1.32829
3822.0,1.44698
3824.0,1.34183
3826.0,1.34705
3828.0,1.4503
3830.0,1.44209
3832.0,1.56008
3834.0,1.79055
3836.0,1.76123
3838.0,1.61663
3840.0,1.66941
3842.0,1.66255
3844.0,1.43326
3846.0,1.32925
3848.0,1.38035
3850.0,1.47047
3852.0,1.6314
3854.0,1.61516
3856.0,1.5908
3858.0,1.51712
3860.0,1.41131
3862.0,1.62104
3864.0,1.7639
3866.0,1.78129
3868.0,1.72758
3870.0,1.67396
3872.0,1.61513
3874.0,1.51823
3876.0,1.51754
3878.0,1.58594
3880.0,1.67232
3882.0,1.77222
3884.0,1.70504
3886.0,1.61799
3888.0,1.56475
3890.0,1.52926
3892.0,1.45668
3894.0,1.63812
3896.0,1.70069
3898.0,1.59333
3900.0,1.48952
3902.0,1.64775
3904.0,1.6669
3906.0,1.61865
3908.0,1.52476
3910.0,1.48881
3912.0,1.62894
3914.0,1.73528
3916.0,1.68888
3918.0,1.58981
3920.0,1.58783
3922.0,1.76134
3924.0,1.8432
3926.0,1.85186
3928.0,1.86727
3930.0,1.87804
3932.0,1.84832
3934.0,1.919
3936.0,2.10142
3938.0,2.25784
3940.0,2.3668
3942.0,2.45952
3944.0,2.46754
3946.0,2.50765
3948.0,2.54354
3950.0,2.55884
3952.0,2.61832
3954.0,2.98646
3956.0,3.06044
3958.0,2.9588
3960.0,2.92537
3962.0,3.06748
3964.0,3.09123
3966.0,3.06404
3968.0,3.10391
3970.0,3.21551
3972.0,3.37186
3974.0,3.57534
3976.0,3.73236
3978.0,3.38965
3980.0,3.05102
3982.0,3.1345
3984.0,3.44474
3986.0,3.40044
3988.0,3.39061
3990.0,3.54622
3992.0,3.72186
3994.0,3.58395
3996.0,3.6569
3998.0,3.85681
4000.0,3.90488
4002.0,3.72505
4004.0,3.5244
4006.0,3.57541
4008.0,3.41711
4010.0,3.41258
4012.0,3.59759
4014.0,3.6565
4016.0,3.69647
4018.0,3.88961
4020.0,3.93731
4022.0,3.77696
4024.0,3.61825
4026.0,3.84097
4028.0,3.67037
4030.0,3.63591
4032.0,3.76579
4034.0,3.76865
4036.0,3.69803
4038.0,3.93113
4040.0,4.07236
4042.0,3.9759
4044.0,3.73161
4046.0,3.53935
4048.0,3.68832
4050.0,3.87461
4052.0,3.91103
4054.0,3.8067
4056.0,3.84703
4058.0,3.92946
4060.0,3.9416
4062.0,3.85072
4064.0,3.70838
4066.0,3.64251
4068.0,3.48574
4070.0,3.60108
4072.0,3.71588
4074.0,3.61306
4076.0,3.54579
4078.0,3.55267
4080.0,3.41257
4082.0,3.34299
4084.0,3.44302
4086.0,3.47168
4088.0,3.3475
4090.0,3.3057
4092.0,3.32565
4094.0,3.39686
4096.0,3.56515
4098.0,3.53706
4100.0,3.51854
4102.0,3.47483
4104.0,3.41425
4106.0,3.42369
4108.0,3.55274
4110.0,3.75109
4112.0,3.78664
4114.0,3.64482
4116.0,3.53437
4118.0,3.66333
4120.0,3.76423
4122.0,3.74428
4124.0,3.67732
4126.0,3.71347
4128.0,3.85171
4130.0,3.74192
4132.0,3.79629
4134.0,3.97854
4136.0,3.99454
4138.0,3.80856
4140.0,3.85615
4142.0,3.99415
4144.0,4.07051
4146.0,4.03816
4148.0,4.10724
4150.0,4.20278
4152.0,4.2604
4154.0,4.19991
4156.0,4.02815
4158.0,3.9186
4160.0,4.20655
4162.0,4.30048
4164.0,4.15339
4166.0,4.00848
4168.0,4.18894
4170.0,4.22877
4172.0,4.12189
4174.0,3.99828
4176.0,3.97927
4178.0,4.06619
4180.0,4.16899
4182.0,4.22277
4184.0,4.18693
4186.0,4.07387
4188.0,3.95303
4190.0,3.96261
4192.0,3.96754
4194.0,4.02754
4196.0,4.11044
4198.0,4.07047
4200.0,4.13048
4202.0,4.19394
4204.0,4.04724
4206.0,3.83408
4208.0,3.94471
4210.0,3.91699
4212.0,3.80868
4214.0,3.80888
4216.0,3.87086
4218.0,3.79748
4220.0,3.78463
4222.0,3.74512
4224.0,3.6683
4226.0,3.58739
4228.0,3.5602
4230.0,3.65135
4232.0,3.58233
4234.0,3.61066
4236.0,3.65132
4238.0,3.51382
4240.0,3.43589
4242.0,3.45492
4244.0,3.46661
4246.0,3.46726
4248.0,3.49192
4250.0,3.52013
4252.0,3.50496
4254.0,3.41266
4256.0,3.3678
4258.0,3.45797
4260.0,3.54606
4262.0,3.42901
4264.0,3.41169
4266.0,3.48263
4268.0,3.55242
4270.0,3.62812
4272.0,3.61886
4274.0,3.56134
4276.0,3.53497
4278.0,3.59664
4280.0,3.73516
4282.0,3.69614
4284.0,3.61291
4286.0,3.56559
4288.0,3.54596
4290.0,3.45299
4292.0,3.25288
4294.0,3.24021
4296.0,3.28622
4298.0,3.2513
4300.0,3.13979
4302.0,3.36646
4304.0,3.29266
4306.0,3.16139
4308.0,3.11993
4310.0,3.08306
4312.0,3.04121
4314.0,3.04068
4316.0,2.98099
4318.0,2.90028
4320.0,2.89826
4322.0,2.7179
4324.0,2.69213
4326.0,2.77985
4328.0,2.75151
4330.0,2.47316
4332.0,2.56142
4334.0,2.74788
4336.0,2.80098
4338.0,2.74412
4340.0,2.69641
4342.0,2.52463
4344.0,2.48522
4346.0,2.50255
4348.0,2.45655
4350.0,2.32075
4352.0,2.32751
4354.0,2.60274
4356.0,2.68256
4358.0,2.58785
4360.0,2.46484
4362.0,2.2229
4364.0,2.08695
4366.0,2.1571
4368.0,2.19087
4370.0,2.05949
4372.0,2.05814
4374.0,2.03128
4376.0,2.08142
4378.0,2.17712
4380.0,2.24304
4382.0,2.21501
4384.0,2.22196
4386.0,2.10237
4388.0,1.90199
4390.0,1.74978
4392.0,1.77245
4394.0,1.76598
4396.0,1.76766
4398.0,1.86774
4400.0,2.01901
4402.0,2.0466
4404.0,2.02815
4406.0,1.99916
4408.0,1.92914
4410.0,1.87084
4412.0,1.93287
4414.0,2.08123
4416.0,2.12027
4418.0,2.02907
4420.0,1.95472
4422.0,2.06759
4424.0,2.15531
4426.0,2.12538
4428.0,2.10899
4430.0,2.16877
4432.0,2.27358
4434.0,2.30539
4436.0,2.28359
4438.0,2.30444
4440.0,2.31395
4442.0,2.24373
4444.0,2.25207
4446.0,2.33753
4448.0,2.3376
4450.0,2.25841
4452.0,2.20839
4454.0,2.31252
4456.0,2.4393
4458.0,2.45765
4460.0,2.4586
4462.0,2.53143
4464.0,2.55634
4466.0,2.63407
4468.0,2.58861
4470.0,2.50866
4472.0,2.50461
4474.0,2.55399
4476.0,2.49274
4478.0,2.58853
4480.0,2.72834
4482.0,2.74456
4484.0,2.58558
4486.0,2.53606
4488.0,2.51878
4490.0,2.53311
4492.0,2.56876
4494.0,2.59639
4496.0,2.66093
4498.0,2.73076
4500.0,2.74973
4502.0,2.76411
4504.0,2.86149
4506.0,2.5549
4508.0,2.54679
4510.0,2.72542
4512.0,2.87961
4514.0,2.87541
4516.0,2.85507
4518.0,2.70781
4520.0,2.54022
4522.0,2.46051
4524.0,2.52543
4526.0,2.71545
4528.0,2.69609
4530.0,2.59244
4532.0,2.52568
4534.0,2.55166
4536.0,2.6181
4538.0,2.63119
4540.0,2.53128
4542.0,2.41336
4544.0,2.38788
4546.0,2.34946
4548.0,2.46605
4550.0,2.68207
4552.0,2.75266
4554.0,2.596
4556.0,2.70059
4558.0,2.64214
4560.0,2.62881
4562.0,2.72001
4564.0,2.86009
4566.0,2.8966
4568.0,2.89633
4570.0,2.9191
4572.0,2.91845
4574.0,2.88037
4576.0,2.89935
4578.0,3.04304
4580.0,3.0241
4582.0,2.91768
4584.0,2.90982
4586.0,3.14101
4588.0,3.19789
4590.0,3.10817
4592.0,3.04664
4594.0,3.06545
4596.0,3.04182
4598.0,3.09501
4600.0,3.23731
4602.0,3.2351
4604.0,3.08391
4606.0,3.03123
4608.0,3.14668
4610.0,3.12409
4612.0,3.12054
4614.0,3.14426
4616.0,3.07448
4618.0,3.09199
4620.0,3.09785
4622.0,3.08426
4624.0,3.08812
4626.0,3.15067
4628.0,3.23816
4630.0,3.14334
4632.0,3.1398
4634.0,3.24244
4636.0,3.29823
4638.0,3.23857
4640.0,3.22476
4642.0,3.22297
4644.0,3.24238
4646.0,3.26802
4648.0,3.15048
4650.0,3.06966
4652.0,3.14292
4654.0,3.17564
4656.0,3.05396
4658.0,3.17497
4660.0,3.144
4662.0,3.16348
4664.0,3.12159
4666.0,2.97181
4668.0,2.99065
4670.0,2.85332
4672.0,2.91677
4674.0,3.0192
4676.0,3.0129
4678.0,3.03486
4680.0,3.10419
4682.0,3.09726
4684.0,3.06081
4686.0,3.05364
4688.0,3.07758
4690.0,3.0368
4692.0,3.03418
4694.0,3.14063
4696.0,3.28149
4698.0,3.26599
4700.0,3.18122
4702.0,3.24686
4704.0,3.31495
4706.0,3.27333
4708.0,3.14327
4710.0,3.10165
4712.0,3.09189
4714.0,3.07493
4716.0,3.11852
4718.0,3.28744
4720.0,3.20005
4722.0,3.07625
4724.0,3.12049
4726.0,3.2513
4728.0,3.23374
4730.0,3.04159
4732.0,3.04279
4734.0,3.13341
4736.0,3.17509
4738.0,3.11405
4740.0,3.16265
4742.0,3.19895
4744.0,3.21325
4746.0,3.16583
4748.0,3.04943
4750.0,2.95982
4752.0,2.977
4754.0,2.92239
4756.0,2.83877
4758.0,2.82119
4760.0,2.85727
4762.0,2.83047
4764.0,2.68819
4766.0,2.60975
4768.0,2.68848
4770.0,2.71517
4772.0,2.66736
4774.0,2.70047
4776.0,2.79089
4778.0,2.85533
4780.0,2.82174
4782.0,2.64156
4784.0,2.56291
4786.0,2.59771
4788.0,2.65067
4790.0,2.60268
4792.0,2.63161
4794.0,2.55431
4796.0,2.5229
4798.0,2.5726
4800.0,2.56329
4802.0,2.59308
4804.0,2.6488
4806.0,2.65013
4808.0,2.56409
4810.0,2.45516
4812.0,2.64995
4814.0,2.67056
4816.0,2.49397
4818.0,2.37135
4820.0,2.56346
4822.0,2.60452
4824.0,2.56907
4826.0,2.5119
4828.0,2.48928
4830.0,2.5273
4832.0,2.57979
4834.0,2.51037
4836.0,2.48523
4838.0,2.51901
4840.0,2.52631
4842.0,2.4384
4844.0,2.29177
4846.0,2.28518
4848.0,2.3776
4850.0,2.42969
4852.0,2.38709
4854.0,2.38697
4856.0,2.35143
4858.0,2.29262
4860.0,2.26091
4862.0,2.30663
4864.0,2.27908
4866.0,2.27451
4868.0,2.2912
4870.0,2.30024
4872.0,2.28712
4874.0,2.2519
4876.0,2.26141
4878.0,2.27273
4880.0,2.23783
4882.0,2.15965
4884.0,2.17867
4886.0,2.23391
4888.0,2.29515
4890.0,2.35128
4892.0,2.40381
4894.0,2.36482
4896.0,2.33307
4898.0,2.34987
4900.0,2.36342
4902.0,2.27457
4904.0,2.26384
4906.0,2.22289
4908.0,2.32826
4910.0,2.45257
4912.0,2.28381
4914.0,2.17472
4916.0,2.12293
4918.0,2.14938
4920.0,2.20597
4922.0,2.2259
4924.0,2.28834
4926.0,2.30474
4928.0,2.26398
4930.0,2.18714
4932.0,2.11157
4934.0,2.05374
4936.0,2.13677
4938.0,2.15871
4940.0,2.1258
4942.0,2.12462
4944.0,2.09476
4946.0,1.97808
4948.0,1.90116
4950.0,1.87436
4952.0,1.87211
4954.0,1.93684
4956.0,1.97068
4958.0,1.99402
4960.0,1.93005
4962.0,1.75984
4964.0,1.62979
4966.0,1.7557
4968.0,1.90209
4970.0,1.93585
4972.0,1.84914
4974.0,1.77123
4976.0,1.80989
4978.0,1.92663
4980.0,1.93856
4982.0,1.8336
4984.0,1.86005
4986.0,1.7227
4988.0,1.67436
4990.0,1.80531
4992.0,1.94993
4994.0,1.77648
4996.0,1.7113
4998.0,1.89092
5000.0,2.02781
5002.0,2.00616
5004.0,1.97793
5006.0,2.05232
5008.0,2.02133
5010.0,1.98829
5012.0,2.00249
5014.0,2.02764
5016.0,2.05803
5018.0,1.96425
5020.0,1.94108
5022.0,1.96787
5024.0,1.90425
5026.0,1.90175
5028.0,1.96607
5030.0,2.00435
5032.0,1.94938
5034.0,1.8197
5036.0,1.8111
5038.0,1.9178
5040.0,1.91646
5042.0,1.9138
5044.0,2.04038
5046.0,1.96847
5048.0,1.91313
5050.0,1.90018
5052.0,1.91736
5054.0,1.93583
5056.0,1.94342
5058.0,1.98374
5060.0,1.85682
5062.0,1.71792
5064.0,1.73865
5066.0,1.85148
5068.0,1.75603
5070.0,1.70275
5072.0,1.75059
5074.0,1.8482
5076.0,1.88141
5078.0,1.90069
5080.0,1.82272
5082.0,1.73723
5084.0,1.70845
5086.0,1.69928
5088.0,1.68173
5090.0,1.68826
5092.0,1.7399
5094.0,1.8041
5096.0,1.80749
5098.0,1.80188
5100.0,1.80426
5102.0,1.76176
5104.0,1.69151
5106.0,1.67667
5108.0,1.71928
5110.0,1.70146
5112.0,1.66576
5114.0,1.66765
5116.0,1.73198
5118.0,1.79595
5120.0,1.7947
5122.0,1.74813
5124.0,1.7285
5126.0,1.79379
5128.0,1.84932
5130.0,1.8087
5132.0,1.78437
5134.0,1.83928
5136.0,1.94828
5138.0,1.95501
5140.0,1.91463
5142.0,1.94145
5144.0,2.01053
5146.0,2.08191
5148.0,2.31566
5150.0,2.20787
5152.0,1.98761
5154.0,1.89204
5156.0,1.98488
5158.0,1.97119
5160.0,1.90514
5162.0,1.95976
5164.0,2.03744
5166.0,2.02817
5168.0,1.99395
5170.0,2.11478
5172.0,2.08114
5174.0,2.06337
5176.0,2.1574
5178.0,2.13533
5180.0,2.18264
5182.0,2.15839
5184.0,2.13721
5186.0,2.18231
5188.0,2.26461
5190.0,2.30286
5192.0,2.34684
5194.0,2.34791
5196.0,2.2878
5198.0,2.21999
5200.0,2.35626
5202.0,2.49968
5204.0,2.50225
5206.0,2.42292
5208.0,2.45943
5210.0,2.50289
5212.0,2.4496
5214.0,2.35445
5216.0,2.31505
5218.0,2.40148
5220.0,2.51907
5222.0,2.58789
5224.0,2.59324
5226.0,2.53814
5228.0,2.45037
5230.0,2.40268
5232.0,2.44384
5234.0,2.56315
5236.0,2.6653
5238.0,2.65915
5240.0,2.59558
5242.0,2.53076
5244.0,2.5653
5246.0,2.63816
5248.0,2.63254
5250.0,2.49818
5252.0,2.51482
5254.0,2.59432
5256.0,2.62852
5258.0,2.58601
5260.0,2.60953
5262.0,2.63368
5264.0,2.68739
5266.0,2.63896
5268.0,2.4927
5270.0,2.55647
5272.0,2.58992
5274.0,2.55113
5276.0,2.52243
5278.0,2.54894
5280.0,2.55919
5282.0,2.48855
5284.0,2.52649
5286.0,2.61938
5288.0,2.61803
5290.0,2.39114
5292.0,2.32576
5294.0,2.39863
5296.0,2.50184
5298.0,2.58686
5300.0,2.67772
5302.0,2.60915
5304.0,2.50799
5306.0,2.49487
5308.0,2.55803
5310.0,2.57381
5312.0,2.48372
5314.0,2.44281
5316.0,2.41473
5318.0,2.40611
5320.0,2.49479
5322.0,2.9056
5324.0,3.02346
5326.0,2.97911
5328.0,2.84584
5330.0,2.66073
5332.0,2.59224
5334.0,2.53098
5336.0,2.62545
5338.0,2.83081
5340.0,2.97548
5342.0,2.87788
5344.0,2.67719
5346.0,2.51852
5348.0,2.50648
5350.0,2.50679
5352.0,2.40098
5354.0,2.22628
5356.0,2.13616
5358.0,2.25874
5360.0,2.37314
5362.0,2.34821
5364.0,2.23314
5366.0,2.18743
5368.0,2.11942
5370.0,2.05901
5372.0,2.0248
5374.0,2.00813
5376.0,1.89922
5378.0,1.85431
5380.0,1.943
5382.0,2.03026
5384.0,2.08046
5386.0,2.35848
5388.0,2.35677
5390.0,2.08327
5392.0,1.97221
5394.0,1.90041
5396.0,1.80774
5398.0,1.76081
5400.0,1.89136
5402.0,2.06662
5404.0,2.04727
5406.0,1.8676
5408.0,1.88683
5410.0,2.00572
5412.0,1.86422
5414.0,1.81516
5416.0,1.85825
5418.0,1.86563
5420.0,1.81154
5422.0,1.82145
5424.0,1.85487
5426.0,1.87202
5428.0,1.8937
5430.0,1.87011
5432.0,1.83321
5434.0,1.82798
5436.0,1.81055
5438.0,1.71337
5440.0,1.61959
5442.0,1.62439
5444.0,1.68252
5446.0,1.83387
5448.0,1.91246
5450.0,1.87715
5452.0,1.84535
5454.0,1.97287
5456.0,2.12334
5458.0,2.15612
5460.0,2.20763
5462.0,2.21214
5464.0,2.06565
5466.0,1.994
5468.0,1.99012
5470.0,1.93356
5472.0,1.74468
5474.0,1.49029
5476.0,1.61803
5478.0,2.04074
5480.0,2.20143
5482.0,2.087
5484.0,1.93773
5486.0,1.87166
5488.0,1.88176
5490.0,1.95964
5492.0,2.07075
5494.0,1.96765
5496.0,1.5315
5498.0,1.50408
5500.0,1.74882
5502.0,1.9843
5504.0,2.11931
5506.0,2.18143
5508.0,2.19186
5510.0,2.0612
5512.0,2.03413
5514.0,2.16539
5516.0,2.31765
5518.0,2.352
5520.0,2.32214
5522.0,2.28607
5524.0,2.23038
5526.0,2.13776
5528.0,1.9687
5530.0,1.82533
5532.0,1.77624
5534.0,1.78524
5536.0,1.81467
5538.0,1.94104
5540.0,1.95406
5542.0,1.85028
5544.0,1.78418
5546.0,1.8185
5548.0,1.8934
5550.0,1.91575
5552.0,1.88527
5554.0,1.94406
5556.0,2.16761
5558.0,2.21287
5560.0,1.96846
5562.0,1.65697
5564.0,1.53262
5566.0,1.46279
5568.0,1.6163
5570.0,2.12555
5572.0,2.41493
5574.0,2.58268
5576.0,2.57737
5578.0,2.24959
5580.0,1.65062
5582.0,1.45758
5584.0,1.50508
5586.0,1.57883
5588.0,1.80209
5590.0,1.98387
5592.0,2.03579
5594.0,2.02404
5596.0,2.03162
5598.0,2.05467
5600.0,1.99584
5602.0,1.79766
5604.0,1.70516
5606.0,1.79834
5608.0,1.94688
5610.0,1.97837
5612.0,1.95605
5614.0,1.91637
5616.0,1.80477
5618.0,1.75184
5620.0,1.76026
5622.0,1.79552
5624.0,1.83391
5626.0,1.88498
5628.0,1.96984
5630.0,2.09187
5632.0,2.21748
5634.0,2.38738
5636.0,2.51612
5638.0,2.55847
5640.0,2.54279
5642.0,2.49775
5644.0,2.3613
5646.0,2.30877
5648.0,2.31538
5650.0,2.3081
5652.0,2.26346
5654.0,2.2112
5656.0,2.1923
5658.0,2.2032
5660.0,2.18487
5662.0,2.13557
5664.0,2.11492
5666.0,2.10995
5668.0,2.14038
5670.0,2.2539
5672.0,2.45335
5674.0,2.51346
5676.0,2.4596
5678.0,2.44542
5680.0,2.41942
5682.0,2.44129
5684.0,2.60058
5686.0,2.84045
5688.0,2.81037
5690.0,2.47444
5692.0,2.36344
5694.0,2.33866
5696.0,2.39021
5698.0,2.57472
5700.0,2.80614
5702.0,2.82755
5704.0,2.66329
5706.0,2.62168
5708.0,2.63571
5710.0,2.62648
5712.0,2.58459
5714.0,2.53255
5716.0,2.48323
5718.0,2.42098
5720.0,2.41833
5722.0,2.50262
5724.0,2.51613
5726.0,2.44095
5728.0,2.37334
5730.0,2.38525
5732.0,2.44197
5734.0,2.45395
5736.0,2.41287
5738.0,2.4473
5740.0,2.54819
5742.0,2.6571
5744.0,2.77599
5746.0,2.89043
5748.0,2.89713
5750.0,2.80068
5752.0,2.7289
5754.0,2.61063
5756.0,2.53948
5758.0,2.52023
5760.0,2.54707
5762.0,2.64791
5764.0,2.86132
5766.0,2.89544
5768.0,2.78117
5770.0,2.70677
5772.0,2.66075
5774.0,2.62134
5776.0,2.58545
5778.0,2.55594
5780.0,2.50765
5782.0,2.4227
5784.0,2.38635
5786.0,2.39286
5788.0,2.40973
5790.0,2.43092
5792.0,2.45689
5794.0,2.44986
5796.0,2.40565
5798.0,2.38629
5800.0,2.36484
5802.0,2.3653
5804.0,2.40684
5806.0,2.45869
5808.0,2.45957
5810.0,2.40582
5812.0,2.43703
5814.0,2.55817
5816.0,2.62379
5818.0,2.64098
5820.0,2.61849
5822.0,2.53256
5824.0,2.37477
5826.0,2.3521
5828.0,2.45424
5830.0,2.49609
5832.0,2.51121
5834.0,2.50273
5836.0,2.45478
5838.0,2.37972
5840.0,2.36239
5842.0,2.42511
5844.0,2.39197
5846.0,2.2588
5848.0,2.17033
5850.0,2.16743
5852.0,2.20936
5854.0,2.26645
5856.0,2.40207
5858.0,2.38901
5860.0,2.22144
5862.0,2.12161
5864.0,2.09415
5866.0,2.11182
5868.0,2.17897
5870.0,2.30577
5872.0,2.39737
5874.0,2.53417
5876.0,2.56101
5878.0,2.4762
5880.0,2.34248
5882.0,2.15481
5884.0,1.91564
5886.0,1.92872
5888.0,2.21264
5890.0,2.35758
5892.0,2.50702
5894.0,2.55549
5896.0,2.40577
5898.0,2.17036
5900.0,2.15171
5902.0,2.31165
5904.0,2.35381
5906.0,2.37918
5908.0,2.35482
5910.0,2.24542
5912.0,2.1191
5914.0,2.07831
5916.0,2.09124
5918.0,2.08928
5920.0,2.07386
5922.0,2.10794
5924.0,2.21418
5926.0,2.32215
5928.0,2.38058
5930.0,2.41478
5932.0,2.41482
5934.0,2.36695
5936.0,2.32692
5938.0,2.27428
5940.0,2.22913
5942.0,2.19132
5944.0,2.16569
5946.0,2.19934
5948.0,2.31676
5950.0,2.36826
5952.0,2.41439
5954.0,2.41008
5956.0,2.32038
5958.0,2.20453
5960.0,2.16806
5962.0,2.19416
5964.0,2.14717
5966.0,1.97965
5968.0,1.96358
5970.0,2.16802
5972.0,2.38599
5974.0,2.42934
5976.0,2.3753
5978.0,2.34581
5980.0,2.25719
5982.0,2.24735
5984.0,2.32203
5986.0,2.39766
5988.0,2.43716
5990.0,2.46146
5992.0,2.46484
5994.0,2.42951
5996.0,2.42249
5998.0,2.44336
6000.0,2.44022
6002.0,2.38787
6004.0,2.32031
6006.0,2.29784
6008.0,2.30673
6010.0,2.30189
6012.0,2.30354
6014.0,2.29302
6016.0,2.23917
6018.0,2.2095
6020.0,2.3066
6022.0,2.52228
6024.0,2.53043
6026.0,2.33389
6028.0,2.25995
6030.0,2.28314
6032.0,2.33003
6034.0,2.37463
6036.0,2.42986
6038.0,2.4412
6040.0,2.39887
6042.0,2.39886
6044.0,2.44019
6046.0,2.45758
6048.0,2.44
6050.0,2.39138
6052.0,2.27982
6054.0,2.06632
6056.0,1.96021
6058.0,1.87397
6060.0,1.87695
6062.0,2.01134
6064.0,2.19143
6066.0,2.31
6068.0,2.41835
6070.0,2.4761
6072.0,2.4821
6074.0,2.48012
6076.0,2.4524
6078.0,2.4263
6080.0,2.42911
6082.0,2.44829
6084.0,2.44225
6086.0,2.41237
6088.0,2.40079
6090.0,2.40532
6092.0,2.40544
6094.0,2.40013
6096.0,2.3865
6098.0,2.33242
6100.0,2.19113
6102.0,2.18046
6104.0,2.27853
6106.0,2.36205
6108.0,2.4258
6110.0,2.47342
6112.0,2.47911
6114.0,2.44984
6116.0,2.40568
6118.0,2.30331
6120.0,2.25528
6122.0,2.27817
6124.0,2.30815
6126.0,2.29436
6128.0,2.2594
6130.0,2.22417
6132.0,2.14741
6134.0,2.1395
6136.0,2.21717
6138.0,2.2787
6140.0,2.26671
6142.0,2.22148
6144.0,2.22354
6146.0,2.27441
6148.0,2.26964
6150.0,2.21764
6152.0,2.18067
6154.0,2.17737
6156.0,2.18331
6158.0,2.16507
6160.0,2.11925
6162.0,2.12626
6164.0,2.17803
6166.0,2.22403
6168.0,2.27097
6170.0,2.31199
6172.0,2.33367
6174.0,2.34132
6176.0,2.3419
6178.0,2.35378
6180.0,2.3114
6182.0,2.18086
6184.0,2.07507
6186.0,2.06304
6188.0,2.10523
6190.0,2.14632
6192.0,2.27233
6194.0,2.26063
6196.0,2.11063
6198.0,1.98897
6200.0,1.9467
6202.0,1.93385
6204.0,1.8993
6206.0,1.85384
6208.0,1.83522
6210.0,1.83804
6212.0,1.84429
6214.0,1.87509
6216.0,1.88867
6218.0,1.81671
6220.0,1.6685
6222.0,1.59432
6224.0,1.54466
6226.0,1.52219
6228.0,1.56071
6230.0,1.57889
6232.0,1.50996
6234.0,1.38717
6236.0,1.30063
6238.0,1.19808
6240.0,1.14922
6242.0,1.16793
6244.0,1.17172
6246.0,1.11719
6248.0,1.04614
6250.0,1.04603
6252.0,1.12281
6254.0,1.12755
6256.0,1.07766
6258.0,1.05192
6260.0,1.06737
6262.0,1.09299
6264.0,1.09484
6266.0,1.08302
6268.0,1.08144
6270.0,1.09355
6272.0,1.08547
6274.0,1.06131
6276.0,1.02089
6278.0,0.949004
6280.0,0.847252
6282.0,0.833887
6284.0,0.904863
6286.0,0.94342
6288.0,0.971995
6290.0,0.999548
6292.0,1.0352
6294.0,1.06969
6296.0,1.06367
6298.0,0.983871
6300.0,0.99818
6302.0,1.10556
6304.0,1.1691
6306.0,1.14844
6308.0,1.10227
6310.0,1.10521
6312.0,1.13301
6314.0,1.15688
6316.0,1.20383
6318.0,1.21969
6320.0,1.19839
6322.0,1.16315
6324.0,1.12631
6326.0,1.07672
6328.0,1.07903
6330.0,1.14726
6332.0,1.1681
6334.0,1.13534
6336.0,1.1193
6338.0,1.15516
6340.0,1.22246
6342.0,1.30926
6344.0,1.46331
6346.0,1.53807
6348.0,1.56836
6350.0,1.57225
6352.0,1.538
6354.0,1.4872
6356.0,1.48344
6358.0,1.51734
6360.0,1.52025
6362.0,1.50902
6364.0,1.49629
6366.0,1.46771
6368.0,1.45186
6370.0,1.49484
6372.0,1.59162
6374.0,1.61658
6376.0,1.57493
6378.0,1.57896
6380.0,1.62358
6382.0,1.6766
6384.0,1.72992
6386.0,1.78731
6388.0,1.78885
6390.0,1.71104
6392.0,1.70103
6394.0,1.75548
6396.0,1.78166
6398.0,1.73605
6400.0,1.66303
6402.0,1.64383
6404.0,1.64666
6406.0,1.67603
6408.0,1.75391
6410.0,1.81283
6412.0,1.85019
6414.0,1.87202
6416.0,1.86974
6418.0,1.83547
6420.0,1.84438
6422.0,1.88361
6424.0,1.91851
6426.0,1.96608
6428.0,1.99751
6430.0,1.98089
6432.0,1.92966
6434.0,1.91238
6436.0,1.90321
6438.0,1.91013
6440.0,1.94855
6442.0,1.97357
6444.0,1.96486
6446.0,1.93778
6448.0,1.91216
6450.0,1.87615
6452.0,1.8464
6454.0,1.79114
6456.0,1.78629
6458.0,1.87228
6460.0,1.98017
6462.0,2.0014
6464.0,1.96569
6466.0,1.95095
6468.0,1.92761
6470.0,1.91095
6472.0,1.89271
6474.0,1.88798
6476.0,1.92315
6478.0,1.9939
6480.0,1.98774
6482.0,1.89987
6484.0,1.86671
6486.0,1.87543
6488.0,1.88764
6490.0,1.89108
6492.0,1.8916
6494.0,1.87001
6496.0,1.78449
6498.0,1.80008
6500.0,1.9147
6502.0,2.00077
6504.0,2.03488
6506.0,2.03953
6508.0,2.01246
6510.0,1.93336
6512.0,1.90212
6514.0,1.90165
6516.0,1.8907
6518.0,1.85704
6520.0,1.83205
6522.0,1.84938
6524.0,1.89803
6526.0,1.94094
6528.0,2.02524
6530.0,2.04039
6532.0,1.98035
6534.0,1.90757
6536.0,1.85121
6538.0,1.79621
6540.0,1.76808
6542.0,1.74854
6544.0,1.76867
6546.0,1.84515
6548.0,1.91039
6550.0,1.94572
6552.0,1.96693
6554.0,1.98215
6556.0,1.99661
6558.0,1.97543
6560.0,1.90579
6562.0,1.85614
6564.0,1.83695
6566.0,1.82405
6568.0,1.79236
6570.0,1.7457
6572.0,1.73318
6574.0,1.74166
6576.0,1.76274
6578.0,1.81454
6580.0,1.85716
6582.0,1.86401
6584.0,1.84877
6586.0,1.79461
6588.0,1.63487
6590.0,1.60764
6592.0,1.70829
6594.0,1.79665
6596.0,1.82016
6598.0,1.81916
6600.0,1.83112
6602.0,1.84989
6604.0,1.84603
6606.0,1.80621
6608.0,1.79375
6610.0,1.83335
6612.0,1.88072
6614.0,1.87207
6616.0,1.81914
6618.0,1.80643
6620.0,1.82243
6622.0,1.82042
6624.0,1.79531
6626.0,1.77052
6628.0,1.76731
6630.0,1.77785
6632.0,1.76135
6634.0,1.71954
6636.0,1.69133
6638.0,1.66336
6640.0,1.64826
6642.0,1.66047
6644.0,1.6871
6646.0,1.67953
6648.0,1.62593
6650.0,1.62854
6652.0,1.68019
6654.0,1.71638
6656.0,1.7276
6658.0,1.72357
6660.0,1.69928
6662.0,1.63985
6664.0,1.62927
6666.0,1.66119
6668.0,1.67608
6670.0,1.66927
6672.0,1.66073
6674.0,1.66736
6676.0,1.68366
6678.0,1.68644
6680.0,1.694
6682.0,1.67252
6684.0,1.59432
6686.0,1.54379
6688.0,1.58564
6690.0,1.67827
6692.0,1.68612
6694.0,1.6142
6696.0,1.60695
6698.0,1.6483
6700.0,1.67257
6702.0,1.6586
6704.0,1.6291
6706.0,1.60952
6708.0,1.57191
6710.0,1.59558
6712.0,1.70585
6714.0,1.75669
6716.0,1.72487
6718.0,1.66978
6720.0,1.64829
6722.0,1.6403
6724.0,1.61004
6726.0,1.54205
6728.0,1.52111
6730.0,1.55576
6732.0,1.59347
6734.0,1.59919
6736.0,1.59099
6738.0,1.5995
6740.0,1.61932
6742.0,1.63316
6744.0,1.65103
6746.0,1.65794
6748.0,1.65005
6750.0,1.62957
6752.0,1.59034
6754.0,1.49614
6756.0,1.49844
6758.0,1.59235
6760.0,1.66007
6762.0,1.69734
6764.0,1.71211
6766.0,1.68468
6768.0,1.60204
6770.0,1.59759
6772.0,1.68055
6774.0,1.69152
6776.0,1.61235
6778.0,1.531
6780.0,1.51527
6782.0,1.53479
6784.0,1.52619
6786.0,1.50719
6788.0,1.4902
6790.0,1.46333
6792.0,1.45001
6794.0,1.4664
6796.0,1.49844
6798.0,1.50866
6800.0,1.51107
6802.0,1.50462
6804.0,1.47859
6806.0,1.46409
6808.0,1.47302
6810.0,1.48644
6812.0,1.47526
6814.0,1.44181
6816.0,1.43567
6818.0,1.44717
6820.0,1.45849
6822.0,1.47761
6824.0,1.49054
6826.0,1.47838
6828.0,1.44666
6830.0,1.43612
6832.0,1.4409
6834.0,1.43624
6836.0,1.4192
6838.0,1.40958
6840.0,1.42201
6842.0,1.44609
6844.0,1.44788
6846.0,1.43149
6848.0,1.42402
6850.0,1.41953
6852.0,1.41294
6854.0,1.39969
6856.0,1.38655
6858.0,1.3877
6860.0,1.39935
6862.0,1.41347
6864.0,1.44193
6866.0,1.45693
6868.0,1.45883
6870.0,1.45007
6872.0,1.42342
6874.0,1.37249
6876.0,1.38154
6878.0,1.46376
6880.0,1.49069
6882.0,1.47279
6884.0,1.43779
6886.0,1.39107
6888.0,1.33062
6890.0,1.30744
6892.0,1.31683
6894.0,1.31507
6896.0,1.32087
6898.0,1.3149
6900.0,1.28077
6902.0,1.23879
6904.0,1.24024
6906.0,1.28901
6908.0,1.28947
6910.0,1.24394
6912.0,1.23014
6914.0,1.26732
6916.0,1.31503
6918.0,1.32792
6920.0,1.32164
6922.0,1.32038
6924.0,1.31938
6926.0,1.3093
6928.0,1.29046
6930.0,1.26517
6932.0,1.232
6934.0,1.1911
6936.0,1.16485
6938.0,1.13521
6940.0,1.13615
6942.0,1.16294
6944.0,1.2068
6946.0,1.28823
6948.0,1.37941
6950.0,1.35876
6952.0,1.19871
6954.0,1.16866
6956.0,1.22333
6958.0,1.26204
6960.0,1.27627
6962.0,1.2769
6964.0,1.25352
6966.0,1.19683
6968.0,1.18314
6970.0,1.1886
6972.0,1.21241
6974.0,1.28096
6976.0,1.33519
6978.0,1.30991
6980.0,1.22815
6982.0,1.21041
6984.0,1.23026
6986.0,1.24243
6988.0,1.26308
6990.0,1.27542
6992.0,1.26417
6994.0,1.24158
6996.0,1.24897
6998.0,1.29506
7000.0,1.29912
7002.0,1.26628
7004.0,1.2485
7006.0,1.26232
7008.0,1.28565
7010.0,1.29043
7012.0,1.29285
7014.0,1.2683
7016.0,1.18674
7018.0,1.16073
7020.0,1.22658
7022.0,1.28971
7024.0,1.24383
7026.0,1.11815
7028.0,1.09805
7030.0,1.1579
7032.0,1.18518
7034.0,1.19472
7036.0,1.20052
7038.0,1.20563
7040.0,1.20875
7042.0,1.22103
7044.0,1.2718
7046.0,1.24967
7048.0,1.13814
7050.0,1.06461
7052.0,1.07951
7054.0,1.12716
7056.0,1.11939
7058.0,1.0687
7060.0,1.06639
7062.0,1.09026
7064.0,1.12349
7066.0,1.18588
7068.0,1.23827
7070.0,1.21845
7072.0,1.1379
7074.0,1.11098
7076.0,1.10329
7078.0,1.10663
7080.0,1.1258
7082.0,1.15233
7084.0,1.18541
7086.0,1.22581
7088.0,1.23205
7090.0,1.19397
7092.0,1.19227
7094.0,1.22559
7096.0,1.2445
7098.0,1.22615
7100.0,1.1915
7102.0,1.17799
7104.0,1.17688
7106.0,1.16796
7108.0,1.16267
7110.0,1.14568
7112.0,1.09966
7114.0,1.05733
7116.0,1.07521
7118.0,1.15142
7120.0,1.15581
7122.0,1.09582
7124.0,1.07559
7126.0,1.10964
7128.0,1.13651
7130.0,1.09927
7132.0,1.01967
7134.0,1.01416
7136.0,1.05514
7138.0,1.10429
7140.0,1.19898
7142.0,1.26497
7144.0,1.26647
7146.0,1.22826
7148.0,1.17791
7150.0,1.07036
7152.0,1.02913
7154.0,1.0361
7156.0,1.03922
7158.0,1.02283
7160.0,1.0098
7162.0,1.03375
7164.0,1.10215
7166.0,1.10777
7168.0,1.04429
7170.0,1.03171
7172.0,1.08766
7174.0,1.15158
7176.0,1.17045
7178.0,1.16536
7180.0,1.17304
7182.0,1.18967
7184.0,1.18852
7186.0,1.16628
7188.0,1.14415
7190.0,1.13681
7192.0,1.13455
7194.0,1.10904
7196.0,1.04938
7198.0,1.02627
7200.0,1.02539
7202.0,1.03121
7204.0,1.03851
7206.0,1.05337
7208.0,1.08751
7210.0,1.16156
7212.0,1.16269
7214.0,1.08512
7216.0,1.04849
7218.0,1.06672
7220.0,1.09931
7222.0,1.11589
7224.0,1.13429
7226.0,1.11662
7228.0,1.03378
7230.0,1.01599
7232.0,1.0847
7234.0,1.13663
7236.0,1.09885
7238.0,1.01028
7240.0,0.964727
7242.0,0.913064
7244.0,0.909858
7246.0,0.966533
7248.0,1.01483
7250.0,1.03246
7252.0,1.03796
7254.0,1.04517
7256.0,1.04173
7258.0,1.05622
7260.0,1.1042
7262.0,1.1156
7264.0,1.06172
7266.0,0.999668
7268.0,1.00737
7270.0,1.06866
7272.0,1.07511
7274.0,1.04653
7276.0,1.02899
7278.0,1.01633
7280.0,1.0087
7282.0,1.01302
7284.0,1.02709
7286.0,1.01391
7288.0,0.957462
7290.0,0.951301
7292.0,0.993401
7294.0,1.03237
7296.0,1.04561
7298.0,1.05036
7300.0,1.07069
7302.0,1.10728
7304.0,1.12535
7306.0,1.14142
7308.0,1.1381
7310.0,1.10456
7312.0,1.05945
7314.0,1.03156
7316.0,1.00782
7318.0,0.995887
7320.0,0.994385
7322.0,1.00015
7324.0,1.02059
7326.0,1.03992
7328.0,1.03967
7330.0,1.02588
7332.0,1.03476
7334.0,1.05891
7336.0,1.08318
7338.0,1.11952
7340.0,1.14558
7342.0,1.15227
7344.0,1.14424
7346.0,1.11203
7348.0,1.03168
7350.0,0.995889
7352.0,0.979493
7354.0,0.97724
7356.0,0.999151
7358.0,1.02776
7360.0,1.01993
7362.0,0.983178
7364.0,0.962049
7366.0,0.934945
7368.0,0.925045
7370.0,0.93445
7372.0,0.955658
7374.0,0.986029
7376.0,1.03078
7378.0,1.05193
7380.0,1.0696
7382.0,1.0596
7384.0,1.00527
7386.0,0.957804
7388.0,0.946425
7390.0,0.955331
7392.0,0.981869
7394.0,1.06138
7396.0,1.07902
7398.0,1.04435
7400.0,1.01477
7402.0,1.00691
7404.0,1.00599
7406.0,1.00145
7408.0,0.997685
7410.0,0.993122
7412.0,0.972947
7414.0,0.98177
7416.0,1.05104
7418.0,1.11558
7420.0,1.08478
7422.0,0.97907
7424.0,0.92841
7426.0,0.876009
7428.0,0.868065
7430.0,0.928145
7432.0,0.984811
7434.0,0.984794
7436.0,0.954253
7438.0,0.932296
7440.0,0.884907
7442.0,0.879673
7444.0,0.915686
7446.0,0.952077
7448.0,0.978514
7450.0,1.00019
7452.0,1.0029
7454.0,0.987131
7456.0,0.971009
7458.0,0.940665
7460.0,0.920165
7462.0,0.911713
7464.0,0.911973
7466.0,0.922279
7468.0,0.946105
7470.0,0.959985
7472.0,0.967331
7474.0,0.980451
7476.0,1.00856
7478.0,1.02765
7480.0,1.01395
7482.0,0.976648
7484.0,0.953406
7486.0,0.931286
7488.0,0.911067
7490.0,0.891628
7492.0,0.875404
7494.0,0.861037
7496.0,0.850518
7498.0,0.857723
7500.0,0.899526
7502.0,0.899902
7504.0,0.857928
7506.0,0.839026
7508.0,0.859502
7510.0,0.897939
7512.0,0.934394
7514.0,0.98845
7516.0,1.0021
7518.0,0.96901
7520.0,0.962398
7522.0,0.991239
7524.0,1.02394
7526.0,1.03442
7528.0,1.03403
7530.0,1.02766
7532.0,1.00876
7534.0,0.993019
7536.0,0.974287
7538.0,0.960483
7540.0,0.96003
7542.0,0.967203
7544.0,0.956904
7546.0,0.934233
7548.0,0.911929
7550.0,0.876083
7552.0,0.85499
7554.0,0.862169
7556.0,0.880979
7558.0,0.880946
7560.0,0.866118
7562.0,0.870275
7564.0,0.886255
7566.0,0.904625
7568.0,0.925863
7570.0,0.949742
7572.0,0.977666
7574.0,1.01431
7576.0,1.01805
7578.0,0.997891
7580.0,0.968008
7582.0,0.916947
7584.0,0.866778
7586.0,0.830317
7588.0,0.80094
7590.0,0.794972
7592.0,0.827472
7594.0,0.829922
7596.0,0.813862
7598.0,0.79478
7600.0,0.764039
7602.0,0.736617
7604.0,0.775278
7606.0,0.887375
7608.0,0.951331
7610.0,1.00425
7612.0,1.04509
7614.0,1.0786
7616.0,1.09561
7618.0,1.07907
7620.0,1.02881
7622.0,0.990597
7624.0,0.950362
7626.0,0.906426
7628.0,0.848748
7630.0,0.800947
7632.0,0.782163
7634.0,0.783255
7636.0,0.800309
7638.0,0.863029
7640.0,0.879044
7642.0,0.851564
7644.0,0.826642
7646.0,0.822622
7648.0,0.827077
7650.0,0.831964
7652.0,0.847401
7654.0,0.84766
7656.0,0.82698
7658.0,0.823192
7660.0,0.850268
7662.0,0.886062
7664.0,0.900527
7666.0,0.909737
7668.0,0.892739
7670.0,0.83278
7672.0,0.800337
7674.0,0.802536
7676.0,0.809476
7678.0,0.793402
7680.0,0.763048
7682.0,0.770462
7684.0,0.834589
7686.0,0.839153
7688.0,0.762491
7690.0,0.717325
7692.0,0.779853
7694.0,0.897727
7696.0,0.925077
7698.0,0.883648
7700.0,0.876189
7702.0,0.860776
7704.0,0.871597
7706.0,0.93508
7708.0,1.01272
7710.0,1.02542
7712.0,0.988613
7714.0,0.97337
7716.0,0.971866
7718.0,0.942222
7720.0,0.854758
7722.0,0.776563
7724.0,0.791882
7726.0,0.879187
7728.0,0.901003
7730.0,0.887501
7732.0,0.885369
7734.0,0.886865
7736.0,0.891482
7738.0,0.899539
7740.0,0.91097
7742.0,0.932137
7744.0,0.969271
7746.0,0.994235
7748.0,1.03152
7750.0,1.03521
7752.0,0.97571
7754.0,0.88767
7756.0,0.847023
7758.0,0.81985
7760.0,0.827026
7762.0,0.88609
7764.0,0.927648
7766.0,0.951346
7768.0,0.959969
7770.0,0.940463
7772.0,0.887671
7774.0,0.874516
7776.0,0.881001
7778.0,0.896442
7780.0,0.928254
7782.0,0.962549
7784.0,0.992508
7786.0,1.02233
7788.0,1.01922
7790.0,0.985929
7792.0,0.950229
7794.0,0.895112
7796.0,0.847792
7798.0,0.817171
7800.0,0.797923
7802.0,0.794454
7804.0,0.800856
7806.0,0.833028
7808.0,0.93021
7810.0,0.96724
7812.0,0.897402
7814.0,0.801131
7816.0,0.790042
7818.0,0.828886
7820.0,0.859476
7822.0,0.930468
7824.0,0.949778
7826.0,0.896715
7828.0,0.839529
7830.0,0.838044
7832.0,0.867611
7834.0,0.87302
7836.0,0.873317
7838.0,0.866877
7840.0,0.843798
7842.0,0.830128
7844.0,0.837906
7846.0,0.85977
7848.0,0.893128
7850.0,0.962284
7852.0,0.987404
7854.0,0.99284
7856.0,0.976356
7858.0,0.913974
7860.0,0.846358
7862.0,0.866441
7864.0,0.968937
7866.0,1.00152
7868.0,1.01729
7870.0,0.999105
7872.0,0.923631
7874.0,0.843449
7876.0,0.816249
7878.0,0.819116
7880.0,0.822393
7882.0,0.852448
7884.0,0.856644
7886.0,0.835215
7888.0,0.811218
7890.0,0.792066
7892.0,0.774592
7894.0,0.785372
7896.0,0.830202
7898.0,0.858287
7900.0,0.894826
7902.0,0.909065
7904.0,0.873631
7906.0,0.825301
7908.0,0.85128
7910.0,0.945686
7912.0,0.990477
7914.0,1.04175
7916.0,1.041
7918.0,0.957076
7920.0,0.85692
7922.0,0.822965
7924.0,0.826146
7926.0,0.818751
7928.0,0.827346
7930.0,0.817247
7932.0,0.777075
7934.0,0.746387
7936.0,0.749811
7938.0,0.774742
7940.0,0.827392
7942.0,0.941414
7944.0,0.998789
7946.0,1.02824
7948.0,1.03131
7950.0,0.992199
7952.0,0.932177
7954.0,0.927367
7956.0,0.967208
7958.0,0.982775
7960.0,1.00694
7962.0,1.00497
7964.0,0.956403
7966.0,0.899601
7968.0,0.890404
7970.0,0.911153
7972.0,0.928803
7974.0,0.965616
7976.0,0.98559
7978.0,0.984933
7980.0,0.982101
7982.0,0.993854
7984.0,1.0138
7986.0,1.00736
7988.0,0.965513
7990.0,0.955507
7992.0,0.966553
7994.0,0.987992
7996.0,1.02892
7998.0,1.07716
8000.0,1.06252
8002.0,0.969112
8004.0,0.943249
8006.0,0.95433
8008.0,0.966385
8010.0,0.977692
8012.0,0.987984
8014.0,0.984227
8016.0,0.965969
8018.0,0.962267
8020.0,0.966659
8022.0,0.971221
8024.0,0.982034
8026.0,0.987263
8028.0,0.968997
8030.0,0.930498
8032.0,0.929405
8034.0,0.969645
8036.0,0.977557
8038.0,0.954536
8040.0,0.932765
8042.0,0.928357
8044.0,0.931784
8046.0,0.934354
8048.0,0.939342
8050.0,0.946143
8052.0,0.960007
8054.0,0.967008
8056.0,0.956589
8058.0,0.943606
8060.0,0.960595
8062.0,1.00905
8064.0,1.02563
8066.0,1.03631
8068.0,1.02198
8070.0,0.959819
8072.0,0.89909
8074.0,0.902475
8076.0,0.950928
8078.0,0.97505
8080.0,1.01193
8082.0,1.01616
8084.0,0.976898
8086.0,0.938281
8088.0,0.929802
8090.0,0.935824
8092.0,0.931106
8094.0,0.917448
8096.0,0.91804
8098.0,0.931969
8100.0,0.945649
8102.0,0.961307
8104.0,0.973117
8106.0,0.950701
8108.0,0.866894
8110.0,0.876681
8112.0,0.983867
8114.0,1.04151
8116.0,1.01989
8118.0,0.979202
8120.0,0.98544
8122.0,1.02274
8124.0,1.01348
8126.0,0.948778
8128.0,0.932777
8130.0,0.980813
8132.0,1.02525
8134.0,1.01154
8136.0,0.964142
8138.0,0.955328
8140.0,0.980842
8142.0,0.974049
8144.0,0.934063
8146.0,0.90356
8148.0,0.901735
8150.0,0.913806
8152.0,0.918636
8154.0,0.932332
8156.0,0.924485
8158.0,0.885038
8160.0,0.868183
8162.0,0.891006
8164.0,0.925773
8166.0,0.938218
8168.0,0.94783
8170.0,0.924129
8172.0,0.828473
8174.0,0.807127
8176.0,0.895629
8178.0,0.982849
8180.0,0.968966
8182.0,0.894545
8184.0,0.843337
8186.0,0.768242
8188.0,0.73058
8190.0,0.740447
8192.0,0.740497
8194.0,0.692168
8196.0,0.623257
8198.0,0.611475
8200.0,0.622343
8202.0,0.678098
8204.0,0.814519
8206.0,0.914584
8208.0,0.946937
8210.0,0.948778
8212.0,0.958647
8214.0,0.960912
8216.0,0.957877
8218.0,0.947814
8220.0,0.933738
8222.0,0.910661
8224.0,0.88877
8226.0,0.882165
8228.0,0.887522
8230.0,0.87722
8232.0,0.841238
8234.0,0.839942
8236.0,0.887297
8238.0,0.923104
8240.0,0.906554
8242.0,0.860962
8244.0,0.840591
8246.0,0.816362
8248.0,0.821709
8250.0,0.871831
8252.0,0.901429
8254.0,0.881487
8256.0,0.843816
8258.0,0.843348
8260.0,0.86296
8262.0,0.886566
8264.0,0.932152
8266.0,0.961567
8268.0,0.966739
8270.0,0.965642
8272.0,0.976517
8274.0,0.99148
8276.0,1.01127
8278.0,1.05346
8280.0,1.0627
8282.0,1.03938
8284.0,1.00156
8286.0,0.950771
8288.0,0.885081
8290.0,0.874642
8292.0,0.925567
8294.0,0.938462
8296.0,0.939484
8298.0,0.923417
8300.0,0.871608
8302.0,0.80701
8304.0,0.810883
8306.0,0.87556
8308.0,0.915767
8310.0,0.969222
8312.0,1.00134
8314.0,1.00313
8316.0,0.990349
8318.0,0.979192
8320.0,0.956516
8322.0,0.960157
8324.0,0.989007
8326.0,1.0098
8328.0,1.03123
8330.0,1.04207
8332.0,1.02356
8334.0,0.981003
8336.0,0.979184
8338.0,1.01675
8340.0,1.02741
8342.0,1.02349
8344.0,1.01021
8346.0,0.985203
8348.0,0.951678
8350.0,0.930255
8352.0,0.908222
8354.0,0.903743
8356.0,0.915497
8358.0,0.932159
8360.0,0.952918
8362.0,0.977986
8364.0,1.00537
8366.0,1.04265
8368.0,1.05603
8370.0,1.05221
8372.0,1.04271
8374.0,1.01416
8376.0,0.99358
8378.0,1.02156
8380.0,1.09149
8382.0,1.07611
8384.0,0.976811
8386.0,0.923142
8388.0,0.90008
8390.0,0.884418
8392.0,0.867328
8394.0,0.853623
8396.0,0.841188
8398.0,0.806738
8400.0,0.830984
8402.0,0.937874
8404.0,1.00085
8406.0,0.965611
8408.0,0.897037
8410.0,0.906829
8412.0,0.984743
8414.0,0.986843
8416.0,0.929177
8418.0,0.89449
8420.0,0.88336
8422.0,0.887974
8424.0,0.914272
8426.0,0.966535
8428.0,0.990739
8430.0,1.01438
8432.0,1.00634
8434.0,0.946649
8436.0,0.894924
8438.0,0.900112
8440.0,0.936966
8442.0,0.920414
8444.0,0.842706
8446.0,0.827044
8448.0,0.877072
8450.0,0.900036
8452.0,0.845713
8454.0,0.765632
8456.0,0.770334
8458.0,0.854415
8460.0,0.875895
8462.0,0.848405
8464.0,0.856302
8466.0,0.933033
8468.0,1.01417
8470.0,1.01098
8472.0,0.942702
8474.0,0.921041
8476.0,0.904162
8478.0,0.911025
8480.0,0.95252
8482.0,0.998062
8484.0,1.02692
8486.0,1.05005
8488.0,1.04533
8490.0,1.0058
8492.0,0.978557
8494.0,0.943067
8496.0,0.924746
8498.0,0.948841
8500.0,0.991173
8502.0,0.970924
8504.0,0.881172
8506.0,0.852911
8508.0,0.843454
8510.0,0.863231
8512.0,0.9359
8514.0,1.01978
8516.0,1.0355
8518.0,1.00112
8520.0,0.990161
8522.0,0.967857
8524.0,0.96951
8526.0,1.0101
8528.0,1.04947
8530.0,1.05109
8532.0,1.03113
8534.0,0.998227
8536.0,0.918894
8538.0,0.891182
8540.0,0.916693
8542.0,0.942211
8544.0,0.940539
8546.0,0.928465
8548.0,0.925963
8550.0,0.936365
8552.0,0.924282
8554.0,0.878846
8556.0,0.858019
8558.0,0.88497
8560.0,0.929888
8562.0,0.946594
8564.0,0.954285
8566.0,0.947619
8568.0,0.907997
8570.0,0.895436
8572.0,0.922168
8574.0,0.955656
8576.0,0.964095
8578.0,0.959815
8580.0,0.957669
8582.0,0.935704
8584.0,0.947781
8586.0,1.0051
8588.0,1.05817
8590.0,1.08001
8592.0,1.08482
8594.0,1.06496
8596.0,0.988995
8598.0,0.9704
8600.0,0.997812
8602.0,1.02142
8604.0,1.03115
8606.0,1.03257
8608.0,1.01072
8610.0,0.946483
8612.0,0.941458
8614.0,0.988804
8616.0,1.01863
8618.0,1.02315
8620.0,1.01989
8622.0,1.01946
8624.0,1.01291
8626.0,1.03058
8628.0,1.07317
8630.0,1.10827
8632.0,1.15809
8634.0,1.18116
8636.0,1.127
8638.0,1.01697
8640.0,1.00359
8642.0,1.07112
8644.0,1.09993
8646.0,1.12169
8648.0,1.12806
8650.0,1.11219
8652.0,1.0804
8654.0,1.04768
8656.0,1.01168
8658.0,0.960529
8660.0,0.857444
8662.0,0.81715
8664.0,0.881618
8666.0,0.978676
8668.0,1.00869
8670.0,1.00268
8672.0,1.01506
8674.0,1.0287
8676.0,1.04339
8678.0,1.06148
8680.0,1.07772
8682.0,1.08791
8684.0,1.09434
8686.0,1.09199
8688.0,1.07574
8690.0,1.06755
8692.0,1.06998
8694.0,1.06476
8696.0,1.03723
8698.0,0.999184
8700.0,0.990577
8702.0,1.00471
8704.0,1.01519
8706.0,1.02807
8708.0,1.04816
8710.0,1.07762
8712.0,1.11334
8714.0,1.15356
8716.0,1.21621
8718.0,1.21787
8720.0,1.1684
8722.0,1.11582
8724.0,1.03827
8726.0,0.97547
8728.0,0.986655
8730.0,1.0581
8732.0,1.06084
8734.0,1.01334
8736.0,0.991861
8738.0,0.985502
8740.0,0.986834
8742.0,0.995559
8744.0,1.01144
8746.0,1.02259
8748.0,1.03295
8750.0,1.04334
8752.0,1.06754
8754.0,1.06751
8756.0,1.02291
8758.0,0.958489
8760.0,0.922654
8762.0,0.903995
8764.0,0.871827
8766.0,0.824865
8768.0,0.794379
8770.0,0.783165
8772.0,0.783564
8774.0,0.798326
8776.0,0.841483
8778.0,0.799054
8780.0,0.628129
8782.0,0.57766
8784.0,0.643043
8786.0,0.745435
8788.0,0.851723
8790.0,0.97945
8792.0,1.05074
8794.0,1.08837
8796.0,1.10591
8798.0,1.08254
8800.0,1.06447
8802.0,1.07115
8804.0,1.08597
8806.0,1.08601
8808.0,1.07491
8810.0,1.07163
8812.0,1.06602
8814.0,1.07083
8816.0,1.09784
8818.0,1.12484
8820.0,1.12242
8822.0,1.11286
8824.0,1.03507
8826.0,0.851321
8828.0,0.736814
8830.0,0.671885
8832.0,0.653827
8834.0,0.703236
8836.0,0.815378
8838.0,0.882891
8840.0,0.934435
8842.0,0.994938
8844.0,1.06459
8846.0,1.12866
8848.0,1.18803
8850.0,1.23874
8852.0,1.24441
8854.0,1.20275
8856.0,1.16859
8858.0,1.10062
8860.0,1.06914
8862.0,1.09983
8864.0,1.15378
8866.0,1.17672
8868.0,1.19376
8870.0,1.18754
8872.0,1.14292
8874.0,1.1218
8876.0,1.12902
8878.0,1.14264
8880.0,1.14916
8882.0,1.15735
8884.0,1.13674
8886.0,1.09953
8888.0,1.03907
8890.0,0.921024
8892.0,0.834268
8894.0,0.839588
8896.0,0.897636
8898.0,0.908453
8900.0,0.898233
8902.0,0.898597
8904.0,0.889889
8906.0,0.901505
8908.0,0.945805
8910.0,1.00744
8912.0,1.0601
8914.0,1.10282
8916.0,1.18573
8918.0,1.37252
8920.0,1.4296
8922.0,1.30019
8924.0,1.1249
8926.0,1.04475
8928.0,0.999894
8930.0,0.975561
8932.0,0.978626
8934.0,1.00263
8936.0,1.06853
8938.0,1.12834
8940.0,1.15609
8942.0,1.16512
8944.0,1.12348
8946.0,0.987556
8948.0,0.938979
8950.0,0.934952
8952.0,0.964382
8954.0,1.04965
8956.0,1.15702
8958.0,1.17193
8960.0,1.11784
8962.0,1.07421
8964.0,0.988998
8966.0,0.943065
8968.0,0.961714
8970.0,0.994286
8972.0,0.975913
8974.0,0.920931
8976.0,0.913867
8978.0,0.92306
8980.0,0.962643
8982.0,1.0629
8984.0,1.14913
8986.0,1.15831
8988.0,1.11957
8990.0,1.08973
8992.0,1.01588
8994.0,1.00755
8996.0,1.08011
8998.0,1.12719
9000.0,1.10304
9002.0,1.04162
9004.0,0.981318
9006.0,0.872453
9008.0,0.844816
9010.0,0.890127
9012.0,0.922095
9014.0,0.924814
9016.0,0.921834
9018.0,0.934012
9020.0,0.958366
9022.0,0.965021
9024.0,0.958721
9026.0,0.953619
9028.0,0.947552
9030.0,0.942237
9032.0,0.940892
9034.0,0.942369
9036.0,0.94169
9038.0,0.920291
9040.0,0.943192
9042.0,1.02119
9044.0,1.09324
9046.0,1.13204
9048.0,1.15353
9050.0,1.15777
9052.0,1.13531
9054.0,1.11812
9056.0,1.08963
9058.0,1.06986
9060.0,1.07008
9062.0,1.07406
9064.0,1.05133
9066.0,1.00424
9068.0,0.978172
9070.0,0.950806
9072.0,0.946695
9074.0,0.988395
9076.0,1.02482
9078.0,0.99334
9080.0,0.911541
9082.0,0.875715
9084.0,0.841769
9086.0,0.849124
9088.0,0.921298
9090.0,0.983757
9092.0,0.98731
9094.0,0.959703
9096.0,0.951664
9098.0,0.939954
9100.0,0.94266
9102.0,0.963617
9104.0,0.979352
9106.0,0.983904
9108.0,0.981986
9110.0,0.973225
9112.0,0.95066
9114.0,0.944021
9116.0,0.943591
9118.0,0.951257
9120.0,0.96956
9122.0,0.993309
9124.0,1.02122
9126.0,1.0653
9128.0,1.04373
9130.0,0.925336
9132.0,0.889078
9134.0,0.933564
9136.0,1.0007
9138.0,1.06693
9140.0,1.14535
9142.0,1.16099
9144.0,1.10552
9146.0,1.09108
9148.0,1.09677
9150.0,1.10578
9152.0,1.11741
9154.0,1.12953
9156.0,1.12208
9158.0,1.10419
9160.0,1.06951
9162.0,1.00751
9164.0,0.953713
9166.0,0.907483
9168.0,0.871225
9170.0,0.858394
9172.0,0.866854
9174.0,0.876783
9176.0,0.889708
9178.0,0.920167
9180.0,0.987495
9182.0,1.04418
9184.0,1.04027
9186.0,0.994166
9188.0,1.00163
9190.0,1.05652
9192.0,1.07424
9194.0,1.06216
9196.0,1.04828
9198.0,1.04671
9200.0,1.04723
9202.0,1.03023
9204.0,0.974593
9206.0,0.978334
9208.0,1.04191
9210.0,1.08302
9212.0,1.08517
9214.0,1.06832
9216.0,1.04271
9218.0,0.987857
9220.0,0.98544
9222.0,1.03508
9224.0,1.06152
9226.0,1.06822
9228.0,1.06021
9230.0,1.0299
9232.0,0.975201
9234.0,0.955885
9236.0,0.954383
9238.0,0.96367
9240.0,0.993018
9242.0,1.02272
9244.0,1.04236
9246.0,1.05766
9248.0,1.0671
9250.0,1.05403
9252.0,1.07615
9254.0,1.16464
9256.0,1.19063
9258.0,1.09241
9260.0,0.94615
9262.0,0.888333
9264.0,0.87282
9266.0,0.870937
9268.0,0.915664
9270.0,0.935907
9272.0,0.922062
9274.0,0.899556
9276.0,0.890446
9278.0,0.885319
9280.0,0.883013
9282.0,0.877359
9284.0,0.888847
9286.0,0.922316
9288.0,0.958425
9290.0,0.985795
9292.0,1.0103
9294.0,1.02852
9296.0,1.01369
9298.0,1.05824
9300.0,1.20806
9302.0,1.27875
9304.0,1.17918
9306.0,0.999118
9308.0,0.908539
9310.0,0.839771
9312.0,0.807898
9314.0,0.881737
9316.0,0.84987
9318.0,0.614865
9320.0,0.364526
9322.0,0.366226
9324.0,0.565056
9326.0,0.605189
9328.0,0.556765
9330.0,0.55353
9332.0,0.586203
9334.0,0.637422
9336.0,0.710708
9338.0,0.807747
9340.0,0.844358
9342.0,0.79933
9344.0,0.834862
9346.0,0.95911
9348.0,1.05548
9350.0,1.07566
9352.0,1.05291
9354.0,1.0129
9356.0,0.9087
9358.0,0.874971
9360.0,0.884447
9362.0,0.901002
9364.0,0.922098
9366.0,0.949484
9368.0,0.99308
9370.0,1.1198
9372.0,0.954939
9374.0,0.38476
9376.0,0.108242
9378.0,0.136337
9380.0,0.304151
9382.0,0.548492
9384.0,0.927773
9386.0,1.06682
9388.0,1.01316
9390.0,1.01518
9392.0,1.03434
9394.0,1.04274
9396.0,1.02872
9398.0,1.00007
9400.0,0.97567
9402.0,0.91779
9404.0,0.931068
9406.0,1.01255
9408.0,1.08754
9410.0,1.1498
9412.0,1.19894
9414.0,1.20354
9416.0,1.18013
9418.0,1.10906
9420.0,0.958534
9422.0,0.840775
9424.0,0.738425
9426.0,0.675106
9428.0,0.70251
9430.0,0.812301
9432.0,0.877073
9434.0,0.899536
9436.0,1.00253
9438.0,1.23802
9440.0,1.42895
9442.0,1.46768
9444.0,1.41194
9446.0,1.29773
9448.0,1.02089
9450.0,0.886104
9452.0,0.851479
9454.0,0.813881
9456.0,0.736525
9458.0,0.654542
9460.0,0.611154
9462.0,0.564981
9464.0,0.618321
9466.0,0.818949
9468.0,0.937682
9470.0,0.945373
9472.0,0.906732
9474.0,0.865667
9476.0,0.786457
9478.0,0.786123
9480.0,0.882775
9482.0,0.903766
9484.0,0.82739
9486.0,0.760626
9488.0,0.793789
9490.0,0.886104
9492.0,0.869155
9494.0,0.73255
9496.0,0.69936
9498.0,0.724452
9500.0,0.786956
9502.0,0.917607
9504.0,1.07394
9506.0,1.0688
9508.0,0.893776
9510.0,0.837321
9512.0,0.815775
9514.0,0.821406
9516.0,0.864176
9518.0,0.925255
9520.0,0.976904
9522.0,1.05499
9524.0,1.02118
9526.0,0.846506
9528.0,0.752208
9530.0,0.732782
9532.0,0.748246
9534.0,0.796908
9536.0,0.890492
9538.0,0.856144
9540.0,0.663881
9542.0,0.597606
9544.0,0.618523
9546.0,0.672891
9548.0,0.748816
9550.0,0.850016
9552.0,0.932888
9554.0,1.05368
9556.0,1.07398
9558.0,0.996557
9560.0,0.927297
9562.0,0.876473
9564.0,0.839107
9566.0,0.844507
9568.0,0.8908
9570.0,0.930925
9572.0,1.02527
9574.0,1.03718
9576.0,0.929835
9578.0,0.802483
9580.0,0.746189
9582.0,0.718065
9584.0,0.738733
9586.0,0.8639
9588.0,0.895277
9590.0,0.832544
9592.0,0.765552
9594.0,0.741313
9596.0,0.733546
9598.0,0.724802
9600.0,0.742685
9602.0,0.71539
9604.0,0.604946
9606.0,0.567725
9608.0,0.692469
9610.0,0.86943
9612.0,0.872269
9614.0,0.714227
9616.0,0.710445
9618.0,0.798718
9620.0,0.878773
9622.0,0.971264
9624.0,1.04061
9626.0,1.01144
9628.0,0.89126
9630.0,0.866724
9632.0,0.937233
9634.0,0.916148
9636.0,0.767941
9638.0,0.644405
9640.0,0.659109
9642.0,0.755369
9644.0,0.790025
9646.0,0.802186
9648.0,0.825932
9650.0,0.883185
9652.0,0.893535
9654.0,0.80024
9656.0,0.663541
9658.0,0.637947
9660.0,0.712253
9662.0,0.707041
9664.0,0.637807
9666.0,0.61519
9668.0,0.668362
9670.0,0.743689
9672.0,0.782148
9674.0,0.816519
9676.0,0.796336
9678.0,0.67174
9680.0,0.644774
9682.0,0.750768
9684.0,0.854012
9686.0,0.837992
9688.0,0.751181
9690.0,0.750137
9692.0,0.823816
9694.0,0.83607
9696.0,0.796332
9698.0,0.758132
9700.0,0.742881
9702.0,0.736609
9704.0,0.731277
9706.0,0.710859
9708.0,0.742234
9710.0,0.85485
9712.0,0.910331
9714.0,0.862217
9716.0,0.779915
9718.0,0.757695
9720.0,0.758478
9722.0,0.778875
9724.0,0.844702
9726.0,0.881463
9728.0,0.879321
9730.0,0.87347
9732.0,0.897773
9734.0,0.941838
9736.0,0.946134
9738.0,0.92049
9740.0,0.896651
9742.0,0.876773
9744.0,0.840104
9746.0,0.760822
9748.0,0.658634
9750.0,0.635086
9752.0,0.675109
9754.0,0.707697
9756.0,0.781499
9758.0,0.818145
9760.0,0.776739
9762.0,0.711035
9764.0,0.722248
9766.0,0.795577
9768.0,0.821145
9770.0,0.842898
9772.0,0.830999
9774.0,0.771519
9776.0,0.696294
9778.0,0.634947
9780.0,0.566459
9782.0,0.558059
9784.0,0.592855
9786.0,0.655048
9788.0,0.752951
9790.0,0.872769
9792.0,1.02957
9794.0,1.21403
9796.0,1.24743
9798.0,1.14435
9800.0,1.06294
9802.0,0.919587
9804.0,0.828561
9806.0,0.848423
9808.0,0.918395
9810.0,0.921604
9812.0,0.892028
9814.0,0.870393
9816.0,0.846976
9818.0,0.81419
9820.0,0.76148
9822.0,0.709614
9824.0,0.689916
9826.0,0.694198
9828.0,0.689906
9830.0,0.694937
9832.0,0.686242
9834.0,0.648845
9836.0,0.624622
9838.0,0.640701
9840.0,0.682727
9842.0,0.782157
9844.0,1.03229
9846.0,1.09335
9848.0,0.971671
9850.0,0.856694
9852.0,0.82137
9854.0,0.814879
9856.0,0.804399
9858.0,0.818032
9860.0,0.797275
9862.0,0.723132
9864.0,0.698871
9866.0,0.782728
9868.0,0.874973
9870.0,0.806663
9872.0,0.586814
9874.0,0.540022
9876.0,0.602599
9878.0,0.657584
9880.0,0.707728
9882.0,0.772518
9884.0,0.880459
9886.0,1.03242
9888.0,1.02822
9890.0,0.869885
9892.0,0.766187
9894.0,0.658177
9896.0,0.586387
9898.0,0.591728
9900.0,0.642839
9902.0,0.62996
9904.0,0.527182
9906.0,0.555919
9908.0,0.727542
9910.0,0.83161
9912.0,0.804716
9914.0,0.725594
9916.0,0.6882
9918.0,0.641803
9920.0,0.651558
9922.0,0.717596
9924.0,0.77944
9926.0,0.845711
9928.0,0.906074
9930.0,0.935475
9932.0,0.936743
9934.0,0.987914
9936.0,1.11738
9938.0,1.15433
9940.0,1.0816
9942.0,1.01489
9944.0,1.04171
9946.0,1.11052
9948.0,1.04274
9950.0,0.827042
9952.0,0.710666
9954.0,0.626829
9956.0,0.57672
9958.0,0.587729
9960.0,0.619279
9962.0,0.549188
9964.0,0.345024
9966.0,0.337751
9968.0,0.508174
9970.0,0.617748
9972.0,0.653479
9974.0,0.652601
9976.0,0.615077
9978.0,0.516897
9980.0,0.529723
9982.0,0.651497
9984.0,0.716454
9986.0,0.760463
9988.0,0.755756
9990.0,0.636367
9992.0,0.430338
9994.0,0.449908
9996.0,0.717176
9998.0,0.806526
10000.0,0.785087
10002.0,0.748695
10004.0,0.700225
10006.0,0.654319
10008.0,0.744806
10010.0,1.02796
10012.0,1.10253
10014.0,1.06253
10016.0,0.983718
10018.0,0.831708
10020.0,0.673639
10022.0,0.650878
10024.0,0.741366
10026.0,0.734594
10028.0,0.689289
10030.0,0.630003
10032.0,0.506522
10034.0,0.426401
10036.0,0.513905
10038.0,0.725826
10040.0,0.777
10042.0,0.704856
10044.0,0.699371
10046.0,0.721061
10048.0,0.765642
10050.0,0.866549
10052.0,0.98769
10054.0,0.943036
10056.0,0.674687
10058.0,0.617834
10060.0,0.691194
10062.0,0.762124
10064.0,0.821541
10066.0,0.871248
10068.0,0.865163
10070.0,0.795765
10072.0,0.791842
10074.0,0.844248
10076.0,0.859945
10078.0,0.863254
10080.0,0.816997
10082.0,0.638507
10084.0,0.329151
10086.0,0.279025
10088.0,0.455592
10090.0,0.551607
10092.0,0.615633
10094.0,0.6707
10096.0,0.720757
10098.0,0.76382
10100.0,0.804872
10102.0,0.853868
10104.0,0.87145
10106.0,0.87259
10108.0,0.846282
10110.0,0.790266
10112.0,0.706247
10114.0,0.584468
10116.0,0.359282
10118.0,0.334678
10120.0,0.470556
10122.0,0.610403
10124.0,0.799065
10126.0,0.956983
10128.0,0.944498
10130.0,0.793381
10132.0,0.73039
10134.0,0.673223
10136.0,0.648869
10138.0,0.65644
10140.0,0.687842
10142.0,0.74902
10144.0,0.836923
10146.0,0.874288
10148.0,0.895186
10150.0,0.875564
10152.0,0.803758
10154.0,0.72702
10156.0,0.635137
10158.0,0.551959
10160.0,0.595688
10162.0,0.785795
10164.0,0.87111
10166.0,0.954541
10168.0,0.958303
10170.0,0.813134
10172.0,0.652705
10174.0,0.691887
10176.0,0.907632
10178.0,0.881353
10180.0,0.573323
10182.0,0.51689
10184.0,0.756452
10186.0,1.03511
10188.0,1.20562
10190.0,1.34878
10192.0,1.23529
10194.0,0.696387
10196.0,0.535181
10198.0,0.697977
10200.0,0.850875
10202.0,0.854538
10204.0,0.807507
10206.0,0.813485
10208.0,0.897863
10210.0,0.833282
10212.0,0.60635
10214.0,0.445647
10216.0,0.367652
10218.0,0.360539
10220.0,0.493055
10222.0,0.839535
10224.0,0.860693
10226.0,0.555031
10228.0,0.438611
10230.0,0.561793
10232.0,0.709505
10234.0,0.709484
10236.0,0.633698
10238.0,0.578074
10240.0,0.432713
10242.0,0.447273
10244.0,0.675039
10246.0,0.856898
10248.0,0.846805
10250.0,0.73768
10252.0,0.683077
10254.0,0.613277
10256.0,0.578307
10258.0,0.590113
10260.0,0.576165
10262.0,0.444306
10264.0,0.335727
10266.0,0.582668
10268.0,1.24062
10270.0,1.45782
10272.0,1.40865
10274.0,1.35623
10276.0,1.29903
10278.0,1.21014
10280.0,1.05181
10282.0,0.785079
10284.0,0.900536
10286.0,1.54239
10288.0,1.75027
10290.0,1.5645
10292.0,1.2847
10294.0,1.02452
10296.0,0.727786
10298.0,0.647906
10300.0,0.811093
10302.0,0.835169
10304.0,0.799387
10306.0,0.761358
10308.0,0.6992
10310.0,0.655185
10312.0,0.8009
10314.0,1.20264
10316.0,1.32192
10318.0,1.32195
10320.0,1.20434
10322.0,0.890134
10324.0,0.53582
10326.0,0.364036
10328.0,0.279779
10330.0,0.288238
10332.0,0.469367
10334.0,0.570327
10336.0,0.567637
10338.0,0.598539
10340.0,0.804341
10342.0,1.12558
10344.0,1.12135
10346.0,0.706926
10348.0,0.654767
10350.0,0.979817
10352.0,1.16157
10354.0,0.978709
10356.0,0.605145
10358.0,0.262971
10360.0,-0.319257
10362.0,-0.43801
10364.0,-0.0910551
10366.0,0.115935
10368.0,0.0460634
10370.0,-0.0763948
10372.0,0.00205653
10374.0,0.231856
10376.0,0.308772
10378.0,0.344612
10380.0,0.291795
10382.0,-0.0241297
10384.0,-0.199957
10386.0,0.231278
10388.0,1.11804
10390.0,1.38109
10392.0,1.25071
10394.0,1.15325
10396.0,0.946071
10398.0,0.762983
10400.0,0.6955
